<?xml version="1.0" encoding="utf-8"?>
<project base_program="J-TREE" language="JAVA" name="J-C089B-JTRE-01-ST02-DT02-DF11-CF20-01" targeted_architecture="ANY" targeted_os="LINUX" test_case_type="ALL" xmlns="urn:stonesoup:project">
    <description>This test creates a connection to the PGSQL database,
 and creates a query string based on data in an environment
 variable. This data is not checked for special elements, however, and
 it is possible to construct a query string that performs unexpected
 data retrievals or modifications.
</description>
    <additional_information>
        <keyvalue key="JAVA_MAIN">stonesoup.jtree.Main</keyvalue>
        <keyvalue key="JAVA_CLASSPATH">$SS_TC_ROOT/$SS_TC_INSTALL:$SS_TC_ROOT/$SS_TC_INSTALL/lib/*:$SS_TC_ROOT/$SS_TC_INSTALL/lib/opt/*:$SS_TC_DEPS/java/stonesoup/database/postgres/*:$SS_TC_DEPS/java/stonesoup/lttng/lttng-stonesoup-0.1.jar</keyvalue>
        <keyvalue key="algorithmic_variant_name">UNSPECIFIED</keyvalue>
        <keyvalue key="root_cause">UNSPECIFIED</keyvalue>
    </additional_information>
    <structure install="install" iodata="testData" scoredata="testOutput" scripts="scripts" source="src"/>
    <run_command>java $SS_JAVA_OPTS -Djava.library.path=$SS_TC_DEPS/lib64/ -cp &quot;$SS_JAVA_CLASSPATH&quot; stonesoup.jtree.Main</run_command>
    <weakness generation_method="FAULT_INJECTED">
        <variant cwe="CWE-89" name="CWE-89-B">
            <crossover_point file_name="/tmp/tmpBg4y_f_ss_testcase/src/src/main/java/stonesoup/jtree/JTreeOptions.java" line_number="0">
                <method name="parseOptions"/>
            </crossover_point>
            <trigger_point file_name="/tmp/tmpBg4y_f_ss_testcase/src/src/main/java/stonesoup/jtree/JTreeOptions.java" line_number="0">
                <method name="parseOptions"/>
            </trigger_point>
        </variant>
        <features>
            <taint_source file_name="/tmp/tmpBg4y_f_ss_testcase/src/src/main/java/stonesoup/jtree/JTreeOptions.java" line_number="0" type="FILE_CONTENTS">
                <method name="parseOptions"/>
            </taint_source>
            <data_type file_name="/tmp/tmpBg4y_f_ss_testcase/src/src/main/java/stonesoup/jtree/JTreeOptions.java" line_number="0" type="SIMPLE">
                <method name="parseOptions"/>
            </data_type>
            <data_flow file_name="/tmp/tmpBg4y_f_ss_testcase/src/src/main/java/stonesoup/jtree/JTreeOptions.java" line_number="0" type="BASIC">
                <method name="parseOptions"/>
            </data_flow>
            <control_flow file_name="/tmp/tmpBg4y_f_ss_testcase/src/src/main/java/stonesoup/jtree/JTreeOptions.java" line_number="0" type="SEQUENCE">
                <method name="parseOptions"/>
            </control_flow>
        </features>
    </weakness>
    <build_commands>
        <command>env ANT_HOME=$SS_TC_DEPS/ant ant $SS_ANT_OPTS -Dstonesoup.database.postgres.required=yes -Dstonesoup.hibernate.postgres.required=no -Dstonesoup.hibernate.mysql.required=no -Dstonesoup.database.mysql.required=no -Dstonesoup.socket.required=no -lib $SS_TC_DEPS/java/stonesoup/lttng/lttng-stonesoup-0.1.jar -Dstonesoup.socket.lib.dir=&quot;$SS_TC_DEPS/java/stonesoup/socket&quot; -Dstonesoup.hibernate.mysql.lib.dir=&quot;$SS_TC_DEPS/java/stonesoup/hibernate/mysql&quot; -Dstonesoup.hibernate.postgres.lib.dir=&quot;$SS_TC_DEPS/java/stonesoup/hibernate/postgres&quot; -Dstonesoup.database.mysql.lib.dir=&quot;$SS_TC_DEPS/java/stonesoup/database/mysql&quot; -Dstonesoup.database.postgres.lib.dir=&quot;$SS_TC_DEPS/java/stonesoup/database/postgres&quot; -Dstonesoup.lttng.lib.dir=&quot;$SS_TC_DEPS/java/stonesoup/lttng&quot; -Dstonesoup.lttng.dummy.lib.dir=&quot;$SS_TC_DEPS/java/stonesoup/lttng-dummy&quot; -Ddir.dist=$SS_TC_ROOT/$SS_TC_INSTALL  build</command>
        <command>cp -r lib $SS_TC_ROOT/$SS_TC_INSTALL</command>
    </build_commands>
    <iopairs>
        <iopair name="J-C089B-JTRE-01-ST02-DT02-DF11-CF20-01-GOOD-01" reset_scheme="NONE" timeout="300" type="GOOD">
            <description>Environment variable defining test value.
</description>
            <technical_impact>NONE</technical_impact>
            <pre_processes scheme="SEQUENCE">
                <process>
                    <script background="false" encoding="STRING" type="USE_TEXT">printf 'env SS_DBPGDATABASE;\nenv UNCONTINENCE_INCANTATOR;\n' | tee nginx_conf_env.txt</script>
                </process>
                <process>
                    <environment_variable encoding="STRING" key="UNCONTINENCE_INCANTATOR" type="USE_TEXT">$SS_TC_ROOT/testData/tarsier_crantara.bin</environment_variable>
                </process>
                <process>
                    <file encoding="STRING" path="$SS_TC_ROOT/testData/tarsier_crantara.bin" type="USE_TEXT">USA</file>
                </process>
                <process>
                    <database database_name="northwindlower_jichtmykgigiyqfa" database_type="POSTGRESQL" encoding="STRING" server="ss-db-postgres" type="USE_FILE_CONTENTS">/opt/stonesoup/workspace/scripts/northwind_create_northwindlower_jichtmykgigiyqfa.sql</database>
                </process>
                <process>
                    <environment_variable encoding="STRING" key="SS_DBPGDATABASE" type="USE_TEXT">northwindlower_jichtmykgigiyqfa</environment_variable>
                </process>
                <process>
                    <script background="false" encoding="STRING" type="USE_TEXT">mkdir $SS_TC_ROOT/logs/execute/lttng</script>
                </process>
                <process>
                    <environment_variable encoding="STRING" key="LTTNG_HOME" type="USE_TEXT">$SS_TC_ROOT/logs/execute/lttng</environment_variable>
                </process>
                <process>
                    <environment_variable encoding="STRING" key="SS_RUN_COMMAND_LD_PRELOAD" type="USE_TEXT">$SS_TC_DEPS/lib64/liblttng-stonesoup-java.so:$SS_TC_DEPS/lib64/liblttng-ust-fork.so</environment_variable>
                </process>
                <process>
                    <script background="false" encoding="STRING" type="USE_TEXT">mkdir -p $SS_TC_DEPS/var/run/lttng</script>
                </process>
                <process>
                    <script background="false" encoding="STRING" type="USE_TEXT">$SS_TC_DEPS/bin/lttng create &amp;&amp; $SS_TC_DEPS/bin/lttng enable-event -u -a &amp;&amp; $SS_TC_DEPS/bin/lttng start</script>
                </process>
                <process>
                    <script background="false" encoding="STRING" type="USE_TEXT">rm -rf $SS_TC_ROOT/lockDir</script>
                </process>
                <process>
                    <script background="false" encoding="STRING" type="USE_TEXT">sleep 2 &amp;&amp; printf &quot;Sleeping to allow DB to be created.&quot;</script>
                </process>
            </pre_processes>
            <run_command encoding="STRING" preprend_runcommand="true" type="USE_TEXT">input/good-01</run_command>
            <post_processes scheme="SEQUENCE">
                <process>
                    <database database_name="northwindlower_jichtmykgigiyqfa" database_type="POSTGRESQL" encoding="STRING" server="ss-db-postgres" type="USE_TEXT">DROP DATABASE IF EXISTS $SS_DBPGDATABASE;</database>
                </process>
                <process>
                    <script background="false" encoding="STRING" input_id="lttng_output_7jQJkJ8kk4" type="USE_TEXT">$SS_TC_DEPS/bin/lttng stop &amp;&amp; $SS_TC_DEPS/bin/lttng view &amp;&amp; $SS_TC_DEPS/bin/lttng destroy</script>
                </process>
            </post_processes>
            <scoring_formula default="GOOD-01-Default">
                <formula name="GOOD-01-Default">STDOUT-01 AND NOT TIMEOUT AND NOT CONTROLLED_EXIT</formula>
            </scoring_formula>
            <output_checks>
                <compare_check check_type="CONTAINS" name="STDOUT-01">
                    <actual output_type="STANDARD_OUT"></actual>
                    <expected encoding="STRING" type="USE_FILE_CONTENTS">good-01/output.txt</expected>
                </compare_check>
                <simple_check check_type="SPECIAL" encoding="STRING" name="TIMEOUT" type="USE_TEXT">DOES_NOT_RETURN</simple_check>
                <simple_check check_type="SPECIAL" encoding="STRING" name="CONTROLLED_EXIT" type="USE_TEXT">CONTROLLED_EXIT</simple_check>
            </output_checks>
        </iopair>
        <iopair name="J-C089B-JTRE-01-ST02-DT02-DF11-CF20-01-GOOD-02" reset_scheme="NONE" timeout="300" type="GOOD">
            <description>Environment variable defining test value.
</description>
            <technical_impact>NONE</technical_impact>
            <pre_processes scheme="SEQUENCE">
                <process>
                    <script background="false" encoding="STRING" type="USE_TEXT">printf 'env SS_DBPGDATABASE;\nenv UNCONTINENCE_INCANTATOR;\n' | tee nginx_conf_env.txt</script>
                </process>
                <process>
                    <environment_variable encoding="STRING" key="UNCONTINENCE_INCANTATOR" type="USE_TEXT">$SS_TC_ROOT/testData/tarsier_crantara.bin</environment_variable>
                </process>
                <process>
                    <file encoding="STRING" path="$SS_TC_ROOT/testData/tarsier_crantara.bin" type="USE_TEXT">Germany</file>
                </process>
                <process>
                    <database database_name="northwindlower_sikvdizemihqglgj" database_type="POSTGRESQL" encoding="STRING" server="ss-db-postgres" type="USE_FILE_CONTENTS">/opt/stonesoup/workspace/scripts/northwind_create_northwindlower_sikvdizemihqglgj.sql</database>
                </process>
                <process>
                    <environment_variable encoding="STRING" key="SS_DBPGDATABASE" type="USE_TEXT">northwindlower_sikvdizemihqglgj</environment_variable>
                </process>
                <process>
                    <script background="false" encoding="STRING" type="USE_TEXT">mkdir $SS_TC_ROOT/logs/execute/lttng</script>
                </process>
                <process>
                    <environment_variable encoding="STRING" key="LTTNG_HOME" type="USE_TEXT">$SS_TC_ROOT/logs/execute/lttng</environment_variable>
                </process>
                <process>
                    <environment_variable encoding="STRING" key="SS_RUN_COMMAND_LD_PRELOAD" type="USE_TEXT">$SS_TC_DEPS/lib64/liblttng-stonesoup-java.so:$SS_TC_DEPS/lib64/liblttng-ust-fork.so</environment_variable>
                </process>
                <process>
                    <script background="false" encoding="STRING" type="USE_TEXT">mkdir -p $SS_TC_DEPS/var/run/lttng</script>
                </process>
                <process>
                    <script background="false" encoding="STRING" type="USE_TEXT">$SS_TC_DEPS/bin/lttng create &amp;&amp; $SS_TC_DEPS/bin/lttng enable-event -u -a &amp;&amp; $SS_TC_DEPS/bin/lttng start</script>
                </process>
                <process>
                    <script background="false" encoding="STRING" type="USE_TEXT">rm -rf $SS_TC_ROOT/lockDir</script>
                </process>
                <process>
                    <script background="false" encoding="STRING" type="USE_TEXT">sleep 2 &amp;&amp; printf &quot;Sleeping to allow DB to be created.&quot;</script>
                </process>
            </pre_processes>
            <run_command encoding="STRING" preprend_runcommand="true" type="USE_TEXT">-l 1 input/good-02/</run_command>
            <post_processes scheme="SEQUENCE">
                <process>
                    <database database_name="northwindlower_sikvdizemihqglgj" database_type="POSTGRESQL" encoding="STRING" server="ss-db-postgres" type="USE_TEXT">DROP DATABASE IF EXISTS $SS_DBPGDATABASE;</database>
                </process>
                <process>
                    <script background="false" encoding="STRING" input_id="lttng_output_8AWFVIGxpb" type="USE_TEXT">$SS_TC_DEPS/bin/lttng stop &amp;&amp; $SS_TC_DEPS/bin/lttng view &amp;&amp; $SS_TC_DEPS/bin/lttng destroy</script>
                </process>
            </post_processes>
            <scoring_formula default="GOOD-02-Default">
                <formula name="GOOD-02-Default">STDOUT-02 AND NOT TIMEOUT AND NOT CONTROLLED_EXIT</formula>
            </scoring_formula>
            <output_checks>
                <compare_check check_type="CONTAINS" name="STDOUT-02">
                    <actual output_type="STANDARD_OUT"></actual>
                    <expected encoding="STRING" type="USE_FILE_CONTENTS">good-02/output.txt</expected>
                </compare_check>
                <simple_check check_type="SPECIAL" encoding="STRING" name="TIMEOUT" type="USE_TEXT">DOES_NOT_RETURN</simple_check>
                <simple_check check_type="SPECIAL" encoding="STRING" name="CONTROLLED_EXIT" type="USE_TEXT">CONTROLLED_EXIT</simple_check>
            </output_checks>
        </iopair>
        <iopair name="J-C089B-JTRE-01-ST02-DT02-DF11-CF20-01-GOOD-03" reset_scheme="NONE" timeout="300" type="GOOD">
            <description>Environment variable defining test value.
</description>
            <technical_impact>NONE</technical_impact>
            <pre_processes scheme="SEQUENCE">
                <process>
                    <script background="false" encoding="STRING" type="USE_TEXT">printf 'env SS_DBPGDATABASE;\nenv UNCONTINENCE_INCANTATOR;\n' | tee nginx_conf_env.txt</script>
                </process>
                <process>
                    <environment_variable encoding="STRING" key="UNCONTINENCE_INCANTATOR" type="USE_TEXT">$SS_TC_ROOT/testData/tarsier_crantara.bin</environment_variable>
                </process>
                <process>
                    <file encoding="STRING" path="$SS_TC_ROOT/testData/tarsier_crantara.bin" type="USE_TEXT">Finland</file>
                </process>
                <process>
                    <database database_name="northwindlower_zpithgrcekgeskrs" database_type="POSTGRESQL" encoding="STRING" server="ss-db-postgres" type="USE_FILE_CONTENTS">/opt/stonesoup/workspace/scripts/northwind_create_northwindlower_zpithgrcekgeskrs.sql</database>
                </process>
                <process>
                    <environment_variable encoding="STRING" key="SS_DBPGDATABASE" type="USE_TEXT">northwindlower_zpithgrcekgeskrs</environment_variable>
                </process>
                <process>
                    <script background="false" encoding="STRING" type="USE_TEXT">mkdir $SS_TC_ROOT/logs/execute/lttng</script>
                </process>
                <process>
                    <environment_variable encoding="STRING" key="LTTNG_HOME" type="USE_TEXT">$SS_TC_ROOT/logs/execute/lttng</environment_variable>
                </process>
                <process>
                    <environment_variable encoding="STRING" key="SS_RUN_COMMAND_LD_PRELOAD" type="USE_TEXT">$SS_TC_DEPS/lib64/liblttng-stonesoup-java.so:$SS_TC_DEPS/lib64/liblttng-ust-fork.so</environment_variable>
                </process>
                <process>
                    <script background="false" encoding="STRING" type="USE_TEXT">mkdir -p $SS_TC_DEPS/var/run/lttng</script>
                </process>
                <process>
                    <script background="false" encoding="STRING" type="USE_TEXT">$SS_TC_DEPS/bin/lttng create &amp;&amp; $SS_TC_DEPS/bin/lttng enable-event -u -a &amp;&amp; $SS_TC_DEPS/bin/lttng start</script>
                </process>
                <process>
                    <script background="false" encoding="STRING" type="USE_TEXT">rm -rf $SS_TC_ROOT/lockDir</script>
                </process>
                <process>
                    <script background="false" encoding="STRING" type="USE_TEXT">sleep 2 &amp;&amp; printf &quot;Sleeping to allow DB to be created.&quot;</script>
                </process>
            </pre_processes>
            <run_command encoding="STRING" preprend_runcommand="true" type="USE_TEXT">input/good-03/jtree-good-03.tar.gz</run_command>
            <post_processes scheme="SEQUENCE">
                <process>
                    <database database_name="northwindlower_zpithgrcekgeskrs" database_type="POSTGRESQL" encoding="STRING" server="ss-db-postgres" type="USE_TEXT">DROP DATABASE IF EXISTS $SS_DBPGDATABASE;</database>
                </process>
                <process>
                    <script background="false" encoding="STRING" input_id="lttng_output_K0DfGzS04B" type="USE_TEXT">$SS_TC_DEPS/bin/lttng stop &amp;&amp; $SS_TC_DEPS/bin/lttng view &amp;&amp; $SS_TC_DEPS/bin/lttng destroy</script>
                </process>
            </post_processes>
            <scoring_formula default="GOOD-03-Default">
                <formula name="GOOD-03-Default">STDOUT-03 AND NOT TIMEOUT AND NOT CONTROLLED_EXIT</formula>
            </scoring_formula>
            <output_checks>
                <compare_check check_type="CONTAINS" name="STDOUT-03">
                    <actual output_type="STANDARD_OUT"></actual>
                    <expected encoding="STRING" type="USE_FILE_CONTENTS">good-03/output.txt</expected>
                </compare_check>
                <simple_check check_type="SPECIAL" encoding="STRING" name="TIMEOUT" type="USE_TEXT">DOES_NOT_RETURN</simple_check>
                <simple_check check_type="SPECIAL" encoding="STRING" name="CONTROLLED_EXIT" type="USE_TEXT">CONTROLLED_EXIT</simple_check>
            </output_checks>
        </iopair>
        <iopair name="J-C089B-JTRE-01-ST02-DT02-DF11-CF20-01-GOOD-04" reset_scheme="NONE" timeout="300" type="GOOD">
            <description>Environment variable defining test value.
</description>
            <technical_impact>NONE</technical_impact>
            <pre_processes scheme="SEQUENCE">
                <process>
                    <script background="false" encoding="STRING" type="USE_TEXT">printf 'env SS_DBPGDATABASE;\nenv UNCONTINENCE_INCANTATOR;\n' | tee nginx_conf_env.txt</script>
                </process>
                <process>
                    <environment_variable encoding="STRING" key="UNCONTINENCE_INCANTATOR" type="USE_TEXT">$SS_TC_ROOT/testData/tarsier_crantara.bin</environment_variable>
                </process>
                <process>
                    <file encoding="STRING" path="$SS_TC_ROOT/testData/tarsier_crantara.bin" type="USE_TEXT">USA</file>
                </process>
                <process>
                    <database database_name="northwindlower_rfxzlcfkdgekvijj" database_type="POSTGRESQL" encoding="STRING" server="ss-db-postgres" type="USE_FILE_CONTENTS">/opt/stonesoup/workspace/scripts/northwind_create_northwindlower_rfxzlcfkdgekvijj.sql</database>
                </process>
                <process>
                    <environment_variable encoding="STRING" key="SS_DBPGDATABASE" type="USE_TEXT">northwindlower_rfxzlcfkdgekvijj</environment_variable>
                </process>
                <process>
                    <script background="false" encoding="STRING" type="USE_TEXT">mkdir $SS_TC_ROOT/logs/execute/lttng</script>
                </process>
                <process>
                    <environment_variable encoding="STRING" key="LTTNG_HOME" type="USE_TEXT">$SS_TC_ROOT/logs/execute/lttng</environment_variable>
                </process>
                <process>
                    <environment_variable encoding="STRING" key="SS_RUN_COMMAND_LD_PRELOAD" type="USE_TEXT">$SS_TC_DEPS/lib64/liblttng-stonesoup-java.so:$SS_TC_DEPS/lib64/liblttng-ust-fork.so</environment_variable>
                </process>
                <process>
                    <script background="false" encoding="STRING" type="USE_TEXT">mkdir -p $SS_TC_DEPS/var/run/lttng</script>
                </process>
                <process>
                    <script background="false" encoding="STRING" type="USE_TEXT">$SS_TC_DEPS/bin/lttng create &amp;&amp; $SS_TC_DEPS/bin/lttng enable-event -u -a &amp;&amp; $SS_TC_DEPS/bin/lttng start</script>
                </process>
                <process>
                    <script background="false" encoding="STRING" type="USE_TEXT">rm -rf $SS_TC_ROOT/lockDir</script>
                </process>
                <process>
                    <script background="false" encoding="STRING" type="USE_TEXT">sleep 2 &amp;&amp; printf &quot;Sleeping to allow DB to be created.&quot;</script>
                </process>
            </pre_processes>
            <run_command encoding="STRING" preprend_runcommand="true" type="USE_TEXT">-l 2 input/good-04/jtree-good-04.tar.gz</run_command>
            <post_processes scheme="SEQUENCE">
                <process>
                    <database database_name="northwindlower_rfxzlcfkdgekvijj" database_type="POSTGRESQL" encoding="STRING" server="ss-db-postgres" type="USE_TEXT">DROP DATABASE IF EXISTS $SS_DBPGDATABASE;</database>
                </process>
                <process>
                    <script background="false" encoding="STRING" input_id="lttng_output_SN2QXRNWYI" type="USE_TEXT">$SS_TC_DEPS/bin/lttng stop &amp;&amp; $SS_TC_DEPS/bin/lttng view &amp;&amp; $SS_TC_DEPS/bin/lttng destroy</script>
                </process>
            </post_processes>
            <scoring_formula default="GOOD-04-Default">
                <formula name="GOOD-04-Default">STDOUT-04 AND NOT TIMEOUT AND NOT CONTROLLED_EXIT</formula>
            </scoring_formula>
            <output_checks>
                <compare_check check_type="CONTAINS" name="STDOUT-04">
                    <actual output_type="STANDARD_OUT"></actual>
                    <expected encoding="STRING" type="USE_FILE_CONTENTS">good-04/output.txt</expected>
                </compare_check>
                <simple_check check_type="SPECIAL" encoding="STRING" name="TIMEOUT" type="USE_TEXT">DOES_NOT_RETURN</simple_check>
                <simple_check check_type="SPECIAL" encoding="STRING" name="CONTROLLED_EXIT" type="USE_TEXT">CONTROLLED_EXIT</simple_check>
            </output_checks>
        </iopair>
        <iopair name="J-C089B-JTRE-01-ST02-DT02-DF11-CF20-01-GOOD-05" reset_scheme="NONE" timeout="300" type="GOOD">
            <description>Environment variable defining test value.
</description>
            <technical_impact>NONE</technical_impact>
            <pre_processes scheme="SEQUENCE">
                <process>
                    <script background="false" encoding="STRING" type="USE_TEXT">printf 'env SS_DBPGDATABASE;\nenv UNCONTINENCE_INCANTATOR;\n' | tee nginx_conf_env.txt</script>
                </process>
                <process>
                    <environment_variable encoding="STRING" key="UNCONTINENCE_INCANTATOR" type="USE_TEXT">$SS_TC_ROOT/testData/tarsier_crantara.bin</environment_variable>
                </process>
                <process>
                    <file encoding="STRING" path="$SS_TC_ROOT/testData/tarsier_crantara.bin" type="USE_TEXT">Germany</file>
                </process>
                <process>
                    <database database_name="northwindlower_rezgzdbrlikpvhna" database_type="POSTGRESQL" encoding="STRING" server="ss-db-postgres" type="USE_FILE_CONTENTS">/opt/stonesoup/workspace/scripts/northwind_create_northwindlower_rezgzdbrlikpvhna.sql</database>
                </process>
                <process>
                    <environment_variable encoding="STRING" key="SS_DBPGDATABASE" type="USE_TEXT">northwindlower_rezgzdbrlikpvhna</environment_variable>
                </process>
                <process>
                    <script background="false" encoding="STRING" type="USE_TEXT">mkdir $SS_TC_ROOT/logs/execute/lttng</script>
                </process>
                <process>
                    <environment_variable encoding="STRING" key="LTTNG_HOME" type="USE_TEXT">$SS_TC_ROOT/logs/execute/lttng</environment_variable>
                </process>
                <process>
                    <environment_variable encoding="STRING" key="SS_RUN_COMMAND_LD_PRELOAD" type="USE_TEXT">$SS_TC_DEPS/lib64/liblttng-stonesoup-java.so:$SS_TC_DEPS/lib64/liblttng-ust-fork.so</environment_variable>
                </process>
                <process>
                    <script background="false" encoding="STRING" type="USE_TEXT">mkdir -p $SS_TC_DEPS/var/run/lttng</script>
                </process>
                <process>
                    <script background="false" encoding="STRING" type="USE_TEXT">$SS_TC_DEPS/bin/lttng create &amp;&amp; $SS_TC_DEPS/bin/lttng enable-event -u -a &amp;&amp; $SS_TC_DEPS/bin/lttng start</script>
                </process>
                <process>
                    <script background="false" encoding="STRING" type="USE_TEXT">rm -rf $SS_TC_ROOT/lockDir</script>
                </process>
                <process>
                    <script background="false" encoding="STRING" type="USE_TEXT">sleep 2 &amp;&amp; printf &quot;Sleeping to allow DB to be created.&quot;</script>
                </process>
            </pre_processes>
            <run_command encoding="STRING" preprend_runcommand="true" type="USE_TEXT">input/good-01/ input/good-02/ input/good-03/jtree-good-03.tar.gz input/good-04/jtree-good-04.tar.gz</run_command>
            <post_processes scheme="SEQUENCE">
                <process>
                    <database database_name="northwindlower_rezgzdbrlikpvhna" database_type="POSTGRESQL" encoding="STRING" server="ss-db-postgres" type="USE_TEXT">DROP DATABASE IF EXISTS $SS_DBPGDATABASE;</database>
                </process>
                <process>
                    <script background="false" encoding="STRING" input_id="lttng_output_9rN6DzdTUr" type="USE_TEXT">$SS_TC_DEPS/bin/lttng stop &amp;&amp; $SS_TC_DEPS/bin/lttng view &amp;&amp; $SS_TC_DEPS/bin/lttng destroy</script>
                </process>
            </post_processes>
            <scoring_formula default="GOOD-05-Default">
                <formula name="GOOD-05-Default">STDOUT-05-01 AND STDOUT-05-02 AND STDOUT-05-03 AND STDOUT-05-04 AND NOT TIMEOUT AND NOT CONTROLLED_EXIT</formula>
            </scoring_formula>
            <output_checks>
                <compare_check check_type="CONTAINS" name="STDOUT-05-01">
                    <actual output_type="STANDARD_OUT"></actual>
                    <expected encoding="STRING" type="USE_FILE_CONTENTS">good-05/output1.txt</expected>
                </compare_check>
                <compare_check check_type="CONTAINS" name="STDOUT-05-02">
                    <actual output_type="STANDARD_OUT"></actual>
                    <expected encoding="STRING" type="USE_FILE_CONTENTS">good-05/output2.txt</expected>
                </compare_check>
                <compare_check check_type="CONTAINS" name="STDOUT-05-03">
                    <actual output_type="STANDARD_OUT"></actual>
                    <expected encoding="STRING" type="USE_FILE_CONTENTS">good-05/output3.txt</expected>
                </compare_check>
                <compare_check check_type="CONTAINS" name="STDOUT-05-04">
                    <actual output_type="STANDARD_OUT"></actual>
                    <expected encoding="STRING" type="USE_FILE_CONTENTS">good-05/output4.txt</expected>
                </compare_check>
                <simple_check check_type="SPECIAL" encoding="STRING" name="TIMEOUT" type="USE_TEXT">DOES_NOT_RETURN</simple_check>
                <simple_check check_type="SPECIAL" encoding="STRING" name="CONTROLLED_EXIT" type="USE_TEXT">CONTROLLED_EXIT</simple_check>
            </output_checks>
        </iopair>
        <iopair name="J-C089B-JTRE-01-ST02-DT02-DF11-CF20-01-BAD-01" reset_scheme="NONE" timeout="300" type="BAD">
            <description>Environment variable defining test value.
</description>
            <technical_impact>EXECUTE_UNAUTHORIZED_CODE</technical_impact>
            <pre_processes scheme="SEQUENCE">
                <process>
                    <script background="false" encoding="STRING" type="USE_TEXT">printf 'env SS_DBPGDATABASE;\nenv UNCONTINENCE_INCANTATOR;\n' | tee nginx_conf_env.txt</script>
                </process>
                <process>
                    <environment_variable encoding="STRING" key="UNCONTINENCE_INCANTATOR" type="USE_TEXT">$SS_TC_ROOT/testData/tarsier_crantara.bin</environment_variable>
                </process>
                <process>
                    <file encoding="STRING" path="$SS_TC_ROOT/testData/tarsier_crantara.bin" type="USE_TEXT">x' or 'x'='x</file>
                </process>
                <process>
                    <database database_name="northwindlower_zybkqeddvncrzlit" database_type="POSTGRESQL" encoding="STRING" server="ss-db-postgres" type="USE_FILE_CONTENTS">/opt/stonesoup/workspace/scripts/northwind_create_northwindlower_zybkqeddvncrzlit.sql</database>
                </process>
                <process>
                    <environment_variable encoding="STRING" key="SS_DBPGDATABASE" type="USE_TEXT">northwindlower_zybkqeddvncrzlit</environment_variable>
                </process>
                <process>
                    <script background="false" encoding="STRING" type="USE_TEXT">mkdir $SS_TC_ROOT/logs/execute/lttng</script>
                </process>
                <process>
                    <environment_variable encoding="STRING" key="LTTNG_HOME" type="USE_TEXT">$SS_TC_ROOT/logs/execute/lttng</environment_variable>
                </process>
                <process>
                    <environment_variable encoding="STRING" key="SS_RUN_COMMAND_LD_PRELOAD" type="USE_TEXT">$SS_TC_DEPS/lib64/liblttng-stonesoup-java.so:$SS_TC_DEPS/lib64/liblttng-ust-fork.so</environment_variable>
                </process>
                <process>
                    <script background="false" encoding="STRING" type="USE_TEXT">mkdir -p $SS_TC_DEPS/var/run/lttng</script>
                </process>
                <process>
                    <script background="false" encoding="STRING" type="USE_TEXT">$SS_TC_DEPS/bin/lttng create &amp;&amp; $SS_TC_DEPS/bin/lttng enable-event -u -a &amp;&amp; $SS_TC_DEPS/bin/lttng start</script>
                </process>
                <process>
                    <script background="false" encoding="STRING" type="USE_TEXT">rm -rf $SS_TC_ROOT/lockDir</script>
                </process>
                <process>
                    <script background="false" encoding="STRING" type="USE_TEXT">sleep 2 &amp;&amp; printf &quot;Sleeping to allow DB to be created.&quot;</script>
                </process>
            </pre_processes>
            <run_command encoding="STRING" preprend_runcommand="true" type="USE_TEXT">input/good-01</run_command>
            <post_processes scheme="SEQUENCE">
                <process>
                    <database database_name="northwindlower_zybkqeddvncrzlit" database_type="POSTGRESQL" encoding="STRING" server="ss-db-postgres" type="USE_TEXT">DROP DATABASE IF EXISTS $SS_DBPGDATABASE;</database>
                </process>
                <process>
                    <script background="false" encoding="STRING" input_id="lttng_output_yuX7ydGTohfnfyHoeCt9" type="USE_TEXT">$SS_TC_DEPS/bin/lttng stop &amp;&amp; $SS_TC_DEPS/bin/lttng view &amp;&amp; $SS_TC_DEPS/bin/lttng destroy</script>
                </process>
            </post_processes>
            <scoring_formula default="db_sql_formula_ei4lYcGj0i">
                <formula name="db_sql_formula_ei4lYcGj0i">weakness_started_PxnFCb0Qx30PopPEVSEi AND ((NOT PERFORMER AND (db_sql_output_TEN5NZStO9 OR db_sql_output_fxS00qHLeO) AND NOT timeout_DMCbSGWJwj) or (PERFORMER AND NOT ((db_sql_output_TEN5NZStO9 OR db_sql_output_fxS00qHLeO) OR timeout_DMCbSGWJwj)))</formula>
                <formula name="no_weakness_started_formula_o2oi0YPQv9">(NOT PERFORMER AND (db_sql_output_TEN5NZStO9 OR db_sql_output_fxS00qHLeO) AND NOT timeout_DMCbSGWJwj) or (PERFORMER AND NOT ((db_sql_output_TEN5NZStO9 OR db_sql_output_fxS00qHLeO) OR timeout_DMCbSGWJwj))</formula>
            </scoring_formula>
            <output_checks>
                <simple_check check_type="SPECIAL" encoding="STRING" name="timeout_DMCbSGWJwj" type="USE_TEXT">DOES_NOT_RETURN</simple_check>
                <simple_check check_type="SPECIAL" encoding="STRING" name="controlled_exit_jN6sWZhROc" type="USE_TEXT">CONTROLLED_EXIT</simple_check>
                <simple_check check_type="SPECIAL" encoding="STRING" name="continued_execution_fIObbHJt4r" type="USE_TEXT">CONTINUED_EXECUTION</simple_check>
                <compare_check check_type="CONTAINS" name="db_sql_output_TEN5NZStO9">
                    <actual encoding="STRING" output_type="FILE_CONTENTS">logfile.txt</actual>
                    <expected encoding="STRING" type="USE_TEXT">Zbyszek Piestrzeniewicz</expected>
                </compare_check>
                <compare_check check_type="CONTAINS" name="db_sql_output_fxS00qHLeO">
                    <actual encoding="STRING" output_type="FILE_CONTENTS">logfile.txt</actual>
                    <expected encoding="STRING" type="USE_TEXT">Rattlesnake Canyon Grocery</expected>
                </compare_check>
                <compare_check check_type="CONTAINS" name="weakness_started_PxnFCb0Qx30PopPEVSEi">
                    <actual encoding="STRING" input_id_ref="lttng_output_yuX7ydGTohfnfyHoeCt9" output_type="STANDARD_OUT">None</actual>
                    <expected encoding="STRING" type="USE_TEXT">stonesoup_trace:weakness_start</expected>
                </compare_check>
            </output_checks>
        </iopair>
        <iopair name="J-C089B-JTRE-01-ST02-DT02-DF11-CF20-01-BAD-02" reset_scheme="NONE" timeout="300" type="BAD">
            <description>Environment variable defining test value.
</description>
            <technical_impact>EXECUTE_UNAUTHORIZED_CODE</technical_impact>
            <pre_processes scheme="SEQUENCE">
                <process>
                    <script background="false" encoding="STRING" type="USE_TEXT">printf 'env SS_DBPGDATABASE;\nenv UNCONTINENCE_INCANTATOR;\n' | tee nginx_conf_env.txt</script>
                </process>
                <process>
                    <environment_variable encoding="STRING" key="UNCONTINENCE_INCANTATOR" type="USE_TEXT">$SS_TC_ROOT/testData/tarsier_crantara.bin</environment_variable>
                </process>
                <process>
                    <file encoding="STRING" path="$SS_TC_ROOT/testData/tarsier_crantara.bin" type="USE_TEXT">x'; Select * from orders; -- </file>
                </process>
                <process>
                    <database database_name="northwindlower_yphmuxnhgjmjltdo" database_type="POSTGRESQL" encoding="STRING" server="ss-db-postgres" type="USE_FILE_CONTENTS">/opt/stonesoup/workspace/scripts/northwind_create_northwindlower_yphmuxnhgjmjltdo.sql</database>
                </process>
                <process>
                    <environment_variable encoding="STRING" key="SS_DBPGDATABASE" type="USE_TEXT">northwindlower_yphmuxnhgjmjltdo</environment_variable>
                </process>
                <process>
                    <script background="false" encoding="STRING" type="USE_TEXT">mkdir $SS_TC_ROOT/logs/execute/lttng</script>
                </process>
                <process>
                    <environment_variable encoding="STRING" key="LTTNG_HOME" type="USE_TEXT">$SS_TC_ROOT/logs/execute/lttng</environment_variable>
                </process>
                <process>
                    <environment_variable encoding="STRING" key="SS_RUN_COMMAND_LD_PRELOAD" type="USE_TEXT">$SS_TC_DEPS/lib64/liblttng-stonesoup-java.so:$SS_TC_DEPS/lib64/liblttng-ust-fork.so</environment_variable>
                </process>
                <process>
                    <script background="false" encoding="STRING" type="USE_TEXT">mkdir -p $SS_TC_DEPS/var/run/lttng</script>
                </process>
                <process>
                    <script background="false" encoding="STRING" type="USE_TEXT">$SS_TC_DEPS/bin/lttng create &amp;&amp; $SS_TC_DEPS/bin/lttng enable-event -u -a &amp;&amp; $SS_TC_DEPS/bin/lttng start</script>
                </process>
                <process>
                    <script background="false" encoding="STRING" type="USE_TEXT">rm -rf $SS_TC_ROOT/lockDir</script>
                </process>
                <process>
                    <script background="false" encoding="STRING" type="USE_TEXT">sleep 2 &amp;&amp; printf &quot;Sleeping to allow DB to be created.&quot;</script>
                </process>
            </pre_processes>
            <run_command encoding="STRING" preprend_runcommand="true" type="USE_TEXT">-l 2 input/good-04/jtree-good-04.tar.gz</run_command>
            <post_processes scheme="SEQUENCE">
                <process>
                    <database database_name="northwindlower_yphmuxnhgjmjltdo" database_type="POSTGRESQL" encoding="STRING" server="ss-db-postgres" type="USE_TEXT">DROP DATABASE IF EXISTS $SS_DBPGDATABASE;</database>
                </process>
                <process>
                    <script background="false" encoding="STRING" input_id="lttng_output_HfwS3nwZ7USfxVnXGfv8" type="USE_TEXT">$SS_TC_DEPS/bin/lttng stop &amp;&amp; $SS_TC_DEPS/bin/lttng view &amp;&amp; $SS_TC_DEPS/bin/lttng destroy</script>
                </process>
            </post_processes>
            <scoring_formula default="db_sql_formula_0nPmFy2QFh">
                <formula name="db_sql_formula_0nPmFy2QFh">weakness_started_2YeG8fua8N4IvgiOvnRQ AND ((NOT PERFORMER AND (db_sql_output_FPqQ9HfW0n OR db_sql_output_DL12amgyO4) AND NOT timeout_HBSXClHQOk) or (PERFORMER AND NOT ((db_sql_output_FPqQ9HfW0n OR db_sql_output_DL12amgyO4) OR timeout_HBSXClHQOk)))</formula>
                <formula name="no_weakness_started_formula_e6ykAOpNPV">(NOT PERFORMER AND (db_sql_output_FPqQ9HfW0n OR db_sql_output_DL12amgyO4) AND NOT timeout_HBSXClHQOk) or (PERFORMER AND NOT ((db_sql_output_FPqQ9HfW0n OR db_sql_output_DL12amgyO4) OR timeout_HBSXClHQOk))</formula>
            </scoring_formula>
            <output_checks>
                <simple_check check_type="SPECIAL" encoding="STRING" name="timeout_HBSXClHQOk" type="USE_TEXT">DOES_NOT_RETURN</simple_check>
                <simple_check check_type="SPECIAL" encoding="STRING" name="controlled_exit_JR7UURoS5l" type="USE_TEXT">CONTROLLED_EXIT</simple_check>
                <simple_check check_type="SPECIAL" encoding="STRING" name="continued_execution_x8PUXUVVCu" type="USE_TEXT">CONTINUED_EXECUTION</simple_check>
                <compare_check check_type="CONTAINS" name="db_sql_output_FPqQ9HfW0n">
                    <actual encoding="STRING" output_type="FILE_CONTENTS">logfile.txt</actual>
                    <expected encoding="STRING" type="USE_TEXT">Zbyszek Piestrzeniewicz</expected>
                </compare_check>
                <compare_check check_type="CONTAINS" name="db_sql_output_DL12amgyO4">
                    <actual encoding="STRING" output_type="FILE_CONTENTS">logfile.txt</actual>
                    <expected encoding="STRING" type="USE_TEXT">Rattlesnake Canyon Grocery</expected>
                </compare_check>
                <compare_check check_type="CONTAINS" name="weakness_started_2YeG8fua8N4IvgiOvnRQ">
                    <actual encoding="STRING" input_id_ref="lttng_output_HfwS3nwZ7USfxVnXGfv8" output_type="STANDARD_OUT">None</actual>
                    <expected encoding="STRING" type="USE_TEXT">stonesoup_trace:weakness_start</expected>
                </compare_check>
            </output_checks>
        </iopair>
    </iopairs>
</project>
