<?xml version="1.0" encoding="utf-8"?>
<project base_program="J-LUCE" language="JAVA" name="J-C774B-LUCE-09-ST02-DT03-DF07-CF16-01" targeted_architecture="ANY" targeted_os="LINUX" test_case_type="ALL" xmlns="urn:stonesoup:project">
    <description>This test takes in integer n.  The program attempts to open n files. If n is large enough the number of file handles will be exhausted, these files handlers are never closed, and stored in a global arraylist, causing the entire program to fail to open any files from that point on.
</description>
    <additional_information>
        <keyvalue key="JAVA_MAIN">org.apache.lucene.demo.IndexFiles:org.apache.lucene.demo.SearchFiles:org.apache.lucene.demo.facet.SimpleFacetsExample:org.apache.lucene.demo.facet.AssociationsFacetsExample</keyvalue>
        <keyvalue key="JAVA_CLASSPATH">$SS_TC_DEPS/java/lucene/*:$SS_TC_ROOT/$SS_TC_INSTALL/classes/*:$SS_TC_ROOT/$SS_TC_INSTALL/*:$SS_TC_DEPS/java/stonesoup/lttng/lttng-stonesoup-0.1.jar</keyvalue>
        <keyvalue key="algorithmic_variant_name">UNSPECIFIED</keyvalue>
        <keyvalue key="root_cause">UNSPECIFIED</keyvalue>
    </additional_information>
    <structure install="install" iodata="testData" scoredata="testOutput" scripts="scripts" source="src"/>
    <run_command>java $SS_JAVA_OPTS -Djava.library.path=$SS_TC_DEPS/lib64/ -cp &quot;$SS_JAVA_CLASSPATH&quot;</run_command>
    <weakness generation_method="FAULT_INJECTED">
        <variant cwe="CWE-774" name="CWE-774-B">
            <crossover_point file_name="/tmp/tmpXqYq17_ss_testcase/src/core/src/java/org/apache/lucene/index/IndexFileNames.java" line_number="0">
                <method name="fileNameFromGeneration"/>
            </crossover_point>
            <trigger_point file_name="/tmp/tmpXqYq17_ss_testcase/src/core/src/java/org/apache/lucene/index/IndexFileNames.java" line_number="0">
                <method name="fileNameFromGeneration"/>
            </trigger_point>
        </variant>
        <features>
            <taint_source file_name="/tmp/tmpXqYq17_ss_testcase/src/core/src/java/org/apache/lucene/index/IndexFileNames.java" line_number="0" type="FILE_CONTENTS">
                <method name="fileNameFromGeneration"/>
            </taint_source>
            <data_type file_name="/tmp/tmpXqYq17_ss_testcase/src/core/src/java/org/apache/lucene/index/IndexFileNames.java" line_number="0" type="VOID_POINTER">
                <method name="fileNameFromGeneration"/>
            </data_type>
            <data_flow file_name="/tmp/tmpXqYq17_ss_testcase/src/core/src/java/org/apache/lucene/index/IndexFileNames.java" line_number="0" type="INDEX_ALIAS_1">
                <method name="fileNameFromGeneration"/>
            </data_flow>
            <control_flow file_name="/tmp/tmpXqYq17_ss_testcase/src/core/src/java/org/apache/lucene/index/IndexFileNames.java" line_number="0" type="INTERRUPT">
                <method name="fileNameFromGeneration"/>
            </control_flow>
        </features>
    </weakness>
    <build_commands>
        <command>env ANT_HOME=$SS_TC_DEPS/ant ant $SS_ANT_OPTS -Dstonesoup.database.postgres.required=no -Dstonesoup.hibernate.postgres.required=no -Dstonesoup.hibernate.mysql.required=no -Dstonesoup.database.mysql.required=no -Dstonesoup.socket.required=no -lib $SS_TC_DEPS/java/stonesoup/lttng/lttng-stonesoup-0.1.jar -Dstonesoup.socket.lib.dir=&quot;$SS_TC_DEPS/java/stonesoup/socket&quot; -Dstonesoup.hibernate.mysql.lib.dir=&quot;$SS_TC_DEPS/java/stonesoup/hibernate/mysql&quot; -Dstonesoup.hibernate.postgres.lib.dir=&quot;$SS_TC_DEPS/java/stonesoup/hibernate/postgres&quot; -Dstonesoup.database.mysql.lib.dir=&quot;$SS_TC_DEPS/java/stonesoup/database/mysql&quot; -Dstonesoup.database.postgres.lib.dir=&quot;$SS_TC_DEPS/java/stonesoup/database/postgres&quot; -Dlib.dir=$SS_TC_DEPS/java/lucene -Ddist.dir=&quot;$SS_TC_ROOT/$SS_TC_INSTALL&quot; -Dbuild.dir=&quot;$SS_TC_ROOT/$SS_TC_INSTALL&quot; -Dstonesoup.lttng.lib.dir=&quot;$SS_TC_DEPS/java/stonesoup/lttng&quot; -Dstonesoup.lttng.dummy.lib.dir=&quot;$SS_TC_DEPS/java/stonesoup/lttng-dummy&quot; compile</command>
    </build_commands>
    <iopairs>
        <iopair name="J-C774B-LUCE-09-ST02-DT03-DF07-CF16-01-GOOD-01" reset_scheme="NONE" timeout="300" type="GOOD">
            <description>index a single file
Environment variable defining number of files to create.
</description>
            <technical_impact>NONE</technical_impact>
            <pre_processes scheme="SEQUENCE">
                <process>
                    <script background="false" encoding="STRING" type="USE_TEXT">printf 'env UNDAZING_MILES;\n' | tee nginx_conf_env.txt</script>
                </process>
                <process>
                    <environment_variable encoding="STRING" key="UNDAZING_MILES" type="USE_TEXT">$SS_TC_ROOT/testData/rowley_insignificantly.bin</environment_variable>
                </process>
                <process>
                    <file encoding="STRING" path="$SS_TC_ROOT/testData/rowley_insignificantly.bin" type="USE_TEXT">5</file>
                </process>
                <process>
                    <script background="false" encoding="STRING" type="USE_TEXT">mkdir $SS_TC_ROOT/logs/execute/lttng</script>
                </process>
                <process>
                    <environment_variable encoding="STRING" key="LTTNG_HOME" type="USE_TEXT">$SS_TC_ROOT/logs/execute/lttng</environment_variable>
                </process>
                <process>
                    <environment_variable encoding="STRING" key="SS_RUN_COMMAND_LD_PRELOAD" type="USE_TEXT">$SS_TC_DEPS/lib64/liblttng-stonesoup-java.so:$SS_TC_DEPS/lib64/liblttng-ust-fork.so</environment_variable>
                </process>
                <process>
                    <script background="false" encoding="STRING" type="USE_TEXT">mkdir -p $SS_TC_DEPS/var/run/lttng</script>
                </process>
                <process>
                    <script background="false" encoding="STRING" type="USE_TEXT">$SS_TC_DEPS/bin/lttng create &amp;&amp; $SS_TC_DEPS/bin/lttng enable-event -u -a &amp;&amp; $SS_TC_DEPS/bin/lttng start</script>
                </process>
                <process>
                    <script background="false" encoding="STRING" type="USE_TEXT">rm -rf $SS_TC_ROOT/lockDir</script>
                </process>
            </pre_processes>
            <run_command encoding="STRING" preprend_runcommand="true" type="USE_TEXT">org.apache.lucene.demo.IndexFiles -index $SS_TC_ROOT/$SS_TC_DATA/good-01-index -docs $SS_TC_ROOT/$SS_TC_DATA/good-01/</run_command>
            <post_processes scheme="SEQUENCE">
                <process>
                    <script background="false" encoding="STRING" input_id="lttng_output_SpbdAVt37b" type="USE_TEXT">$SS_TC_DEPS/bin/lttng stop &amp;&amp; $SS_TC_DEPS/bin/lttng view &amp;&amp; $SS_TC_DEPS/bin/lttng destroy</script>
                </process>
            </post_processes>
            <scoring_formula default="GOOD-01-Default">
                <formula name="GOOD-01-Default">GOOD-01 AND GOOD-02 AND GOOD-03 AND GOOD-04 AND NOT TIMEOUT AND NOT CONTROLLED_EXIT</formula>
            </scoring_formula>
            <output_checks>
                <simple_check check_type="SCRIPT" encoding="STRING" name="GOOD-01" type="USE_TEXT">
                    if [[ -a ../testData/good-01-index/_0.cfe ]]; then exit 0; else exit 1; fi;
                </simple_check>
                <simple_check check_type="SCRIPT" encoding="STRING" name="GOOD-02" type="USE_TEXT">
                    if [[ -a ../testData/good-01-index/_0.cfs ]]; then exit 0; else exit 1; fi;
                </simple_check>
                <compare_check check_type="CONTAINS" name="GOOD-03">
                    <actual output_type="FILE_CONTENTS">../testData/good-01-index/segments_1</actual>
                    <expected encoding="STRING" type="USE_FILE_CONTENTS">good-01/segments_1</expected>
                </compare_check>
                <compare_check check_type="CONTAINS" name="GOOD-04">
                    <actual output_type="FILE_CONTENTS">good-01-index/segments.gen</actual>
                    <expected encoding="STRING" type="USE_FILE_CONTENTS">good-01/segments.gen</expected>
                </compare_check>
                <simple_check check_type="SPECIAL" encoding="STRING" name="TIMEOUT" type="USE_TEXT">DOES_NOT_RETURN</simple_check>
                <simple_check check_type="SPECIAL" encoding="STRING" name="CONTROLLED_EXIT" type="USE_TEXT">CONTROLLED_EXIT</simple_check>
            </output_checks>
        </iopair>
        <iopair name="J-C774B-LUCE-09-ST02-DT03-DF07-CF16-01-GOOD-02" reset_scheme="NONE" timeout="300" type="GOOD">
            <description>search a single indexed file for &quot;bubbles&quot;
Environment variable defining number of files to create.
</description>
            <technical_impact>NONE</technical_impact>
            <pre_processes scheme="SEQUENCE">
                <process>
                    <script background="false" encoding="STRING" type="USE_TEXT">printf 'env UNDAZING_MILES;\n' | tee nginx_conf_env.txt</script>
                </process>
                <process>
                    <environment_variable encoding="STRING" key="UNDAZING_MILES" type="USE_TEXT">$SS_TC_ROOT/testData/rowley_insignificantly.bin</environment_variable>
                </process>
                <process>
                    <file encoding="STRING" path="$SS_TC_ROOT/testData/rowley_insignificantly.bin" type="USE_TEXT">678</file>
                </process>
                <process>
                    <script background="false" encoding="STRING" type="USE_TEXT">mkdir $SS_TC_ROOT/logs/execute/lttng</script>
                </process>
                <process>
                    <environment_variable encoding="STRING" key="LTTNG_HOME" type="USE_TEXT">$SS_TC_ROOT/logs/execute/lttng</environment_variable>
                </process>
                <process>
                    <environment_variable encoding="STRING" key="SS_RUN_COMMAND_LD_PRELOAD" type="USE_TEXT">$SS_TC_DEPS/lib64/liblttng-stonesoup-java.so:$SS_TC_DEPS/lib64/liblttng-ust-fork.so</environment_variable>
                </process>
                <process>
                    <script background="false" encoding="STRING" type="USE_TEXT">mkdir -p $SS_TC_DEPS/var/run/lttng</script>
                </process>
                <process>
                    <script background="false" encoding="STRING" type="USE_TEXT">$SS_TC_DEPS/bin/lttng create &amp;&amp; $SS_TC_DEPS/bin/lttng enable-event -u -a &amp;&amp; $SS_TC_DEPS/bin/lttng start</script>
                </process>
                <process>
                    <script background="false" encoding="STRING" type="USE_TEXT">rm -rf $SS_TC_ROOT/lockDir</script>
                </process>
            </pre_processes>
            <run_command encoding="STRING" preprend_runcommand="true" type="USE_TEXT">org.apache.lucene.demo.SearchFiles -query bubbles -index $SS_TC_ROOT/$SS_TC_DATA/good-02/index/</run_command>
            <post_processes scheme="SEQUENCE">
                <process>
                    <script background="false" encoding="STRING" input_id="lttng_output_8CW4ZEXMEk" type="USE_TEXT">$SS_TC_DEPS/bin/lttng stop &amp;&amp; $SS_TC_DEPS/bin/lttng view &amp;&amp; $SS_TC_DEPS/bin/lttng destroy</script>
                </process>
            </post_processes>
            <scoring_formula default="GOOD-02-Default">
                <formula name="GOOD-02-Default">GOOD-02 AND NOT TIMEOUT AND NOT CONTROLLED_EXIT</formula>
            </scoring_formula>
            <output_checks>
                <compare_check check_type="CONTAINS" name="GOOD-02">
                    <actual output_type="STANDARD_OUT"></actual>
                    <expected encoding="STRING" type="USE_FILE_CONTENTS">good-02/output.txt</expected>
                </compare_check>
                <simple_check check_type="SPECIAL" encoding="STRING" name="TIMEOUT" type="USE_TEXT">DOES_NOT_RETURN</simple_check>
                <simple_check check_type="SPECIAL" encoding="STRING" name="CONTROLLED_EXIT" type="USE_TEXT">CONTROLLED_EXIT</simple_check>
            </output_checks>
        </iopair>
        <iopair name="J-C774B-LUCE-09-ST02-DT03-DF07-CF16-01-GOOD-03" reset_scheme="NONE" timeout="300" type="GOOD">
            <description>index two files
Environment variable defining number of files to create.
</description>
            <technical_impact>NONE</technical_impact>
            <pre_processes scheme="SEQUENCE">
                <process>
                    <script background="false" encoding="STRING" type="USE_TEXT">printf 'env UNDAZING_MILES;\n' | tee nginx_conf_env.txt</script>
                </process>
                <process>
                    <environment_variable encoding="STRING" key="UNDAZING_MILES" type="USE_TEXT">$SS_TC_ROOT/testData/rowley_insignificantly.bin</environment_variable>
                </process>
                <process>
                    <file encoding="STRING" path="$SS_TC_ROOT/testData/rowley_insignificantly.bin" type="USE_TEXT">2500</file>
                </process>
                <process>
                    <script background="false" encoding="STRING" type="USE_TEXT">mkdir $SS_TC_ROOT/logs/execute/lttng</script>
                </process>
                <process>
                    <environment_variable encoding="STRING" key="LTTNG_HOME" type="USE_TEXT">$SS_TC_ROOT/logs/execute/lttng</environment_variable>
                </process>
                <process>
                    <environment_variable encoding="STRING" key="SS_RUN_COMMAND_LD_PRELOAD" type="USE_TEXT">$SS_TC_DEPS/lib64/liblttng-stonesoup-java.so:$SS_TC_DEPS/lib64/liblttng-ust-fork.so</environment_variable>
                </process>
                <process>
                    <script background="false" encoding="STRING" type="USE_TEXT">mkdir -p $SS_TC_DEPS/var/run/lttng</script>
                </process>
                <process>
                    <script background="false" encoding="STRING" type="USE_TEXT">$SS_TC_DEPS/bin/lttng create &amp;&amp; $SS_TC_DEPS/bin/lttng enable-event -u -a &amp;&amp; $SS_TC_DEPS/bin/lttng start</script>
                </process>
                <process>
                    <script background="false" encoding="STRING" type="USE_TEXT">rm -rf $SS_TC_ROOT/lockDir</script>
                </process>
            </pre_processes>
            <run_command encoding="STRING" preprend_runcommand="true" type="USE_TEXT">org.apache.lucene.demo.IndexFiles -index $SS_TC_ROOT/$SS_TC_DATA/good-03-index -docs $SS_TC_ROOT/$SS_TC_DATA/good-03/</run_command>
            <post_processes scheme="SEQUENCE">
                <process>
                    <script background="false" encoding="STRING" input_id="lttng_output_Tx8KzPWRTS" type="USE_TEXT">$SS_TC_DEPS/bin/lttng stop &amp;&amp; $SS_TC_DEPS/bin/lttng view &amp;&amp; $SS_TC_DEPS/bin/lttng destroy</script>
                </process>
            </post_processes>
            <scoring_formula default="GOOD-03-Default">
                <formula name="GOOD-03-Default">GOOD-01 AND GOOD-02 AND GOOD-03 AND GOOD-04 AND NOT TIMEOUT AND NOT CONTROLLED_EXIT</formula>
            </scoring_formula>
            <output_checks>
                <simple_check check_type="SCRIPT" encoding="STRING" name="GOOD-01" type="USE_TEXT">
                    if [[ -a ../testData/good-03-index/_0.cfe ]]; then exit 0; else exit 1; fi;
                </simple_check>
                <simple_check check_type="SCRIPT" encoding="STRING" name="GOOD-02" type="USE_TEXT">
                    if [[ -a ../testData/good-03-index/_0.cfe ]]; then exit 0; else exit 1; fi;
                </simple_check>
                <compare_check check_type="CONTAINS" name="GOOD-03">
                    <actual output_type="FILE_CONTENTS">../testData/good-03-index/segments_1</actual>
                    <expected encoding="STRING" type="USE_FILE_CONTENTS">good-03/segments_1</expected>
                </compare_check>
                <compare_check check_type="CONTAINS" name="GOOD-04">
                    <actual output_type="FILE_CONTENTS">../testData/good-03-index/segments.gen</actual>
                    <expected encoding="STRING" type="USE_FILE_CONTENTS">good-03/segments.gen</expected>
                </compare_check>
                <simple_check check_type="SPECIAL" encoding="STRING" name="TIMEOUT" type="USE_TEXT">DOES_NOT_RETURN</simple_check>
                <simple_check check_type="SPECIAL" encoding="STRING" name="CONTROLLED_EXIT" type="USE_TEXT">CONTROLLED_EXIT</simple_check>
            </output_checks>
        </iopair>
        <iopair name="J-C774B-LUCE-09-ST02-DT03-DF07-CF16-01-GOOD-04" reset_scheme="NONE" timeout="300" type="GOOD">
            <description>search two indexed files
Environment variable defining number of files to create.
</description>
            <technical_impact>NONE</technical_impact>
            <pre_processes scheme="SEQUENCE">
                <process>
                    <script background="false" encoding="STRING" type="USE_TEXT">printf 'env UNDAZING_MILES;\n' | tee nginx_conf_env.txt</script>
                </process>
                <process>
                    <environment_variable encoding="STRING" key="UNDAZING_MILES" type="USE_TEXT">$SS_TC_ROOT/testData/rowley_insignificantly.bin</environment_variable>
                </process>
                <process>
                    <file encoding="STRING" path="$SS_TC_ROOT/testData/rowley_insignificantly.bin" type="USE_TEXT">5</file>
                </process>
                <process>
                    <script background="false" encoding="STRING" type="USE_TEXT">mkdir $SS_TC_ROOT/logs/execute/lttng</script>
                </process>
                <process>
                    <environment_variable encoding="STRING" key="LTTNG_HOME" type="USE_TEXT">$SS_TC_ROOT/logs/execute/lttng</environment_variable>
                </process>
                <process>
                    <environment_variable encoding="STRING" key="SS_RUN_COMMAND_LD_PRELOAD" type="USE_TEXT">$SS_TC_DEPS/lib64/liblttng-stonesoup-java.so:$SS_TC_DEPS/lib64/liblttng-ust-fork.so</environment_variable>
                </process>
                <process>
                    <script background="false" encoding="STRING" type="USE_TEXT">mkdir -p $SS_TC_DEPS/var/run/lttng</script>
                </process>
                <process>
                    <script background="false" encoding="STRING" type="USE_TEXT">$SS_TC_DEPS/bin/lttng create &amp;&amp; $SS_TC_DEPS/bin/lttng enable-event -u -a &amp;&amp; $SS_TC_DEPS/bin/lttng start</script>
                </process>
                <process>
                    <script background="false" encoding="STRING" type="USE_TEXT">rm -rf $SS_TC_ROOT/lockDir</script>
                </process>
            </pre_processes>
            <run_command encoding="STRING" preprend_runcommand="true" type="USE_TEXT">org.apache.lucene.demo.SearchFiles -query Sawyer -index $SS_TC_ROOT/$SS_TC_DATA/good-04/index/</run_command>
            <post_processes scheme="SEQUENCE">
                <process>
                    <script background="false" encoding="STRING" input_id="lttng_output_pT5XgdNyQ6" type="USE_TEXT">$SS_TC_DEPS/bin/lttng stop &amp;&amp; $SS_TC_DEPS/bin/lttng view &amp;&amp; $SS_TC_DEPS/bin/lttng destroy</script>
                </process>
            </post_processes>
            <scoring_formula default="GOOD-04-Default">
                <formula name="GOOD-04-Default">GOOD-04 AND NOT TIMEOUT AND NOT CONTROLLED_EXIT</formula>
            </scoring_formula>
            <output_checks>
                <compare_check check_type="CONTAINS" name="GOOD-04">
                    <actual output_type="STANDARD_OUT"></actual>
                    <expected encoding="STRING" type="USE_FILE_CONTENTS">good-04/output.txt</expected>
                </compare_check>
                <simple_check check_type="SPECIAL" encoding="STRING" name="TIMEOUT" type="USE_TEXT">DOES_NOT_RETURN</simple_check>
                <simple_check check_type="SPECIAL" encoding="STRING" name="CONTROLLED_EXIT" type="USE_TEXT">CONTROLLED_EXIT</simple_check>
            </output_checks>
        </iopair>
        <iopair name="J-C774B-LUCE-09-ST02-DT03-DF07-CF16-01-GOOD-05" reset_scheme="NONE" timeout="300" type="GOOD">
            <description>search files
Environment variable defining number of files to create.
</description>
            <technical_impact>NONE</technical_impact>
            <pre_processes scheme="SEQUENCE">
                <process>
                    <script background="false" encoding="STRING" type="USE_TEXT">printf 'env UNDAZING_MILES;\n' | tee nginx_conf_env.txt</script>
                </process>
                <process>
                    <environment_variable encoding="STRING" key="UNDAZING_MILES" type="USE_TEXT">$SS_TC_ROOT/testData/rowley_insignificantly.bin</environment_variable>
                </process>
                <process>
                    <file encoding="STRING" path="$SS_TC_ROOT/testData/rowley_insignificantly.bin" type="USE_TEXT">678</file>
                </process>
                <process>
                    <script background="false" encoding="STRING" type="USE_TEXT">mkdir $SS_TC_ROOT/logs/execute/lttng</script>
                </process>
                <process>
                    <environment_variable encoding="STRING" key="LTTNG_HOME" type="USE_TEXT">$SS_TC_ROOT/logs/execute/lttng</environment_variable>
                </process>
                <process>
                    <environment_variable encoding="STRING" key="SS_RUN_COMMAND_LD_PRELOAD" type="USE_TEXT">$SS_TC_DEPS/lib64/liblttng-stonesoup-java.so:$SS_TC_DEPS/lib64/liblttng-ust-fork.so</environment_variable>
                </process>
                <process>
                    <script background="false" encoding="STRING" type="USE_TEXT">mkdir -p $SS_TC_DEPS/var/run/lttng</script>
                </process>
                <process>
                    <script background="false" encoding="STRING" type="USE_TEXT">$SS_TC_DEPS/bin/lttng create &amp;&amp; $SS_TC_DEPS/bin/lttng enable-event -u -a &amp;&amp; $SS_TC_DEPS/bin/lttng start</script>
                </process>
                <process>
                    <script background="false" encoding="STRING" type="USE_TEXT">rm -rf $SS_TC_ROOT/lockDir</script>
                </process>
            </pre_processes>
            <run_command encoding="STRING" preprend_runcommand="true" type="USE_TEXT">org.apache.lucene.demo.SearchFiles -query microfilm -index $SS_TC_ROOT/$SS_TC_DATA/good-05/index/</run_command>
            <post_processes scheme="SEQUENCE">
                <process>
                    <script background="false" encoding="STRING" input_id="lttng_output_dIA0UaHOGZ" type="USE_TEXT">$SS_TC_DEPS/bin/lttng stop &amp;&amp; $SS_TC_DEPS/bin/lttng view &amp;&amp; $SS_TC_DEPS/bin/lttng destroy</script>
                </process>
            </post_processes>
            <scoring_formula default="GOOD-05-Default">
                <formula name="GOOD-05-Default">GOOD-05 AND NOT TIMEOUT AND NOT CONTROLLED_EXIT</formula>
            </scoring_formula>
            <output_checks>
                <compare_check check_type="CONTAINS" name="GOOD-05">
                    <actual output_type="STANDARD_OUT"></actual>
                    <expected encoding="STRING" type="USE_FILE_CONTENTS">good-05/output.txt</expected>
                </compare_check>
                <simple_check check_type="SPECIAL" encoding="STRING" name="TIMEOUT" type="USE_TEXT">DOES_NOT_RETURN</simple_check>
                <simple_check check_type="SPECIAL" encoding="STRING" name="CONTROLLED_EXIT" type="USE_TEXT">CONTROLLED_EXIT</simple_check>
            </output_checks>
        </iopair>
        <iopair name="J-C774B-LUCE-09-ST02-DT03-DF07-CF16-01-GOOD-06" reset_scheme="NONE" timeout="300" type="GOOD">
            <description>search by facets
Environment variable defining number of files to create.
</description>
            <technical_impact>NONE</technical_impact>
            <pre_processes scheme="SEQUENCE">
                <process>
                    <script background="false" encoding="STRING" type="USE_TEXT">printf 'env UNDAZING_MILES;\n' | tee nginx_conf_env.txt</script>
                </process>
                <process>
                    <environment_variable encoding="STRING" key="UNDAZING_MILES" type="USE_TEXT">$SS_TC_ROOT/testData/rowley_insignificantly.bin</environment_variable>
                </process>
                <process>
                    <file encoding="STRING" path="$SS_TC_ROOT/testData/rowley_insignificantly.bin" type="USE_TEXT">2500</file>
                </process>
                <process>
                    <script background="false" encoding="STRING" type="USE_TEXT">mkdir $SS_TC_ROOT/logs/execute/lttng</script>
                </process>
                <process>
                    <environment_variable encoding="STRING" key="LTTNG_HOME" type="USE_TEXT">$SS_TC_ROOT/logs/execute/lttng</environment_variable>
                </process>
                <process>
                    <environment_variable encoding="STRING" key="SS_RUN_COMMAND_LD_PRELOAD" type="USE_TEXT">$SS_TC_DEPS/lib64/liblttng-stonesoup-java.so:$SS_TC_DEPS/lib64/liblttng-ust-fork.so</environment_variable>
                </process>
                <process>
                    <script background="false" encoding="STRING" type="USE_TEXT">mkdir -p $SS_TC_DEPS/var/run/lttng</script>
                </process>
                <process>
                    <script background="false" encoding="STRING" type="USE_TEXT">$SS_TC_DEPS/bin/lttng create &amp;&amp; $SS_TC_DEPS/bin/lttng enable-event -u -a &amp;&amp; $SS_TC_DEPS/bin/lttng start</script>
                </process>
                <process>
                    <script background="false" encoding="STRING" type="USE_TEXT">rm -rf $SS_TC_ROOT/lockDir</script>
                </process>
            </pre_processes>
            <run_command encoding="STRING" preprend_runcommand="true" type="USE_TEXT">org.apache.lucene.demo.facet.SimpleFacetsExample</run_command>
            <post_processes scheme="SEQUENCE">
                <process>
                    <script background="false" encoding="STRING" input_id="lttng_output_LmeCiOSFy6" type="USE_TEXT">$SS_TC_DEPS/bin/lttng stop &amp;&amp; $SS_TC_DEPS/bin/lttng view &amp;&amp; $SS_TC_DEPS/bin/lttng destroy</script>
                </process>
            </post_processes>
            <scoring_formula default="GOOD-06-Default">
                <formula name="GOOD-06-Default">GOOD-06 AND NOT TIMEOUT AND NOT CONTROLLED_EXIT</formula>
            </scoring_formula>
            <output_checks>
                <compare_check check_type="CONTAINS" name="GOOD-06">
                    <actual output_type="STANDARD_OUT"></actual>
                    <expected encoding="STRING" type="USE_FILE_CONTENTS">good-06/output.txt</expected>
                </compare_check>
                <simple_check check_type="SPECIAL" encoding="STRING" name="TIMEOUT" type="USE_TEXT">DOES_NOT_RETURN</simple_check>
                <simple_check check_type="SPECIAL" encoding="STRING" name="CONTROLLED_EXIT" type="USE_TEXT">CONTROLLED_EXIT</simple_check>
            </output_checks>
        </iopair>
        <iopair name="J-C774B-LUCE-09-ST02-DT03-DF07-CF16-01-GOOD-07" reset_scheme="NONE" timeout="300" type="GOOD">
            <description>search by facet association
Environment variable defining number of files to create.
</description>
            <technical_impact>NONE</technical_impact>
            <pre_processes scheme="SEQUENCE">
                <process>
                    <script background="false" encoding="STRING" type="USE_TEXT">printf 'env UNDAZING_MILES;\n' | tee nginx_conf_env.txt</script>
                </process>
                <process>
                    <environment_variable encoding="STRING" key="UNDAZING_MILES" type="USE_TEXT">$SS_TC_ROOT/testData/rowley_insignificantly.bin</environment_variable>
                </process>
                <process>
                    <file encoding="STRING" path="$SS_TC_ROOT/testData/rowley_insignificantly.bin" type="USE_TEXT">5</file>
                </process>
                <process>
                    <script background="false" encoding="STRING" type="USE_TEXT">mkdir $SS_TC_ROOT/logs/execute/lttng</script>
                </process>
                <process>
                    <environment_variable encoding="STRING" key="LTTNG_HOME" type="USE_TEXT">$SS_TC_ROOT/logs/execute/lttng</environment_variable>
                </process>
                <process>
                    <environment_variable encoding="STRING" key="SS_RUN_COMMAND_LD_PRELOAD" type="USE_TEXT">$SS_TC_DEPS/lib64/liblttng-stonesoup-java.so:$SS_TC_DEPS/lib64/liblttng-ust-fork.so</environment_variable>
                </process>
                <process>
                    <script background="false" encoding="STRING" type="USE_TEXT">mkdir -p $SS_TC_DEPS/var/run/lttng</script>
                </process>
                <process>
                    <script background="false" encoding="STRING" type="USE_TEXT">$SS_TC_DEPS/bin/lttng create &amp;&amp; $SS_TC_DEPS/bin/lttng enable-event -u -a &amp;&amp; $SS_TC_DEPS/bin/lttng start</script>
                </process>
                <process>
                    <script background="false" encoding="STRING" type="USE_TEXT">rm -rf $SS_TC_ROOT/lockDir</script>
                </process>
            </pre_processes>
            <run_command encoding="STRING" preprend_runcommand="true" type="USE_TEXT">org.apache.lucene.demo.facet.AssociationsFacetsExample</run_command>
            <post_processes scheme="SEQUENCE">
                <process>
                    <script background="false" encoding="STRING" input_id="lttng_output_l89SvpF2BU" type="USE_TEXT">$SS_TC_DEPS/bin/lttng stop &amp;&amp; $SS_TC_DEPS/bin/lttng view &amp;&amp; $SS_TC_DEPS/bin/lttng destroy</script>
                </process>
            </post_processes>
            <scoring_formula default="GOOD-07-Default">
                <formula name="GOOD-07-Default">GOOD-07 AND NOT TIMEOUT AND NOT CONTROLLED_EXIT</formula>
            </scoring_formula>
            <output_checks>
                <compare_check check_type="CONTAINS" name="GOOD-07">
                    <actual output_type="STANDARD_OUT"></actual>
                    <expected encoding="STRING" type="USE_FILE_CONTENTS">good-07/output.txt</expected>
                </compare_check>
                <simple_check check_type="SPECIAL" encoding="STRING" name="TIMEOUT" type="USE_TEXT">DOES_NOT_RETURN</simple_check>
                <simple_check check_type="SPECIAL" encoding="STRING" name="CONTROLLED_EXIT" type="USE_TEXT">CONTROLLED_EXIT</simple_check>
            </output_checks>
        </iopair>
        <iopair name="J-C774B-LUCE-09-ST02-DT03-DF07-CF16-01-GOOD-08" reset_scheme="NONE" timeout="300" type="GOOD">
            <description>index a large number of files
Environment variable defining number of files to create.
</description>
            <technical_impact>NONE</technical_impact>
            <pre_processes scheme="SEQUENCE">
                <process>
                    <script background="false" encoding="STRING" type="USE_TEXT">printf 'env UNDAZING_MILES;\n' | tee nginx_conf_env.txt</script>
                </process>
                <process>
                    <environment_variable encoding="STRING" key="UNDAZING_MILES" type="USE_TEXT">$SS_TC_ROOT/testData/rowley_insignificantly.bin</environment_variable>
                </process>
                <process>
                    <file encoding="STRING" path="$SS_TC_ROOT/testData/rowley_insignificantly.bin" type="USE_TEXT">678</file>
                </process>
                <process>
                    <script background="false" encoding="STRING" type="USE_TEXT">mkdir $SS_TC_ROOT/logs/execute/lttng</script>
                </process>
                <process>
                    <environment_variable encoding="STRING" key="LTTNG_HOME" type="USE_TEXT">$SS_TC_ROOT/logs/execute/lttng</environment_variable>
                </process>
                <process>
                    <environment_variable encoding="STRING" key="SS_RUN_COMMAND_LD_PRELOAD" type="USE_TEXT">$SS_TC_DEPS/lib64/liblttng-stonesoup-java.so:$SS_TC_DEPS/lib64/liblttng-ust-fork.so</environment_variable>
                </process>
                <process>
                    <script background="false" encoding="STRING" type="USE_TEXT">mkdir -p $SS_TC_DEPS/var/run/lttng</script>
                </process>
                <process>
                    <script background="false" encoding="STRING" type="USE_TEXT">$SS_TC_DEPS/bin/lttng create &amp;&amp; $SS_TC_DEPS/bin/lttng enable-event -u -a &amp;&amp; $SS_TC_DEPS/bin/lttng start</script>
                </process>
                <process>
                    <script background="false" encoding="STRING" type="USE_TEXT">rm -rf $SS_TC_ROOT/lockDir</script>
                </process>
            </pre_processes>
            <run_command encoding="STRING" preprend_runcommand="true" type="USE_TEXT">org.apache.lucene.demo.IndexFiles -index $SS_TC_ROOT/$SS_TC_DATA/good-08-index -docs $SS_TC_ROOT/$SS_TC_DATA/good-08/</run_command>
            <post_processes scheme="SEQUENCE">
                <process>
                    <script background="false" encoding="STRING" input_id="lttng_output_ZfJhNk18gn" type="USE_TEXT">$SS_TC_DEPS/bin/lttng stop &amp;&amp; $SS_TC_DEPS/bin/lttng view &amp;&amp; $SS_TC_DEPS/bin/lttng destroy</script>
                </process>
            </post_processes>
            <scoring_formula default="GOOD-08-Default">
                <formula name="GOOD-08-Default">GOOD-01 AND GOOD-02 AND GOOD-03 AND GOOD-04 AND NOT TIMEOUT AND NOT CONTROLLED_EXIT</formula>
            </scoring_formula>
            <output_checks>
                <simple_check check_type="SCRIPT" encoding="STRING" name="GOOD-01" type="USE_TEXT">
                    if [[ -a ../testData/good-08-index/_0.cfe ]]; then exit 0; else exit 1; fi;
                </simple_check>
                <simple_check check_type="SCRIPT" encoding="STRING" name="GOOD-02" type="USE_TEXT">
                    if [[ -a ../testData/good-08-index/_0.cfe ]]; then exit 0; else exit 1; fi;
                </simple_check>
                <compare_check check_type="CONTAINS" name="GOOD-03">
                    <actual output_type="FILE_CONTENTS">../testData/good-08-index/segments_1</actual>
                    <expected encoding="STRING" type="USE_FILE_CONTENTS">good-08/segments_1</expected>
                </compare_check>
                <compare_check check_type="CONTAINS" name="GOOD-04">
                    <actual output_type="FILE_CONTENTS">../testData/good-08-index/segments.gen</actual>
                    <expected encoding="STRING" type="USE_FILE_CONTENTS">good-08/segments.gen</expected>
                </compare_check>
                <simple_check check_type="SPECIAL" encoding="STRING" name="TIMEOUT" type="USE_TEXT">DOES_NOT_RETURN</simple_check>
                <simple_check check_type="SPECIAL" encoding="STRING" name="CONTROLLED_EXIT" type="USE_TEXT">CONTROLLED_EXIT</simple_check>
            </output_checks>
        </iopair>
        <iopair name="J-C774B-LUCE-09-ST02-DT03-DF07-CF16-01-GOOD-09" reset_scheme="NONE" timeout="300" type="GOOD">
            <description>search files using regular expression
Environment variable defining number of files to create.
</description>
            <technical_impact>NONE</technical_impact>
            <pre_processes scheme="SEQUENCE">
                <process>
                    <script background="false" encoding="STRING" type="USE_TEXT">printf 'env UNDAZING_MILES;\n' | tee nginx_conf_env.txt</script>
                </process>
                <process>
                    <environment_variable encoding="STRING" key="UNDAZING_MILES" type="USE_TEXT">$SS_TC_ROOT/testData/rowley_insignificantly.bin</environment_variable>
                </process>
                <process>
                    <file encoding="STRING" path="$SS_TC_ROOT/testData/rowley_insignificantly.bin" type="USE_TEXT">2500</file>
                </process>
                <process>
                    <script background="false" encoding="STRING" type="USE_TEXT">mkdir $SS_TC_ROOT/logs/execute/lttng</script>
                </process>
                <process>
                    <environment_variable encoding="STRING" key="LTTNG_HOME" type="USE_TEXT">$SS_TC_ROOT/logs/execute/lttng</environment_variable>
                </process>
                <process>
                    <environment_variable encoding="STRING" key="SS_RUN_COMMAND_LD_PRELOAD" type="USE_TEXT">$SS_TC_DEPS/lib64/liblttng-stonesoup-java.so:$SS_TC_DEPS/lib64/liblttng-ust-fork.so</environment_variable>
                </process>
                <process>
                    <script background="false" encoding="STRING" type="USE_TEXT">mkdir -p $SS_TC_DEPS/var/run/lttng</script>
                </process>
                <process>
                    <script background="false" encoding="STRING" type="USE_TEXT">$SS_TC_DEPS/bin/lttng create &amp;&amp; $SS_TC_DEPS/bin/lttng enable-event -u -a &amp;&amp; $SS_TC_DEPS/bin/lttng start</script>
                </process>
                <process>
                    <script background="false" encoding="STRING" type="USE_TEXT">rm -rf $SS_TC_ROOT/lockDir</script>
                </process>
            </pre_processes>
            <run_command encoding="STRING" preprend_runcommand="true" type="USE_TEXT">org.apache.lucene.demo.SearchFiles -query /\d\d\d/ -index $SS_TC_ROOT/$SS_TC_DATA/good-09/index/</run_command>
            <post_processes scheme="SEQUENCE">
                <process>
                    <script background="false" encoding="STRING" input_id="lttng_output_cFAhkhvu2T" type="USE_TEXT">$SS_TC_DEPS/bin/lttng stop &amp;&amp; $SS_TC_DEPS/bin/lttng view &amp;&amp; $SS_TC_DEPS/bin/lttng destroy</script>
                </process>
            </post_processes>
            <scoring_formula default="GOOD-09-Default">
                <formula name="GOOD-09-Default">GOOD-09 AND NOT TIMEOUT AND NOT CONTROLLED_EXIT</formula>
            </scoring_formula>
            <output_checks>
                <compare_check check_type="CONTAINS" name="GOOD-09">
                    <actual output_type="STANDARD_OUT"></actual>
                    <expected encoding="STRING" type="USE_FILE_CONTENTS">good-09/output.txt</expected>
                </compare_check>
                <simple_check check_type="SPECIAL" encoding="STRING" name="TIMEOUT" type="USE_TEXT">DOES_NOT_RETURN</simple_check>
                <simple_check check_type="SPECIAL" encoding="STRING" name="CONTROLLED_EXIT" type="USE_TEXT">CONTROLLED_EXIT</simple_check>
            </output_checks>
        </iopair>
        <iopair name="J-C774B-LUCE-09-ST02-DT03-DF07-CF16-01-GOOD-10" reset_scheme="NONE" timeout="300" type="GOOD">
            <description>search files using fuzzy searching
Environment variable defining number of files to create.
</description>
            <technical_impact>NONE</technical_impact>
            <pre_processes scheme="SEQUENCE">
                <process>
                    <script background="false" encoding="STRING" type="USE_TEXT">printf 'env UNDAZING_MILES;\n' | tee nginx_conf_env.txt</script>
                </process>
                <process>
                    <environment_variable encoding="STRING" key="UNDAZING_MILES" type="USE_TEXT">$SS_TC_ROOT/testData/rowley_insignificantly.bin</environment_variable>
                </process>
                <process>
                    <file encoding="STRING" path="$SS_TC_ROOT/testData/rowley_insignificantly.bin" type="USE_TEXT">5</file>
                </process>
                <process>
                    <script background="false" encoding="STRING" type="USE_TEXT">mkdir $SS_TC_ROOT/logs/execute/lttng</script>
                </process>
                <process>
                    <environment_variable encoding="STRING" key="LTTNG_HOME" type="USE_TEXT">$SS_TC_ROOT/logs/execute/lttng</environment_variable>
                </process>
                <process>
                    <environment_variable encoding="STRING" key="SS_RUN_COMMAND_LD_PRELOAD" type="USE_TEXT">$SS_TC_DEPS/lib64/liblttng-stonesoup-java.so:$SS_TC_DEPS/lib64/liblttng-ust-fork.so</environment_variable>
                </process>
                <process>
                    <script background="false" encoding="STRING" type="USE_TEXT">mkdir -p $SS_TC_DEPS/var/run/lttng</script>
                </process>
                <process>
                    <script background="false" encoding="STRING" type="USE_TEXT">$SS_TC_DEPS/bin/lttng create &amp;&amp; $SS_TC_DEPS/bin/lttng enable-event -u -a &amp;&amp; $SS_TC_DEPS/bin/lttng start</script>
                </process>
                <process>
                    <script background="false" encoding="STRING" type="USE_TEXT">rm -rf $SS_TC_ROOT/lockDir</script>
                </process>
            </pre_processes>
            <run_command encoding="STRING" preprend_runcommand="true" type="USE_TEXT">org.apache.lucene.demo.SearchFiles -query &quot;password~ OR pengui*&quot; -index $SS_TC_ROOT/$SS_TC_DATA/good-09/index/</run_command>
            <post_processes scheme="SEQUENCE">
                <process>
                    <script background="false" encoding="STRING" input_id="lttng_output_PymAJzKJZN" type="USE_TEXT">$SS_TC_DEPS/bin/lttng stop &amp;&amp; $SS_TC_DEPS/bin/lttng view &amp;&amp; $SS_TC_DEPS/bin/lttng destroy</script>
                </process>
            </post_processes>
            <scoring_formula default="GOOD-10-Default">
                <formula name="GOOD-10-Default">GOOD-10 AND NOT TIMEOUT AND NOT CONTROLLED_EXIT</formula>
            </scoring_formula>
            <output_checks>
                <compare_check check_type="CONTAINS" name="GOOD-10">
                    <actual output_type="STANDARD_OUT"></actual>
                    <expected encoding="STRING" type="USE_FILE_CONTENTS">good-10/output.txt</expected>
                </compare_check>
                <simple_check check_type="SPECIAL" encoding="STRING" name="TIMEOUT" type="USE_TEXT">DOES_NOT_RETURN</simple_check>
                <simple_check check_type="SPECIAL" encoding="STRING" name="CONTROLLED_EXIT" type="USE_TEXT">CONTROLLED_EXIT</simple_check>
            </output_checks>
        </iopair>
        <iopair name="J-C774B-LUCE-09-ST02-DT03-DF07-CF16-01-BAD-01" reset_scheme="NONE" timeout="300" type="BAD">
            <description>Environment variable defining number of files to create.
</description>
            <technical_impact>DOS_RESOURCE_CONSUMPTION</technical_impact>
            <pre_processes scheme="SEQUENCE">
                <process>
                    <script background="false" encoding="STRING" type="USE_TEXT">printf 'env UNDAZING_MILES;\n' | tee nginx_conf_env.txt</script>
                </process>
                <process>
                    <environment_variable encoding="STRING" key="UNDAZING_MILES" type="USE_TEXT">$SS_TC_ROOT/testData/rowley_insignificantly.bin</environment_variable>
                </process>
                <process>
                    <file encoding="STRING" path="$SS_TC_ROOT/testData/rowley_insignificantly.bin" type="USE_TEXT">20000</file>
                </process>
                <process>
                    <script background="false" encoding="STRING" type="USE_TEXT">mkdir $SS_TC_ROOT/logs/execute/lttng</script>
                </process>
                <process>
                    <environment_variable encoding="STRING" key="LTTNG_HOME" type="USE_TEXT">$SS_TC_ROOT/logs/execute/lttng</environment_variable>
                </process>
                <process>
                    <environment_variable encoding="STRING" key="SS_RUN_COMMAND_LD_PRELOAD" type="USE_TEXT">$SS_TC_DEPS/lib64/liblttng-stonesoup-java.so:$SS_TC_DEPS/lib64/liblttng-ust-fork.so</environment_variable>
                </process>
                <process>
                    <script background="false" encoding="STRING" type="USE_TEXT">mkdir -p $SS_TC_DEPS/var/run/lttng</script>
                </process>
                <process>
                    <script background="false" encoding="STRING" type="USE_TEXT">$SS_TC_DEPS/bin/lttng create &amp;&amp; $SS_TC_DEPS/bin/lttng enable-event -u -a &amp;&amp; $SS_TC_DEPS/bin/lttng start</script>
                </process>
                <process>
                    <script background="false" encoding="STRING" type="USE_TEXT">rm -rf $SS_TC_ROOT/lockDir</script>
                </process>
            </pre_processes>
            <run_command encoding="STRING" preprend_runcommand="true" type="USE_TEXT">org.apache.lucene.demo.facet.SimpleFacetsExample</run_command>
            <post_processes scheme="SEQUENCE">
                <process>
                    <script background="false" encoding="STRING" input_id="lttng_output_h3uLvuKo4e9by9gNIIhR" type="USE_TEXT">$SS_TC_DEPS/bin/lttng stop &amp;&amp; $SS_TC_DEPS/bin/lttng view &amp;&amp; $SS_TC_DEPS/bin/lttng destroy</script>
                </process>
                <process>
                    <script background="false" encoding="STRING" input_id="log_fail_check_b2C5js5hId" type="USE_TEXT">if (( $(pcregrep -Mc &quot;Failed to create new file, moving on\.\n\d+&quot; &quot;logfile.txt&quot;) &gt; 0 )); then echo &quot;FAILED&quot;; else echo &quot;OK&quot;; fi;</script>
                </process>
                <process>
                    <script background="false" encoding="STRING" input_id="logfile_cleanup_pattern_occurrences_CClNbytqeG" type="USE_TEXT">printf &quot;Cleanup pattern repeated $(pcregrep -Mc &quot;&quot;&quot;Failed to create new file, moving on\.\n\d+&quot;&quot;&quot; &quot;logfile.txt&quot;) times\n&quot;</script>
                </process>
                <process>
                    <script background="false" encoding="STRING" input_id="logfile_cleanup_IYgzxoXoxP" type="USE_TEXT">SS_TC_TEMPFILE=&quot;$(mktemp)&quot; &amp;&amp; pcregrep -Mv &quot;Failed to create new file, moving on\.\n\d+&quot; &quot;logfile.txt&quot; &gt; &quot;$SS_TC_TEMPFILE&quot; &amp;&amp; rm &quot;logfile.txt&quot; &amp;&amp; mv &quot;$SS_TC_TEMPFILE&quot; &quot;logfile.txt&quot; &amp;&amp; printf &quot;Cleaned pattern from logfile.\n&quot;</script>
                </process>
            </post_processes>
            <scoring_formula default="file_handles_error_formula_2qPlNvSPiD">
                <formula name="file_handles_error_formula_2qPlNvSPiD">weakness_started_sQlMCui6Blk8SLDGKgda AND ((NOT PERFORMER AND (failed_to_create_file_GaC5dJeXEZ) AND NOT timeout_eFUUXFQImK) or (PERFORMER AND NOT ((failed_to_create_file_GaC5dJeXEZ) OR timeout_eFUUXFQImK)))</formula>
                <formula name="no_weakness_started_formula_qdYk2rvJM5">(NOT PERFORMER AND (failed_to_create_file_GaC5dJeXEZ) AND NOT timeout_eFUUXFQImK) or (PERFORMER AND NOT ((failed_to_create_file_GaC5dJeXEZ) OR timeout_eFUUXFQImK))</formula>
            </scoring_formula>
            <output_checks>
                <simple_check check_type="SPECIAL" encoding="STRING" name="timeout_eFUUXFQImK" type="USE_TEXT">DOES_NOT_RETURN</simple_check>
                <simple_check check_type="SPECIAL" encoding="STRING" name="controlled_exit_WuieMqcxpK" type="USE_TEXT">CONTROLLED_EXIT</simple_check>
                <simple_check check_type="SPECIAL" encoding="STRING" name="continued_execution_aKReU5oag0" type="USE_TEXT">CONTINUED_EXECUTION</simple_check>
                <compare_check check_type="CONTAINS" name="failed_to_create_file_GaC5dJeXEZ">
                    <actual encoding="STRING" input_id_ref="log_fail_check_b2C5js5hId" output_type="STANDARD_OUT">None</actual>
                    <expected encoding="STRING" type="USE_TEXT">FAILED</expected>
                </compare_check>
                <compare_check check_type="CONTAINS" name="weakness_started_sQlMCui6Blk8SLDGKgda">
                    <actual encoding="STRING" input_id_ref="lttng_output_h3uLvuKo4e9by9gNIIhR" output_type="STANDARD_OUT">None</actual>
                    <expected encoding="STRING" type="USE_TEXT">stonesoup_trace:weakness_start</expected>
                </compare_check>
            </output_checks>
        </iopair>
        <iopair name="J-C774B-LUCE-09-ST02-DT03-DF07-CF16-01-BAD-02" reset_scheme="NONE" timeout="300" type="BAD">
            <description>Environment variable defining number of files to create.
</description>
            <technical_impact>DOS_RESOURCE_CONSUMPTION</technical_impact>
            <pre_processes scheme="SEQUENCE">
                <process>
                    <script background="false" encoding="STRING" type="USE_TEXT">printf 'env UNDAZING_MILES;\n' | tee nginx_conf_env.txt</script>
                </process>
                <process>
                    <environment_variable encoding="STRING" key="UNDAZING_MILES" type="USE_TEXT">$SS_TC_ROOT/testData/rowley_insignificantly.bin</environment_variable>
                </process>
                <process>
                    <file encoding="STRING" path="$SS_TC_ROOT/testData/rowley_insignificantly.bin" type="USE_TEXT">30000</file>
                </process>
                <process>
                    <script background="false" encoding="STRING" type="USE_TEXT">mkdir $SS_TC_ROOT/logs/execute/lttng</script>
                </process>
                <process>
                    <environment_variable encoding="STRING" key="LTTNG_HOME" type="USE_TEXT">$SS_TC_ROOT/logs/execute/lttng</environment_variable>
                </process>
                <process>
                    <environment_variable encoding="STRING" key="SS_RUN_COMMAND_LD_PRELOAD" type="USE_TEXT">$SS_TC_DEPS/lib64/liblttng-stonesoup-java.so:$SS_TC_DEPS/lib64/liblttng-ust-fork.so</environment_variable>
                </process>
                <process>
                    <script background="false" encoding="STRING" type="USE_TEXT">mkdir -p $SS_TC_DEPS/var/run/lttng</script>
                </process>
                <process>
                    <script background="false" encoding="STRING" type="USE_TEXT">$SS_TC_DEPS/bin/lttng create &amp;&amp; $SS_TC_DEPS/bin/lttng enable-event -u -a &amp;&amp; $SS_TC_DEPS/bin/lttng start</script>
                </process>
                <process>
                    <script background="false" encoding="STRING" type="USE_TEXT">rm -rf $SS_TC_ROOT/lockDir</script>
                </process>
            </pre_processes>
            <run_command encoding="STRING" preprend_runcommand="true" type="USE_TEXT">org.apache.lucene.demo.facet.SimpleFacetsExample</run_command>
            <post_processes scheme="SEQUENCE">
                <process>
                    <script background="false" encoding="STRING" input_id="lttng_output_lIJ44TH2IFbDNmHaF7T4" type="USE_TEXT">$SS_TC_DEPS/bin/lttng stop &amp;&amp; $SS_TC_DEPS/bin/lttng view &amp;&amp; $SS_TC_DEPS/bin/lttng destroy</script>
                </process>
                <process>
                    <script background="false" encoding="STRING" input_id="log_fail_check_3ysRYjoOmI" type="USE_TEXT">if (( $(pcregrep -Mc &quot;Failed to create new file, moving on\.\n\d+&quot; &quot;logfile.txt&quot;) &gt; 0 )); then echo &quot;FAILED&quot;; else echo &quot;OK&quot;; fi;</script>
                </process>
                <process>
                    <script background="false" encoding="STRING" input_id="logfile_cleanup_pattern_occurrences_ftM9rjHmhd" type="USE_TEXT">printf &quot;Cleanup pattern repeated $(pcregrep -Mc &quot;&quot;&quot;Failed to create new file, moving on\.\n\d+&quot;&quot;&quot; &quot;logfile.txt&quot;) times\n&quot;</script>
                </process>
                <process>
                    <script background="false" encoding="STRING" input_id="logfile_cleanup_beQZsWEBVl" type="USE_TEXT">SS_TC_TEMPFILE=&quot;$(mktemp)&quot; &amp;&amp; pcregrep -Mv &quot;Failed to create new file, moving on\.\n\d+&quot; &quot;logfile.txt&quot; &gt; &quot;$SS_TC_TEMPFILE&quot; &amp;&amp; rm &quot;logfile.txt&quot; &amp;&amp; mv &quot;$SS_TC_TEMPFILE&quot; &quot;logfile.txt&quot; &amp;&amp; printf &quot;Cleaned pattern from logfile.\n&quot;</script>
                </process>
            </post_processes>
            <scoring_formula default="file_handles_error_formula_4vlamZp281">
                <formula name="file_handles_error_formula_4vlamZp281">weakness_started_lRrthYCGTDzeyiVB7Imf AND ((NOT PERFORMER AND (failed_to_create_file_yVkDHrkMWz) AND NOT timeout_iOg4t0agTs) or (PERFORMER AND NOT ((failed_to_create_file_yVkDHrkMWz) OR timeout_iOg4t0agTs)))</formula>
                <formula name="no_weakness_started_formula_ZfSVVg5gbt">(NOT PERFORMER AND (failed_to_create_file_yVkDHrkMWz) AND NOT timeout_iOg4t0agTs) or (PERFORMER AND NOT ((failed_to_create_file_yVkDHrkMWz) OR timeout_iOg4t0agTs))</formula>
            </scoring_formula>
            <output_checks>
                <simple_check check_type="SPECIAL" encoding="STRING" name="timeout_iOg4t0agTs" type="USE_TEXT">DOES_NOT_RETURN</simple_check>
                <simple_check check_type="SPECIAL" encoding="STRING" name="controlled_exit_1GKetkwitq" type="USE_TEXT">CONTROLLED_EXIT</simple_check>
                <simple_check check_type="SPECIAL" encoding="STRING" name="continued_execution_o5Bu5fVGdX" type="USE_TEXT">CONTINUED_EXECUTION</simple_check>
                <compare_check check_type="CONTAINS" name="failed_to_create_file_yVkDHrkMWz">
                    <actual encoding="STRING" input_id_ref="log_fail_check_3ysRYjoOmI" output_type="STANDARD_OUT">None</actual>
                    <expected encoding="STRING" type="USE_TEXT">FAILED</expected>
                </compare_check>
                <compare_check check_type="CONTAINS" name="weakness_started_lRrthYCGTDzeyiVB7Imf">
                    <actual encoding="STRING" input_id_ref="lttng_output_lIJ44TH2IFbDNmHaF7T4" output_type="STANDARD_OUT">None</actual>
                    <expected encoding="STRING" type="USE_TEXT">stonesoup_trace:weakness_start</expected>
                </compare_check>
            </output_checks>
        </iopair>
    </iopairs>
</project>
