<?xml version="1.0" encoding="utf-8"?>
<project base_program="C-GIMP" language="C" name="C-C129A-GIMP-01-ST01-DT02-DF17-CF19-01" targeted_architecture="ANY" targeted_os="LINUX" test_case_type="ALL" xmlns="urn:stonesoup:project">
    <description>Creating test case using base program.
Added an environment variable read to the function definition.
Completed injection.
</description>
    <additional_information>
        <keyvalue key="algorithmic_variant_name">UNSPECIFIED</keyvalue>
        <keyvalue key="root_cause">UNSPECIFIED</keyvalue>
    </additional_information>
    <structure install="install" iodata="testData" scoredata="testOutput" scripts="scripts" source="src"/>
    <run_command>$SS_TC_ROOT/$SS_TC_INSTALL/bin/gimp $SS_TC_ROOT/testData/input.jpg</run_command>
    <weakness generation_method="FAULT_INJECTED">
        <variant cwe="CWE-129" name="CWE-129-A"/>
        <features>
            <taint_source file_name="/app/core/gimpcontext.c" line_number="0" type="ENVIRONMENT_VARIABLE">
                <method name="gimp_context_dispose"/>
            </taint_source>
            <data_type file_name="/app/core/gimpcontext.c" line_number="0" type="SIMPLE">
                <method name="gimp_context_dispose"/>
            </data_type>
            <data_flow file_name="/app/core/gimpcontext.c" line_number="0" type="BUFFER_ADDRESS_ARRAY_INDEX">
                <method name="gimp_context_dispose"/>
            </data_flow>
            <control_flow file_name="/app/core/gimpcontext.c" line_number="0" type="RECURSIVE">
                <method name="gimp_context_dispose"/>
            </control_flow>
        </features>
    </weakness>
    <build_commands cppflags="-DSTONESOUP_TRACE=1" libs="-ldl">
        <command>env</command>
        <command>./configure --prefix=&quot;$SS_TC_ROOT/$SS_TC_INSTALL&quot; --disable-alsatest --without-libmng --without-libexif --without-aa --without-librsvg --without-poppler --without-gvfs --without-libjasper --with-lcms --without-alsa --disable-python</command>
        <command>make V=1 CC=&quot;$SS_CC&quot;</command>
        <command>make install V=1</command>
    </build_commands>
    <iopairs>
        <iopair name="C-C129A-GIMP-01-ST01-DT02-DF17-CF19-01-GOOD-01" reset_scheme="NONE" timeout="480" type="GOOD">
            <description>Open saved jpg file
Good input:1) environment variable contains only alphanumeric charactersBad input:1) environment variable contains * or -.  + causes infinte loop

</description>
            <technical_impact>NONE</technical_impact>
            <pre_processes scheme="SEQUENCE">
                <process>
                    <script background="false" encoding="STRING" type="USE_TEXT">printf 'env ORATORIOS_LONGANIMOUS;\n' | tee nginx_conf_env.txt</script>
                </process>
                <process delay_after="0" delay_before="0">
                    <script background="false" encoding="STRING" type="USE_TEXT">$SS_TC_ROOT/scripts/restart_dm.sh</script>
                </process>
                <process>
                    <environment_variable encoding="STRING" key="ORATORIOS_LONGANIMOUS" type="USE_TEXT">exampleofgoodinput</environment_variable>
                </process>
                <process>
                    <script background="false" encoding="STRING" type="USE_TEXT">mkdir $SS_TC_ROOT/logs/execute/lttng</script>
                </process>
                <process>
                    <environment_variable encoding="STRING" key="LTTNG_HOME" type="USE_TEXT">$SS_TC_ROOT/logs/execute/lttng</environment_variable>
                </process>
                <process>
                    <environment_variable encoding="STRING" key="SS_RUN_COMMAND_LD_PRELOAD" type="USE_TEXT">$SS_TC_DEPS/lib64/liblttng-stonesoup-c.so:$SS_TC_DEPS/lib64/liblttng-ust-fork.so</environment_variable>
                </process>
                <process>
                    <script background="false" encoding="STRING" type="USE_TEXT">mkdir -p $SS_TC_DEPS/var/run/lttng</script>
                </process>
                <process>
                    <script background="false" encoding="STRING" type="USE_TEXT">$SS_TC_DEPS/bin/lttng create &amp;&amp; $SS_TC_DEPS/bin/lttng enable-event -u -a &amp;&amp; $SS_TC_DEPS/bin/lttng start</script>
                </process>
                <process>
                    <script background="false" encoding="STRING" type="USE_TEXT">rm -rf $SS_TC_ROOT/lockDir</script>
                </process>
                <process>
                    <environment_variable encoding="STRING" key="MALLOC_CHECK_" type="USE_TEXT">0</environment_variable>
                </process>
            </pre_processes>
            <run_command encoding="STRING" preprend_runcommand="true" type="USE_TEXT"></run_command>
            <co_processes scheme="PARALLEL">
                <process_group scheme="SEQUENCE">
                    <process delay_after="0" delay_before="0">
                        <script background="false" encoding="STRING" input_id="SIKULI-GOOD-01" type="USE_TEXT">$SS_TC_DEPS/bin/run-sikuli.sh &quot;$SS_TC_ROOT/testData/good-01/GIMP-GOOD-01.sikuli --args $SS_USER_DELAY&quot;
                    </script>
                    </process>
                </process_group>
                <process_group scheme="SEQUENCE"/>
            </co_processes>
            <post_processes scheme="SEQUENCE">
                <process delay_after="0" delay_before="0">
                    <script background="false" encoding="STRING" type="USE_TEXT">rm -rf /root/.gimp-2.8/</script>
                </process>
                <process>
                    <script background="false" encoding="STRING" input_id="lttng_output_yZtinS2Dam" type="USE_TEXT">$SS_TC_DEPS/bin/lttng stop &amp;&amp; $SS_TC_DEPS/bin/lttng view &amp;&amp; $SS_TC_DEPS/bin/lttng destroy</script>
                </process>
            </post_processes>
            <scoring_formula default="GOOD-01-Default">
                <formula name="GOOD-01-Default">GOOD-01 AND NOT TIMEOUT AND NOT CONTROLLED_EXIT</formula>
            </scoring_formula>
            <output_checks>
                <compare_check check_type="CONTAINS" name="GOOD-01">
                    <actual encoding="STRING" input_id_ref="SIKULI-GOOD-01" output_type="STANDARD_OUT"></actual>
                    <expected encoding="STRING" type="USE_TEXT">input image opened.</expected>
                </compare_check>
                <simple_check check_type="SPECIAL" encoding="STRING" name="TIMEOUT" type="USE_TEXT">DOES_NOT_RETURN</simple_check>
                <simple_check check_type="SPECIAL" encoding="STRING" name="CONTROLLED_EXIT" type="USE_TEXT">CONTROLLED_EXIT</simple_check>
            </output_checks>
        </iopair>
        <iopair name="C-C129A-GIMP-01-ST01-DT02-DF17-CF19-01-GOOD-02" reset_scheme="NONE" timeout="480" type="GOOD">
            <description>color invert an image
Good input:1) environment variable contains only alphanumeric charactersBad input:1) environment variable contains * or -.  + causes infinte loop

</description>
            <technical_impact>NONE</technical_impact>
            <pre_processes scheme="SEQUENCE">
                <process>
                    <script background="false" encoding="STRING" type="USE_TEXT">printf 'env ORATORIOS_LONGANIMOUS;\n' | tee nginx_conf_env.txt</script>
                </process>
                <process delay_after="0" delay_before="0">
                    <script background="false" encoding="STRING" type="USE_TEXT">$SS_TC_ROOT/scripts/restart_dm.sh</script>
                </process>
                <process>
                    <environment_variable encoding="STRING" key="ORATORIOS_LONGANIMOUS" type="USE_TEXT">abcd12345ABCDE</environment_variable>
                </process>
                <process>
                    <script background="false" encoding="STRING" type="USE_TEXT">mkdir $SS_TC_ROOT/logs/execute/lttng</script>
                </process>
                <process>
                    <environment_variable encoding="STRING" key="LTTNG_HOME" type="USE_TEXT">$SS_TC_ROOT/logs/execute/lttng</environment_variable>
                </process>
                <process>
                    <environment_variable encoding="STRING" key="SS_RUN_COMMAND_LD_PRELOAD" type="USE_TEXT">$SS_TC_DEPS/lib64/liblttng-stonesoup-c.so:$SS_TC_DEPS/lib64/liblttng-ust-fork.so</environment_variable>
                </process>
                <process>
                    <script background="false" encoding="STRING" type="USE_TEXT">mkdir -p $SS_TC_DEPS/var/run/lttng</script>
                </process>
                <process>
                    <script background="false" encoding="STRING" type="USE_TEXT">$SS_TC_DEPS/bin/lttng create &amp;&amp; $SS_TC_DEPS/bin/lttng enable-event -u -a &amp;&amp; $SS_TC_DEPS/bin/lttng start</script>
                </process>
                <process>
                    <script background="false" encoding="STRING" type="USE_TEXT">rm -rf $SS_TC_ROOT/lockDir</script>
                </process>
                <process>
                    <environment_variable encoding="STRING" key="MALLOC_CHECK_" type="USE_TEXT">0</environment_variable>
                </process>
            </pre_processes>
            <run_command encoding="STRING" preprend_runcommand="true" type="USE_TEXT"></run_command>
            <co_processes scheme="PARALLEL">
                <process_group scheme="SEQUENCE">
                    <process delay_after="0" delay_before="0">
                        <script background="false" encoding="STRING" input_id="SIKULI-GOOD-02" type="USE_TEXT">$SS_TC_DEPS/bin/run-sikuli.sh &quot;$SS_TC_ROOT/testData/good-02/GIMP-GOOD-02.sikuli --args $SS_USER_DELAY&quot;
                    </script>
                    </process>
                </process_group>
                <process_group scheme="SEQUENCE"/>
            </co_processes>
            <post_processes scheme="SEQUENCE">
                <process delay_after="0" delay_before="0">
                    <script background="false" encoding="STRING" type="USE_TEXT">rm -rf /root/.gimp-2.8/</script>
                </process>
                <process>
                    <script background="false" encoding="STRING" input_id="lttng_output_AZGcvkZlqt" type="USE_TEXT">$SS_TC_DEPS/bin/lttng stop &amp;&amp; $SS_TC_DEPS/bin/lttng view &amp;&amp; $SS_TC_DEPS/bin/lttng destroy</script>
                </process>
            </post_processes>
            <scoring_formula default="GOOD-02-Default">
                <formula name="GOOD-02-Default">GOOD-02 AND NOT TIMEOUT AND NOT CONTROLLED_EXIT</formula>
            </scoring_formula>
            <output_checks>
                <compare_check check_type="CONTAINS" name="GOOD-02">
                    <actual encoding="STRING" input_id_ref="SIKULI-GOOD-02" output_type="STANDARD_OUT"></actual>
                    <expected encoding="STRING" type="USE_TEXT">image colors inverted</expected>
                </compare_check>
                <simple_check check_type="SPECIAL" encoding="STRING" name="TIMEOUT" type="USE_TEXT">DOES_NOT_RETURN</simple_check>
                <simple_check check_type="SPECIAL" encoding="STRING" name="CONTROLLED_EXIT" type="USE_TEXT">CONTROLLED_EXIT</simple_check>
            </output_checks>
        </iopair>
        <iopair name="C-C129A-GIMP-01-ST01-DT02-DF17-CF19-01-GOOD-03" reset_scheme="NONE" timeout="480" type="GOOD">
            <description>create a layer, fill with black, use divde layer mode
Good input:1) environment variable contains only alphanumeric charactersBad input:1) environment variable contains * or -.  + causes infinte loop

</description>
            <technical_impact>NONE</technical_impact>
            <pre_processes scheme="SEQUENCE">
                <process>
                    <script background="false" encoding="STRING" type="USE_TEXT">printf 'env ORATORIOS_LONGANIMOUS;\n' | tee nginx_conf_env.txt</script>
                </process>
                <process delay_after="0" delay_before="0">
                    <script background="false" encoding="STRING" type="USE_TEXT">$SS_TC_ROOT/scripts/restart_dm.sh</script>
                </process>
                <process>
                    <environment_variable encoding="STRING" key="ORATORIOS_LONGANIMOUS" type="USE_TEXT">R0G3RR4881T</environment_variable>
                </process>
                <process>
                    <script background="false" encoding="STRING" type="USE_TEXT">mkdir $SS_TC_ROOT/logs/execute/lttng</script>
                </process>
                <process>
                    <environment_variable encoding="STRING" key="LTTNG_HOME" type="USE_TEXT">$SS_TC_ROOT/logs/execute/lttng</environment_variable>
                </process>
                <process>
                    <environment_variable encoding="STRING" key="SS_RUN_COMMAND_LD_PRELOAD" type="USE_TEXT">$SS_TC_DEPS/lib64/liblttng-stonesoup-c.so:$SS_TC_DEPS/lib64/liblttng-ust-fork.so</environment_variable>
                </process>
                <process>
                    <script background="false" encoding="STRING" type="USE_TEXT">mkdir -p $SS_TC_DEPS/var/run/lttng</script>
                </process>
                <process>
                    <script background="false" encoding="STRING" type="USE_TEXT">$SS_TC_DEPS/bin/lttng create &amp;&amp; $SS_TC_DEPS/bin/lttng enable-event -u -a &amp;&amp; $SS_TC_DEPS/bin/lttng start</script>
                </process>
                <process>
                    <script background="false" encoding="STRING" type="USE_TEXT">rm -rf $SS_TC_ROOT/lockDir</script>
                </process>
                <process>
                    <environment_variable encoding="STRING" key="MALLOC_CHECK_" type="USE_TEXT">0</environment_variable>
                </process>
            </pre_processes>
            <run_command encoding="STRING" preprend_runcommand="true" type="USE_TEXT"></run_command>
            <co_processes scheme="PARALLEL">
                <process_group scheme="SEQUENCE">
                    <process delay_after="0" delay_before="0">
                        <script background="false" encoding="STRING" input_id="SIKULI-GOOD-03" type="USE_TEXT">$SS_TC_DEPS/bin/run-sikuli.sh &quot;$SS_TC_ROOT/testData/good-03/GIMP-GOOD-03.sikuli --args $SS_USER_DELAY&quot;
                    </script>
                    </process>
                </process_group>
                <process_group scheme="SEQUENCE"/>
            </co_processes>
            <post_processes scheme="SEQUENCE">
                <process delay_after="0" delay_before="0">
                    <script background="false" encoding="STRING" type="USE_TEXT">rm -rf /root/.gimp-2.8/</script>
                </process>
                <process>
                    <script background="false" encoding="STRING" input_id="lttng_output_1TZXZHNTSl" type="USE_TEXT">$SS_TC_DEPS/bin/lttng stop &amp;&amp; $SS_TC_DEPS/bin/lttng view &amp;&amp; $SS_TC_DEPS/bin/lttng destroy</script>
                </process>
            </post_processes>
            <scoring_formula default="GOOD-03-Default">
                <formula name="GOOD-03-Default">GOOD-03 AND NOT TIMEOUT AND NOT CONTROLLED_EXIT</formula>
            </scoring_formula>
            <output_checks>
                <compare_check check_type="CONTAINS" name="GOOD-03">
                    <actual encoding="STRING" input_id_ref="SIKULI-GOOD-03" output_type="STANDARD_OUT"></actual>
                    <expected encoding="STRING" type="USE_TEXT">Layer created, and layer mode changed.</expected>
                </compare_check>
                <simple_check check_type="SPECIAL" encoding="STRING" name="TIMEOUT" type="USE_TEXT">DOES_NOT_RETURN</simple_check>
                <simple_check check_type="SPECIAL" encoding="STRING" name="CONTROLLED_EXIT" type="USE_TEXT">CONTROLLED_EXIT</simple_check>
            </output_checks>
        </iopair>
        <iopair name="C-C129A-GIMP-01-ST01-DT02-DF17-CF19-01-GOOD-04" reset_scheme="NONE" timeout="480" type="GOOD">
            <description>view color histogram of image
Good input:1) environment variable contains only alphanumeric charactersBad input:1) environment variable contains * or -.  + causes infinte loop

</description>
            <technical_impact>NONE</technical_impact>
            <pre_processes scheme="SEQUENCE">
                <process>
                    <script background="false" encoding="STRING" type="USE_TEXT">printf 'env ORATORIOS_LONGANIMOUS;\n' | tee nginx_conf_env.txt</script>
                </process>
                <process delay_after="0" delay_before="0">
                    <script background="false" encoding="STRING" type="USE_TEXT">$SS_TC_ROOT/scripts/restart_dm.sh</script>
                </process>
                <process>
                    <environment_variable encoding="STRING" key="ORATORIOS_LONGANIMOUS" type="USE_TEXT">exampleofgoodinput</environment_variable>
                </process>
                <process>
                    <script background="false" encoding="STRING" type="USE_TEXT">mkdir $SS_TC_ROOT/logs/execute/lttng</script>
                </process>
                <process>
                    <environment_variable encoding="STRING" key="LTTNG_HOME" type="USE_TEXT">$SS_TC_ROOT/logs/execute/lttng</environment_variable>
                </process>
                <process>
                    <environment_variable encoding="STRING" key="SS_RUN_COMMAND_LD_PRELOAD" type="USE_TEXT">$SS_TC_DEPS/lib64/liblttng-stonesoup-c.so:$SS_TC_DEPS/lib64/liblttng-ust-fork.so</environment_variable>
                </process>
                <process>
                    <script background="false" encoding="STRING" type="USE_TEXT">mkdir -p $SS_TC_DEPS/var/run/lttng</script>
                </process>
                <process>
                    <script background="false" encoding="STRING" type="USE_TEXT">$SS_TC_DEPS/bin/lttng create &amp;&amp; $SS_TC_DEPS/bin/lttng enable-event -u -a &amp;&amp; $SS_TC_DEPS/bin/lttng start</script>
                </process>
                <process>
                    <script background="false" encoding="STRING" type="USE_TEXT">rm -rf $SS_TC_ROOT/lockDir</script>
                </process>
                <process>
                    <environment_variable encoding="STRING" key="MALLOC_CHECK_" type="USE_TEXT">0</environment_variable>
                </process>
            </pre_processes>
            <run_command encoding="STRING" preprend_runcommand="true" type="USE_TEXT"></run_command>
            <co_processes scheme="PARALLEL">
                <process_group scheme="SEQUENCE">
                    <process delay_after="0" delay_before="0">
                        <script background="false" encoding="STRING" input_id="SIKULI-GOOD-04" type="USE_TEXT">$SS_TC_DEPS/bin/run-sikuli.sh &quot;$SS_TC_ROOT/testData/good-04/GIMP-GOOD-04.sikuli --args $SS_USER_DELAY&quot;
                    </script>
                    </process>
                </process_group>
                <process_group scheme="SEQUENCE"/>
            </co_processes>
            <post_processes scheme="SEQUENCE">
                <process delay_after="0" delay_before="0">
                    <script background="false" encoding="STRING" type="USE_TEXT">rm -rf /root/.gimp-2.8/</script>
                </process>
                <process>
                    <script background="false" encoding="STRING" input_id="lttng_output_i0OuwRAJFB" type="USE_TEXT">$SS_TC_DEPS/bin/lttng stop &amp;&amp; $SS_TC_DEPS/bin/lttng view &amp;&amp; $SS_TC_DEPS/bin/lttng destroy</script>
                </process>
            </post_processes>
            <scoring_formula default="GOOD-04-Default">
                <formula name="GOOD-04-Default">GOOD-04 AND NOT TIMEOUT AND NOT CONTROLLED_EXIT</formula>
            </scoring_formula>
            <output_checks>
                <compare_check check_type="CONTAINS" name="GOOD-04">
                    <actual encoding="STRING" input_id_ref="SIKULI-GOOD-04" output_type="STANDARD_OUT"></actual>
                    <expected encoding="STRING" type="USE_TEXT">Histogram of image generated.</expected>
                </compare_check>
                <simple_check check_type="SPECIAL" encoding="STRING" name="TIMEOUT" type="USE_TEXT">DOES_NOT_RETURN</simple_check>
                <simple_check check_type="SPECIAL" encoding="STRING" name="CONTROLLED_EXIT" type="USE_TEXT">CONTROLLED_EXIT</simple_check>
            </output_checks>
        </iopair>
        <iopair name="C-C129A-GIMP-01-ST01-DT02-DF17-CF19-01-GOOD-05" reset_scheme="NONE" timeout="480" type="GOOD">
            <description>add supernova filter
Good input:1) environment variable contains only alphanumeric charactersBad input:1) environment variable contains * or -.  + causes infinte loop

</description>
            <technical_impact>NONE</technical_impact>
            <pre_processes scheme="SEQUENCE">
                <process>
                    <script background="false" encoding="STRING" type="USE_TEXT">printf 'env ORATORIOS_LONGANIMOUS;\n' | tee nginx_conf_env.txt</script>
                </process>
                <process delay_after="0" delay_before="0">
                    <script background="false" encoding="STRING" type="USE_TEXT">$SS_TC_ROOT/scripts/restart_dm.sh</script>
                </process>
                <process>
                    <environment_variable encoding="STRING" key="ORATORIOS_LONGANIMOUS" type="USE_TEXT">abcd12345ABCDE</environment_variable>
                </process>
                <process>
                    <script background="false" encoding="STRING" type="USE_TEXT">mkdir $SS_TC_ROOT/logs/execute/lttng</script>
                </process>
                <process>
                    <environment_variable encoding="STRING" key="LTTNG_HOME" type="USE_TEXT">$SS_TC_ROOT/logs/execute/lttng</environment_variable>
                </process>
                <process>
                    <environment_variable encoding="STRING" key="SS_RUN_COMMAND_LD_PRELOAD" type="USE_TEXT">$SS_TC_DEPS/lib64/liblttng-stonesoup-c.so:$SS_TC_DEPS/lib64/liblttng-ust-fork.so</environment_variable>
                </process>
                <process>
                    <script background="false" encoding="STRING" type="USE_TEXT">mkdir -p $SS_TC_DEPS/var/run/lttng</script>
                </process>
                <process>
                    <script background="false" encoding="STRING" type="USE_TEXT">$SS_TC_DEPS/bin/lttng create &amp;&amp; $SS_TC_DEPS/bin/lttng enable-event -u -a &amp;&amp; $SS_TC_DEPS/bin/lttng start</script>
                </process>
                <process>
                    <script background="false" encoding="STRING" type="USE_TEXT">rm -rf $SS_TC_ROOT/lockDir</script>
                </process>
                <process>
                    <environment_variable encoding="STRING" key="MALLOC_CHECK_" type="USE_TEXT">0</environment_variable>
                </process>
            </pre_processes>
            <run_command encoding="STRING" preprend_runcommand="true" type="USE_TEXT"></run_command>
            <co_processes scheme="PARALLEL">
                <process_group scheme="SEQUENCE">
                    <process delay_after="0" delay_before="0">
                        <script background="false" encoding="STRING" input_id="SIKULI-GOOD-05" type="USE_TEXT">$SS_TC_DEPS/bin/run-sikuli.sh &quot;$SS_TC_ROOT/testData/good-05/GIMP-GOOD-05.sikuli --args $SS_USER_DELAY&quot;
                    </script>
                    </process>
                </process_group>
                <process_group scheme="SEQUENCE"/>
            </co_processes>
            <post_processes scheme="SEQUENCE">
                <process delay_after="0" delay_before="0">
                    <script background="false" encoding="STRING" type="USE_TEXT">rm -rf /root/.gimp-2.8/</script>
                </process>
                <process>
                    <script background="false" encoding="STRING" input_id="lttng_output_nG49p6fZhp" type="USE_TEXT">$SS_TC_DEPS/bin/lttng stop &amp;&amp; $SS_TC_DEPS/bin/lttng view &amp;&amp; $SS_TC_DEPS/bin/lttng destroy</script>
                </process>
            </post_processes>
            <scoring_formula default="GOOD-05-Default">
                <formula name="GOOD-05-Default">GOOD-05 AND NOT TIMEOUT AND NOT CONTROLLED_EXIT</formula>
            </scoring_formula>
            <output_checks>
                <compare_check check_type="CONTAINS" name="GOOD-05">
                    <actual encoding="STRING" input_id_ref="SIKULI-GOOD-05" output_type="STANDARD_OUT"></actual>
                    <expected encoding="STRING" type="USE_TEXT">supernova added</expected>
                </compare_check>
                <simple_check check_type="SPECIAL" encoding="STRING" name="TIMEOUT" type="USE_TEXT">DOES_NOT_RETURN</simple_check>
                <simple_check check_type="SPECIAL" encoding="STRING" name="CONTROLLED_EXIT" type="USE_TEXT">CONTROLLED_EXIT</simple_check>
            </output_checks>
        </iopair>
        <iopair name="C-C129A-GIMP-01-ST01-DT02-DF17-CF19-01-GOOD-06" reset_scheme="NONE" timeout="480" type="GOOD">
            <description>make selection with magic wand, paste into new image
Good input:1) environment variable contains only alphanumeric charactersBad input:1) environment variable contains * or -.  + causes infinte loop

</description>
            <technical_impact>NONE</technical_impact>
            <pre_processes scheme="SEQUENCE">
                <process>
                    <script background="false" encoding="STRING" type="USE_TEXT">printf 'env ORATORIOS_LONGANIMOUS;\n' | tee nginx_conf_env.txt</script>
                </process>
                <process delay_after="0" delay_before="0">
                    <script background="false" encoding="STRING" type="USE_TEXT">$SS_TC_ROOT/scripts/restart_dm.sh</script>
                </process>
                <process>
                    <environment_variable encoding="STRING" key="ORATORIOS_LONGANIMOUS" type="USE_TEXT">R0G3RR4881T</environment_variable>
                </process>
                <process>
                    <script background="false" encoding="STRING" type="USE_TEXT">mkdir $SS_TC_ROOT/logs/execute/lttng</script>
                </process>
                <process>
                    <environment_variable encoding="STRING" key="LTTNG_HOME" type="USE_TEXT">$SS_TC_ROOT/logs/execute/lttng</environment_variable>
                </process>
                <process>
                    <environment_variable encoding="STRING" key="SS_RUN_COMMAND_LD_PRELOAD" type="USE_TEXT">$SS_TC_DEPS/lib64/liblttng-stonesoup-c.so:$SS_TC_DEPS/lib64/liblttng-ust-fork.so</environment_variable>
                </process>
                <process>
                    <script background="false" encoding="STRING" type="USE_TEXT">mkdir -p $SS_TC_DEPS/var/run/lttng</script>
                </process>
                <process>
                    <script background="false" encoding="STRING" type="USE_TEXT">$SS_TC_DEPS/bin/lttng create &amp;&amp; $SS_TC_DEPS/bin/lttng enable-event -u -a &amp;&amp; $SS_TC_DEPS/bin/lttng start</script>
                </process>
                <process>
                    <script background="false" encoding="STRING" type="USE_TEXT">rm -rf $SS_TC_ROOT/lockDir</script>
                </process>
                <process>
                    <environment_variable encoding="STRING" key="MALLOC_CHECK_" type="USE_TEXT">0</environment_variable>
                </process>
            </pre_processes>
            <run_command encoding="STRING" preprend_runcommand="true" type="USE_TEXT"></run_command>
            <co_processes scheme="PARALLEL">
                <process_group scheme="SEQUENCE">
                    <process delay_after="0" delay_before="0">
                        <script background="false" encoding="STRING" input_id="SIKULI-GOOD-06" type="USE_TEXT">$SS_TC_DEPS/bin/run-sikuli.sh &quot;$SS_TC_ROOT/testData/good-06/GIMP-GOOD-06.sikuli --args $SS_USER_DELAY&quot;
                    </script>
                    </process>
                </process_group>
                <process_group scheme="SEQUENCE"/>
            </co_processes>
            <post_processes scheme="SEQUENCE">
                <process delay_after="0" delay_before="0">
                    <script background="false" encoding="STRING" type="USE_TEXT">rm -rf /root/.gimp-2.8/</script>
                </process>
                <process>
                    <script background="false" encoding="STRING" input_id="lttng_output_lUffnFeU5J" type="USE_TEXT">$SS_TC_DEPS/bin/lttng stop &amp;&amp; $SS_TC_DEPS/bin/lttng view &amp;&amp; $SS_TC_DEPS/bin/lttng destroy</script>
                </process>
            </post_processes>
            <scoring_formula default="GOOD-06-Default">
                <formula name="GOOD-06-Default">GOOD-06 AND NOT TIMEOUT AND NOT CONTROLLED_EXIT</formula>
            </scoring_formula>
            <output_checks>
                <compare_check check_type="CONTAINS" name="GOOD-06">
                    <actual encoding="STRING" input_id_ref="SIKULI-GOOD-06" output_type="STANDARD_OUT"></actual>
                    <expected encoding="STRING" type="USE_TEXT">Magic Wand selection pasted into new document.</expected>
                </compare_check>
                <simple_check check_type="SPECIAL" encoding="STRING" name="TIMEOUT" type="USE_TEXT">DOES_NOT_RETURN</simple_check>
                <simple_check check_type="SPECIAL" encoding="STRING" name="CONTROLLED_EXIT" type="USE_TEXT">CONTROLLED_EXIT</simple_check>
            </output_checks>
        </iopair>
        <iopair name="C-C129A-GIMP-01-ST01-DT02-DF17-CF19-01-GOOD-07" reset_scheme="NONE" timeout="480" type="GOOD">
            <description>rotate image 180 degrees
Good input:1) environment variable contains only alphanumeric charactersBad input:1) environment variable contains * or -.  + causes infinte loop

</description>
            <technical_impact>NONE</technical_impact>
            <pre_processes scheme="SEQUENCE">
                <process>
                    <script background="false" encoding="STRING" type="USE_TEXT">printf 'env ORATORIOS_LONGANIMOUS;\n' | tee nginx_conf_env.txt</script>
                </process>
                <process delay_after="0" delay_before="0">
                    <script background="false" encoding="STRING" type="USE_TEXT">$SS_TC_ROOT/scripts/restart_dm.sh</script>
                </process>
                <process>
                    <environment_variable encoding="STRING" key="ORATORIOS_LONGANIMOUS" type="USE_TEXT">exampleofgoodinput</environment_variable>
                </process>
                <process>
                    <script background="false" encoding="STRING" type="USE_TEXT">mkdir $SS_TC_ROOT/logs/execute/lttng</script>
                </process>
                <process>
                    <environment_variable encoding="STRING" key="LTTNG_HOME" type="USE_TEXT">$SS_TC_ROOT/logs/execute/lttng</environment_variable>
                </process>
                <process>
                    <environment_variable encoding="STRING" key="SS_RUN_COMMAND_LD_PRELOAD" type="USE_TEXT">$SS_TC_DEPS/lib64/liblttng-stonesoup-c.so:$SS_TC_DEPS/lib64/liblttng-ust-fork.so</environment_variable>
                </process>
                <process>
                    <script background="false" encoding="STRING" type="USE_TEXT">mkdir -p $SS_TC_DEPS/var/run/lttng</script>
                </process>
                <process>
                    <script background="false" encoding="STRING" type="USE_TEXT">$SS_TC_DEPS/bin/lttng create &amp;&amp; $SS_TC_DEPS/bin/lttng enable-event -u -a &amp;&amp; $SS_TC_DEPS/bin/lttng start</script>
                </process>
                <process>
                    <script background="false" encoding="STRING" type="USE_TEXT">rm -rf $SS_TC_ROOT/lockDir</script>
                </process>
                <process>
                    <environment_variable encoding="STRING" key="MALLOC_CHECK_" type="USE_TEXT">0</environment_variable>
                </process>
            </pre_processes>
            <run_command encoding="STRING" preprend_runcommand="true" type="USE_TEXT"></run_command>
            <co_processes scheme="PARALLEL">
                <process_group scheme="SEQUENCE">
                    <process delay_after="0" delay_before="0">
                        <script background="false" encoding="STRING" input_id="SIKULI-GOOD-07" type="USE_TEXT">$SS_TC_DEPS/bin/run-sikuli.sh &quot;$SS_TC_ROOT/testData/good-07/GIMP-GOOD-07.sikuli --args $SS_USER_DELAY&quot;
                    </script>
                    </process>
                </process_group>
                <process_group scheme="SEQUENCE"/>
            </co_processes>
            <post_processes scheme="SEQUENCE">
                <process delay_after="0" delay_before="0">
                    <script background="false" encoding="STRING" type="USE_TEXT">rm -rf /root/.gimp-2.8/</script>
                </process>
                <process>
                    <script background="false" encoding="STRING" input_id="lttng_output_tz4eZnApZo" type="USE_TEXT">$SS_TC_DEPS/bin/lttng stop &amp;&amp; $SS_TC_DEPS/bin/lttng view &amp;&amp; $SS_TC_DEPS/bin/lttng destroy</script>
                </process>
            </post_processes>
            <scoring_formula default="GOOD-07-Default">
                <formula name="GOOD-07-Default">GOOD-07 AND NOT TIMEOUT AND NOT CONTROLLED_EXIT</formula>
            </scoring_formula>
            <output_checks>
                <compare_check check_type="CONTAINS" name="GOOD-07">
                    <actual encoding="STRING" input_id_ref="SIKULI-GOOD-07" output_type="STANDARD_OUT"></actual>
                    <expected encoding="STRING" type="USE_TEXT">Image rotated 180 degrees.</expected>
                </compare_check>
                <simple_check check_type="SPECIAL" encoding="STRING" name="TIMEOUT" type="USE_TEXT">DOES_NOT_RETURN</simple_check>
                <simple_check check_type="SPECIAL" encoding="STRING" name="CONTROLLED_EXIT" type="USE_TEXT">CONTROLLED_EXIT</simple_check>
            </output_checks>
        </iopair>
        <iopair name="C-C129A-GIMP-01-ST01-DT02-DF17-CF19-01-GOOD-08" reset_scheme="NONE" timeout="480" type="GOOD">
            <description>add pagecurl filter
Good input:1) environment variable contains only alphanumeric charactersBad input:1) environment variable contains * or -.  + causes infinte loop

</description>
            <technical_impact>NONE</technical_impact>
            <pre_processes scheme="SEQUENCE">
                <process>
                    <script background="false" encoding="STRING" type="USE_TEXT">printf 'env ORATORIOS_LONGANIMOUS;\n' | tee nginx_conf_env.txt</script>
                </process>
                <process delay_after="0" delay_before="0">
                    <script background="false" encoding="STRING" type="USE_TEXT">$SS_TC_ROOT/scripts/restart_dm.sh</script>
                </process>
                <process>
                    <environment_variable encoding="STRING" key="ORATORIOS_LONGANIMOUS" type="USE_TEXT">abcd12345ABCDE</environment_variable>
                </process>
                <process>
                    <script background="false" encoding="STRING" type="USE_TEXT">mkdir $SS_TC_ROOT/logs/execute/lttng</script>
                </process>
                <process>
                    <environment_variable encoding="STRING" key="LTTNG_HOME" type="USE_TEXT">$SS_TC_ROOT/logs/execute/lttng</environment_variable>
                </process>
                <process>
                    <environment_variable encoding="STRING" key="SS_RUN_COMMAND_LD_PRELOAD" type="USE_TEXT">$SS_TC_DEPS/lib64/liblttng-stonesoup-c.so:$SS_TC_DEPS/lib64/liblttng-ust-fork.so</environment_variable>
                </process>
                <process>
                    <script background="false" encoding="STRING" type="USE_TEXT">mkdir -p $SS_TC_DEPS/var/run/lttng</script>
                </process>
                <process>
                    <script background="false" encoding="STRING" type="USE_TEXT">$SS_TC_DEPS/bin/lttng create &amp;&amp; $SS_TC_DEPS/bin/lttng enable-event -u -a &amp;&amp; $SS_TC_DEPS/bin/lttng start</script>
                </process>
                <process>
                    <script background="false" encoding="STRING" type="USE_TEXT">rm -rf $SS_TC_ROOT/lockDir</script>
                </process>
                <process>
                    <environment_variable encoding="STRING" key="MALLOC_CHECK_" type="USE_TEXT">0</environment_variable>
                </process>
            </pre_processes>
            <run_command encoding="STRING" preprend_runcommand="true" type="USE_TEXT"></run_command>
            <co_processes scheme="PARALLEL">
                <process_group scheme="SEQUENCE">
                    <process delay_after="0" delay_before="0">
                        <script background="false" encoding="STRING" input_id="SIKULI-GOOD-08" type="USE_TEXT">$SS_TC_DEPS/bin/run-sikuli.sh &quot;$SS_TC_ROOT/testData/good-08/GIMP-GOOD-08.sikuli --args $SS_USER_DELAY&quot;
                    </script>
                    </process>
                </process_group>
                <process_group scheme="SEQUENCE"/>
            </co_processes>
            <post_processes scheme="SEQUENCE">
                <process delay_after="0" delay_before="0">
                    <script background="false" encoding="STRING" type="USE_TEXT">rm -rf /root/.gimp-2.8/</script>
                </process>
                <process>
                    <script background="false" encoding="STRING" input_id="lttng_output_Btnx21xjHa" type="USE_TEXT">$SS_TC_DEPS/bin/lttng stop &amp;&amp; $SS_TC_DEPS/bin/lttng view &amp;&amp; $SS_TC_DEPS/bin/lttng destroy</script>
                </process>
            </post_processes>
            <scoring_formula default="GOOD-08-Default">
                <formula name="GOOD-08-Default">GOOD-08 AND NOT TIMEOUT AND NOT CONTROLLED_EXIT</formula>
            </scoring_formula>
            <output_checks>
                <compare_check check_type="CONTAINS" name="GOOD-08">
                    <actual encoding="STRING" input_id_ref="SIKULI-GOOD-08" output_type="STANDARD_OUT"></actual>
                    <expected encoding="STRING" type="USE_TEXT">pagecurl added</expected>
                </compare_check>
                <simple_check check_type="SPECIAL" encoding="STRING" name="TIMEOUT" type="USE_TEXT">DOES_NOT_RETURN</simple_check>
                <simple_check check_type="SPECIAL" encoding="STRING" name="CONTROLLED_EXIT" type="USE_TEXT">CONTROLLED_EXIT</simple_check>
            </output_checks>
        </iopair>
        <iopair name="C-C129A-GIMP-01-ST01-DT02-DF17-CF19-01-GOOD-09" reset_scheme="NONE" timeout="480" type="GOOD">
            <description>use edgefinder filter
Good input:1) environment variable contains only alphanumeric charactersBad input:1) environment variable contains * or -.  + causes infinte loop

</description>
            <technical_impact>NONE</technical_impact>
            <pre_processes scheme="SEQUENCE">
                <process>
                    <script background="false" encoding="STRING" type="USE_TEXT">printf 'env ORATORIOS_LONGANIMOUS;\n' | tee nginx_conf_env.txt</script>
                </process>
                <process delay_after="0" delay_before="0">
                    <script background="false" encoding="STRING" type="USE_TEXT">$SS_TC_ROOT/scripts/restart_dm.sh</script>
                </process>
                <process>
                    <environment_variable encoding="STRING" key="ORATORIOS_LONGANIMOUS" type="USE_TEXT">R0G3RR4881T</environment_variable>
                </process>
                <process>
                    <script background="false" encoding="STRING" type="USE_TEXT">mkdir $SS_TC_ROOT/logs/execute/lttng</script>
                </process>
                <process>
                    <environment_variable encoding="STRING" key="LTTNG_HOME" type="USE_TEXT">$SS_TC_ROOT/logs/execute/lttng</environment_variable>
                </process>
                <process>
                    <environment_variable encoding="STRING" key="SS_RUN_COMMAND_LD_PRELOAD" type="USE_TEXT">$SS_TC_DEPS/lib64/liblttng-stonesoup-c.so:$SS_TC_DEPS/lib64/liblttng-ust-fork.so</environment_variable>
                </process>
                <process>
                    <script background="false" encoding="STRING" type="USE_TEXT">mkdir -p $SS_TC_DEPS/var/run/lttng</script>
                </process>
                <process>
                    <script background="false" encoding="STRING" type="USE_TEXT">$SS_TC_DEPS/bin/lttng create &amp;&amp; $SS_TC_DEPS/bin/lttng enable-event -u -a &amp;&amp; $SS_TC_DEPS/bin/lttng start</script>
                </process>
                <process>
                    <script background="false" encoding="STRING" type="USE_TEXT">rm -rf $SS_TC_ROOT/lockDir</script>
                </process>
                <process>
                    <environment_variable encoding="STRING" key="MALLOC_CHECK_" type="USE_TEXT">0</environment_variable>
                </process>
            </pre_processes>
            <run_command encoding="STRING" preprend_runcommand="true" type="USE_TEXT"></run_command>
            <co_processes scheme="PARALLEL">
                <process_group scheme="SEQUENCE">
                    <process delay_after="0" delay_before="0">
                        <script background="false" encoding="STRING" input_id="SIKULI-GOOD-09" type="USE_TEXT">$SS_TC_DEPS/bin/run-sikuli.sh &quot;$SS_TC_ROOT/testData/good-09/GIMP-GOOD-09.sikuli --args $SS_USER_DELAY&quot;
                    </script>
                    </process>
                </process_group>
                <process_group scheme="SEQUENCE"/>
            </co_processes>
            <post_processes scheme="SEQUENCE">
                <process delay_after="0" delay_before="0">
                    <script background="false" encoding="STRING" type="USE_TEXT">rm -rf /root/.gimp-2.8/</script>
                </process>
                <process>
                    <script background="false" encoding="STRING" input_id="lttng_output_XMYWi7nYAJ" type="USE_TEXT">$SS_TC_DEPS/bin/lttng stop &amp;&amp; $SS_TC_DEPS/bin/lttng view &amp;&amp; $SS_TC_DEPS/bin/lttng destroy</script>
                </process>
            </post_processes>
            <scoring_formula default="GOOD-09-Default">
                <formula name="GOOD-09-Default">GOOD-09 AND NOT TIMEOUT AND NOT CONTROLLED_EXIT</formula>
            </scoring_formula>
            <output_checks>
                <compare_check check_type="CONTAINS" name="GOOD-09">
                    <actual encoding="STRING" input_id_ref="SIKULI-GOOD-09" output_type="STANDARD_OUT"></actual>
                    <expected encoding="STRING" type="USE_TEXT">pagecurl added</expected>
                </compare_check>
                <simple_check check_type="SPECIAL" encoding="STRING" name="TIMEOUT" type="USE_TEXT">DOES_NOT_RETURN</simple_check>
                <simple_check check_type="SPECIAL" encoding="STRING" name="CONTROLLED_EXIT" type="USE_TEXT">CONTROLLED_EXIT</simple_check>
            </output_checks>
        </iopair>
        <iopair name="C-C129A-GIMP-01-ST01-DT02-DF17-CF19-01-GOOD-10" reset_scheme="NONE" timeout="480" type="GOOD">
            <description>pixelize image
Good input:1) environment variable contains only alphanumeric charactersBad input:1) environment variable contains * or -.  + causes infinte loop

</description>
            <technical_impact>NONE</technical_impact>
            <pre_processes scheme="SEQUENCE">
                <process>
                    <script background="false" encoding="STRING" type="USE_TEXT">printf 'env ORATORIOS_LONGANIMOUS;\n' | tee nginx_conf_env.txt</script>
                </process>
                <process delay_after="0" delay_before="0">
                    <script background="false" encoding="STRING" type="USE_TEXT">$SS_TC_ROOT/scripts/restart_dm.sh</script>
                </process>
                <process>
                    <environment_variable encoding="STRING" key="ORATORIOS_LONGANIMOUS" type="USE_TEXT">exampleofgoodinput</environment_variable>
                </process>
                <process>
                    <script background="false" encoding="STRING" type="USE_TEXT">mkdir $SS_TC_ROOT/logs/execute/lttng</script>
                </process>
                <process>
                    <environment_variable encoding="STRING" key="LTTNG_HOME" type="USE_TEXT">$SS_TC_ROOT/logs/execute/lttng</environment_variable>
                </process>
                <process>
                    <environment_variable encoding="STRING" key="SS_RUN_COMMAND_LD_PRELOAD" type="USE_TEXT">$SS_TC_DEPS/lib64/liblttng-stonesoup-c.so:$SS_TC_DEPS/lib64/liblttng-ust-fork.so</environment_variable>
                </process>
                <process>
                    <script background="false" encoding="STRING" type="USE_TEXT">mkdir -p $SS_TC_DEPS/var/run/lttng</script>
                </process>
                <process>
                    <script background="false" encoding="STRING" type="USE_TEXT">$SS_TC_DEPS/bin/lttng create &amp;&amp; $SS_TC_DEPS/bin/lttng enable-event -u -a &amp;&amp; $SS_TC_DEPS/bin/lttng start</script>
                </process>
                <process>
                    <script background="false" encoding="STRING" type="USE_TEXT">rm -rf $SS_TC_ROOT/lockDir</script>
                </process>
                <process>
                    <environment_variable encoding="STRING" key="MALLOC_CHECK_" type="USE_TEXT">0</environment_variable>
                </process>
            </pre_processes>
            <run_command encoding="STRING" preprend_runcommand="true" type="USE_TEXT"></run_command>
            <co_processes scheme="PARALLEL">
                <process_group scheme="SEQUENCE">
                    <process delay_after="0" delay_before="0">
                        <script background="false" encoding="STRING" input_id="SIKULI-GOOD-10" type="USE_TEXT">$SS_TC_DEPS/bin/run-sikuli.sh &quot;$SS_TC_ROOT/testData/good-10/GIMP-GOOD-10.sikuli --args $SS_USER_DELAY&quot;
                    </script>
                    </process>
                </process_group>
                <process_group scheme="SEQUENCE"/>
            </co_processes>
            <post_processes scheme="SEQUENCE">
                <process delay_after="0" delay_before="0">
                    <script background="false" encoding="STRING" type="USE_TEXT">rm -rf /root/.gimp-2.8/</script>
                </process>
                <process>
                    <script background="false" encoding="STRING" input_id="lttng_output_kJRF4gi1aW" type="USE_TEXT">$SS_TC_DEPS/bin/lttng stop &amp;&amp; $SS_TC_DEPS/bin/lttng view &amp;&amp; $SS_TC_DEPS/bin/lttng destroy</script>
                </process>
            </post_processes>
            <scoring_formula default="GOOD-10-Default">
                <formula name="GOOD-10-Default">GOOD-10 AND NOT TIMEOUT AND NOT CONTROLLED_EXIT</formula>
            </scoring_formula>
            <output_checks>
                <compare_check check_type="CONTAINS" name="GOOD-10">
                    <actual encoding="STRING" input_id_ref="SIKULI-GOOD-10" output_type="STANDARD_OUT"></actual>
                    <expected encoding="STRING" type="USE_TEXT">image pixelized.</expected>
                </compare_check>
                <simple_check check_type="SPECIAL" encoding="STRING" name="TIMEOUT" type="USE_TEXT">DOES_NOT_RETURN</simple_check>
                <simple_check check_type="SPECIAL" encoding="STRING" name="CONTROLLED_EXIT" type="USE_TEXT">CONTROLLED_EXIT</simple_check>
            </output_checks>
        </iopair>
        <iopair name="C-C129A-GIMP-01-ST01-DT02-DF17-CF19-01-BAD-01" reset_scheme="NONE" timeout="480" type="BAD">
            <description>Good input:1) environment variable contains only alphanumeric charactersBad input:1) environment variable contains * or -.  + causes infinte loop

</description>
            <technical_impact>DOS_UNCONTROLLED_EXIT</technical_impact>
            <pre_processes scheme="SEQUENCE">
                <process>
                    <script background="false" encoding="STRING" type="USE_TEXT">printf 'env ORATORIOS_LONGANIMOUS;\n' | tee nginx_conf_env.txt</script>
                </process>
                <process delay_after="0" delay_before="0">
                    <script background="false" encoding="STRING" type="USE_TEXT">$SS_TC_ROOT/scripts/restart_dm.sh</script>
                </process>
                <process>
                    <environment_variable encoding="STRING" key="ORATORIOS_LONGANIMOUS" type="USE_TEXT">{a+b|c+d}</environment_variable>
                </process>
                <process>
                    <script background="false" encoding="STRING" type="USE_TEXT">mkdir $SS_TC_ROOT/logs/execute/lttng</script>
                </process>
                <process>
                    <environment_variable encoding="STRING" key="LTTNG_HOME" type="USE_TEXT">$SS_TC_ROOT/logs/execute/lttng</environment_variable>
                </process>
                <process>
                    <environment_variable encoding="STRING" key="SS_RUN_COMMAND_LD_PRELOAD" type="USE_TEXT">$SS_TC_DEPS/lib64/liblttng-stonesoup-c.so:$SS_TC_DEPS/lib64/liblttng-ust-fork.so</environment_variable>
                </process>
                <process>
                    <script background="false" encoding="STRING" type="USE_TEXT">mkdir -p $SS_TC_DEPS/var/run/lttng</script>
                </process>
                <process>
                    <script background="false" encoding="STRING" type="USE_TEXT">$SS_TC_DEPS/bin/lttng create &amp;&amp; $SS_TC_DEPS/bin/lttng enable-event -u -a &amp;&amp; $SS_TC_DEPS/bin/lttng start</script>
                </process>
                <process>
                    <script background="false" encoding="STRING" type="USE_TEXT">rm -rf $SS_TC_ROOT/lockDir</script>
                </process>
                <process>
                    <environment_variable encoding="STRING" key="MALLOC_CHECK_" type="USE_TEXT">0</environment_variable>
                </process>
            </pre_processes>
            <run_command encoding="STRING" preprend_runcommand="true" type="USE_TEXT"></run_command>
            <co_processes scheme="SEQUENCE">
                <process delay_after="0" delay_before="0">
                    <script background="false" encoding="STRING" input_id="SIKULI-GOOD-109D4YamxwaC" type="USE_TEXT">$SS_TC_DEPS/bin/run-sikuli.sh &quot;$SS_TC_ROOT/testData/good-10/GIMP-GOOD-10.sikuli --args $SS_USER_DELAY&quot;
                    </script>
                </process>
            </co_processes>
            <post_processes scheme="SEQUENCE">
                <process delay_after="0" delay_before="0">
                    <script background="false" encoding="STRING" type="USE_TEXT">rm -rf /root/.gimp-2.8/</script>
                </process>
                <process>
                    <script background="false" encoding="STRING" input_id="lttng_output_dYpGuRokxpHvjW3jEljc" type="USE_TEXT">$SS_TC_DEPS/bin/lttng stop &amp;&amp; $SS_TC_DEPS/bin/lttng view &amp;&amp; $SS_TC_DEPS/bin/lttng destroy</script>
                </process>
            </post_processes>
            <scoring_formula default="segfault_formula_Mz0gMUQya3">
                <formula name="segfault_formula_Mz0gMUQya3">weakness_started_pp98CcyknBGN6oJhg7kR AND ((NOT PERFORMER AND (segfault_code_cyxfbFq78I OR segfault_code_mODCCV6cas OR segfault_code_X2nEUz7P4T OR segfault_code_3vB9npxKAG OR segfault_code_rPt6nmZGM6 OR segfault_msg_AMJ8nQCqY8 OR illegal_inst_msg_NYxxiMUCto OR unknown_operand_uBB14d7t8I) AND NOT timeout_r5iP6wPo7Z) or (PERFORMER AND NOT ((segfault_code_cyxfbFq78I OR segfault_code_mODCCV6cas OR segfault_code_X2nEUz7P4T OR segfault_code_3vB9npxKAG OR segfault_code_rPt6nmZGM6 OR segfault_msg_AMJ8nQCqY8 OR illegal_inst_msg_NYxxiMUCto OR unknown_operand_uBB14d7t8I) OR timeout_r5iP6wPo7Z)))</formula>
                <formula name="no_weakness_started_formula_O2Q0kDNoYi">(NOT PERFORMER AND (segfault_code_cyxfbFq78I OR segfault_code_mODCCV6cas OR segfault_code_X2nEUz7P4T OR segfault_code_3vB9npxKAG OR segfault_code_rPt6nmZGM6 OR segfault_msg_AMJ8nQCqY8 OR illegal_inst_msg_NYxxiMUCto OR unknown_operand_uBB14d7t8I) AND NOT timeout_r5iP6wPo7Z) or (PERFORMER AND NOT ((segfault_code_cyxfbFq78I OR segfault_code_mODCCV6cas OR segfault_code_X2nEUz7P4T OR segfault_code_3vB9npxKAG OR segfault_code_rPt6nmZGM6 OR segfault_msg_AMJ8nQCqY8 OR illegal_inst_msg_NYxxiMUCto OR unknown_operand_uBB14d7t8I) OR timeout_r5iP6wPo7Z))</formula>
            </scoring_formula>
            <output_checks>
                <simple_check check_type="SPECIAL" encoding="STRING" name="timeout_r5iP6wPo7Z" type="USE_TEXT">DOES_NOT_RETURN</simple_check>
                <simple_check check_type="SPECIAL" encoding="STRING" name="controlled_exit_v57OyQbha0" type="USE_TEXT">CONTROLLED_EXIT</simple_check>
                <simple_check check_type="SPECIAL" encoding="STRING" name="continued_execution_TNxrYjXTqV" type="USE_TEXT">CONTINUED_EXECUTION</simple_check>
                <compare_check check_type="EXACT_MATCH" name="segfault_code_cyxfbFq78I">
                    <actual encoding="STRING" output_type="RETURN_CODE">None</actual>
                    <expected encoding="STRING" type="USE_TEXT">132</expected>
                </compare_check>
                <compare_check check_type="EXACT_MATCH" name="segfault_code_mODCCV6cas">
                    <actual encoding="STRING" output_type="RETURN_CODE">None</actual>
                    <expected encoding="STRING" type="USE_TEXT">134</expected>
                </compare_check>
                <compare_check check_type="EXACT_MATCH" name="segfault_code_X2nEUz7P4T">
                    <actual encoding="STRING" output_type="RETURN_CODE">None</actual>
                    <expected encoding="STRING" type="USE_TEXT">135</expected>
                </compare_check>
                <compare_check check_type="EXACT_MATCH" name="segfault_code_3vB9npxKAG">
                    <actual encoding="STRING" output_type="RETURN_CODE">None</actual>
                    <expected encoding="STRING" type="USE_TEXT">136</expected>
                </compare_check>
                <compare_check check_type="EXACT_MATCH" name="segfault_code_rPt6nmZGM6">
                    <actual encoding="STRING" output_type="RETURN_CODE">None</actual>
                    <expected encoding="STRING" type="USE_TEXT">139</expected>
                </compare_check>
                <compare_check check_type="CONTAINS" name="segfault_msg_AMJ8nQCqY8">
                    <actual encoding="STRING" output_type="STANDARD_ERROR">None</actual>
                    <expected encoding="STRING" type="USE_TEXT">Segmentation fault</expected>
                </compare_check>
                <compare_check check_type="CONTAINS" name="illegal_inst_msg_NYxxiMUCto">
                    <actual encoding="STRING" output_type="STANDARD_ERROR">None</actual>
                    <expected encoding="STRING" type="USE_TEXT">Illegal instruction</expected>
                </compare_check>
                <compare_check check_type="CONTAINS" name="unknown_operand_uBB14d7t8I">
                    <actual encoding="STRING" output_type="STANDARD_ERROR">None</actual>
                    <expected encoding="STRING" type="USE_TEXT">unknown operand</expected>
                </compare_check>
                <compare_check check_type="CONTAINS" name="weakness_started_pp98CcyknBGN6oJhg7kR">
                    <actual encoding="STRING" input_id_ref="lttng_output_dYpGuRokxpHvjW3jEljc" output_type="STANDARD_OUT">None</actual>
                    <expected encoding="STRING" type="USE_TEXT">stonesoup_trace:weakness_start</expected>
                </compare_check>
            </output_checks>
        </iopair>
        <iopair name="C-C129A-GIMP-01-ST01-DT02-DF17-CF19-01-BAD-02" reset_scheme="NONE" timeout="480" type="BAD">
            <description>Good input:1) environment variable contains only alphanumeric charactersBad input:1) environment variable contains * or -.  + causes infinte loop

</description>
            <technical_impact>DOS_UNCONTROLLED_EXIT</technical_impact>
            <pre_processes scheme="SEQUENCE">
                <process>
                    <script background="false" encoding="STRING" type="USE_TEXT">printf 'env ORATORIOS_LONGANIMOUS;\n' | tee nginx_conf_env.txt</script>
                </process>
                <process delay_after="0" delay_before="0">
                    <script background="false" encoding="STRING" type="USE_TEXT">$SS_TC_ROOT/scripts/restart_dm.sh</script>
                </process>
                <process>
                    <environment_variable encoding="STRING" key="ORATORIOS_LONGANIMOUS" type="USE_TEXT">!a*b(c*d-1)</environment_variable>
                </process>
                <process>
                    <script background="false" encoding="STRING" type="USE_TEXT">mkdir $SS_TC_ROOT/logs/execute/lttng</script>
                </process>
                <process>
                    <environment_variable encoding="STRING" key="LTTNG_HOME" type="USE_TEXT">$SS_TC_ROOT/logs/execute/lttng</environment_variable>
                </process>
                <process>
                    <environment_variable encoding="STRING" key="SS_RUN_COMMAND_LD_PRELOAD" type="USE_TEXT">$SS_TC_DEPS/lib64/liblttng-stonesoup-c.so:$SS_TC_DEPS/lib64/liblttng-ust-fork.so</environment_variable>
                </process>
                <process>
                    <script background="false" encoding="STRING" type="USE_TEXT">mkdir -p $SS_TC_DEPS/var/run/lttng</script>
                </process>
                <process>
                    <script background="false" encoding="STRING" type="USE_TEXT">$SS_TC_DEPS/bin/lttng create &amp;&amp; $SS_TC_DEPS/bin/lttng enable-event -u -a &amp;&amp; $SS_TC_DEPS/bin/lttng start</script>
                </process>
                <process>
                    <script background="false" encoding="STRING" type="USE_TEXT">rm -rf $SS_TC_ROOT/lockDir</script>
                </process>
                <process>
                    <environment_variable encoding="STRING" key="MALLOC_CHECK_" type="USE_TEXT">0</environment_variable>
                </process>
            </pre_processes>
            <run_command encoding="STRING" preprend_runcommand="true" type="USE_TEXT"></run_command>
            <co_processes scheme="SEQUENCE">
                <process delay_after="0" delay_before="0">
                    <script background="false" encoding="STRING" input_id="SIKULI-GOOD-04NRwNZaYPod" type="USE_TEXT">$SS_TC_DEPS/bin/run-sikuli.sh &quot;$SS_TC_ROOT/testData/good-04/GIMP-GOOD-04.sikuli --args $SS_USER_DELAY&quot;
                    </script>
                </process>
            </co_processes>
            <post_processes scheme="SEQUENCE">
                <process delay_after="0" delay_before="0">
                    <script background="false" encoding="STRING" type="USE_TEXT">rm -rf /root/.gimp-2.8/</script>
                </process>
                <process>
                    <script background="false" encoding="STRING" input_id="lttng_output_Bm89EW2IIcwovT6q5BMm" type="USE_TEXT">$SS_TC_DEPS/bin/lttng stop &amp;&amp; $SS_TC_DEPS/bin/lttng view &amp;&amp; $SS_TC_DEPS/bin/lttng destroy</script>
                </process>
            </post_processes>
            <scoring_formula default="segfault_formula_GzwSks5ux6">
                <formula name="segfault_formula_GzwSks5ux6">weakness_started_RlLWgMz6P5icPUp9hxwk AND ((NOT PERFORMER AND (segfault_code_eP4cerMXOU OR segfault_code_OBFCdInerS OR segfault_code_sNSCzBx3in OR segfault_code_GPah7rrmZK OR segfault_code_zRku7MI3YT OR segfault_msg_IV0jp8Hb3g OR illegal_inst_msg_VpjLlYYH1I OR unknown_operand_Hwsf4NAUuk) AND NOT timeout_Yzq6jAgCjW) or (PERFORMER AND NOT ((segfault_code_eP4cerMXOU OR segfault_code_OBFCdInerS OR segfault_code_sNSCzBx3in OR segfault_code_GPah7rrmZK OR segfault_code_zRku7MI3YT OR segfault_msg_IV0jp8Hb3g OR illegal_inst_msg_VpjLlYYH1I OR unknown_operand_Hwsf4NAUuk) OR timeout_Yzq6jAgCjW)))</formula>
                <formula name="no_weakness_started_formula_zDO8x2VVZU">(NOT PERFORMER AND (segfault_code_eP4cerMXOU OR segfault_code_OBFCdInerS OR segfault_code_sNSCzBx3in OR segfault_code_GPah7rrmZK OR segfault_code_zRku7MI3YT OR segfault_msg_IV0jp8Hb3g OR illegal_inst_msg_VpjLlYYH1I OR unknown_operand_Hwsf4NAUuk) AND NOT timeout_Yzq6jAgCjW) or (PERFORMER AND NOT ((segfault_code_eP4cerMXOU OR segfault_code_OBFCdInerS OR segfault_code_sNSCzBx3in OR segfault_code_GPah7rrmZK OR segfault_code_zRku7MI3YT OR segfault_msg_IV0jp8Hb3g OR illegal_inst_msg_VpjLlYYH1I OR unknown_operand_Hwsf4NAUuk) OR timeout_Yzq6jAgCjW))</formula>
            </scoring_formula>
            <output_checks>
                <simple_check check_type="SPECIAL" encoding="STRING" name="timeout_Yzq6jAgCjW" type="USE_TEXT">DOES_NOT_RETURN</simple_check>
                <simple_check check_type="SPECIAL" encoding="STRING" name="controlled_exit_njz6wdruSE" type="USE_TEXT">CONTROLLED_EXIT</simple_check>
                <simple_check check_type="SPECIAL" encoding="STRING" name="continued_execution_eLCPS2kq5l" type="USE_TEXT">CONTINUED_EXECUTION</simple_check>
                <compare_check check_type="EXACT_MATCH" name="segfault_code_eP4cerMXOU">
                    <actual encoding="STRING" output_type="RETURN_CODE">None</actual>
                    <expected encoding="STRING" type="USE_TEXT">132</expected>
                </compare_check>
                <compare_check check_type="EXACT_MATCH" name="segfault_code_OBFCdInerS">
                    <actual encoding="STRING" output_type="RETURN_CODE">None</actual>
                    <expected encoding="STRING" type="USE_TEXT">134</expected>
                </compare_check>
                <compare_check check_type="EXACT_MATCH" name="segfault_code_sNSCzBx3in">
                    <actual encoding="STRING" output_type="RETURN_CODE">None</actual>
                    <expected encoding="STRING" type="USE_TEXT">135</expected>
                </compare_check>
                <compare_check check_type="EXACT_MATCH" name="segfault_code_GPah7rrmZK">
                    <actual encoding="STRING" output_type="RETURN_CODE">None</actual>
                    <expected encoding="STRING" type="USE_TEXT">136</expected>
                </compare_check>
                <compare_check check_type="EXACT_MATCH" name="segfault_code_zRku7MI3YT">
                    <actual encoding="STRING" output_type="RETURN_CODE">None</actual>
                    <expected encoding="STRING" type="USE_TEXT">139</expected>
                </compare_check>
                <compare_check check_type="CONTAINS" name="segfault_msg_IV0jp8Hb3g">
                    <actual encoding="STRING" output_type="STANDARD_ERROR">None</actual>
                    <expected encoding="STRING" type="USE_TEXT">Segmentation fault</expected>
                </compare_check>
                <compare_check check_type="CONTAINS" name="illegal_inst_msg_VpjLlYYH1I">
                    <actual encoding="STRING" output_type="STANDARD_ERROR">None</actual>
                    <expected encoding="STRING" type="USE_TEXT">Illegal instruction</expected>
                </compare_check>
                <compare_check check_type="CONTAINS" name="unknown_operand_Hwsf4NAUuk">
                    <actual encoding="STRING" output_type="STANDARD_ERROR">None</actual>
                    <expected encoding="STRING" type="USE_TEXT">unknown operand</expected>
                </compare_check>
                <compare_check check_type="CONTAINS" name="weakness_started_RlLWgMz6P5icPUp9hxwk">
                    <actual encoding="STRING" input_id_ref="lttng_output_Bm89EW2IIcwovT6q5BMm" output_type="STANDARD_OUT">None</actual>
                    <expected encoding="STRING" type="USE_TEXT">stonesoup_trace:weakness_start</expected>
                </compare_check>
            </output_checks>
        </iopair>
    </iopairs>
</project>
