<?xml version="1.0" encoding="utf-8"?>
<project base_program="C-FFMP" language="C" name="C-C089B-FFMP-05-ST03-DT04-DF13-CF24-01" targeted_architecture="ANY" targeted_os="LINUX" test_case_type="ALL" xmlns="urn:stonesoup:project">
    <description>Creating test case using base program.
Added a Socket Server to accept communication from untrusted source.
Completed injection.
</description>
    <additional_information>
        <keyvalue key="algorithmic_variant_name">UNSPECIFIED</keyvalue>
        <keyvalue key="root_cause">UNSPECIFIED</keyvalue>
    </additional_information>
    <structure install="install" iodata="testData" scoredata="testOutput" scripts="scripts" source="src"/>
    <run_command>$SS_TC_ROOT/$SS_TC_INSTALL/bin/ffmpeg</run_command>
    <weakness generation_method="FAULT_INJECTED">
        <variant cwe="CWE-89" name="CWE-89-B"/>
        <features>
            <taint_source file_name="/libavcodec/utils.c" line_number="0" type="SOCKET">
                <method name="stonesoup_handle_taint"/>
            </taint_source>
            <data_type file_name="/libavcodec/utils.c" line_number="0" type="HEAP_POINTER">
                <method name="stonesoup_handle_taint"/>
            </data_type>
            <data_flow file_name="/libavcodec/utils.c" line_number="0" type="ADDRESS_AS_LINEAR_EXPRESSION">
                <method name="stonesoup_handle_taint"/>
            </data_flow>
            <control_flow file_name="/libavcodec/utils.c" line_number="0" type="UNCONDITIONAL_JUMP">
                <method name="stonesoup_handle_taint"/>
            </control_flow>
        </features>
    </weakness>
    <build_commands cppflags="-DSTONESOUP_TRACE=1" libs="-lpthread -ldl -lssl -lpq -l:libmongoose.so.1">
        <command>env</command>
        <command>./configure --prefix=&quot;$SS_TC_ROOT/$SS_TC_INSTALL&quot; --enable-pic --disable-static --enable-shared --disable-yasm --disable-doc --enable-pthreads --disable-w32threads --disable-os2threads --enable-zlib --enable-openssl --disable-asm --extra-cflags=&quot;$SS_CFLAGS&quot; --extra-ldflags=&quot;$SS_LDFLAGS&quot; --extra-libs=&quot;$SS_LIBS&quot;</command>
        <command>mv config.mak config.mak.bak</command>
        <command>awk -v compiler=&quot;$SS_CC&quot; '/CC=gcc/{gsub(/gcc/, compiler)};{print}' config.mak.bak &gt; config.mak &amp;&amp; true</command>
        <command>make V=1</command>
        <command>make install V=1</command>
    </build_commands>
    <iopairs>
        <iopair name="C-C089B-FFMP-05-ST03-DT04-DF13-CF24-01-GOOD-01" reset_scheme="NONE" timeout="300" type="GOOD">
            <description>remove the audio from a video
Good inputs: 1) name of country for use in Sql databaseBad inputs:1) SQL argument injection 2) SQL command injection 

</description>
            <technical_impact>NONE</technical_impact>
            <pre_processes scheme="SEQUENCE">
                <process>
                    <script background="false" encoding="STRING" type="USE_TEXT">printf 'env SS_DBPGDATABASE;\n' | tee nginx_conf_env.txt</script>
                </process>
                <process>
                    <database database_name="northwind_gleyxjxkitpjwhhv" database_type="POSTGRESQL" encoding="STRING" server="ss-db-postgres" type="USE_FILE_CONTENTS">/opt/stonesoup/workspace/scripts/northwind_create_northwind_gleyxjxkitpjwhhv.sql</database>
                </process>
                <process>
                    <environment_variable encoding="STRING" key="SS_DBPGDATABASE" type="USE_TEXT">northwind_gleyxjxkitpjwhhv</environment_variable>
                </process>
                <process>
                    <script background="false" encoding="STRING" type="USE_TEXT">mkdir $SS_TC_ROOT/logs/execute/lttng</script>
                </process>
                <process>
                    <environment_variable encoding="STRING" key="LTTNG_HOME" type="USE_TEXT">$SS_TC_ROOT/logs/execute/lttng</environment_variable>
                </process>
                <process>
                    <environment_variable encoding="STRING" key="SS_RUN_COMMAND_LD_PRELOAD" type="USE_TEXT">$SS_TC_DEPS/lib64/liblttng-stonesoup-c.so:$SS_TC_DEPS/lib64/liblttng-ust-fork.so</environment_variable>
                </process>
                <process>
                    <script background="false" encoding="STRING" type="USE_TEXT">mkdir -p $SS_TC_DEPS/var/run/lttng</script>
                </process>
                <process>
                    <script background="false" encoding="STRING" type="USE_TEXT">$SS_TC_DEPS/bin/lttng create &amp;&amp; $SS_TC_DEPS/bin/lttng enable-event -u -a &amp;&amp; $SS_TC_DEPS/bin/lttng start</script>
                </process>
                <process>
                    <script background="false" encoding="STRING" type="USE_TEXT">rm -rf $SS_TC_ROOT/lockDir</script>
                </process>
                <process>
                    <script background="false" encoding="STRING" type="USE_TEXT">sleep 2 &amp;&amp; printf &quot;Sleeping to allow DB to be created.&quot;</script>
                </process>
            </pre_processes>
            <run_command encoding="STRING" preprend_runcommand="true" type="USE_TEXT">-an -i grsm_0001-shorter.mov good-01/grsm_0001_no_audio.mov</run_command>
            <co_processes scheme="SEQUENCE">
                <process>
                    <script background="false" encoding="STRING" input_id="socket_iiJqW1xviZ" type="USE_TEXT">/opt/stonesoup/workspace/scripts/service_mon.sh ss-localhost 8887 &amp;&amp; curl -v --data-urlencode data=&quot;USA&quot; --header &quot;If-Match: weak_taint_source_value&quot; --request POST --no-buffer --output /opt/stonesoup/workspace/testData/logfile.txt --silent --show-error http://ss-localhost:8887</script>
                </process>
            </co_processes>
            <post_processes scheme="SEQUENCE">
                <process>
                    <database database_name="northwind_gleyxjxkitpjwhhv" database_type="POSTGRESQL" encoding="STRING" server="ss-db-postgres" type="USE_TEXT">DROP DATABASE IF EXISTS &quot;$SS_DBPGDATABASE;&quot;</database>
                </process>
                <process>
                    <script background="false" encoding="STRING" input_id="lttng_output_f1RrfzB8tu" type="USE_TEXT">$SS_TC_DEPS/bin/lttng stop &amp;&amp; $SS_TC_DEPS/bin/lttng view &amp;&amp; $SS_TC_DEPS/bin/lttng destroy</script>
                </process>
            </post_processes>
            <scoring_formula default="GOOD-01-Default">
                <formula name="GOOD-01-Default">(GOOD-01-CENTOS OR GOOD-01-UBUNTU OR GOOD-01-DEBIAN) AND NOT TIMEOUT AND NOT CONTROLLED_EXIT</formula>
            </scoring_formula>
            <output_checks>
                <compare_check check_type="CONTAINS" name="GOOD-01-CENTOS">
                    <actual output_type="FILE_CONTENTS">good-01/grsm_0001_no_audio.mov</actual>
                    <expected encoding="STRING" type="USE_FILE_CONTENTS">good-01/grsm_0001_no_audio-centos.mov</expected>
                </compare_check>
                <compare_check check_type="CONTAINS" name="GOOD-01-UBUNTU">
                    <actual output_type="FILE_CONTENTS">good-01/grsm_0001_no_audio.mov</actual>
                    <expected encoding="STRING" type="USE_FILE_CONTENTS">good-01/grsm_0001_no_audio-ubuntu.mov</expected>
                </compare_check>
                <compare_check check_type="CONTAINS" name="GOOD-01-DEBIAN">
                    <actual output_type="FILE_CONTENTS">good-01/grsm_0001_no_audio.mov</actual>
                    <expected encoding="STRING" type="USE_FILE_CONTENTS">good-01/grsm_0001_no_audio-debian.mov</expected>
                </compare_check>
                <simple_check check_type="SPECIAL" encoding="STRING" name="TIMEOUT" type="USE_TEXT">DOES_NOT_RETURN</simple_check>
                <simple_check check_type="SPECIAL" encoding="STRING" name="CONTROLLED_EXIT" type="USE_TEXT">CONTROLLED_EXIT</simple_check>
            </output_checks>
        </iopair>
        <iopair name="C-C089B-FFMP-05-ST03-DT04-DF13-CF24-01-GOOD-02" reset_scheme="NONE" timeout="300" type="GOOD">
            <description>change the frame rate and aspect ration of a video
Good inputs: 1) name of country for use in Sql databaseBad inputs:1) SQL argument injection 2) SQL command injection 

</description>
            <technical_impact>NONE</technical_impact>
            <pre_processes scheme="SEQUENCE">
                <process>
                    <script background="false" encoding="STRING" type="USE_TEXT">printf 'env SS_DBPGDATABASE;\n' | tee nginx_conf_env.txt</script>
                </process>
                <process>
                    <database database_name="northwind_jqrsspfprxhkjgbq" database_type="POSTGRESQL" encoding="STRING" server="ss-db-postgres" type="USE_FILE_CONTENTS">/opt/stonesoup/workspace/scripts/northwind_create_northwind_jqrsspfprxhkjgbq.sql</database>
                </process>
                <process>
                    <environment_variable encoding="STRING" key="SS_DBPGDATABASE" type="USE_TEXT">northwind_jqrsspfprxhkjgbq</environment_variable>
                </process>
                <process>
                    <script background="false" encoding="STRING" type="USE_TEXT">mkdir $SS_TC_ROOT/logs/execute/lttng</script>
                </process>
                <process>
                    <environment_variable encoding="STRING" key="LTTNG_HOME" type="USE_TEXT">$SS_TC_ROOT/logs/execute/lttng</environment_variable>
                </process>
                <process>
                    <environment_variable encoding="STRING" key="SS_RUN_COMMAND_LD_PRELOAD" type="USE_TEXT">$SS_TC_DEPS/lib64/liblttng-stonesoup-c.so:$SS_TC_DEPS/lib64/liblttng-ust-fork.so</environment_variable>
                </process>
                <process>
                    <script background="false" encoding="STRING" type="USE_TEXT">mkdir -p $SS_TC_DEPS/var/run/lttng</script>
                </process>
                <process>
                    <script background="false" encoding="STRING" type="USE_TEXT">$SS_TC_DEPS/bin/lttng create &amp;&amp; $SS_TC_DEPS/bin/lttng enable-event -u -a &amp;&amp; $SS_TC_DEPS/bin/lttng start</script>
                </process>
                <process>
                    <script background="false" encoding="STRING" type="USE_TEXT">rm -rf $SS_TC_ROOT/lockDir</script>
                </process>
                <process>
                    <script background="false" encoding="STRING" type="USE_TEXT">sleep 2 &amp;&amp; printf &quot;Sleeping to allow DB to be created.&quot;</script>
                </process>
            </pre_processes>
            <run_command encoding="STRING" preprend_runcommand="true" type="USE_TEXT">-r 20 -aspect 16:9 -i elis_m0001-shorter.mov good-02/elis_m0001_rate_aspect.mov</run_command>
            <co_processes scheme="SEQUENCE">
                <process>
                    <script background="false" encoding="STRING" input_id="socket_XdNgFL45Lh" type="USE_TEXT">/opt/stonesoup/workspace/scripts/service_mon.sh ss-localhost 8887 &amp;&amp; curl -v --data-urlencode data=&quot;Germany&quot; --header &quot;If-Match: weak_taint_source_value&quot; --request POST --no-buffer --output /opt/stonesoup/workspace/testData/logfile.txt --silent --show-error http://ss-localhost:8887</script>
                </process>
            </co_processes>
            <post_processes scheme="SEQUENCE">
                <process>
                    <database database_name="northwind_jqrsspfprxhkjgbq" database_type="POSTGRESQL" encoding="STRING" server="ss-db-postgres" type="USE_TEXT">DROP DATABASE IF EXISTS &quot;$SS_DBPGDATABASE;&quot;</database>
                </process>
                <process>
                    <script background="false" encoding="STRING" input_id="lttng_output_0SFAflzIoe" type="USE_TEXT">$SS_TC_DEPS/bin/lttng stop &amp;&amp; $SS_TC_DEPS/bin/lttng view &amp;&amp; $SS_TC_DEPS/bin/lttng destroy</script>
                </process>
            </post_processes>
            <scoring_formula default="GOOD-02-Default">
                <formula name="GOOD-02-Default">(GOOD-02-CENTOS OR GOOD-02-UBUNTU OR GOOD-02-DEBIAN) AND NOT TIMEOUT AND NOT CONTROLLED_EXIT</formula>
            </scoring_formula>
            <output_checks>
                <compare_check check_type="CONTAINS" name="GOOD-02-CENTOS">
                    <actual output_type="FILE_CONTENTS">good-02/elis_m0001_rate_aspect.mov</actual>
                    <expected encoding="STRING" type="USE_FILE_CONTENTS">good-02/elis_m0001_rate_aspect-centos.mov</expected>
                </compare_check>
                <compare_check check_type="CONTAINS" name="GOOD-02-UBUNTU">
                    <actual output_type="FILE_CONTENTS">good-02/elis_m0001_rate_aspect.mov</actual>
                    <expected encoding="STRING" type="USE_FILE_CONTENTS">good-02/elis_m0001_rate_aspect-ubuntu.mov</expected>
                </compare_check>
                <compare_check check_type="CONTAINS" name="GOOD-02-DEBIAN">
                    <actual output_type="FILE_CONTENTS">good-02/elis_m0001_rate_aspect.mov</actual>
                    <expected encoding="STRING" type="USE_FILE_CONTENTS">good-02/elis_m0001_rate_aspect-debian.mov</expected>
                </compare_check>
                <simple_check check_type="SPECIAL" encoding="STRING" name="TIMEOUT" type="USE_TEXT">DOES_NOT_RETURN</simple_check>
                <simple_check check_type="SPECIAL" encoding="STRING" name="CONTROLLED_EXIT" type="USE_TEXT">CONTROLLED_EXIT</simple_check>
            </output_checks>
        </iopair>
        <iopair name="C-C089B-FFMP-05-ST03-DT04-DF13-CF24-01-GOOD-03" reset_scheme="NONE" timeout="300" type="GOOD">
            <description>remove the audio and change the video format from .mov to .mp4 using the mpeg4 codec
Good inputs: 1) name of country for use in Sql databaseBad inputs:1) SQL argument injection 2) SQL command injection 

</description>
            <technical_impact>NONE</technical_impact>
            <pre_processes scheme="SEQUENCE">
                <process>
                    <script background="false" encoding="STRING" type="USE_TEXT">printf 'env SS_DBPGDATABASE;\n' | tee nginx_conf_env.txt</script>
                </process>
                <process>
                    <database database_name="northwind_quurarzctosoyggs" database_type="POSTGRESQL" encoding="STRING" server="ss-db-postgres" type="USE_FILE_CONTENTS">/opt/stonesoup/workspace/scripts/northwind_create_northwind_quurarzctosoyggs.sql</database>
                </process>
                <process>
                    <environment_variable encoding="STRING" key="SS_DBPGDATABASE" type="USE_TEXT">northwind_quurarzctosoyggs</environment_variable>
                </process>
                <process>
                    <script background="false" encoding="STRING" type="USE_TEXT">mkdir $SS_TC_ROOT/logs/execute/lttng</script>
                </process>
                <process>
                    <environment_variable encoding="STRING" key="LTTNG_HOME" type="USE_TEXT">$SS_TC_ROOT/logs/execute/lttng</environment_variable>
                </process>
                <process>
                    <environment_variable encoding="STRING" key="SS_RUN_COMMAND_LD_PRELOAD" type="USE_TEXT">$SS_TC_DEPS/lib64/liblttng-stonesoup-c.so:$SS_TC_DEPS/lib64/liblttng-ust-fork.so</environment_variable>
                </process>
                <process>
                    <script background="false" encoding="STRING" type="USE_TEXT">mkdir -p $SS_TC_DEPS/var/run/lttng</script>
                </process>
                <process>
                    <script background="false" encoding="STRING" type="USE_TEXT">$SS_TC_DEPS/bin/lttng create &amp;&amp; $SS_TC_DEPS/bin/lttng enable-event -u -a &amp;&amp; $SS_TC_DEPS/bin/lttng start</script>
                </process>
                <process>
                    <script background="false" encoding="STRING" type="USE_TEXT">rm -rf $SS_TC_ROOT/lockDir</script>
                </process>
                <process>
                    <script background="false" encoding="STRING" type="USE_TEXT">sleep 2 &amp;&amp; printf &quot;Sleeping to allow DB to be created.&quot;</script>
                </process>
            </pre_processes>
            <run_command encoding="STRING" preprend_runcommand="true" type="USE_TEXT">-an -i bost_people_0001-shorter.mov -vcodec mpeg4 -strict -2 good-03/bost_people_0001.mp4</run_command>
            <co_processes scheme="SEQUENCE">
                <process>
                    <script background="false" encoding="STRING" input_id="socket_78vZphPQ3J" type="USE_TEXT">/opt/stonesoup/workspace/scripts/service_mon.sh ss-localhost 8887 &amp;&amp; curl -v --data-urlencode data=&quot;Finland&quot; --header &quot;If-Match: weak_taint_source_value&quot; --request POST --no-buffer --output /opt/stonesoup/workspace/testData/logfile.txt --silent --show-error http://ss-localhost:8887</script>
                </process>
            </co_processes>
            <post_processes scheme="SEQUENCE">
                <process>
                    <database database_name="northwind_quurarzctosoyggs" database_type="POSTGRESQL" encoding="STRING" server="ss-db-postgres" type="USE_TEXT">DROP DATABASE IF EXISTS &quot;$SS_DBPGDATABASE;&quot;</database>
                </process>
                <process>
                    <script background="false" encoding="STRING" input_id="lttng_output_wNfAjqDcbL" type="USE_TEXT">$SS_TC_DEPS/bin/lttng stop &amp;&amp; $SS_TC_DEPS/bin/lttng view &amp;&amp; $SS_TC_DEPS/bin/lttng destroy</script>
                </process>
            </post_processes>
            <scoring_formula default="GOOD-03-Default">
                <formula name="GOOD-03-Default">(GOOD-03-CENTOS OR GOOD-03-UBUNTU OR GOOD-03-DEBIAN) AND NOT TIMEOUT AND NOT CONTROLLED_EXIT</formula>
            </scoring_formula>
            <output_checks>
                <compare_check check_type="CONTAINS" name="GOOD-03-CENTOS">
                    <actual output_type="FILE_CONTENTS">good-03/bost_people_0001.mp4</actual>
                    <expected encoding="STRING" type="USE_FILE_CONTENTS">good-03/bost_people_0001-centos.mp4</expected>
                </compare_check>
                <compare_check check_type="CONTAINS" name="GOOD-03-UBUNTU">
                    <actual output_type="FILE_CONTENTS">good-03/bost_people_0001.mp4</actual>
                    <expected encoding="STRING" type="USE_FILE_CONTENTS">good-03/bost_people_0001-ubuntu.mp4</expected>
                </compare_check>
                <compare_check check_type="CONTAINS" name="GOOD-03-DEBIAN">
                    <actual output_type="FILE_CONTENTS">good-03/bost_people_0001.mp4</actual>
                    <expected encoding="STRING" type="USE_FILE_CONTENTS">good-03/bost_people_0001-debian.mp4</expected>
                </compare_check>
                <simple_check check_type="SPECIAL" encoding="STRING" name="TIMEOUT" type="USE_TEXT">DOES_NOT_RETURN</simple_check>
                <simple_check check_type="SPECIAL" encoding="STRING" name="CONTROLLED_EXIT" type="USE_TEXT">CONTROLLED_EXIT</simple_check>
            </output_checks>
        </iopair>
        <iopair name="C-C089B-FFMP-05-ST03-DT04-DF13-CF24-01-GOOD-04" reset_scheme="NONE" timeout="300" type="GOOD">
            <description>copy the audio file and convert the number of audio channels to 2.
Good inputs: 1) name of country for use in Sql databaseBad inputs:1) SQL argument injection 2) SQL command injection 

</description>
            <technical_impact>NONE</technical_impact>
            <pre_processes scheme="SEQUENCE">
                <process>
                    <script background="false" encoding="STRING" type="USE_TEXT">printf 'env SS_DBPGDATABASE;\n' | tee nginx_conf_env.txt</script>
                </process>
                <process>
                    <database database_name="northwind_tskbnmghvpkxmceh" database_type="POSTGRESQL" encoding="STRING" server="ss-db-postgres" type="USE_FILE_CONTENTS">/opt/stonesoup/workspace/scripts/northwind_create_northwind_tskbnmghvpkxmceh.sql</database>
                </process>
                <process>
                    <environment_variable encoding="STRING" key="SS_DBPGDATABASE" type="USE_TEXT">northwind_tskbnmghvpkxmceh</environment_variable>
                </process>
                <process>
                    <script background="false" encoding="STRING" type="USE_TEXT">mkdir $SS_TC_ROOT/logs/execute/lttng</script>
                </process>
                <process>
                    <environment_variable encoding="STRING" key="LTTNG_HOME" type="USE_TEXT">$SS_TC_ROOT/logs/execute/lttng</environment_variable>
                </process>
                <process>
                    <environment_variable encoding="STRING" key="SS_RUN_COMMAND_LD_PRELOAD" type="USE_TEXT">$SS_TC_DEPS/lib64/liblttng-stonesoup-c.so:$SS_TC_DEPS/lib64/liblttng-ust-fork.so</environment_variable>
                </process>
                <process>
                    <script background="false" encoding="STRING" type="USE_TEXT">mkdir -p $SS_TC_DEPS/var/run/lttng</script>
                </process>
                <process>
                    <script background="false" encoding="STRING" type="USE_TEXT">$SS_TC_DEPS/bin/lttng create &amp;&amp; $SS_TC_DEPS/bin/lttng enable-event -u -a &amp;&amp; $SS_TC_DEPS/bin/lttng start</script>
                </process>
                <process>
                    <script background="false" encoding="STRING" type="USE_TEXT">rm -rf $SS_TC_ROOT/lockDir</script>
                </process>
                <process>
                    <script background="false" encoding="STRING" type="USE_TEXT">sleep 2 &amp;&amp; printf &quot;Sleeping to allow DB to be created.&quot;</script>
                </process>
            </pre_processes>
            <run_command encoding="STRING" preprend_runcommand="true" type="USE_TEXT">-i ApacheTomcat-SomewhereInMyMind.mp3 -acodec copy -ac 2 good-04/ApacheTomcat_dualchannelaudio.mp3</run_command>
            <co_processes scheme="SEQUENCE">
                <process>
                    <script background="false" encoding="STRING" input_id="socket_0fnKAyJGPR" type="USE_TEXT">/opt/stonesoup/workspace/scripts/service_mon.sh ss-localhost 8887 &amp;&amp; curl -v --data-urlencode data=&quot;USA&quot; --header &quot;If-Match: weak_taint_source_value&quot; --request POST --no-buffer --output /opt/stonesoup/workspace/testData/logfile.txt --silent --show-error http://ss-localhost:8887</script>
                </process>
            </co_processes>
            <post_processes scheme="SEQUENCE">
                <process>
                    <database database_name="northwind_tskbnmghvpkxmceh" database_type="POSTGRESQL" encoding="STRING" server="ss-db-postgres" type="USE_TEXT">DROP DATABASE IF EXISTS &quot;$SS_DBPGDATABASE;&quot;</database>
                </process>
                <process>
                    <script background="false" encoding="STRING" input_id="lttng_output_PS0GeCuDlL" type="USE_TEXT">$SS_TC_DEPS/bin/lttng stop &amp;&amp; $SS_TC_DEPS/bin/lttng view &amp;&amp; $SS_TC_DEPS/bin/lttng destroy</script>
                </process>
            </post_processes>
            <scoring_formula default="GOOD-04-Default">
                <formula name="GOOD-04-Default">GOOD-04 AND NOT TIMEOUT AND NOT CONTROLLED_EXIT</formula>
            </scoring_formula>
            <output_checks>
                <compare_check check_type="CONTAINS" name="GOOD-04">
                    <actual output_type="FILE_CONTENTS">good-04/ApacheTomcat_dualchannelaudio.mp3</actual>
                    <expected encoding="STRING" type="USE_FILE_CONTENTS">good-04/ApacheTomcat_dualchannelaudio.mp3</expected>
                </compare_check>
                <simple_check check_type="SPECIAL" encoding="STRING" name="TIMEOUT" type="USE_TEXT">DOES_NOT_RETURN</simple_check>
                <simple_check check_type="SPECIAL" encoding="STRING" name="CONTROLLED_EXIT" type="USE_TEXT">CONTROLLED_EXIT</simple_check>
            </output_checks>
        </iopair>
        <iopair name="C-C089B-FFMP-05-ST03-DT04-DF13-CF24-01-GOOD-05" reset_scheme="NONE" timeout="300" type="GOOD">
            <description>remove original audio from a file and combine the audio from another file to create a new video and audio file
Good inputs: 1) name of country for use in Sql databaseBad inputs:1) SQL argument injection 2) SQL command injection 

</description>
            <technical_impact>NONE</technical_impact>
            <pre_processes scheme="SEQUENCE">
                <process>
                    <script background="false" encoding="STRING" type="USE_TEXT">printf 'env SS_DBPGDATABASE;\n' | tee nginx_conf_env.txt</script>
                </process>
                <process>
                    <database database_name="northwind_cbpfruusyytazred" database_type="POSTGRESQL" encoding="STRING" server="ss-db-postgres" type="USE_FILE_CONTENTS">/opt/stonesoup/workspace/scripts/northwind_create_northwind_cbpfruusyytazred.sql</database>
                </process>
                <process>
                    <environment_variable encoding="STRING" key="SS_DBPGDATABASE" type="USE_TEXT">northwind_cbpfruusyytazred</environment_variable>
                </process>
                <process>
                    <script background="false" encoding="STRING" type="USE_TEXT">mkdir $SS_TC_ROOT/logs/execute/lttng</script>
                </process>
                <process>
                    <environment_variable encoding="STRING" key="LTTNG_HOME" type="USE_TEXT">$SS_TC_ROOT/logs/execute/lttng</environment_variable>
                </process>
                <process>
                    <environment_variable encoding="STRING" key="SS_RUN_COMMAND_LD_PRELOAD" type="USE_TEXT">$SS_TC_DEPS/lib64/liblttng-stonesoup-c.so:$SS_TC_DEPS/lib64/liblttng-ust-fork.so</environment_variable>
                </process>
                <process>
                    <script background="false" encoding="STRING" type="USE_TEXT">mkdir -p $SS_TC_DEPS/var/run/lttng</script>
                </process>
                <process>
                    <script background="false" encoding="STRING" type="USE_TEXT">$SS_TC_DEPS/bin/lttng create &amp;&amp; $SS_TC_DEPS/bin/lttng enable-event -u -a &amp;&amp; $SS_TC_DEPS/bin/lttng start</script>
                </process>
                <process>
                    <script background="false" encoding="STRING" type="USE_TEXT">rm -rf $SS_TC_ROOT/lockDir</script>
                </process>
                <process>
                    <script background="false" encoding="STRING" type="USE_TEXT">sleep 2 &amp;&amp; printf &quot;Sleeping to allow DB to be created.&quot;</script>
                </process>
            </pre_processes>
            <run_command encoding="STRING" preprend_runcommand="true" type="USE_TEXT">-an -i grsm_0001-shorter.mov -i ApacheTomcat-SomewhereInMyMind.mp3 -acodec copy good-05/combined.mov</run_command>
            <co_processes scheme="SEQUENCE">
                <process>
                    <script background="false" encoding="STRING" input_id="socket_cStO2EyUZX" type="USE_TEXT">/opt/stonesoup/workspace/scripts/service_mon.sh ss-localhost 8887 &amp;&amp; curl -v --data-urlencode data=&quot;Germany&quot; --header &quot;If-Match: weak_taint_source_value&quot; --request POST --no-buffer --output /opt/stonesoup/workspace/testData/logfile.txt --silent --show-error http://ss-localhost:8887</script>
                </process>
            </co_processes>
            <post_processes scheme="SEQUENCE">
                <process>
                    <database database_name="northwind_cbpfruusyytazred" database_type="POSTGRESQL" encoding="STRING" server="ss-db-postgres" type="USE_TEXT">DROP DATABASE IF EXISTS &quot;$SS_DBPGDATABASE;&quot;</database>
                </process>
                <process>
                    <script background="false" encoding="STRING" input_id="lttng_output_vC9vRIm3Nv" type="USE_TEXT">$SS_TC_DEPS/bin/lttng stop &amp;&amp; $SS_TC_DEPS/bin/lttng view &amp;&amp; $SS_TC_DEPS/bin/lttng destroy</script>
                </process>
            </post_processes>
            <scoring_formula default="GOOD-05-Default">
                <formula name="GOOD-05-Default">(GOOD-05-CENTOS OR GOOD-05-UBUNTU OR GOOD-05-DEBIAN) AND NOT TIMEOUT AND NOT CONTROLLED_EXIT</formula>
            </scoring_formula>
            <output_checks>
                <compare_check check_type="CONTAINS" name="GOOD-05-CENTOS">
                    <actual output_type="FILE_CONTENTS">good-05/combined.mov</actual>
                    <expected encoding="STRING" type="USE_FILE_CONTENTS">good-05/combined-centos.mov</expected>
                </compare_check>
                <compare_check check_type="CONTAINS" name="GOOD-05-UBUNTU">
                    <actual output_type="FILE_CONTENTS">good-05/combined.mov</actual>
                    <expected encoding="STRING" type="USE_FILE_CONTENTS">good-05/combined-ubuntu.mov</expected>
                </compare_check>
                <compare_check check_type="CONTAINS" name="GOOD-05-DEBIAN">
                    <actual output_type="FILE_CONTENTS">good-05/combined.mov</actual>
                    <expected encoding="STRING" type="USE_FILE_CONTENTS">good-05/combined-debian.mov</expected>
                </compare_check>
                <simple_check check_type="SPECIAL" encoding="STRING" name="TIMEOUT" type="USE_TEXT">DOES_NOT_RETURN</simple_check>
                <simple_check check_type="SPECIAL" encoding="STRING" name="CONTROLLED_EXIT" type="USE_TEXT">CONTROLLED_EXIT</simple_check>
            </output_checks>
        </iopair>
        <iopair name="C-C089B-FFMP-05-ST03-DT04-DF13-CF24-01-GOOD-06" reset_scheme="NONE" timeout="600" type="GOOD">
            <description>Convert the size of a video to vga (640x480)
Good inputs: 1) name of country for use in Sql databaseBad inputs:1) SQL argument injection 2) SQL command injection 

</description>
            <technical_impact>NONE</technical_impact>
            <pre_processes scheme="SEQUENCE">
                <process>
                    <script background="false" encoding="STRING" type="USE_TEXT">printf 'env SS_DBPGDATABASE;\n' | tee nginx_conf_env.txt</script>
                </process>
                <process>
                    <database database_name="northwind_ucoqvokkrzvtohny" database_type="POSTGRESQL" encoding="STRING" server="ss-db-postgres" type="USE_FILE_CONTENTS">/opt/stonesoup/workspace/scripts/northwind_create_northwind_ucoqvokkrzvtohny.sql</database>
                </process>
                <process>
                    <environment_variable encoding="STRING" key="SS_DBPGDATABASE" type="USE_TEXT">northwind_ucoqvokkrzvtohny</environment_variable>
                </process>
                <process>
                    <script background="false" encoding="STRING" type="USE_TEXT">mkdir $SS_TC_ROOT/logs/execute/lttng</script>
                </process>
                <process>
                    <environment_variable encoding="STRING" key="LTTNG_HOME" type="USE_TEXT">$SS_TC_ROOT/logs/execute/lttng</environment_variable>
                </process>
                <process>
                    <environment_variable encoding="STRING" key="SS_RUN_COMMAND_LD_PRELOAD" type="USE_TEXT">$SS_TC_DEPS/lib64/liblttng-stonesoup-c.so:$SS_TC_DEPS/lib64/liblttng-ust-fork.so</environment_variable>
                </process>
                <process>
                    <script background="false" encoding="STRING" type="USE_TEXT">mkdir -p $SS_TC_DEPS/var/run/lttng</script>
                </process>
                <process>
                    <script background="false" encoding="STRING" type="USE_TEXT">$SS_TC_DEPS/bin/lttng create &amp;&amp; $SS_TC_DEPS/bin/lttng enable-event -u -a &amp;&amp; $SS_TC_DEPS/bin/lttng start</script>
                </process>
                <process>
                    <script background="false" encoding="STRING" type="USE_TEXT">rm -rf $SS_TC_ROOT/lockDir</script>
                </process>
                <process>
                    <script background="false" encoding="STRING" type="USE_TEXT">sleep 2 &amp;&amp; printf &quot;Sleeping to allow DB to be created.&quot;</script>
                </process>
            </pre_processes>
            <run_command encoding="STRING" preprend_runcommand="true" type="USE_TEXT">-i good-06/combined.mov -strict -2 -s vga good-06/combined_vga_sized.mov</run_command>
            <co_processes scheme="SEQUENCE">
                <process>
                    <script background="false" encoding="STRING" input_id="socket_mE9DFthO9x" type="USE_TEXT">/opt/stonesoup/workspace/scripts/service_mon.sh ss-localhost 8887 &amp;&amp; curl -v --data-urlencode data=&quot;Finland&quot; --header &quot;If-Match: weak_taint_source_value&quot; --request POST --no-buffer --output /opt/stonesoup/workspace/testData/logfile.txt --silent --show-error http://ss-localhost:8887</script>
                </process>
            </co_processes>
            <post_processes scheme="SEQUENCE">
                <process>
                    <database database_name="northwind_ucoqvokkrzvtohny" database_type="POSTGRESQL" encoding="STRING" server="ss-db-postgres" type="USE_TEXT">DROP DATABASE IF EXISTS &quot;$SS_DBPGDATABASE;&quot;</database>
                </process>
                <process>
                    <script background="false" encoding="STRING" input_id="lttng_output_M5u4iUooro" type="USE_TEXT">$SS_TC_DEPS/bin/lttng stop &amp;&amp; $SS_TC_DEPS/bin/lttng view &amp;&amp; $SS_TC_DEPS/bin/lttng destroy</script>
                </process>
            </post_processes>
            <scoring_formula default="GOOD-06-Default">
                <formula name="GOOD-06-Default">(GOOD-06-CENTOS OR GOOD-06-UBUNTU OR GOOD-06-DEBIAN) AND NOT TIMEOUT AND NOT CONTROLLED_EXIT</formula>
            </scoring_formula>
            <output_checks>
                <compare_check check_type="CONTAINS" name="GOOD-06-CENTOS">
                    <actual output_type="FILE_CONTENTS">good-06/combined_vga_sized.mov</actual>
                    <expected encoding="STRING" type="USE_FILE_CONTENTS">good-06/combined_vga_sized-centos.mov</expected>
                </compare_check>
                <compare_check check_type="CONTAINS" name="GOOD-06-UBUNTU">
                    <actual output_type="FILE_CONTENTS">good-06/combined_vga_sized.mov</actual>
                    <expected encoding="STRING" type="USE_FILE_CONTENTS">good-06/combined_vga_sized-ubuntu.mov</expected>
                </compare_check>
                <compare_check check_type="CONTAINS" name="GOOD-06-DEBIAN">
                    <actual output_type="FILE_CONTENTS">good-06/combined_vga_sized.mov</actual>
                    <expected encoding="STRING" type="USE_FILE_CONTENTS">good-06/combined_vga_sized-debian.mov</expected>
                </compare_check>
                <simple_check check_type="SPECIAL" encoding="STRING" name="TIMEOUT" type="USE_TEXT">DOES_NOT_RETURN</simple_check>
                <simple_check check_type="SPECIAL" encoding="STRING" name="CONTROLLED_EXIT" type="USE_TEXT">CONTROLLED_EXIT</simple_check>
            </output_checks>
        </iopair>
        <iopair name="C-C089B-FFMP-05-ST03-DT04-DF13-CF24-01-GOOD-07" reset_scheme="NONE" timeout="300" type="GOOD">
            <description>Covert a .wav file to .mp2 at 22050Hz
Good inputs: 1) name of country for use in Sql databaseBad inputs:1) SQL argument injection 2) SQL command injection 

</description>
            <technical_impact>NONE</technical_impact>
            <pre_processes scheme="SEQUENCE">
                <process>
                    <script background="false" encoding="STRING" type="USE_TEXT">printf 'env SS_DBPGDATABASE;\n' | tee nginx_conf_env.txt</script>
                </process>
                <process>
                    <database database_name="northwind_rxabhdzuzhlylfsn" database_type="POSTGRESQL" encoding="STRING" server="ss-db-postgres" type="USE_FILE_CONTENTS">/opt/stonesoup/workspace/scripts/northwind_create_northwind_rxabhdzuzhlylfsn.sql</database>
                </process>
                <process>
                    <environment_variable encoding="STRING" key="SS_DBPGDATABASE" type="USE_TEXT">northwind_rxabhdzuzhlylfsn</environment_variable>
                </process>
                <process>
                    <script background="false" encoding="STRING" type="USE_TEXT">mkdir $SS_TC_ROOT/logs/execute/lttng</script>
                </process>
                <process>
                    <environment_variable encoding="STRING" key="LTTNG_HOME" type="USE_TEXT">$SS_TC_ROOT/logs/execute/lttng</environment_variable>
                </process>
                <process>
                    <environment_variable encoding="STRING" key="SS_RUN_COMMAND_LD_PRELOAD" type="USE_TEXT">$SS_TC_DEPS/lib64/liblttng-stonesoup-c.so:$SS_TC_DEPS/lib64/liblttng-ust-fork.so</environment_variable>
                </process>
                <process>
                    <script background="false" encoding="STRING" type="USE_TEXT">mkdir -p $SS_TC_DEPS/var/run/lttng</script>
                </process>
                <process>
                    <script background="false" encoding="STRING" type="USE_TEXT">$SS_TC_DEPS/bin/lttng create &amp;&amp; $SS_TC_DEPS/bin/lttng enable-event -u -a &amp;&amp; $SS_TC_DEPS/bin/lttng start</script>
                </process>
                <process>
                    <script background="false" encoding="STRING" type="USE_TEXT">rm -rf $SS_TC_ROOT/lockDir</script>
                </process>
                <process>
                    <script background="false" encoding="STRING" type="USE_TEXT">sleep 2 &amp;&amp; printf &quot;Sleeping to allow DB to be created.&quot;</script>
                </process>
            </pre_processes>
            <run_command encoding="STRING" preprend_runcommand="true" type="USE_TEXT">-i good-07/Bow_To_My_firewall.wav -ar 22050 good-07/Bow_To_My_firewall.mp2</run_command>
            <co_processes scheme="SEQUENCE">
                <process>
                    <script background="false" encoding="STRING" input_id="socket_vhWXBnpKLH" type="USE_TEXT">/opt/stonesoup/workspace/scripts/service_mon.sh ss-localhost 8887 &amp;&amp; curl -v --data-urlencode data=&quot;USA&quot; --header &quot;If-Match: weak_taint_source_value&quot; --request POST --no-buffer --output /opt/stonesoup/workspace/testData/logfile.txt --silent --show-error http://ss-localhost:8887</script>
                </process>
            </co_processes>
            <post_processes scheme="SEQUENCE">
                <process>
                    <database database_name="northwind_rxabhdzuzhlylfsn" database_type="POSTGRESQL" encoding="STRING" server="ss-db-postgres" type="USE_TEXT">DROP DATABASE IF EXISTS &quot;$SS_DBPGDATABASE;&quot;</database>
                </process>
                <process>
                    <script background="false" encoding="STRING" input_id="lttng_output_9TednGn3yM" type="USE_TEXT">$SS_TC_DEPS/bin/lttng stop &amp;&amp; $SS_TC_DEPS/bin/lttng view &amp;&amp; $SS_TC_DEPS/bin/lttng destroy</script>
                </process>
            </post_processes>
            <scoring_formula default="GOOD-07-Default">
                <formula name="GOOD-07-Default">GOOD-07 AND NOT TIMEOUT AND NOT CONTROLLED_EXIT</formula>
            </scoring_formula>
            <output_checks>
                <compare_check check_type="CONTAINS" name="GOOD-07">
                    <actual output_type="FILE_CONTENTS">good-07/Bow_To_My_firewall.mp2</actual>
                    <expected encoding="STRING" type="USE_FILE_CONTENTS">good-07/Bow_To_My_firewall.mp2</expected>
                </compare_check>
                <simple_check check_type="SPECIAL" encoding="STRING" name="TIMEOUT" type="USE_TEXT">DOES_NOT_RETURN</simple_check>
                <simple_check check_type="SPECIAL" encoding="STRING" name="CONTROLLED_EXIT" type="USE_TEXT">CONTROLLED_EXIT</simple_check>
            </output_checks>
        </iopair>
        <iopair name="C-C089B-FFMP-05-ST03-DT04-DF13-CF24-01-GOOD-08" reset_scheme="NONE" timeout="300" type="GOOD">
            <description>Change the bitrate and do it in two passes
Good inputs: 1) name of country for use in Sql databaseBad inputs:1) SQL argument injection 2) SQL command injection 

</description>
            <technical_impact>NONE</technical_impact>
            <pre_processes scheme="SEQUENCE">
                <process>
                    <script background="false" encoding="STRING" type="USE_TEXT">printf 'env SS_DBPGDATABASE;\n' | tee nginx_conf_env.txt</script>
                </process>
                <process>
                    <database database_name="northwind_yxrkkqsxjilugjix" database_type="POSTGRESQL" encoding="STRING" server="ss-db-postgres" type="USE_FILE_CONTENTS">/opt/stonesoup/workspace/scripts/northwind_create_northwind_yxrkkqsxjilugjix.sql</database>
                </process>
                <process>
                    <environment_variable encoding="STRING" key="SS_DBPGDATABASE" type="USE_TEXT">northwind_yxrkkqsxjilugjix</environment_variable>
                </process>
                <process>
                    <script background="false" encoding="STRING" type="USE_TEXT">mkdir $SS_TC_ROOT/logs/execute/lttng</script>
                </process>
                <process>
                    <environment_variable encoding="STRING" key="LTTNG_HOME" type="USE_TEXT">$SS_TC_ROOT/logs/execute/lttng</environment_variable>
                </process>
                <process>
                    <environment_variable encoding="STRING" key="SS_RUN_COMMAND_LD_PRELOAD" type="USE_TEXT">$SS_TC_DEPS/lib64/liblttng-stonesoup-c.so:$SS_TC_DEPS/lib64/liblttng-ust-fork.so</environment_variable>
                </process>
                <process>
                    <script background="false" encoding="STRING" type="USE_TEXT">mkdir -p $SS_TC_DEPS/var/run/lttng</script>
                </process>
                <process>
                    <script background="false" encoding="STRING" type="USE_TEXT">$SS_TC_DEPS/bin/lttng create &amp;&amp; $SS_TC_DEPS/bin/lttng enable-event -u -a &amp;&amp; $SS_TC_DEPS/bin/lttng start</script>
                </process>
                <process>
                    <script background="false" encoding="STRING" type="USE_TEXT">rm -rf $SS_TC_ROOT/lockDir</script>
                </process>
                <process>
                    <script background="false" encoding="STRING" type="USE_TEXT">sleep 2 &amp;&amp; printf &quot;Sleeping to allow DB to be created.&quot;</script>
                </process>
            </pre_processes>
            <run_command encoding="STRING" preprend_runcommand="true" type="USE_TEXT">-b 300 -pass 2 -i grsm_0001-shorter.mov good-08/grsm_0001_bitrate.mov</run_command>
            <co_processes scheme="SEQUENCE">
                <process>
                    <script background="false" encoding="STRING" input_id="socket_VLB7mZHMa1" type="USE_TEXT">/opt/stonesoup/workspace/scripts/service_mon.sh ss-localhost 8887 &amp;&amp; curl -v --data-urlencode data=&quot;Germany&quot; --header &quot;If-Match: weak_taint_source_value&quot; --request POST --no-buffer --output /opt/stonesoup/workspace/testData/logfile.txt --silent --show-error http://ss-localhost:8887</script>
                </process>
            </co_processes>
            <post_processes scheme="SEQUENCE">
                <process>
                    <database database_name="northwind_yxrkkqsxjilugjix" database_type="POSTGRESQL" encoding="STRING" server="ss-db-postgres" type="USE_TEXT">DROP DATABASE IF EXISTS &quot;$SS_DBPGDATABASE;&quot;</database>
                </process>
                <process>
                    <script background="false" encoding="STRING" input_id="lttng_output_2jcsxK28gP" type="USE_TEXT">$SS_TC_DEPS/bin/lttng stop &amp;&amp; $SS_TC_DEPS/bin/lttng view &amp;&amp; $SS_TC_DEPS/bin/lttng destroy</script>
                </process>
            </post_processes>
            <scoring_formula default="GOOD-08-Default">
                <formula name="GOOD-08-Default">(GOOD-08-CENTOS OR GOOD-08-UBUNTU OR GOOD-08-DEBIAN) AND NOT TIMEOUT AND NOT CONTROLLED_EXIT</formula>
            </scoring_formula>
            <output_checks>
                <compare_check check_type="CONTAINS" name="GOOD-08-CENTOS">
                    <actual output_type="FILE_CONTENTS">good-08/grsm_0001_bitrate.mov</actual>
                    <expected encoding="STRING" type="USE_FILE_CONTENTS">good-08/grsm_0001_bitrate-centos.mov</expected>
                </compare_check>
                <compare_check check_type="CONTAINS" name="GOOD-08-UBUNTU">
                    <actual output_type="FILE_CONTENTS">good-08/grsm_0001_bitrate.mov</actual>
                    <expected encoding="STRING" type="USE_FILE_CONTENTS">good-08/grsm_0001_bitrate-ubuntu.mov</expected>
                </compare_check>
                <compare_check check_type="CONTAINS" name="GOOD-08-DEBIAN">
                    <actual output_type="FILE_CONTENTS">good-08/grsm_0001_bitrate.mov</actual>
                    <expected encoding="STRING" type="USE_FILE_CONTENTS">good-08/grsm_0001_bitrate-debian.mov</expected>
                </compare_check>
                <simple_check check_type="SPECIAL" encoding="STRING" name="TIMEOUT" type="USE_TEXT">DOES_NOT_RETURN</simple_check>
                <simple_check check_type="SPECIAL" encoding="STRING" name="CONTROLLED_EXIT" type="USE_TEXT">CONTROLLED_EXIT</simple_check>
            </output_checks>
        </iopair>
        <iopair name="C-C089B-FFMP-05-ST03-DT04-DF13-CF24-01-GOOD-09" reset_scheme="NONE" timeout="300" type="GOOD">
            <description>Convert images into a video
Good inputs: 1) name of country for use in Sql databaseBad inputs:1) SQL argument injection 2) SQL command injection 

</description>
            <technical_impact>NONE</technical_impact>
            <pre_processes scheme="SEQUENCE">
                <process>
                    <script background="false" encoding="STRING" type="USE_TEXT">printf 'env SS_DBPGDATABASE;\n' | tee nginx_conf_env.txt</script>
                </process>
                <process>
                    <database database_name="northwind_vflvfazsaxmormew" database_type="POSTGRESQL" encoding="STRING" server="ss-db-postgres" type="USE_FILE_CONTENTS">/opt/stonesoup/workspace/scripts/northwind_create_northwind_vflvfazsaxmormew.sql</database>
                </process>
                <process>
                    <environment_variable encoding="STRING" key="SS_DBPGDATABASE" type="USE_TEXT">northwind_vflvfazsaxmormew</environment_variable>
                </process>
                <process>
                    <script background="false" encoding="STRING" type="USE_TEXT">mkdir $SS_TC_ROOT/logs/execute/lttng</script>
                </process>
                <process>
                    <environment_variable encoding="STRING" key="LTTNG_HOME" type="USE_TEXT">$SS_TC_ROOT/logs/execute/lttng</environment_variable>
                </process>
                <process>
                    <environment_variable encoding="STRING" key="SS_RUN_COMMAND_LD_PRELOAD" type="USE_TEXT">$SS_TC_DEPS/lib64/liblttng-stonesoup-c.so:$SS_TC_DEPS/lib64/liblttng-ust-fork.so</environment_variable>
                </process>
                <process>
                    <script background="false" encoding="STRING" type="USE_TEXT">mkdir -p $SS_TC_DEPS/var/run/lttng</script>
                </process>
                <process>
                    <script background="false" encoding="STRING" type="USE_TEXT">$SS_TC_DEPS/bin/lttng create &amp;&amp; $SS_TC_DEPS/bin/lttng enable-event -u -a &amp;&amp; $SS_TC_DEPS/bin/lttng start</script>
                </process>
                <process>
                    <script background="false" encoding="STRING" type="USE_TEXT">rm -rf $SS_TC_ROOT/lockDir</script>
                </process>
                <process>
                    <script background="false" encoding="STRING" type="USE_TEXT">sleep 2 &amp;&amp; printf &quot;Sleeping to allow DB to be created.&quot;</script>
                </process>
            </pre_processes>
            <run_command encoding="STRING" preprend_runcommand="true" type="USE_TEXT">-f image2 -i good-09/%03d.jpg -r 12 -s vga good-09/images.avi</run_command>
            <co_processes scheme="SEQUENCE">
                <process>
                    <script background="false" encoding="STRING" input_id="socket_e8DNmcCmBP" type="USE_TEXT">/opt/stonesoup/workspace/scripts/service_mon.sh ss-localhost 8887 &amp;&amp; curl -v --data-urlencode data=&quot;Finland&quot; --header &quot;If-Match: weak_taint_source_value&quot; --request POST --no-buffer --output /opt/stonesoup/workspace/testData/logfile.txt --silent --show-error http://ss-localhost:8887</script>
                </process>
            </co_processes>
            <post_processes scheme="SEQUENCE">
                <process>
                    <database database_name="northwind_vflvfazsaxmormew" database_type="POSTGRESQL" encoding="STRING" server="ss-db-postgres" type="USE_TEXT">DROP DATABASE IF EXISTS &quot;$SS_DBPGDATABASE;&quot;</database>
                </process>
                <process>
                    <script background="false" encoding="STRING" input_id="lttng_output_CLDFGo8Q5R" type="USE_TEXT">$SS_TC_DEPS/bin/lttng stop &amp;&amp; $SS_TC_DEPS/bin/lttng view &amp;&amp; $SS_TC_DEPS/bin/lttng destroy</script>
                </process>
            </post_processes>
            <scoring_formula default="GOOD-09-Default">
                <formula name="GOOD-09-Default">(GOOD-09-CENTOS OR GOOD-09-UBUNTU OR GOOD-09-DEBIAN) AND NOT TIMEOUT AND NOT CONTROLLED_EXIT</formula>
            </scoring_formula>
            <output_checks>
                <compare_check check_type="CONTAINS" name="GOOD-09-CENTOS">
                    <actual output_type="FILE_CONTENTS">good-09/images.avi</actual>
                    <expected encoding="STRING" type="USE_FILE_CONTENTS">good-09/images-centos.avi</expected>
                </compare_check>
                <compare_check check_type="CONTAINS" name="GOOD-09-UBUNTU">
                    <actual output_type="FILE_CONTENTS">good-09/images.avi</actual>
                    <expected encoding="STRING" type="USE_FILE_CONTENTS">good-09/images-ubuntu.avi</expected>
                </compare_check>
                <compare_check check_type="CONTAINS" name="GOOD-09-DEBIAN">
                    <actual output_type="FILE_CONTENTS">good-09/images.avi</actual>
                    <expected encoding="STRING" type="USE_FILE_CONTENTS">good-09/images-debian.avi</expected>
                </compare_check>
                <simple_check check_type="SPECIAL" encoding="STRING" name="TIMEOUT" type="USE_TEXT">DOES_NOT_RETURN</simple_check>
                <simple_check check_type="SPECIAL" encoding="STRING" name="CONTROLLED_EXIT" type="USE_TEXT">CONTROLLED_EXIT</simple_check>
            </output_checks>
        </iopair>
        <iopair name="C-C089B-FFMP-05-ST03-DT04-DF13-CF24-01-GOOD-10" reset_scheme="NONE" timeout="300" type="GOOD">
            <description>Extract every fifth frame and convert it to an image
Good inputs: 1) name of country for use in Sql databaseBad inputs:1) SQL argument injection 2) SQL command injection 

</description>
            <technical_impact>NONE</technical_impact>
            <pre_processes scheme="SEQUENCE">
                <process>
                    <script background="false" encoding="STRING" type="USE_TEXT">printf 'env SS_DBPGDATABASE;\n' | tee nginx_conf_env.txt</script>
                </process>
                <process>
                    <database database_name="northwind_blcfmlhutnhlfvvy" database_type="POSTGRESQL" encoding="STRING" server="ss-db-postgres" type="USE_FILE_CONTENTS">/opt/stonesoup/workspace/scripts/northwind_create_northwind_blcfmlhutnhlfvvy.sql</database>
                </process>
                <process>
                    <environment_variable encoding="STRING" key="SS_DBPGDATABASE" type="USE_TEXT">northwind_blcfmlhutnhlfvvy</environment_variable>
                </process>
                <process>
                    <script background="false" encoding="STRING" type="USE_TEXT">mkdir $SS_TC_ROOT/logs/execute/lttng</script>
                </process>
                <process>
                    <environment_variable encoding="STRING" key="LTTNG_HOME" type="USE_TEXT">$SS_TC_ROOT/logs/execute/lttng</environment_variable>
                </process>
                <process>
                    <environment_variable encoding="STRING" key="SS_RUN_COMMAND_LD_PRELOAD" type="USE_TEXT">$SS_TC_DEPS/lib64/liblttng-stonesoup-c.so:$SS_TC_DEPS/lib64/liblttng-ust-fork.so</environment_variable>
                </process>
                <process>
                    <script background="false" encoding="STRING" type="USE_TEXT">mkdir -p $SS_TC_DEPS/var/run/lttng</script>
                </process>
                <process>
                    <script background="false" encoding="STRING" type="USE_TEXT">$SS_TC_DEPS/bin/lttng create &amp;&amp; $SS_TC_DEPS/bin/lttng enable-event -u -a &amp;&amp; $SS_TC_DEPS/bin/lttng start</script>
                </process>
                <process>
                    <script background="false" encoding="STRING" type="USE_TEXT">rm -rf $SS_TC_ROOT/lockDir</script>
                </process>
                <process>
                    <script background="false" encoding="STRING" type="USE_TEXT">sleep 2 &amp;&amp; printf &quot;Sleeping to allow DB to be created.&quot;</script>
                </process>
            </pre_processes>
            <run_command encoding="STRING" preprend_runcommand="true" type="USE_TEXT">-i elis_m0001-shorter.mov -r 5 -s vga good-10/elise-%04d.jpg</run_command>
            <co_processes scheme="SEQUENCE">
                <process>
                    <script background="false" encoding="STRING" input_id="socket_lgGOfdo0Ae" type="USE_TEXT">/opt/stonesoup/workspace/scripts/service_mon.sh ss-localhost 8887 &amp;&amp; curl -v --data-urlencode data=&quot;USA&quot; --header &quot;If-Match: weak_taint_source_value&quot; --request POST --no-buffer --output /opt/stonesoup/workspace/testData/logfile.txt --silent --show-error http://ss-localhost:8887</script>
                </process>
            </co_processes>
            <post_processes scheme="SEQUENCE">
                <process>
                    <database database_name="northwind_blcfmlhutnhlfvvy" database_type="POSTGRESQL" encoding="STRING" server="ss-db-postgres" type="USE_TEXT">DROP DATABASE IF EXISTS &quot;$SS_DBPGDATABASE;&quot;</database>
                </process>
                <process>
                    <script background="false" encoding="STRING" input_id="lttng_output_So1LpZTifk" type="USE_TEXT">$SS_TC_DEPS/bin/lttng stop &amp;&amp; $SS_TC_DEPS/bin/lttng view &amp;&amp; $SS_TC_DEPS/bin/lttng destroy</script>
                </process>
            </post_processes>
            <scoring_formula default="GOOD-10-Default">
                <formula name="GOOD-10-Default">((GOOD-10-1-CENTOS AND GOOD-10-2-CENTOS) OR (GOOD-10-1-UBUNTU AND GOOD-10-2-UBUNTU) OR (GOOD-10-1-DEBIAN AND GOOD-10-2-DEBIAN)) AND NOT TIMEOUT AND NOT CONTROLLED_EXIT</formula>
            </scoring_formula>
            <output_checks>
                <compare_check check_type="CONTAINS" name="GOOD-10-1-CENTOS">
                    <actual output_type="FILE_CONTENTS">good-10/elise-0001.jpg</actual>
                    <expected encoding="STRING" type="USE_FILE_CONTENTS">good-10/elise-0001-centos.jpg</expected>
                </compare_check>
                <compare_check check_type="CONTAINS" name="GOOD-10-2-CENTOS">
                    <actual output_type="FILE_CONTENTS">good-10/elise-0028.jpg</actual>
                    <expected encoding="STRING" type="USE_FILE_CONTENTS">good-10/elise-0028-centos.jpg</expected>
                </compare_check>
                <compare_check check_type="CONTAINS" name="GOOD-10-1-UBUNTU">
                    <actual output_type="FILE_CONTENTS">good-10/elise-0001.jpg</actual>
                    <expected encoding="STRING" type="USE_FILE_CONTENTS">good-10/elise-0001-ubuntu.jpg</expected>
                </compare_check>
                <compare_check check_type="CONTAINS" name="GOOD-10-2-UBUNTU">
                    <actual output_type="FILE_CONTENTS">good-10/elise-0028.jpg</actual>
                    <expected encoding="STRING" type="USE_FILE_CONTENTS">good-10/elise-0028-ubuntu.jpg</expected>
                </compare_check>
                <compare_check check_type="CONTAINS" name="GOOD-10-1-DEBIAN">
                    <actual output_type="FILE_CONTENTS">good-10/elise-0001.jpg</actual>
                    <expected encoding="STRING" type="USE_FILE_CONTENTS">good-10/elise-0001-debian.jpg</expected>
                </compare_check>
                <compare_check check_type="CONTAINS" name="GOOD-10-2-DEBIAN">
                    <actual output_type="FILE_CONTENTS">good-10/elise-0028.jpg</actual>
                    <expected encoding="STRING" type="USE_FILE_CONTENTS">good-10/elise-0028-debian.jpg</expected>
                </compare_check>
                <simple_check check_type="SPECIAL" encoding="STRING" name="TIMEOUT" type="USE_TEXT">DOES_NOT_RETURN</simple_check>
                <simple_check check_type="SPECIAL" encoding="STRING" name="CONTROLLED_EXIT" type="USE_TEXT">CONTROLLED_EXIT</simple_check>
            </output_checks>
        </iopair>
        <iopair name="C-C089B-FFMP-05-ST03-DT04-DF13-CF24-01-BAD-01" reset_scheme="NONE" timeout="300" type="BAD">
            <description>Good inputs: 1) name of country for use in Sql databaseBad inputs:1) SQL argument injection 2) SQL command injection 

</description>
            <technical_impact>EXECUTE_UNAUTHORIZED_CODE</technical_impact>
            <pre_processes scheme="SEQUENCE">
                <process>
                    <script background="false" encoding="STRING" type="USE_TEXT">printf 'env SS_DBPGDATABASE;\n' | tee nginx_conf_env.txt</script>
                </process>
                <process>
                    <database database_name="northwind_nykltbogzwiaxons" database_type="POSTGRESQL" encoding="STRING" server="ss-db-postgres" type="USE_FILE_CONTENTS">/opt/stonesoup/workspace/scripts/northwind_create_northwind_nykltbogzwiaxons.sql</database>
                </process>
                <process>
                    <environment_variable encoding="STRING" key="SS_DBPGDATABASE" type="USE_TEXT">northwind_nykltbogzwiaxons</environment_variable>
                </process>
                <process>
                    <script background="false" encoding="STRING" type="USE_TEXT">mkdir $SS_TC_ROOT/logs/execute/lttng</script>
                </process>
                <process>
                    <environment_variable encoding="STRING" key="LTTNG_HOME" type="USE_TEXT">$SS_TC_ROOT/logs/execute/lttng</environment_variable>
                </process>
                <process>
                    <environment_variable encoding="STRING" key="SS_RUN_COMMAND_LD_PRELOAD" type="USE_TEXT">$SS_TC_DEPS/lib64/liblttng-stonesoup-c.so:$SS_TC_DEPS/lib64/liblttng-ust-fork.so</environment_variable>
                </process>
                <process>
                    <script background="false" encoding="STRING" type="USE_TEXT">mkdir -p $SS_TC_DEPS/var/run/lttng</script>
                </process>
                <process>
                    <script background="false" encoding="STRING" type="USE_TEXT">$SS_TC_DEPS/bin/lttng create &amp;&amp; $SS_TC_DEPS/bin/lttng enable-event -u -a &amp;&amp; $SS_TC_DEPS/bin/lttng start</script>
                </process>
                <process>
                    <script background="false" encoding="STRING" type="USE_TEXT">rm -rf $SS_TC_ROOT/lockDir</script>
                </process>
                <process>
                    <script background="false" encoding="STRING" type="USE_TEXT">sleep 2 &amp;&amp; printf &quot;Sleeping to allow DB to be created.&quot;</script>
                </process>
            </pre_processes>
            <run_command encoding="STRING" preprend_runcommand="true" type="USE_TEXT">-an -i grsm_0001-shorter.mov good-01/grsm_0001_no_audio.mov</run_command>
            <co_processes scheme="SEQUENCE">
                <process>
                    <script background="false" encoding="STRING" input_id="socket_QJSPpoqUnRABZUNBSxVC" type="USE_TEXT">/opt/stonesoup/workspace/scripts/service_mon.sh ss-localhost 8887 &amp;&amp; curl -v --data-urlencode data=&quot;x' or 'x'='x&quot; --header &quot;If-Match: weak_taint_source_value&quot; --request POST --no-buffer --output /opt/stonesoup/workspace/testData/logfile.txt --silent --show-error http://ss-localhost:8887</script>
                </process>
            </co_processes>
            <post_processes scheme="SEQUENCE">
                <process>
                    <database database_name="northwind_nykltbogzwiaxons" database_type="POSTGRESQL" encoding="STRING" server="ss-db-postgres" type="USE_TEXT">DROP DATABASE IF EXISTS &quot;$SS_DBPGDATABASE;&quot;</database>
                </process>
                <process>
                    <script background="false" encoding="STRING" input_id="lttng_output_RrA9TC5U9HCiK67jnmr4" type="USE_TEXT">$SS_TC_DEPS/bin/lttng stop &amp;&amp; $SS_TC_DEPS/bin/lttng view &amp;&amp; $SS_TC_DEPS/bin/lttng destroy</script>
                </process>
            </post_processes>
            <scoring_formula default="db_sql_formula_DHmC5xVcNs">
                <formula name="db_sql_formula_DHmC5xVcNs">weakness_started_BQzOEjXvaluq7kzlt0cQ AND ((NOT PERFORMER AND (db_sql_output_7br3UpK1F4 OR db_sql_output_PVRNR0uJNQ) AND NOT timeout_R5qg9L02wh) or (PERFORMER AND NOT ((db_sql_output_7br3UpK1F4 OR db_sql_output_PVRNR0uJNQ) OR timeout_R5qg9L02wh OR controlled_exit_SbuTs08x53)))</formula>
                <formula name="no_weakness_started_formula_lsjzP7BibV">(NOT PERFORMER AND (db_sql_output_7br3UpK1F4 OR db_sql_output_PVRNR0uJNQ) AND NOT timeout_R5qg9L02wh) or (PERFORMER AND NOT ((db_sql_output_7br3UpK1F4 OR db_sql_output_PVRNR0uJNQ) OR timeout_R5qg9L02wh OR controlled_exit_SbuTs08x53))</formula>
            </scoring_formula>
            <output_checks>
                <simple_check check_type="SPECIAL" encoding="STRING" name="timeout_R5qg9L02wh" type="USE_TEXT">DOES_NOT_RETURN</simple_check>
                <simple_check check_type="SPECIAL" encoding="STRING" name="controlled_exit_SbuTs08x53" type="USE_TEXT">CONTROLLED_EXIT</simple_check>
                <simple_check check_type="SPECIAL" encoding="STRING" name="continued_execution_s02EAJkK7f" type="USE_TEXT">CONTINUED_EXECUTION</simple_check>
                <compare_check check_type="CONTAINS" name="db_sql_output_7br3UpK1F4">
                    <actual encoding="STRING" output_type="FILE_CONTENTS">logfile.txt</actual>
                    <expected encoding="STRING" type="USE_TEXT">THEBI          The Big Cheese Liz Nixon      Marketing Manager89 Jefferson Way Suite 2Portland       OR             97201          USA            (503) 555-3612</expected>
                </compare_check>
                <compare_check check_type="CONTAINS" name="db_sql_output_PVRNR0uJNQ">
                    <actual encoding="STRING" output_type="FILE_CONTENTS">logfile.txt</actual>
                    <expected encoding="STRING" type="USE_TEXT">WHITC          7              1998-05-01     1998-05-29     1998-05-04     2              44.72          White Clover Markets1029 - 12th Ave. S.Seattle        WA             98124          USA</expected>
                </compare_check>
                <compare_check check_type="CONTAINS" name="weakness_started_BQzOEjXvaluq7kzlt0cQ">
                    <actual encoding="STRING" input_id_ref="lttng_output_RrA9TC5U9HCiK67jnmr4" output_type="STANDARD_OUT">None</actual>
                    <expected encoding="STRING" type="USE_TEXT">stonesoup_trace:weakness_start</expected>
                </compare_check>
            </output_checks>
        </iopair>
        <iopair name="C-C089B-FFMP-05-ST03-DT04-DF13-CF24-01-BAD-02" reset_scheme="NONE" timeout="300" type="BAD">
            <description>Good inputs: 1) name of country for use in Sql databaseBad inputs:1) SQL argument injection 2) SQL command injection 

</description>
            <technical_impact>EXECUTE_UNAUTHORIZED_CODE</technical_impact>
            <pre_processes scheme="SEQUENCE">
                <process>
                    <script background="false" encoding="STRING" type="USE_TEXT">printf 'env SS_DBPGDATABASE;\n' | tee nginx_conf_env.txt</script>
                </process>
                <process>
                    <database database_name="northwind_gxnjiodtjztuldsa" database_type="POSTGRESQL" encoding="STRING" server="ss-db-postgres" type="USE_FILE_CONTENTS">/opt/stonesoup/workspace/scripts/northwind_create_northwind_gxnjiodtjztuldsa.sql</database>
                </process>
                <process>
                    <environment_variable encoding="STRING" key="SS_DBPGDATABASE" type="USE_TEXT">northwind_gxnjiodtjztuldsa</environment_variable>
                </process>
                <process>
                    <script background="false" encoding="STRING" type="USE_TEXT">mkdir $SS_TC_ROOT/logs/execute/lttng</script>
                </process>
                <process>
                    <environment_variable encoding="STRING" key="LTTNG_HOME" type="USE_TEXT">$SS_TC_ROOT/logs/execute/lttng</environment_variable>
                </process>
                <process>
                    <environment_variable encoding="STRING" key="SS_RUN_COMMAND_LD_PRELOAD" type="USE_TEXT">$SS_TC_DEPS/lib64/liblttng-stonesoup-c.so:$SS_TC_DEPS/lib64/liblttng-ust-fork.so</environment_variable>
                </process>
                <process>
                    <script background="false" encoding="STRING" type="USE_TEXT">mkdir -p $SS_TC_DEPS/var/run/lttng</script>
                </process>
                <process>
                    <script background="false" encoding="STRING" type="USE_TEXT">$SS_TC_DEPS/bin/lttng create &amp;&amp; $SS_TC_DEPS/bin/lttng enable-event -u -a &amp;&amp; $SS_TC_DEPS/bin/lttng start</script>
                </process>
                <process>
                    <script background="false" encoding="STRING" type="USE_TEXT">rm -rf $SS_TC_ROOT/lockDir</script>
                </process>
                <process>
                    <script background="false" encoding="STRING" type="USE_TEXT">sleep 2 &amp;&amp; printf &quot;Sleeping to allow DB to be created.&quot;</script>
                </process>
            </pre_processes>
            <run_command encoding="STRING" preprend_runcommand="true" type="USE_TEXT">-r 20 -aspect 16:9 -i elis_m0001-shorter.mov good-02/elis_m0001_rate_aspect.mov</run_command>
            <co_processes scheme="SEQUENCE">
                <process>
                    <script background="false" encoding="STRING" input_id="socket_zuOLK1YIloGd3iTx3m26" type="USE_TEXT">/opt/stonesoup/workspace/scripts/service_mon.sh ss-localhost 8887 &amp;&amp; curl -v --data-urlencode data=&quot;x'; SELECT * FROM Orders; -- &quot; --header &quot;If-Match: weak_taint_source_value&quot; --request POST --no-buffer --output /opt/stonesoup/workspace/testData/logfile.txt --silent --show-error http://ss-localhost:8887</script>
                </process>
            </co_processes>
            <post_processes scheme="SEQUENCE">
                <process>
                    <database database_name="northwind_gxnjiodtjztuldsa" database_type="POSTGRESQL" encoding="STRING" server="ss-db-postgres" type="USE_TEXT">DROP DATABASE IF EXISTS &quot;$SS_DBPGDATABASE;&quot;</database>
                </process>
                <process>
                    <script background="false" encoding="STRING" input_id="lttng_output_QtWfQ8BWpIBToSFsZt06" type="USE_TEXT">$SS_TC_DEPS/bin/lttng stop &amp;&amp; $SS_TC_DEPS/bin/lttng view &amp;&amp; $SS_TC_DEPS/bin/lttng destroy</script>
                </process>
            </post_processes>
            <scoring_formula default="db_sql_formula_RL9NX9F9s3">
                <formula name="db_sql_formula_RL9NX9F9s3">weakness_started_SGcpiVmyo83WZ7w9QlQo AND ((NOT PERFORMER AND (db_sql_output_HCSTRleEf3 OR db_sql_output_u4fqavvHV3) AND NOT timeout_m54n4rGjCe) or (PERFORMER AND NOT ((db_sql_output_HCSTRleEf3 OR db_sql_output_u4fqavvHV3) OR timeout_m54n4rGjCe OR controlled_exit_7G07HbzjgZ)))</formula>
                <formula name="no_weakness_started_formula_5KsifHDbUz">(NOT PERFORMER AND (db_sql_output_HCSTRleEf3 OR db_sql_output_u4fqavvHV3) AND NOT timeout_m54n4rGjCe) or (PERFORMER AND NOT ((db_sql_output_HCSTRleEf3 OR db_sql_output_u4fqavvHV3) OR timeout_m54n4rGjCe OR controlled_exit_7G07HbzjgZ))</formula>
            </scoring_formula>
            <output_checks>
                <simple_check check_type="SPECIAL" encoding="STRING" name="timeout_m54n4rGjCe" type="USE_TEXT">DOES_NOT_RETURN</simple_check>
                <simple_check check_type="SPECIAL" encoding="STRING" name="controlled_exit_7G07HbzjgZ" type="USE_TEXT">CONTROLLED_EXIT</simple_check>
                <simple_check check_type="SPECIAL" encoding="STRING" name="continued_execution_Dgt2TjsT2A" type="USE_TEXT">CONTINUED_EXECUTION</simple_check>
                <compare_check check_type="CONTAINS" name="db_sql_output_HCSTRleEf3">
                    <actual encoding="STRING" output_type="FILE_CONTENTS">logfile.txt</actual>
                    <expected encoding="STRING" type="USE_TEXT">THEBI          The Big Cheese Liz Nixon      Marketing Manager89 Jefferson Way Suite 2Portland       OR             97201          USA            (503) 555-3612</expected>
                </compare_check>
                <compare_check check_type="CONTAINS" name="db_sql_output_u4fqavvHV3">
                    <actual encoding="STRING" output_type="FILE_CONTENTS">logfile.txt</actual>
                    <expected encoding="STRING" type="USE_TEXT">WHITC          7              1998-05-01     1998-05-29     1998-05-04     2              44.72          White Clover Markets1029 - 12th Ave. S.Seattle        WA             98124          USA</expected>
                </compare_check>
                <compare_check check_type="CONTAINS" name="weakness_started_SGcpiVmyo83WZ7w9QlQo">
                    <actual encoding="STRING" input_id_ref="lttng_output_QtWfQ8BWpIBToSFsZt06" output_type="STANDARD_OUT">None</actual>
                    <expected encoding="STRING" type="USE_TEXT">stonesoup_trace:weakness_start</expected>
                </compare_check>
            </output_checks>
        </iopair>
    </iopairs>
</project>
