<?xml version="1.0" encoding="utf-8"?>
<project base_program="C-TREE" language="C" name="C-C590A-CTRE-01-ST02-DT02-DF11-CF20-01" targeted_architecture="ANY" targeted_os="LINUX" test_case_type="ALL" xmlns="urn:stonesoup:project">
    <description>Creating test case using base program.
Added an environment variable read to get a filename to read in the file contents using an fread operation within the function
Completed injection.
</description>
    <additional_information>
        <keyvalue key="algorithmic_variant_name">UNSPECIFIED</keyvalue>
        <keyvalue key="root_cause">UNSPECIFIED</keyvalue>
    </additional_information>
    <structure install="install" iodata="testData" scoredata="testOutput" scripts="scripts" source="src"/>
    <run_command>$SS_TC_ROOT/$SS_TC_INSTALL/bin/tree</run_command>
    <weakness generation_method="FAULT_INJECTED">
        <variant cwe="CWE-590" name="CWE-590-A"/>
        <features>
            <taint_source file_name="/color.c" line_number="0" type="FILE_CONTENTS">
                <method name="initlinedraw"/>
            </taint_source>
            <data_type file_name="/color.c" line_number="0" type="SIMPLE">
                <method name="initlinedraw"/>
            </data_type>
            <data_flow file_name="/color.c" line_number="0" type="BASIC">
                <method name="initlinedraw"/>
            </data_flow>
            <control_flow file_name="/color.c" line_number="0" type="SEQUENCE">
                <method name="initlinedraw"/>
            </control_flow>
        </features>
    </weakness>
    <build_commands cppflags="-DSTONESOUP_TRACE=1" libs="-ldl">
        <command>make install CC=&quot;$SS_CC&quot; LD=&quot;$SS_LNK&quot; CFLAGS=&quot;$CFLAGS&quot; CPPFLAGS=&quot;$CPPFLAGS&quot; LDFLAGS=&quot;$LDFLAGS&quot; prefix=&quot;$SS_TC_ROOT/$SS_TC_INSTALL&quot; LIBS=&quot;$LIBS&quot;</command>
    </build_commands>
    <iopairs>
        <iopair name="C-C590A-CTRE-01-ST02-DT02-DF11-CF20-01-GOOD-01" reset_scheme="NONE" timeout="300" type="GOOD">
            <description>Has a buffer declared on the stack and populated from input data via strncpy.  If input begins with a lower case letter oor a higher ascii value, it will crash

</description>
            <technical_impact>NONE</technical_impact>
            <pre_processes scheme="SEQUENCE">
                <process>
                    <script background="false" encoding="STRING" type="USE_TEXT">printf 'env ALNIRESINOL_OFFLOADED;\n' | tee nginx_conf_env.txt</script>
                </process>
                <process>
                    <environment_variable encoding="STRING" key="ALNIRESINOL_OFFLOADED" type="USE_TEXT">/opt/stonesoup/workspace/testData/publicute_vetoing/importantly_healthlessness.txt</environment_variable>
                </process>
                <process>
                    <file encoding="STRING" path="/opt/stonesoup/workspace/testData/publicute_vetoing/importantly_healthlessness.txt" type="USE_TEXT">AAAAAAAAAAAAAAAAAAAAAAA</file>
                </process>
                <process>
                    <script background="false" encoding="STRING" type="USE_TEXT">mkdir $SS_TC_ROOT/logs/execute/lttng</script>
                </process>
                <process>
                    <environment_variable encoding="STRING" key="LTTNG_HOME" type="USE_TEXT">$SS_TC_ROOT/logs/execute/lttng</environment_variable>
                </process>
                <process>
                    <environment_variable encoding="STRING" key="SS_RUN_COMMAND_LD_PRELOAD" type="USE_TEXT">$SS_TC_DEPS/lib64/liblttng-stonesoup-c.so:$SS_TC_DEPS/lib64/liblttng-ust-fork.so</environment_variable>
                </process>
                <process>
                    <script background="false" encoding="STRING" type="USE_TEXT">mkdir -p $SS_TC_DEPS/var/run/lttng</script>
                </process>
                <process>
                    <script background="false" encoding="STRING" type="USE_TEXT">$SS_TC_DEPS/bin/lttng create &amp;&amp; $SS_TC_DEPS/bin/lttng enable-event -u -a &amp;&amp; $SS_TC_DEPS/bin/lttng start</script>
                </process>
                <process>
                    <script background="false" encoding="STRING" type="USE_TEXT">rm -rf $SS_TC_ROOT/lockDir</script>
                </process>
                <process>
                    <environment_variable encoding="STRING" key="MALLOC_CHECK_" type="USE_TEXT">1</environment_variable>
                </process>
            </pre_processes>
            <run_command encoding="STRING" preprend_runcommand="true" type="USE_TEXT">--charset ASCII --sort=name -n -q input/good-01</run_command>
            <post_processes scheme="SEQUENCE">
                <process delay_after="0" delay_before="0">
                    <script background="false" encoding="STRING" input_id="STDOUT-CONTENT-LENGTH-EVAL-01" type="USE_TEXT">if [[ $(wc -c &quot;$SS_LOG_EXECUTE_STDOUT&quot; | cut -d &quot; &quot; -f 1) -eq $(wc -c &quot;$SS_TC_ROOT/$SS_TC_SCORE/good-01/output.txt&quot; | cut -d &quot; &quot; -f 1) ]]; then echo &quot;SIMILAR&quot;; else echo &quot;DIFFERENT&quot;; fi;</script>
                </process>
                <process>
                    <script background="false" encoding="STRING" input_id="lttng_output_dV8QiBrxBV" type="USE_TEXT">$SS_TC_DEPS/bin/lttng stop &amp;&amp; $SS_TC_DEPS/bin/lttng view &amp;&amp; $SS_TC_DEPS/bin/lttng destroy</script>
                </process>
            </post_processes>
            <scoring_formula default="GOOD-01-Default">
                <formula name="GOOD-01-Default">STDOUT-REPORT-01 AND STDOUT-CONTENT-LENGTH-01 AND NOT TIMEOUT AND NOT CONTROLLED_EXIT</formula>
            </scoring_formula>
            <output_checks>
                <compare_check check_type="CONTAINS" name="STDOUT-REPORT-01">
                    <actual output_type="STANDARD_OUT"></actual>
                    <expected encoding="STRING" type="USE_TEXT">5 directories, 10 files</expected>
                </compare_check>
                <compare_check check_type="CONTAINS" name="STDOUT-CONTENT-LENGTH-01">
                    <actual input_id_ref="STDOUT-CONTENT-LENGTH-EVAL-01" output_type="STANDARD_OUT"></actual>
                    <expected encoding="STRING" type="USE_TEXT">SIMILAR</expected>
                </compare_check>
                <simple_check check_type="SPECIAL" encoding="STRING" name="TIMEOUT" type="USE_TEXT">DOES_NOT_RETURN</simple_check>
                <simple_check check_type="SPECIAL" encoding="STRING" name="CONTROLLED_EXIT" type="USE_TEXT">CONTROLLED_EXIT</simple_check>
            </output_checks>
        </iopair>
        <iopair name="C-C590A-CTRE-01-ST02-DT02-DF11-CF20-01-GOOD-02" reset_scheme="NONE" timeout="300" type="GOOD">
            <description>Has a buffer declared on the stack and populated from input data via strncpy.  If input begins with a lower case letter oor a higher ascii value, it will crash

</description>
            <technical_impact>NONE</technical_impact>
            <pre_processes scheme="SEQUENCE">
                <process>
                    <script background="false" encoding="STRING" type="USE_TEXT">printf 'env ALNIRESINOL_OFFLOADED;\n' | tee nginx_conf_env.txt</script>
                </process>
                <process>
                    <environment_variable encoding="STRING" key="ALNIRESINOL_OFFLOADED" type="USE_TEXT">/opt/stonesoup/workspace/testData/publicute_vetoing/importantly_healthlessness.txt</environment_variable>
                </process>
                <process>
                    <file encoding="STRING" path="/opt/stonesoup/workspace/testData/publicute_vetoing/importantly_healthlessness.txt" type="USE_TEXT">Hello World!</file>
                </process>
                <process>
                    <script background="false" encoding="STRING" type="USE_TEXT">mkdir $SS_TC_ROOT/logs/execute/lttng</script>
                </process>
                <process>
                    <environment_variable encoding="STRING" key="LTTNG_HOME" type="USE_TEXT">$SS_TC_ROOT/logs/execute/lttng</environment_variable>
                </process>
                <process>
                    <environment_variable encoding="STRING" key="SS_RUN_COMMAND_LD_PRELOAD" type="USE_TEXT">$SS_TC_DEPS/lib64/liblttng-stonesoup-c.so:$SS_TC_DEPS/lib64/liblttng-ust-fork.so</environment_variable>
                </process>
                <process>
                    <script background="false" encoding="STRING" type="USE_TEXT">mkdir -p $SS_TC_DEPS/var/run/lttng</script>
                </process>
                <process>
                    <script background="false" encoding="STRING" type="USE_TEXT">$SS_TC_DEPS/bin/lttng create &amp;&amp; $SS_TC_DEPS/bin/lttng enable-event -u -a &amp;&amp; $SS_TC_DEPS/bin/lttng start</script>
                </process>
                <process>
                    <script background="false" encoding="STRING" type="USE_TEXT">rm -rf $SS_TC_ROOT/lockDir</script>
                </process>
                <process>
                    <environment_variable encoding="STRING" key="MALLOC_CHECK_" type="USE_TEXT">1</environment_variable>
                </process>
            </pre_processes>
            <run_command encoding="STRING" preprend_runcommand="true" type="USE_TEXT">--charset ASCII --sort=name -n -q -L 2 input/good-02</run_command>
            <post_processes scheme="SEQUENCE">
                <process delay_after="0" delay_before="0">
                    <script background="false" encoding="STRING" input_id="STDOUT-CONTENT-LENGTH-EVAL-02" type="USE_TEXT">if [[ $(wc -c &quot;$SS_LOG_EXECUTE_STDOUT&quot; | cut -d &quot; &quot; -f 1) -eq $(wc -c &quot;$SS_TC_ROOT/$SS_TC_SCORE/good-02/output.txt&quot; | cut -d &quot; &quot; -f 1) ]]; then echo &quot;SIMILAR&quot;; else echo &quot;DIFFERENT&quot;; fi;</script>
                </process>
                <process>
                    <script background="false" encoding="STRING" input_id="lttng_output_EFknFoSWzg" type="USE_TEXT">$SS_TC_DEPS/bin/lttng stop &amp;&amp; $SS_TC_DEPS/bin/lttng view &amp;&amp; $SS_TC_DEPS/bin/lttng destroy</script>
                </process>
            </post_processes>
            <scoring_formula default="GOOD-02-Default">
                <formula name="GOOD-02-Default">STDOUT-REPORT-02 AND STDOUT-CONTENT-LENGTH-02 AND NOT TIMEOUT AND NOT CONTROLLED_EXIT</formula>
            </scoring_formula>
            <output_checks>
                <compare_check check_type="CONTAINS" name="STDOUT-REPORT-02">
                    <actual output_type="STANDARD_OUT"></actual>
                    <expected encoding="STRING" type="USE_TEXT">5 directories, 4 files</expected>
                </compare_check>
                <compare_check check_type="CONTAINS" name="STDOUT-CONTENT-LENGTH-02">
                    <actual input_id_ref="STDOUT-CONTENT-LENGTH-EVAL-02" output_type="STANDARD_OUT"></actual>
                    <expected encoding="STRING" type="USE_TEXT">SIMILAR</expected>
                </compare_check>
                <simple_check check_type="SPECIAL" encoding="STRING" name="TIMEOUT" type="USE_TEXT">DOES_NOT_RETURN</simple_check>
                <simple_check check_type="SPECIAL" encoding="STRING" name="CONTROLLED_EXIT" type="USE_TEXT">CONTROLLED_EXIT</simple_check>
            </output_checks>
        </iopair>
        <iopair name="C-C590A-CTRE-01-ST02-DT02-DF11-CF20-01-GOOD-03" reset_scheme="NONE" timeout="300" type="GOOD">
            <description>Has a buffer declared on the stack and populated from input data via strncpy.  If input begins with a lower case letter oor a higher ascii value, it will crash

</description>
            <technical_impact>NONE</technical_impact>
            <pre_processes scheme="SEQUENCE">
                <process>
                    <script background="false" encoding="STRING" type="USE_TEXT">printf 'env ALNIRESINOL_OFFLOADED;\n' | tee nginx_conf_env.txt</script>
                </process>
                <process>
                    <environment_variable encoding="STRING" key="ALNIRESINOL_OFFLOADED" type="USE_TEXT">/opt/stonesoup/workspace/testData/publicute_vetoing/importantly_healthlessness.txt</environment_variable>
                </process>
                <process>
                    <file encoding="STRING" path="/opt/stonesoup/workspace/testData/publicute_vetoing/importantly_healthlessness.txt" type="USE_TEXT">many characters are good, but most are bad</file>
                </process>
                <process>
                    <script background="false" encoding="STRING" type="USE_TEXT">mkdir $SS_TC_ROOT/logs/execute/lttng</script>
                </process>
                <process>
                    <environment_variable encoding="STRING" key="LTTNG_HOME" type="USE_TEXT">$SS_TC_ROOT/logs/execute/lttng</environment_variable>
                </process>
                <process>
                    <environment_variable encoding="STRING" key="SS_RUN_COMMAND_LD_PRELOAD" type="USE_TEXT">$SS_TC_DEPS/lib64/liblttng-stonesoup-c.so:$SS_TC_DEPS/lib64/liblttng-ust-fork.so</environment_variable>
                </process>
                <process>
                    <script background="false" encoding="STRING" type="USE_TEXT">mkdir -p $SS_TC_DEPS/var/run/lttng</script>
                </process>
                <process>
                    <script background="false" encoding="STRING" type="USE_TEXT">$SS_TC_DEPS/bin/lttng create &amp;&amp; $SS_TC_DEPS/bin/lttng enable-event -u -a &amp;&amp; $SS_TC_DEPS/bin/lttng start</script>
                </process>
                <process>
                    <script background="false" encoding="STRING" type="USE_TEXT">rm -rf $SS_TC_ROOT/lockDir</script>
                </process>
                <process>
                    <environment_variable encoding="STRING" key="MALLOC_CHECK_" type="USE_TEXT">1</environment_variable>
                </process>
            </pre_processes>
            <run_command encoding="STRING" preprend_runcommand="true" type="USE_TEXT">--charset ASCII --sort=name -n -q -J input/good-03</run_command>
            <post_processes scheme="SEQUENCE">
                <process delay_after="0" delay_before="0">
                    <script background="false" encoding="STRING" input_id="STDOUT-CONTENT-LENGTH-EVAL-03" type="USE_TEXT">if [[ $(wc -c &quot;$SS_LOG_EXECUTE_STDOUT&quot; | cut -d &quot; &quot; -f 1) -eq $(wc -c &quot;$SS_TC_ROOT/$SS_TC_SCORE/good-03/output.txt&quot; | cut -d &quot; &quot; -f 1) ]]; then echo &quot;SIMILAR&quot;; else echo &quot;DIFFERENT&quot;; fi;</script>
                </process>
                <process>
                    <script background="false" encoding="STRING" input_id="lttng_output_iXpsNJ3evf" type="USE_TEXT">$SS_TC_DEPS/bin/lttng stop &amp;&amp; $SS_TC_DEPS/bin/lttng view &amp;&amp; $SS_TC_DEPS/bin/lttng destroy</script>
                </process>
            </post_processes>
            <scoring_formula default="GOOD-03-Default">
                <formula name="GOOD-03-Default">STDOUT-REPORT-03 AND STDOUT-CONTENT-LENGTH-03 AND NOT TIMEOUT AND NOT CONTROLLED_EXIT</formula>
            </scoring_formula>
            <output_checks>
                <compare_check check_type="CONTAINS" name="STDOUT-REPORT-03">
                    <actual output_type="STANDARD_OUT"></actual>
                    <expected encoding="STRING" type="USE_TEXT">{&quot;type&quot;:&quot;report&quot;,&quot;directories&quot;:7,&quot;files&quot;:367}</expected>
                </compare_check>
                <compare_check check_type="CONTAINS" name="STDOUT-CONTENT-LENGTH-03">
                    <actual input_id_ref="STDOUT-CONTENT-LENGTH-EVAL-03" output_type="STANDARD_OUT"></actual>
                    <expected encoding="STRING" type="USE_TEXT">SIMILAR</expected>
                </compare_check>
                <simple_check check_type="SPECIAL" encoding="STRING" name="TIMEOUT" type="USE_TEXT">DOES_NOT_RETURN</simple_check>
                <simple_check check_type="SPECIAL" encoding="STRING" name="CONTROLLED_EXIT" type="USE_TEXT">CONTROLLED_EXIT</simple_check>
            </output_checks>
        </iopair>
        <iopair name="C-C590A-CTRE-01-ST02-DT02-DF11-CF20-01-GOOD-04" reset_scheme="NONE" timeout="300" type="GOOD">
            <description>Has a buffer declared on the stack and populated from input data via strncpy.  If input begins with a lower case letter oor a higher ascii value, it will crash

</description>
            <technical_impact>NONE</technical_impact>
            <pre_processes scheme="SEQUENCE">
                <process>
                    <script background="false" encoding="STRING" type="USE_TEXT">printf 'env ALNIRESINOL_OFFLOADED;\n' | tee nginx_conf_env.txt</script>
                </process>
                <process>
                    <environment_variable encoding="STRING" key="ALNIRESINOL_OFFLOADED" type="USE_TEXT">/opt/stonesoup/workspace/testData/publicute_vetoing/importantly_healthlessness.txt</environment_variable>
                </process>
                <process>
                    <file encoding="STRING" path="/opt/stonesoup/workspace/testData/publicute_vetoing/importantly_healthlessness.txt" type="USE_TEXT">AAAAAAAAAAAAAAAAAAAAAAA</file>
                </process>
                <process>
                    <script background="false" encoding="STRING" type="USE_TEXT">mkdir $SS_TC_ROOT/logs/execute/lttng</script>
                </process>
                <process>
                    <environment_variable encoding="STRING" key="LTTNG_HOME" type="USE_TEXT">$SS_TC_ROOT/logs/execute/lttng</environment_variable>
                </process>
                <process>
                    <environment_variable encoding="STRING" key="SS_RUN_COMMAND_LD_PRELOAD" type="USE_TEXT">$SS_TC_DEPS/lib64/liblttng-stonesoup-c.so:$SS_TC_DEPS/lib64/liblttng-ust-fork.so</environment_variable>
                </process>
                <process>
                    <script background="false" encoding="STRING" type="USE_TEXT">mkdir -p $SS_TC_DEPS/var/run/lttng</script>
                </process>
                <process>
                    <script background="false" encoding="STRING" type="USE_TEXT">$SS_TC_DEPS/bin/lttng create &amp;&amp; $SS_TC_DEPS/bin/lttng enable-event -u -a &amp;&amp; $SS_TC_DEPS/bin/lttng start</script>
                </process>
                <process>
                    <script background="false" encoding="STRING" type="USE_TEXT">rm -rf $SS_TC_ROOT/lockDir</script>
                </process>
                <process>
                    <environment_variable encoding="STRING" key="MALLOC_CHECK_" type="USE_TEXT">1</environment_variable>
                </process>
            </pre_processes>
            <run_command encoding="STRING" preprend_runcommand="true" type="USE_TEXT">--charset ASCII --sort=name -n -q -P &quot;test*&quot; -F input/good-03</run_command>
            <post_processes scheme="SEQUENCE">
                <process delay_after="0" delay_before="0">
                    <script background="false" encoding="STRING" input_id="STDOUT-CONTENT-LENGTH-EVAL-04" type="USE_TEXT">if [[ $(wc -c &quot;$SS_LOG_EXECUTE_STDOUT&quot; | cut -d &quot; &quot; -f 1) -eq $(wc -c &quot;$SS_TC_ROOT/$SS_TC_SCORE/good-04/output.txt&quot; | cut -d &quot; &quot; -f 1) ]]; then echo &quot;SIMILAR&quot;; else echo &quot;DIFFERENT&quot;; fi;</script>
                </process>
                <process>
                    <script background="false" encoding="STRING" input_id="lttng_output_airzPKqfFL" type="USE_TEXT">$SS_TC_DEPS/bin/lttng stop &amp;&amp; $SS_TC_DEPS/bin/lttng view &amp;&amp; $SS_TC_DEPS/bin/lttng destroy</script>
                </process>
            </post_processes>
            <scoring_formula default="GOOD-04-Default">
                <formula name="GOOD-04-Default">STDOUT-REPORT-04 AND STDOUT-CONTENT-LENGTH-04 AND NOT TIMEOUT AND NOT CONTROLLED_EXIT</formula>
            </scoring_formula>
            <output_checks>
                <compare_check check_type="CONTAINS" name="STDOUT-REPORT-04">
                    <actual output_type="STANDARD_OUT"></actual>
                    <expected encoding="STRING" type="USE_TEXT">7 directories, 62 files</expected>
                </compare_check>
                <compare_check check_type="CONTAINS" name="STDOUT-CONTENT-LENGTH-04">
                    <actual input_id_ref="STDOUT-CONTENT-LENGTH-EVAL-04" output_type="STANDARD_OUT"></actual>
                    <expected encoding="STRING" type="USE_TEXT">SIMILAR</expected>
                </compare_check>
                <simple_check check_type="SPECIAL" encoding="STRING" name="TIMEOUT" type="USE_TEXT">DOES_NOT_RETURN</simple_check>
                <simple_check check_type="SPECIAL" encoding="STRING" name="CONTROLLED_EXIT" type="USE_TEXT">CONTROLLED_EXIT</simple_check>
            </output_checks>
        </iopair>
        <iopair name="C-C590A-CTRE-01-ST02-DT02-DF11-CF20-01-GOOD-05" reset_scheme="NONE" timeout="300" type="GOOD">
            <description>Has a buffer declared on the stack and populated from input data via strncpy.  If input begins with a lower case letter oor a higher ascii value, it will crash

</description>
            <technical_impact>NONE</technical_impact>
            <pre_processes scheme="SEQUENCE">
                <process>
                    <script background="false" encoding="STRING" type="USE_TEXT">printf 'env ALNIRESINOL_OFFLOADED;\n' | tee nginx_conf_env.txt</script>
                </process>
                <process>
                    <environment_variable encoding="STRING" key="ALNIRESINOL_OFFLOADED" type="USE_TEXT">/opt/stonesoup/workspace/testData/publicute_vetoing/importantly_healthlessness.txt</environment_variable>
                </process>
                <process>
                    <file encoding="STRING" path="/opt/stonesoup/workspace/testData/publicute_vetoing/importantly_healthlessness.txt" type="USE_TEXT">Hello World!</file>
                </process>
                <process>
                    <script background="false" encoding="STRING" type="USE_TEXT">mkdir $SS_TC_ROOT/logs/execute/lttng</script>
                </process>
                <process>
                    <environment_variable encoding="STRING" key="LTTNG_HOME" type="USE_TEXT">$SS_TC_ROOT/logs/execute/lttng</environment_variable>
                </process>
                <process>
                    <environment_variable encoding="STRING" key="SS_RUN_COMMAND_LD_PRELOAD" type="USE_TEXT">$SS_TC_DEPS/lib64/liblttng-stonesoup-c.so:$SS_TC_DEPS/lib64/liblttng-ust-fork.so</environment_variable>
                </process>
                <process>
                    <script background="false" encoding="STRING" type="USE_TEXT">mkdir -p $SS_TC_DEPS/var/run/lttng</script>
                </process>
                <process>
                    <script background="false" encoding="STRING" type="USE_TEXT">$SS_TC_DEPS/bin/lttng create &amp;&amp; $SS_TC_DEPS/bin/lttng enable-event -u -a &amp;&amp; $SS_TC_DEPS/bin/lttng start</script>
                </process>
                <process>
                    <script background="false" encoding="STRING" type="USE_TEXT">rm -rf $SS_TC_ROOT/lockDir</script>
                </process>
                <process>
                    <environment_variable encoding="STRING" key="MALLOC_CHECK_" type="USE_TEXT">1</environment_variable>
                </process>
            </pre_processes>
            <run_command encoding="STRING" preprend_runcommand="true" type="USE_TEXT">--charset ASCII --sort=name -n -q -H &quot;&quot; input/good-01</run_command>
            <post_processes scheme="SEQUENCE">
                <process delay_after="0" delay_before="0">
                    <script background="false" encoding="STRING" input_id="STDOUT-CONTENT-LENGTH-EVAL-05" type="USE_TEXT">if [[ $(wc -c &quot;$SS_LOG_EXECUTE_STDOUT&quot; | cut -d &quot; &quot; -f 1) -eq $(wc -c &quot;$SS_TC_ROOT/$SS_TC_SCORE/good-05/output.txt&quot; | cut -d &quot; &quot; -f 1) ]]; then echo &quot;SIMILAR&quot;; else echo &quot;DIFFERENT&quot;; fi;</script>
                </process>
                <process>
                    <script background="false" encoding="STRING" input_id="lttng_output_9IvN1C5o7V" type="USE_TEXT">$SS_TC_DEPS/bin/lttng stop &amp;&amp; $SS_TC_DEPS/bin/lttng view &amp;&amp; $SS_TC_DEPS/bin/lttng destroy</script>
                </process>
            </post_processes>
            <scoring_formula default="GOOD-05-Default">
                <formula name="GOOD-05-Default">STDOUT-REPORT-05 AND STDOUT-CONTENT-LENGTH-05 AND NOT TIMEOUT AND NOT CONTROLLED_EXIT</formula>
            </scoring_formula>
            <output_checks>
                <compare_check check_type="CONTAINS" name="STDOUT-REPORT-05">
                    <actual output_type="STANDARD_OUT"></actual>
                    <expected encoding="STRING" type="USE_TEXT">5 directories, 10 files</expected>
                </compare_check>
                <compare_check check_type="CONTAINS" name="STDOUT-CONTENT-LENGTH-05">
                    <actual input_id_ref="STDOUT-CONTENT-LENGTH-EVAL-05" output_type="STANDARD_OUT"></actual>
                    <expected encoding="STRING" type="USE_TEXT">SIMILAR</expected>
                </compare_check>
                <simple_check check_type="SPECIAL" encoding="STRING" name="TIMEOUT" type="USE_TEXT">DOES_NOT_RETURN</simple_check>
                <simple_check check_type="SPECIAL" encoding="STRING" name="CONTROLLED_EXIT" type="USE_TEXT">CONTROLLED_EXIT</simple_check>
            </output_checks>
        </iopair>
        <iopair name="C-C590A-CTRE-01-ST02-DT02-DF11-CF20-01-BAD-01" reset_scheme="NONE" timeout="300" type="BAD">
            <description>Has a buffer declared on the stack and populated from input data via strncpy.  If input begins with a lower case letter oor a higher ascii value, it will crash

</description>
            <technical_impact>DOS_UNCONTROLLED_EXIT</technical_impact>
            <pre_processes scheme="SEQUENCE">
                <process>
                    <script background="false" encoding="STRING" type="USE_TEXT">printf 'env ALNIRESINOL_OFFLOADED;\n' | tee nginx_conf_env.txt</script>
                </process>
                <process>
                    <environment_variable encoding="STRING" key="ALNIRESINOL_OFFLOADED" type="USE_TEXT">/opt/stonesoup/workspace/testData/publicute_vetoing/importantly_healthlessness.txt</environment_variable>
                </process>
                <process>
                    <file encoding="STRING" path="/opt/stonesoup/workspace/testData/publicute_vetoing/importantly_healthlessness.txt" type="USE_TEXT">starting with an s is bad</file>
                </process>
                <process>
                    <script background="false" encoding="STRING" type="USE_TEXT">mkdir $SS_TC_ROOT/logs/execute/lttng</script>
                </process>
                <process>
                    <environment_variable encoding="STRING" key="LTTNG_HOME" type="USE_TEXT">$SS_TC_ROOT/logs/execute/lttng</environment_variable>
                </process>
                <process>
                    <environment_variable encoding="STRING" key="SS_RUN_COMMAND_LD_PRELOAD" type="USE_TEXT">$SS_TC_DEPS/lib64/liblttng-stonesoup-c.so:$SS_TC_DEPS/lib64/liblttng-ust-fork.so</environment_variable>
                </process>
                <process>
                    <script background="false" encoding="STRING" type="USE_TEXT">mkdir -p $SS_TC_DEPS/var/run/lttng</script>
                </process>
                <process>
                    <script background="false" encoding="STRING" type="USE_TEXT">$SS_TC_DEPS/bin/lttng create &amp;&amp; $SS_TC_DEPS/bin/lttng enable-event -u -a &amp;&amp; $SS_TC_DEPS/bin/lttng start</script>
                </process>
                <process>
                    <script background="false" encoding="STRING" type="USE_TEXT">rm -rf $SS_TC_ROOT/lockDir</script>
                </process>
                <process>
                    <environment_variable encoding="STRING" key="MALLOC_CHECK_" type="USE_TEXT">1</environment_variable>
                </process>
            </pre_processes>
            <run_command encoding="STRING" preprend_runcommand="true" type="USE_TEXT">--charset ASCII --sort=name -n -q input/good-01</run_command>
            <post_processes scheme="SEQUENCE">
                <process delay_after="0" delay_before="0">
                    <script background="false" encoding="STRING" input_id="STDOUT-CONTENT-LENGTH-EVAL-01Z4XFDErTBU" type="USE_TEXT">if [[ $(wc -c &quot;$SS_LOG_EXECUTE_STDOUT&quot; | cut -d &quot; &quot; -f 1) -eq $(wc -c &quot;$SS_TC_ROOT/$SS_TC_SCORE/good-01/output.txt&quot; | cut -d &quot; &quot; -f 1) ]]; then echo &quot;SIMILAR&quot;; else echo &quot;DIFFERENT&quot;; fi;</script>
                </process>
                <process>
                    <script background="false" encoding="STRING" input_id="lttng_output_xmiMXI9rTL7bASHP55em" type="USE_TEXT">$SS_TC_DEPS/bin/lttng stop &amp;&amp; $SS_TC_DEPS/bin/lttng view &amp;&amp; $SS_TC_DEPS/bin/lttng destroy</script>
                </process>
            </post_processes>
            <scoring_formula default="segfault_formula_77lYfSrvC9">
                <formula name="segfault_formula_77lYfSrvC9">weakness_started_9bbQbfOkRDoVIuzGtHjx AND ((NOT PERFORMER AND (segfault_code_RYBJndrqXc OR segfault_code_Uuig62aQ9h OR segfault_code_zE8KTKMPM9 OR segfault_code_dOxdiKPIHr OR segfault_code_XZPXdDetNi OR segfault_msg_RQxw05BU96 OR illegal_inst_msg_XlWFpDlvXM OR segfault_glibc_FDh4A69uBl) AND NOT timeout_EfAXCvaXnL) or (PERFORMER AND NOT ((segfault_code_RYBJndrqXc OR segfault_code_Uuig62aQ9h OR segfault_code_zE8KTKMPM9 OR segfault_code_dOxdiKPIHr OR segfault_code_XZPXdDetNi OR segfault_msg_RQxw05BU96 OR illegal_inst_msg_XlWFpDlvXM OR segfault_glibc_FDh4A69uBl) OR timeout_EfAXCvaXnL)))</formula>
                <formula name="no_weakness_started_formula_ANx6opIp0X">(NOT PERFORMER AND (segfault_code_RYBJndrqXc OR segfault_code_Uuig62aQ9h OR segfault_code_zE8KTKMPM9 OR segfault_code_dOxdiKPIHr OR segfault_code_XZPXdDetNi OR segfault_msg_RQxw05BU96 OR illegal_inst_msg_XlWFpDlvXM OR segfault_glibc_FDh4A69uBl) AND NOT timeout_EfAXCvaXnL) or (PERFORMER AND NOT ((segfault_code_RYBJndrqXc OR segfault_code_Uuig62aQ9h OR segfault_code_zE8KTKMPM9 OR segfault_code_dOxdiKPIHr OR segfault_code_XZPXdDetNi OR segfault_msg_RQxw05BU96 OR illegal_inst_msg_XlWFpDlvXM OR segfault_glibc_FDh4A69uBl) OR timeout_EfAXCvaXnL))</formula>
            </scoring_formula>
            <output_checks>
                <simple_check check_type="SPECIAL" encoding="STRING" name="timeout_EfAXCvaXnL" type="USE_TEXT">DOES_NOT_RETURN</simple_check>
                <simple_check check_type="SPECIAL" encoding="STRING" name="controlled_exit_dluLZOiILM" type="USE_TEXT">CONTROLLED_EXIT</simple_check>
                <simple_check check_type="SPECIAL" encoding="STRING" name="continued_execution_0fycSjjLqs" type="USE_TEXT">CONTINUED_EXECUTION</simple_check>
                <compare_check check_type="EXACT_MATCH" name="segfault_code_RYBJndrqXc">
                    <actual encoding="STRING" output_type="RETURN_CODE">None</actual>
                    <expected encoding="STRING" type="USE_TEXT">132</expected>
                </compare_check>
                <compare_check check_type="EXACT_MATCH" name="segfault_code_Uuig62aQ9h">
                    <actual encoding="STRING" output_type="RETURN_CODE">None</actual>
                    <expected encoding="STRING" type="USE_TEXT">134</expected>
                </compare_check>
                <compare_check check_type="EXACT_MATCH" name="segfault_code_zE8KTKMPM9">
                    <actual encoding="STRING" output_type="RETURN_CODE">None</actual>
                    <expected encoding="STRING" type="USE_TEXT">135</expected>
                </compare_check>
                <compare_check check_type="EXACT_MATCH" name="segfault_code_dOxdiKPIHr">
                    <actual encoding="STRING" output_type="RETURN_CODE">None</actual>
                    <expected encoding="STRING" type="USE_TEXT">136</expected>
                </compare_check>
                <compare_check check_type="EXACT_MATCH" name="segfault_code_XZPXdDetNi">
                    <actual encoding="STRING" output_type="RETURN_CODE">None</actual>
                    <expected encoding="STRING" type="USE_TEXT">139</expected>
                </compare_check>
                <compare_check check_type="CONTAINS" name="segfault_msg_RQxw05BU96">
                    <actual encoding="STRING" output_type="STANDARD_ERROR">None</actual>
                    <expected encoding="STRING" type="USE_TEXT">Segmentation fault</expected>
                </compare_check>
                <compare_check check_type="CONTAINS" name="illegal_inst_msg_XlWFpDlvXM">
                    <actual encoding="STRING" output_type="STANDARD_ERROR">None</actual>
                    <expected encoding="STRING" type="USE_TEXT">Illegal instruction</expected>
                </compare_check>
                <compare_check check_type="CONTAINS" name="segfault_glibc_FDh4A69uBl">
                    <actual encoding="STRING" output_type="STANDARD_ERROR">None</actual>
                    <expected encoding="STRING" type="USE_TEXT">glibc detected</expected>
                </compare_check>
                <compare_check check_type="CONTAINS" name="weakness_started_9bbQbfOkRDoVIuzGtHjx">
                    <actual encoding="STRING" input_id_ref="lttng_output_xmiMXI9rTL7bASHP55em" output_type="STANDARD_OUT">None</actual>
                    <expected encoding="STRING" type="USE_TEXT">stonesoup_trace:weakness_start</expected>
                </compare_check>
            </output_checks>
        </iopair>
        <iopair name="C-C590A-CTRE-01-ST02-DT02-DF11-CF20-01-BAD-02" reset_scheme="NONE" timeout="300" type="BAD">
            <description>Has a buffer declared on the stack and populated from input data via strncpy.  If input begins with a lower case letter oor a higher ascii value, it will crash

</description>
            <technical_impact>DOS_UNCONTROLLED_EXIT</technical_impact>
            <pre_processes scheme="SEQUENCE">
                <process>
                    <script background="false" encoding="STRING" type="USE_TEXT">printf 'env ALNIRESINOL_OFFLOADED;\n' | tee nginx_conf_env.txt</script>
                </process>
                <process>
                    <environment_variable encoding="STRING" key="ALNIRESINOL_OFFLOADED" type="USE_TEXT">/opt/stonesoup/workspace/testData/publicute_vetoing/importantly_healthlessness.txt</environment_variable>
                </process>
                <process>
                    <file encoding="STRING" path="/opt/stonesoup/workspace/testData/publicute_vetoing/importantly_healthlessness.txt" type="USE_TEXT">zebras have stripes</file>
                </process>
                <process>
                    <script background="false" encoding="STRING" type="USE_TEXT">mkdir $SS_TC_ROOT/logs/execute/lttng</script>
                </process>
                <process>
                    <environment_variable encoding="STRING" key="LTTNG_HOME" type="USE_TEXT">$SS_TC_ROOT/logs/execute/lttng</environment_variable>
                </process>
                <process>
                    <environment_variable encoding="STRING" key="SS_RUN_COMMAND_LD_PRELOAD" type="USE_TEXT">$SS_TC_DEPS/lib64/liblttng-stonesoup-c.so:$SS_TC_DEPS/lib64/liblttng-ust-fork.so</environment_variable>
                </process>
                <process>
                    <script background="false" encoding="STRING" type="USE_TEXT">mkdir -p $SS_TC_DEPS/var/run/lttng</script>
                </process>
                <process>
                    <script background="false" encoding="STRING" type="USE_TEXT">$SS_TC_DEPS/bin/lttng create &amp;&amp; $SS_TC_DEPS/bin/lttng enable-event -u -a &amp;&amp; $SS_TC_DEPS/bin/lttng start</script>
                </process>
                <process>
                    <script background="false" encoding="STRING" type="USE_TEXT">rm -rf $SS_TC_ROOT/lockDir</script>
                </process>
                <process>
                    <environment_variable encoding="STRING" key="MALLOC_CHECK_" type="USE_TEXT">1</environment_variable>
                </process>
            </pre_processes>
            <run_command encoding="STRING" preprend_runcommand="true" type="USE_TEXT">--charset ASCII --sort=name -n -q -J input/good-03</run_command>
            <post_processes scheme="SEQUENCE">
                <process delay_after="0" delay_before="0">
                    <script background="false" encoding="STRING" input_id="STDOUT-CONTENT-LENGTH-EVAL-03qPLbzl7v6l" type="USE_TEXT">if [[ $(wc -c &quot;$SS_LOG_EXECUTE_STDOUT&quot; | cut -d &quot; &quot; -f 1) -eq $(wc -c &quot;$SS_TC_ROOT/$SS_TC_SCORE/good-03/output.txt&quot; | cut -d &quot; &quot; -f 1) ]]; then echo &quot;SIMILAR&quot;; else echo &quot;DIFFERENT&quot;; fi;</script>
                </process>
                <process>
                    <script background="false" encoding="STRING" input_id="lttng_output_MZmSfQHEqPfmWhYGOwXH" type="USE_TEXT">$SS_TC_DEPS/bin/lttng stop &amp;&amp; $SS_TC_DEPS/bin/lttng view &amp;&amp; $SS_TC_DEPS/bin/lttng destroy</script>
                </process>
            </post_processes>
            <scoring_formula default="segfault_formula_R27KbEsT9q">
                <formula name="segfault_formula_R27KbEsT9q">weakness_started_o7szmxNezx8wQkCXXOsL AND ((NOT PERFORMER AND (segfault_code_mRcfD2sR4o OR segfault_code_c0g8vimJQ5 OR segfault_code_7e7oT5yPK2 OR segfault_code_F63W9wL3mh OR segfault_code_f54iJ8upiw OR segfault_msg_JPwZQBU0P5 OR illegal_inst_msg_1I2GLEKqhY OR segfault_glibc_XqovOq2Zz9) AND NOT timeout_Gj6uaKnm1O) or (PERFORMER AND NOT ((segfault_code_mRcfD2sR4o OR segfault_code_c0g8vimJQ5 OR segfault_code_7e7oT5yPK2 OR segfault_code_F63W9wL3mh OR segfault_code_f54iJ8upiw OR segfault_msg_JPwZQBU0P5 OR illegal_inst_msg_1I2GLEKqhY OR segfault_glibc_XqovOq2Zz9) OR timeout_Gj6uaKnm1O)))</formula>
                <formula name="no_weakness_started_formula_LtrJM71802">(NOT PERFORMER AND (segfault_code_mRcfD2sR4o OR segfault_code_c0g8vimJQ5 OR segfault_code_7e7oT5yPK2 OR segfault_code_F63W9wL3mh OR segfault_code_f54iJ8upiw OR segfault_msg_JPwZQBU0P5 OR illegal_inst_msg_1I2GLEKqhY OR segfault_glibc_XqovOq2Zz9) AND NOT timeout_Gj6uaKnm1O) or (PERFORMER AND NOT ((segfault_code_mRcfD2sR4o OR segfault_code_c0g8vimJQ5 OR segfault_code_7e7oT5yPK2 OR segfault_code_F63W9wL3mh OR segfault_code_f54iJ8upiw OR segfault_msg_JPwZQBU0P5 OR illegal_inst_msg_1I2GLEKqhY OR segfault_glibc_XqovOq2Zz9) OR timeout_Gj6uaKnm1O))</formula>
            </scoring_formula>
            <output_checks>
                <simple_check check_type="SPECIAL" encoding="STRING" name="timeout_Gj6uaKnm1O" type="USE_TEXT">DOES_NOT_RETURN</simple_check>
                <simple_check check_type="SPECIAL" encoding="STRING" name="controlled_exit_Z7dKMqjV5y" type="USE_TEXT">CONTROLLED_EXIT</simple_check>
                <simple_check check_type="SPECIAL" encoding="STRING" name="continued_execution_sqP2dCk1H4" type="USE_TEXT">CONTINUED_EXECUTION</simple_check>
                <compare_check check_type="EXACT_MATCH" name="segfault_code_mRcfD2sR4o">
                    <actual encoding="STRING" output_type="RETURN_CODE">None</actual>
                    <expected encoding="STRING" type="USE_TEXT">132</expected>
                </compare_check>
                <compare_check check_type="EXACT_MATCH" name="segfault_code_c0g8vimJQ5">
                    <actual encoding="STRING" output_type="RETURN_CODE">None</actual>
                    <expected encoding="STRING" type="USE_TEXT">134</expected>
                </compare_check>
                <compare_check check_type="EXACT_MATCH" name="segfault_code_7e7oT5yPK2">
                    <actual encoding="STRING" output_type="RETURN_CODE">None</actual>
                    <expected encoding="STRING" type="USE_TEXT">135</expected>
                </compare_check>
                <compare_check check_type="EXACT_MATCH" name="segfault_code_F63W9wL3mh">
                    <actual encoding="STRING" output_type="RETURN_CODE">None</actual>
                    <expected encoding="STRING" type="USE_TEXT">136</expected>
                </compare_check>
                <compare_check check_type="EXACT_MATCH" name="segfault_code_f54iJ8upiw">
                    <actual encoding="STRING" output_type="RETURN_CODE">None</actual>
                    <expected encoding="STRING" type="USE_TEXT">139</expected>
                </compare_check>
                <compare_check check_type="CONTAINS" name="segfault_msg_JPwZQBU0P5">
                    <actual encoding="STRING" output_type="STANDARD_ERROR">None</actual>
                    <expected encoding="STRING" type="USE_TEXT">Segmentation fault</expected>
                </compare_check>
                <compare_check check_type="CONTAINS" name="illegal_inst_msg_1I2GLEKqhY">
                    <actual encoding="STRING" output_type="STANDARD_ERROR">None</actual>
                    <expected encoding="STRING" type="USE_TEXT">Illegal instruction</expected>
                </compare_check>
                <compare_check check_type="CONTAINS" name="segfault_glibc_XqovOq2Zz9">
                    <actual encoding="STRING" output_type="STANDARD_ERROR">None</actual>
                    <expected encoding="STRING" type="USE_TEXT">glibc detected</expected>
                </compare_check>
                <compare_check check_type="CONTAINS" name="weakness_started_o7szmxNezx8wQkCXXOsL">
                    <actual encoding="STRING" input_id_ref="lttng_output_MZmSfQHEqPfmWhYGOwXH" output_type="STANDARD_OUT">None</actual>
                    <expected encoding="STRING" type="USE_TEXT">stonesoup_trace:weakness_start</expected>
                </compare_check>
            </output_checks>
        </iopair>
    </iopairs>
</project>
