<?xml version="1.0" encoding="utf-8"?>
<project base_program="J-CMUD" language="JAVA" name="J-C834A-CMUD-05-ST01-DT03-DF11-CF05-01" targeted_architecture="ANY" targeted_os="LINUX" test_case_type="ALL" xmlns="urn:stonesoup:project">
    <description>This test takes a number and attempts to determine whether it is prime by dividing it by each number less than it. For large enough prime integers, this calculation takes an excessive amount of time.
</description>
    <additional_information>
        <keyvalue key="kill_command">TRUE</keyvalue>
        <keyvalue key="JAVA_MAIN">com.planet_ink.coffee_mud.application.MUD</keyvalue>
        <keyvalue key="JAVA_CLASSPATH">$SS_TC_ROOT/$SS_TC_INSTALL:$SS_TC_ROOT/$SS_TC_INSTALL/lib/*:$SS_TC_DEPS/java/coffeemud/js.jar:$SS_TC_DEPS/java/coffeemud/jzlib.jar:$SS_TC_DEPS/java/stonesoup/lttng/lttng-stonesoup-0.1.jar</keyvalue>
        <keyvalue key="algorithmic_variant_name">UNSPECIFIED</keyvalue>
        <keyvalue key="root_cause">UNSPECIFIED</keyvalue>
    </additional_information>
    <structure install="install" iodata="testData" scoredata="testOutput" scripts="scripts" source="src"/>
    <run_command>java -classpath &quot;$SS_JAVA_CLASSPATH&quot; -Xmx170m com.planet_ink.coffee_mud.application.MUD &quot;SS_Mud_Server&quot;</run_command>
    <weakness generation_method="FAULT_INJECTED">
        <variant cwe="CWE-834" name="CWE-834-A">
            <crossover_point file_name="/tmp/tmpOSuBFr_ss_testcase/src/com/planet_ink/coffee_mud/MOBS/StdMOB.java" line_number="0">
                <method name="reformationaryTimeless"/>
            </crossover_point>
            <trigger_point file_name="/tmp/tmpOSuBFr_ss_testcase/src/com/planet_ink/coffee_mud/MOBS/StdMOB.java" line_number="0">
                <method name="reformationaryTimeless"/>
            </trigger_point>
        </variant>
        <features>
            <taint_source file_name="/tmp/tmpOSuBFr_ss_testcase/src/com/planet_ink/coffee_mud/MOBS/StdMOB.java" line_number="0" type="ENVIRONMENT_VARIABLE">
                <method name="numFollowers"/>
            </taint_source>
            <data_type file_name="/tmp/tmpOSuBFr_ss_testcase/src/com/planet_ink/coffee_mud/MOBS/StdMOB.java" line_number="0" type="VOID_POINTER">
                <method name="numFollowers"/>
            </data_type>
            <data_flow file_name="/tmp/tmpOSuBFr_ss_testcase/src/com/planet_ink/coffee_mud/MOBS/StdMOB.java" line_number="0" type="BASIC">
                <method name="numFollowers"/>
            </data_flow>
            <control_flow file_name="/tmp/tmpOSuBFr_ss_testcase/src/com/planet_ink/coffee_mud/MOBS/StdMOB.java" line_number="0" type="INTERCLASS_2">
                <method name="numFollowers"/>
            </control_flow>
        </features>
    </weakness>
    <build_commands>
        <command>env ANT_HOME=&quot;$SS_TC_DEPS/ant&quot; ant $SS_ANT_OPTS -Dstonesoup.database.postgres.required=no -Dstonesoup.hibernate.postgres.required=no -Dstonesoup.hibernate.mysql.required=no -Dstonesoup.database.mysql.required=no -Dstonesoup.socket.required=no -lib $SS_TC_DEPS/java/stonesoup/lttng/lttng-stonesoup-0.1.jar -Dlib.dir=&quot;$SS_TC_DEPS/java/coffeemud&quot; -Dstonesoup.socket.lib.dir=&quot;$SS_TC_DEPS/java/stonesoup/socket&quot; -Dstonesoup.hibernate.mysql.lib.dir=&quot;$SS_TC_DEPS/java/stonesoup/hibernate/mysql&quot; -Dstonesoup.hibernate.postgres.lib.dir=&quot;$SS_TC_DEPS/java/stonesoup/hibernate/postgres&quot; -Dstonesoup.database.mysql.lib.dir=&quot;$SS_TC_DEPS/java/stonesoup/database/mysql&quot; -Dstonesoup.database.postgres.lib.dir=&quot;$SS_TC_DEPS/java/stonesoup/database/postgres&quot;  -Dstonesoup.lttng.lib.dir=&quot;$SS_TC_DEPS/java/stonesoup/lttng&quot; -Dstonesoup.lttng.dummy.lib.dir=&quot;$SS_TC_DEPS/java/stonesoup/lttng-dummy&quot; -Ddist.dir=&quot;$SS_TC_ROOT/$SS_TC_INSTALL&quot; -Dbuild.dir=$SS_TC_ROOT/$SS_TC_INSTALL  compile</command>
    </build_commands>
    <iopairs>
        <iopair name="J-C834A-CMUD-05-ST01-DT03-DF11-CF05-01-GOOD-01" reset_scheme="NONE" timeout="300" type="GOOD">
            <description>register a character, become an archon (essentially a superuser), destroy character
Environment variable
</description>
            <technical_impact>NONE</technical_impact>
            <pre_processes scheme="SEQUENCE">
                <process>
                    <script background="false" encoding="STRING" type="USE_TEXT">printf 'env ATRAMENT_PUTAMEN;\n' | tee nginx_conf_env.txt</script>
                </process>
                <process delay_after="0" delay_before="0">
                    <script background="false" encoding="STRING" type="USE_TEXT">dd if=/dev/urandom count=1 bs=512 2&gt; /dev/null | tr -dc 'a-zA-Z0-9' | fold -w 5 | head -1 &gt;/tmp/screen_name.txt; cat /tmp/screen_name.txt</script>
                </process>
                <process delay_after="0" delay_before="0">
                    <environment_variable encoding="STRING" key="SS_SCREEN_NAME" type="USE_FILE_CONTENTS">/tmp/screen_name.txt</environment_variable>
                </process>
                <process>
                    <environment_variable encoding="STRING" key="ATRAMENT_PUTAMEN" type="USE_TEXT">68718952445</environment_variable>
                </process>
                <process>
                    <script background="false" encoding="STRING" type="USE_TEXT">mkdir $SS_TC_ROOT/logs/execute/lttng</script>
                </process>
                <process>
                    <environment_variable encoding="STRING" key="LTTNG_HOME" type="USE_TEXT">$SS_TC_ROOT/logs/execute/lttng</environment_variable>
                </process>
                <process>
                    <environment_variable encoding="STRING" key="SS_RUN_COMMAND_LD_PRELOAD" type="USE_TEXT">$SS_TC_DEPS/lib64/liblttng-stonesoup-java.so:$SS_TC_DEPS/lib64/liblttng-ust-fork.so</environment_variable>
                </process>
                <process>
                    <script background="false" encoding="STRING" type="USE_TEXT">mkdir -p $SS_TC_DEPS/var/run/lttng</script>
                </process>
                <process>
                    <script background="false" encoding="STRING" type="USE_TEXT">$SS_TC_DEPS/bin/lttng create &amp;&amp; $SS_TC_DEPS/bin/lttng enable-event -u -a &amp;&amp; $SS_TC_DEPS/bin/lttng start</script>
                </process>
                <process>
                    <script background="false" encoding="STRING" type="USE_TEXT">rm -rf $SS_TC_ROOT/lockDir</script>
                </process>
            </pre_processes>
            <run_command encoding="STRING" preprend_runcommand="true" type="USE_TEXT"></run_command>
            <co_processes scheme="SEQUENCE">
                <process_group scheme="PARALLEL">
                    <process_group scheme="SEQUENCE">
                        <process delay_after="0" delay_before="0">
                            <script background="false" encoding="STRING" type="USE_TEXT">$SS_TC_ROOT/scripts/service_mon.sh ss-localhost 5555</script>
                        </process>
                        <process delay_after="0" delay_before="0">
                            <script background="false" encoding="STRING" input_id="GOOD_01_SCRIPT" type="USE_TEXT">sleep 22 &amp;&amp; screen -dmSL ${SS_SCREEN_NAME//[$'\t\r\n ']} &quot;$SS_TC_DEPS/bin/tt++&quot; &quot;$SS_TC_ROOT/testData/good-01/good_01.tin&quot;; while [[ `screen -ls` == *${SS_SCREEN_NAME//[$'\t\r\n ']}* ]]; do sleep 1; done;</script>
                        </process>
                    </process_group>
                    <process_group scheme="SEQUENCE"/>
                </process_group>
                <process delay_after="0" delay_before="0">
                    <script background="false" encoding="STRING" type="USE_TEXT">kill $(ps aux | grep 'coffee_mud' | grep -v 'grep' |  awk '{print $2}'); echo &quot;Killed coffee_mud&quot;; date</script>
                </process>
            </co_processes>
            <post_processes scheme="SEQUENCE">
                <process delay_after="0" delay_before="0">
                    <script background="false" encoding="STRING" type="USE_TEXT">if [[ `screen -ls` == *${SS_SCREEN_NAME//[$'\t\r\n ']}* ]]; then screen -X -S ${SS_SCREEN_NAME//[$'\t\r\n ']} quit; fi</script>
                </process>
                <process delay_after="0" delay_before="0">
                    <script background="false" encoding="STRING" type="USE_TEXT">rm -rf $SS_TC_ROOT/$SS_TC_INSTALL/resources/fakedb/fakedb.data.*</script>
                </process>
                <process>
                    <script background="false" encoding="STRING" input_id="lttng_output_KeXrkNYJWE" type="USE_TEXT">$SS_TC_DEPS/bin/lttng stop &amp;&amp; $SS_TC_DEPS/bin/lttng view &amp;&amp; $SS_TC_DEPS/bin/lttng destroy</script>
                </process>
            </post_processes>
            <scoring_formula default="GOOD-01-Default">
                <formula name="GOOD-01-Default">GOOD-01-01 AND GOOD-01-02 AND GOOD-01-03 AND NOT TIMEOUT AND NOT CONTROLLED_EXIT</formula>
            </scoring_formula>
            <output_checks>
                <compare_check check_type="CONTAINS" name="GOOD-01-01">
                    <actual output_type="FILE_CONTENTS">../testData/screenlog.0</actual>
                    <expected encoding="STRING" type="USE_FILE_CONTENTS">good-01/good-01-01.txt</expected>
                </compare_check>
                <compare_check check_type="CONTAINS" name="GOOD-01-02">
                    <actual output_type="FILE_CONTENTS">../testData/screenlog.0</actual>
                    <expected encoding="STRING" type="USE_FILE_CONTENTS">good-01/good-01-02.txt</expected>
                </compare_check>
                <compare_check check_type="CONTAINS" name="GOOD-01-03">
                    <actual output_type="FILE_CONTENTS">../testData/screenlog.0</actual>
                    <expected encoding="STRING" type="USE_FILE_CONTENTS">good-01/good-01-03.txt</expected>
                </compare_check>
                <simple_check check_type="SPECIAL" encoding="STRING" name="TIMEOUT" type="USE_TEXT">DOES_NOT_RETURN</simple_check>
                <simple_check check_type="SPECIAL" encoding="STRING" name="CONTROLLED_EXIT" type="USE_TEXT">CONTROLLED_EXIT</simple_check>
            </output_checks>
        </iopair>
        <iopair name="J-C834A-CMUD-05-ST01-DT03-DF11-CF05-01-GOOD-02" reset_scheme="NONE" timeout="300" type="GOOD">
            <description>register character, become archon, check inventory, destroy character
Environment variable
</description>
            <technical_impact>NONE</technical_impact>
            <pre_processes scheme="SEQUENCE">
                <process>
                    <script background="false" encoding="STRING" type="USE_TEXT">printf 'env ATRAMENT_PUTAMEN;\n' | tee nginx_conf_env.txt</script>
                </process>
                <process delay_after="0" delay_before="0">
                    <script background="false" encoding="STRING" type="USE_TEXT">dd if=/dev/urandom count=1 bs=512 2&gt; /dev/null | tr -dc 'a-zA-Z0-9' | fold -w 5 | head -1 &gt;/tmp/screen_name.txt; cat /tmp/screen_name.txt</script>
                </process>
                <process delay_after="0" delay_before="0">
                    <environment_variable encoding="STRING" key="SS_SCREEN_NAME" type="USE_FILE_CONTENTS">/tmp/screen_name.txt</environment_variable>
                </process>
                <process>
                    <environment_variable encoding="STRING" key="ATRAMENT_PUTAMEN" type="USE_TEXT">1301</environment_variable>
                </process>
                <process>
                    <script background="false" encoding="STRING" type="USE_TEXT">mkdir $SS_TC_ROOT/logs/execute/lttng</script>
                </process>
                <process>
                    <environment_variable encoding="STRING" key="LTTNG_HOME" type="USE_TEXT">$SS_TC_ROOT/logs/execute/lttng</environment_variable>
                </process>
                <process>
                    <environment_variable encoding="STRING" key="SS_RUN_COMMAND_LD_PRELOAD" type="USE_TEXT">$SS_TC_DEPS/lib64/liblttng-stonesoup-java.so:$SS_TC_DEPS/lib64/liblttng-ust-fork.so</environment_variable>
                </process>
                <process>
                    <script background="false" encoding="STRING" type="USE_TEXT">mkdir -p $SS_TC_DEPS/var/run/lttng</script>
                </process>
                <process>
                    <script background="false" encoding="STRING" type="USE_TEXT">$SS_TC_DEPS/bin/lttng create &amp;&amp; $SS_TC_DEPS/bin/lttng enable-event -u -a &amp;&amp; $SS_TC_DEPS/bin/lttng start</script>
                </process>
                <process>
                    <script background="false" encoding="STRING" type="USE_TEXT">rm -rf $SS_TC_ROOT/lockDir</script>
                </process>
            </pre_processes>
            <run_command encoding="STRING" preprend_runcommand="true" type="USE_TEXT"></run_command>
            <co_processes scheme="SEQUENCE">
                <process_group scheme="PARALLEL">
                    <process_group scheme="SEQUENCE">
                        <process delay_after="0" delay_before="0">
                            <script background="false" encoding="STRING" input_id="GOOD_02_SCRIPT" type="USE_TEXT">$SS_TC_ROOT/scripts/service_mon.sh ss-localhost 5555 &amp;&amp; sleep 22 &amp;&amp; screen -dmSL ${SS_SCREEN_NAME//[$'\t\r\n ']} &quot;$SS_TC_DEPS/bin/tt++&quot; &quot;$SS_TC_ROOT/testData/good-02/good_02.tin&quot;; while [[ `screen -ls` == *${SS_SCREEN_NAME//[$'\t\r\n ']}* ]]; do sleep 1; done;</script>
                        </process>
                    </process_group>
                    <process_group scheme="SEQUENCE"/>
                </process_group>
                <process delay_after="0" delay_before="0">
                    <script background="false" encoding="STRING" type="USE_TEXT">kill $(ps aux | grep 'coffee_mud' | grep -v 'grep' |  awk '{print $2}'); echo &quot;Killed coffee_mud&quot;; date</script>
                </process>
            </co_processes>
            <post_processes scheme="SEQUENCE">
                <process delay_after="0" delay_before="0">
                    <script background="false" encoding="STRING" type="USE_TEXT">if [[ `screen -ls` == *${SS_SCREEN_NAME//[$'\t\r\n ']}* ]]; then screen -X -S ${SS_SCREEN_NAME//[$'\t\r\n ']} quit; fi</script>
                </process>
                <process delay_after="0" delay_before="0">
                    <script background="false" encoding="STRING" type="USE_TEXT">rm -rf $SS_TC_ROOT/$SS_TC_INSTALL/resources/fakedb/fakedb.data.*</script>
                </process>
                <process>
                    <script background="false" encoding="STRING" input_id="lttng_output_24MXYppjCD" type="USE_TEXT">$SS_TC_DEPS/bin/lttng stop &amp;&amp; $SS_TC_DEPS/bin/lttng view &amp;&amp; $SS_TC_DEPS/bin/lttng destroy</script>
                </process>
            </post_processes>
            <scoring_formula default="GOOD-02-Default">
                <formula name="GOOD-02-Default">GOOD-02-01 AND GOOD-02-02 AND GOOD-02-03 AND GOOD-02-04 AND NOT TIMEOUT AND NOT CONTROLLED_EXIT</formula>
            </scoring_formula>
            <output_checks>
                <compare_check check_type="CONTAINS" name="GOOD-02-01">
                    <actual output_type="FILE_CONTENTS">../testData/screenlog.0</actual>
                    <expected encoding="STRING" type="USE_FILE_CONTENTS">good-02/good-02-01.txt</expected>
                </compare_check>
                <compare_check check_type="CONTAINS" name="GOOD-02-02">
                    <actual output_type="FILE_CONTENTS">../testData/screenlog.0</actual>
                    <expected encoding="STRING" type="USE_FILE_CONTENTS">good-02/good-02-02.txt</expected>
                </compare_check>
                <compare_check check_type="CONTAINS" name="GOOD-02-03">
                    <actual output_type="FILE_CONTENTS">../testData/screenlog.0</actual>
                    <expected encoding="STRING" type="USE_FILE_CONTENTS">good-02/good-02-03.txt</expected>
                </compare_check>
                <compare_check check_type="CONTAINS" name="GOOD-02-04">
                    <actual output_type="FILE_CONTENTS">../testData/screenlog.0</actual>
                    <expected encoding="STRING" type="USE_FILE_CONTENTS">good-02/good-02-04.txt</expected>
                </compare_check>
                <simple_check check_type="SPECIAL" encoding="STRING" name="TIMEOUT" type="USE_TEXT">DOES_NOT_RETURN</simple_check>
                <simple_check check_type="SPECIAL" encoding="STRING" name="CONTROLLED_EXIT" type="USE_TEXT">CONTROLLED_EXIT</simple_check>
            </output_checks>
        </iopair>
        <iopair name="J-C834A-CMUD-05-ST01-DT03-DF11-CF05-01-GOOD-03" reset_scheme="NONE" timeout="300" type="GOOD">
            <description>register character, become archon, auto-generate a dungeon, move room, destroy character
Environment variable
</description>
            <technical_impact>NONE</technical_impact>
            <pre_processes scheme="SEQUENCE">
                <process>
                    <script background="false" encoding="STRING" type="USE_TEXT">printf 'env ATRAMENT_PUTAMEN;\n' | tee nginx_conf_env.txt</script>
                </process>
                <process delay_after="0" delay_before="0">
                    <script background="false" encoding="STRING" type="USE_TEXT">dd if=/dev/urandom count=1 bs=512 2&gt; /dev/null | tr -dc 'a-zA-Z0-9' | fold -w 5 | head -1 &gt;/tmp/screen_name.txt; cat /tmp/screen_name.txt</script>
                </process>
                <process delay_after="0" delay_before="0">
                    <environment_variable encoding="STRING" key="SS_SCREEN_NAME" type="USE_FILE_CONTENTS">/tmp/screen_name.txt</environment_variable>
                </process>
                <process>
                    <environment_variable encoding="STRING" key="ATRAMENT_PUTAMEN" type="USE_TEXT">1073676288</environment_variable>
                </process>
                <process>
                    <script background="false" encoding="STRING" type="USE_TEXT">mkdir $SS_TC_ROOT/logs/execute/lttng</script>
                </process>
                <process>
                    <environment_variable encoding="STRING" key="LTTNG_HOME" type="USE_TEXT">$SS_TC_ROOT/logs/execute/lttng</environment_variable>
                </process>
                <process>
                    <environment_variable encoding="STRING" key="SS_RUN_COMMAND_LD_PRELOAD" type="USE_TEXT">$SS_TC_DEPS/lib64/liblttng-stonesoup-java.so:$SS_TC_DEPS/lib64/liblttng-ust-fork.so</environment_variable>
                </process>
                <process>
                    <script background="false" encoding="STRING" type="USE_TEXT">mkdir -p $SS_TC_DEPS/var/run/lttng</script>
                </process>
                <process>
                    <script background="false" encoding="STRING" type="USE_TEXT">$SS_TC_DEPS/bin/lttng create &amp;&amp; $SS_TC_DEPS/bin/lttng enable-event -u -a &amp;&amp; $SS_TC_DEPS/bin/lttng start</script>
                </process>
                <process>
                    <script background="false" encoding="STRING" type="USE_TEXT">rm -rf $SS_TC_ROOT/lockDir</script>
                </process>
            </pre_processes>
            <run_command encoding="STRING" preprend_runcommand="true" type="USE_TEXT"></run_command>
            <co_processes scheme="SEQUENCE">
                <process_group scheme="PARALLEL">
                    <process_group scheme="SEQUENCE">
                        <process delay_after="0" delay_before="0">
                            <script background="false" encoding="STRING" input_id="GOOD_03_SCRIPT" type="USE_TEXT">$SS_TC_ROOT/scripts/service_mon.sh ss-localhost 5555 &amp;&amp; sleep 22 &amp;&amp; screen -dmSL ${SS_SCREEN_NAME//[$'\t\r\n ']} &quot;$SS_TC_DEPS/bin/tt++&quot; &quot;$SS_TC_ROOT/testData/good-03/good_03.tin&quot;; while [[ `screen -ls` == *${SS_SCREEN_NAME//[$'\t\r\n ']}* ]]; do sleep 1; done;</script>
                        </process>
                    </process_group>
                    <process_group scheme="SEQUENCE"/>
                </process_group>
                <process delay_after="0" delay_before="0">
                    <script background="false" encoding="STRING" type="USE_TEXT">kill $(ps aux | grep 'coffee_mud' | grep -v 'grep' |  awk '{print $2}'); echo &quot;Killed coffee_mud&quot;; date</script>
                </process>
            </co_processes>
            <post_processes scheme="SEQUENCE">
                <process delay_after="0" delay_before="0">
                    <script background="false" encoding="STRING" type="USE_TEXT">if [[ `screen -ls` == *${SS_SCREEN_NAME//[$'\t\r\n ']}* ]]; then screen -X -S ${SS_SCREEN_NAME//[$'\t\r\n ']} quit; fi</script>
                </process>
                <process delay_after="0" delay_before="0">
                    <script background="false" encoding="STRING" type="USE_TEXT">rm -rf $SS_TC_ROOT/$SS_TC_INSTALL/resources/fakedb/fakedb.data.*</script>
                </process>
                <process>
                    <script background="false" encoding="STRING" input_id="lttng_output_Joo6qYXcjH" type="USE_TEXT">$SS_TC_DEPS/bin/lttng stop &amp;&amp; $SS_TC_DEPS/bin/lttng view &amp;&amp; $SS_TC_DEPS/bin/lttng destroy</script>
                </process>
            </post_processes>
            <scoring_formula default="GOOD-03-Default">
                <formula name="GOOD-03-Default">GOOD-03-01 AND GOOD-03-02 AND GOOD-03-03 AND GOOD-03-04 AND NOT TIMEOUT AND NOT CONTROLLED_EXIT</formula>
            </scoring_formula>
            <output_checks>
                <compare_check check_type="CONTAINS" name="GOOD-03-01">
                    <actual output_type="FILE_CONTENTS">../testData/screenlog.0</actual>
                    <expected encoding="STRING" type="USE_FILE_CONTENTS">good-03/good-03-01.txt</expected>
                </compare_check>
                <compare_check check_type="CONTAINS" name="GOOD-03-02">
                    <actual output_type="FILE_CONTENTS">../testData/screenlog.0</actual>
                    <expected encoding="STRING" type="USE_FILE_CONTENTS">good-03/good-03-02.txt</expected>
                </compare_check>
                <compare_check check_type="CONTAINS" name="GOOD-03-03">
                    <actual output_type="FILE_CONTENTS">../testData/screenlog.0</actual>
                    <expected encoding="STRING" type="USE_FILE_CONTENTS">good-03/good-03-03.txt</expected>
                </compare_check>
                <compare_check check_type="CONTAINS" name="GOOD-03-04">
                    <actual output_type="FILE_CONTENTS">../testData/screenlog.0</actual>
                    <expected encoding="STRING" type="USE_FILE_CONTENTS">good-03/good-03-04.txt</expected>
                </compare_check>
                <simple_check check_type="SPECIAL" encoding="STRING" name="TIMEOUT" type="USE_TEXT">DOES_NOT_RETURN</simple_check>
                <simple_check check_type="SPECIAL" encoding="STRING" name="CONTROLLED_EXIT" type="USE_TEXT">CONTROLLED_EXIT</simple_check>
            </output_checks>
        </iopair>
        <iopair name="J-C834A-CMUD-05-ST01-DT03-DF11-CF05-01-GOOD-04" reset_scheme="NONE" timeout="300" type="GOOD">
            <description>register character, become archon, auto-generate a dungeon, check inventory, hold torch, move room, destroy character
Environment variable
</description>
            <technical_impact>NONE</technical_impact>
            <pre_processes scheme="SEQUENCE">
                <process>
                    <script background="false" encoding="STRING" type="USE_TEXT">printf 'env ATRAMENT_PUTAMEN;\n' | tee nginx_conf_env.txt</script>
                </process>
                <process delay_after="0" delay_before="0">
                    <script background="false" encoding="STRING" type="USE_TEXT">dd if=/dev/urandom count=1 bs=512 2&gt; /dev/null | tr -dc 'a-zA-Z0-9' | fold -w 5 | head -1 &gt;/tmp/screen_name.txt; cat /tmp/screen_name.txt</script>
                </process>
                <process delay_after="0" delay_before="0">
                    <environment_variable encoding="STRING" key="SS_SCREEN_NAME" type="USE_FILE_CONTENTS">/tmp/screen_name.txt</environment_variable>
                </process>
                <process>
                    <environment_variable encoding="STRING" key="ATRAMENT_PUTAMEN" type="USE_TEXT">68718952445</environment_variable>
                </process>
                <process>
                    <script background="false" encoding="STRING" type="USE_TEXT">mkdir $SS_TC_ROOT/logs/execute/lttng</script>
                </process>
                <process>
                    <environment_variable encoding="STRING" key="LTTNG_HOME" type="USE_TEXT">$SS_TC_ROOT/logs/execute/lttng</environment_variable>
                </process>
                <process>
                    <environment_variable encoding="STRING" key="SS_RUN_COMMAND_LD_PRELOAD" type="USE_TEXT">$SS_TC_DEPS/lib64/liblttng-stonesoup-java.so:$SS_TC_DEPS/lib64/liblttng-ust-fork.so</environment_variable>
                </process>
                <process>
                    <script background="false" encoding="STRING" type="USE_TEXT">mkdir -p $SS_TC_DEPS/var/run/lttng</script>
                </process>
                <process>
                    <script background="false" encoding="STRING" type="USE_TEXT">$SS_TC_DEPS/bin/lttng create &amp;&amp; $SS_TC_DEPS/bin/lttng enable-event -u -a &amp;&amp; $SS_TC_DEPS/bin/lttng start</script>
                </process>
                <process>
                    <script background="false" encoding="STRING" type="USE_TEXT">rm -rf $SS_TC_ROOT/lockDir</script>
                </process>
            </pre_processes>
            <run_command encoding="STRING" preprend_runcommand="true" type="USE_TEXT"></run_command>
            <co_processes scheme="SEQUENCE">
                <process_group scheme="PARALLEL">
                    <process_group scheme="SEQUENCE">
                        <process delay_after="0" delay_before="0">
                            <script background="false" encoding="STRING" input_id="GOOD_04_SCRIPT" type="USE_TEXT">$SS_TC_ROOT/scripts/service_mon.sh ss-localhost 5555 &amp;&amp; sleep 22 &amp;&amp; screen -dmSL ${SS_SCREEN_NAME//[$'\t\r\n ']} &quot;$SS_TC_DEPS/bin/tt++&quot; &quot;$SS_TC_ROOT/testData/good-04/good_04.tin&quot;; while [[ `screen -ls` == *${SS_SCREEN_NAME//[$'\t\r\n ']}* ]]; do sleep 1; done;</script>
                        </process>
                    </process_group>
                    <process_group scheme="SEQUENCE"/>
                </process_group>
                <process delay_after="0" delay_before="0">
                    <script background="false" encoding="STRING" type="USE_TEXT">kill $(ps aux | grep 'coffee_mud' | grep -v 'grep' |  awk '{print $2}'); echo &quot;Killed coffee_mud&quot;; date</script>
                </process>
            </co_processes>
            <post_processes scheme="SEQUENCE">
                <process delay_after="0" delay_before="0">
                    <script background="false" encoding="STRING" type="USE_TEXT">if [[ `screen -ls` == *${SS_SCREEN_NAME//[$'\t\r\n ']}* ]]; then screen -X -S ${SS_SCREEN_NAME//[$'\t\r\n ']} quit; fi</script>
                </process>
                <process delay_after="0" delay_before="0">
                    <script background="false" encoding="STRING" type="USE_TEXT">rm -rf $SS_TC_ROOT/$SS_TC_INSTALL/resources/fakedb/fakedb.data.*</script>
                </process>
                <process>
                    <script background="false" encoding="STRING" input_id="lttng_output_m2Dgnhgxfi" type="USE_TEXT">$SS_TC_DEPS/bin/lttng stop &amp;&amp; $SS_TC_DEPS/bin/lttng view &amp;&amp; $SS_TC_DEPS/bin/lttng destroy</script>
                </process>
            </post_processes>
            <scoring_formula default="GOOD-04-Default">
                <formula name="GOOD-04-Default">GOOD-04-01 AND GOOD-04-02 AND GOOD-04-03 AND GOOD-04-05 AND NOT TIMEOUT AND NOT CONTROLLED_EXIT</formula>
            </scoring_formula>
            <output_checks>
                <compare_check check_type="CONTAINS" name="GOOD-04-01">
                    <actual output_type="FILE_CONTENTS">../testData/screenlog.0</actual>
                    <expected encoding="STRING" type="USE_FILE_CONTENTS">good-04/good-04-01.txt</expected>
                </compare_check>
                <compare_check check_type="CONTAINS" name="GOOD-04-02">
                    <actual output_type="FILE_CONTENTS">../testData/screenlog.0</actual>
                    <expected encoding="STRING" type="USE_FILE_CONTENTS">good-04/good-04-02.txt</expected>
                </compare_check>
                <compare_check check_type="CONTAINS" name="GOOD-04-03">
                    <actual output_type="FILE_CONTENTS">../testData/screenlog.0</actual>
                    <expected encoding="STRING" type="USE_FILE_CONTENTS">good-04/good-04-03.txt</expected>
                </compare_check>
                <compare_check check_type="CONTAINS" name="GOOD-04-04">
                    <actual output_type="FILE_CONTENTS">../testData/screenlog.0</actual>
                    <expected encoding="STRING" type="USE_FILE_CONTENTS">good-04/good-04-04.txt</expected>
                </compare_check>
                <compare_check check_type="CONTAINS" name="GOOD-04-05">
                    <actual output_type="FILE_CONTENTS">../testData/screenlog.0</actual>
                    <expected encoding="STRING" type="USE_FILE_CONTENTS">good-04/good-04-05.txt</expected>
                </compare_check>
                <simple_check check_type="SPECIAL" encoding="STRING" name="TIMEOUT" type="USE_TEXT">DOES_NOT_RETURN</simple_check>
                <simple_check check_type="SPECIAL" encoding="STRING" name="CONTROLLED_EXIT" type="USE_TEXT">CONTROLLED_EXIT</simple_check>
            </output_checks>
        </iopair>
        <iopair name="J-C834A-CMUD-05-ST01-DT03-DF11-CF05-01-GOOD-05" reset_scheme="NONE" timeout="300" type="GOOD">
            <description>register character, become archon, auto-generate a dungeon, search, check inventory, hold torch, move room, destroy character
Environment variable
</description>
            <technical_impact>NONE</technical_impact>
            <pre_processes scheme="SEQUENCE">
                <process>
                    <script background="false" encoding="STRING" type="USE_TEXT">printf 'env ATRAMENT_PUTAMEN;\n' | tee nginx_conf_env.txt</script>
                </process>
                <process delay_after="0" delay_before="0">
                    <script background="false" encoding="STRING" type="USE_TEXT">dd if=/dev/urandom count=1 bs=512 2&gt; /dev/null | tr -dc 'a-zA-Z0-9' | fold -w 5 | head -1 &gt;/tmp/screen_name.txt; cat /tmp/screen_name.txt</script>
                </process>
                <process delay_after="0" delay_before="0">
                    <environment_variable encoding="STRING" key="SS_SCREEN_NAME" type="USE_FILE_CONTENTS">/tmp/screen_name.txt</environment_variable>
                </process>
                <process>
                    <environment_variable encoding="STRING" key="ATRAMENT_PUTAMEN" type="USE_TEXT">1301</environment_variable>
                </process>
                <process>
                    <script background="false" encoding="STRING" type="USE_TEXT">mkdir $SS_TC_ROOT/logs/execute/lttng</script>
                </process>
                <process>
                    <environment_variable encoding="STRING" key="LTTNG_HOME" type="USE_TEXT">$SS_TC_ROOT/logs/execute/lttng</environment_variable>
                </process>
                <process>
                    <environment_variable encoding="STRING" key="SS_RUN_COMMAND_LD_PRELOAD" type="USE_TEXT">$SS_TC_DEPS/lib64/liblttng-stonesoup-java.so:$SS_TC_DEPS/lib64/liblttng-ust-fork.so</environment_variable>
                </process>
                <process>
                    <script background="false" encoding="STRING" type="USE_TEXT">mkdir -p $SS_TC_DEPS/var/run/lttng</script>
                </process>
                <process>
                    <script background="false" encoding="STRING" type="USE_TEXT">$SS_TC_DEPS/bin/lttng create &amp;&amp; $SS_TC_DEPS/bin/lttng enable-event -u -a &amp;&amp; $SS_TC_DEPS/bin/lttng start</script>
                </process>
                <process>
                    <script background="false" encoding="STRING" type="USE_TEXT">rm -rf $SS_TC_ROOT/lockDir</script>
                </process>
            </pre_processes>
            <run_command encoding="STRING" preprend_runcommand="true" type="USE_TEXT"></run_command>
            <co_processes scheme="SEQUENCE">
                <process_group scheme="PARALLEL">
                    <process_group scheme="SEQUENCE">
                        <process delay_after="0" delay_before="0">
                            <script background="false" encoding="STRING" input_id="GOOD_05_SCRIPT" type="USE_TEXT">$SS_TC_ROOT/scripts/service_mon.sh ss-localhost 5555 &amp;&amp; sleep 22 &amp;&amp; screen -dmSL ${SS_SCREEN_NAME//[$'\t\r\n ']} &quot;$SS_TC_DEPS/bin/tt++&quot; &quot;$SS_TC_ROOT/testData/good-05/good_05.tin&quot;; while [[ `screen -ls` == *${SS_SCREEN_NAME//[$'\t\r\n ']}* ]]; do sleep 1; done;</script>
                        </process>
                    </process_group>
                    <process_group scheme="SEQUENCE"/>
                </process_group>
                <process delay_after="0" delay_before="0">
                    <script background="false" encoding="STRING" type="USE_TEXT">kill $(ps aux | grep 'coffee_mud' | grep -v 'grep' |  awk '{print $2}'); echo &quot;Killed coffee_mud&quot;; date</script>
                </process>
            </co_processes>
            <post_processes scheme="SEQUENCE">
                <process delay_after="0" delay_before="0">
                    <script background="false" encoding="STRING" type="USE_TEXT">if [[ `screen -ls` == *${SS_SCREEN_NAME//[$'\t\r\n ']}* ]]; then screen -X -S ${SS_SCREEN_NAME//[$'\t\r\n ']} quit; fi</script>
                </process>
                <process delay_after="0" delay_before="0">
                    <script background="false" encoding="STRING" type="USE_TEXT">rm -rf $SS_TC_ROOT/$SS_TC_INSTALL/resources/fakedb/fakedb.data.*</script>
                </process>
                <process>
                    <script background="false" encoding="STRING" input_id="lttng_output_rRN1YFprwF" type="USE_TEXT">$SS_TC_DEPS/bin/lttng stop &amp;&amp; $SS_TC_DEPS/bin/lttng view &amp;&amp; $SS_TC_DEPS/bin/lttng destroy</script>
                </process>
            </post_processes>
            <scoring_formula default="GOOD-05-Default">
                <formula name="GOOD-05-Default">GOOD-05-01 AND GOOD-05-02 AND GOOD-05-03 AND GOOD-05-04 AND GOOD-05-05 AND NOT TIMEOUT AND NOT CONTROLLED_EXIT</formula>
            </scoring_formula>
            <output_checks>
                <compare_check check_type="CONTAINS" name="GOOD-05-01">
                    <actual output_type="FILE_CONTENTS">../testData/screenlog.0</actual>
                    <expected encoding="STRING" type="USE_FILE_CONTENTS">good-05/good-05-01.txt</expected>
                </compare_check>
                <compare_check check_type="CONTAINS" name="GOOD-05-02">
                    <actual output_type="FILE_CONTENTS">../testData/screenlog.0</actual>
                    <expected encoding="STRING" type="USE_FILE_CONTENTS">good-05/good-05-02.txt</expected>
                </compare_check>
                <compare_check check_type="CONTAINS" name="GOOD-05-03">
                    <actual output_type="FILE_CONTENTS">../testData/screenlog.0</actual>
                    <expected encoding="STRING" type="USE_FILE_CONTENTS">good-05/good-05-03.txt</expected>
                </compare_check>
                <compare_check check_type="CONTAINS" name="GOOD-05-04">
                    <actual output_type="FILE_CONTENTS">../testData/screenlog.0</actual>
                    <expected encoding="STRING" type="USE_FILE_CONTENTS">good-05/good-05-04.txt</expected>
                </compare_check>
                <compare_check check_type="CONTAINS" name="GOOD-05-05">
                    <actual output_type="FILE_CONTENTS">../testData/screenlog.0</actual>
                    <expected encoding="STRING" type="USE_FILE_CONTENTS">good-05/good-05-05.txt</expected>
                </compare_check>
                <simple_check check_type="SPECIAL" encoding="STRING" name="TIMEOUT" type="USE_TEXT">DOES_NOT_RETURN</simple_check>
                <simple_check check_type="SPECIAL" encoding="STRING" name="CONTROLLED_EXIT" type="USE_TEXT">CONTROLLED_EXIT</simple_check>
            </output_checks>
        </iopair>
        <iopair name="J-C834A-CMUD-05-ST01-DT03-DF11-CF05-01-GOOD-06" reset_scheme="NONE" timeout="300" type="GOOD">
            <description>register character, become archon, export world-state to file, destroy character
Environment variable
</description>
            <technical_impact>NONE</technical_impact>
            <pre_processes scheme="SEQUENCE">
                <process>
                    <script background="false" encoding="STRING" type="USE_TEXT">printf 'env ATRAMENT_PUTAMEN;\n' | tee nginx_conf_env.txt</script>
                </process>
                <process delay_after="0" delay_before="0">
                    <script background="false" encoding="STRING" type="USE_TEXT">dd if=/dev/urandom count=1 bs=512 2&gt; /dev/null | tr -dc 'a-zA-Z0-9' | fold -w 5 | head -1 &gt;/tmp/screen_name.txt; cat /tmp/screen_name.txt</script>
                </process>
                <process delay_after="0" delay_before="0">
                    <environment_variable encoding="STRING" key="SS_SCREEN_NAME" type="USE_FILE_CONTENTS">/tmp/screen_name.txt</environment_variable>
                </process>
                <process>
                    <environment_variable encoding="STRING" key="ATRAMENT_PUTAMEN" type="USE_TEXT">1073676288</environment_variable>
                </process>
                <process>
                    <script background="false" encoding="STRING" type="USE_TEXT">mkdir $SS_TC_ROOT/logs/execute/lttng</script>
                </process>
                <process>
                    <environment_variable encoding="STRING" key="LTTNG_HOME" type="USE_TEXT">$SS_TC_ROOT/logs/execute/lttng</environment_variable>
                </process>
                <process>
                    <environment_variable encoding="STRING" key="SS_RUN_COMMAND_LD_PRELOAD" type="USE_TEXT">$SS_TC_DEPS/lib64/liblttng-stonesoup-java.so:$SS_TC_DEPS/lib64/liblttng-ust-fork.so</environment_variable>
                </process>
                <process>
                    <script background="false" encoding="STRING" type="USE_TEXT">mkdir -p $SS_TC_DEPS/var/run/lttng</script>
                </process>
                <process>
                    <script background="false" encoding="STRING" type="USE_TEXT">$SS_TC_DEPS/bin/lttng create &amp;&amp; $SS_TC_DEPS/bin/lttng enable-event -u -a &amp;&amp; $SS_TC_DEPS/bin/lttng start</script>
                </process>
                <process>
                    <script background="false" encoding="STRING" type="USE_TEXT">rm -rf $SS_TC_ROOT/lockDir</script>
                </process>
            </pre_processes>
            <run_command encoding="STRING" preprend_runcommand="true" type="USE_TEXT"></run_command>
            <co_processes scheme="SEQUENCE">
                <process_group scheme="PARALLEL">
                    <process_group scheme="SEQUENCE">
                        <process delay_after="0" delay_before="0">
                            <script background="false" encoding="STRING" input_id="GOOD_06_SCRIPT" type="USE_TEXT">$SS_TC_ROOT/scripts/service_mon.sh ss-localhost 5555 &amp;&amp; sleep 22 &amp;&amp; screen -dmSL ${SS_SCREEN_NAME//[$'\t\r\n ']} &quot;$SS_TC_DEPS/bin/tt++&quot; &quot;$SS_TC_ROOT/testData/good-06/good_06.tin&quot;; while [[ `screen -ls` == *${SS_SCREEN_NAME//[$'\t\r\n ']}* ]]; do sleep 1; done;</script>
                        </process>
                    </process_group>
                    <process_group scheme="SEQUENCE"/>
                </process_group>
                <process delay_after="0" delay_before="0">
                    <script background="false" encoding="STRING" type="USE_TEXT">kill $(ps aux | grep 'coffee_mud' | grep -v 'grep' |  awk '{print $2}'); echo &quot;Killed coffee_mud&quot;; date</script>
                </process>
            </co_processes>
            <post_processes scheme="SEQUENCE">
                <process delay_after="0" delay_before="0">
                    <script background="false" encoding="STRING" type="USE_TEXT">if [[ `screen -ls` == *${SS_SCREEN_NAME//[$'\t\r\n ']}* ]]; then screen -X -S ${SS_SCREEN_NAME//[$'\t\r\n ']} quit; fi</script>
                </process>
                <process delay_after="0" delay_before="0">
                    <script background="false" encoding="STRING" type="USE_TEXT">rm -rf $SS_TC_ROOT/$SS_TC_INSTALL/resources/fakedb/fakedb.data.*</script>
                </process>
                <process>
                    <script background="false" encoding="STRING" input_id="lttng_output_881bEFQGD5" type="USE_TEXT">$SS_TC_DEPS/bin/lttng stop &amp;&amp; $SS_TC_DEPS/bin/lttng view &amp;&amp; $SS_TC_DEPS/bin/lttng destroy</script>
                </process>
            </post_processes>
            <scoring_formula default="GOOD-06-Default">
                <formula name="GOOD-06-Default">GOOD-06 AND NOT TIMEOUT AND NOT CONTROLLED_EXIT</formula>
            </scoring_formula>
            <output_checks>
                <compare_check check_type="CONTAINS" name="GOOD-06">
                    <actual output_type="FILE_CONTENTS">../testData/worldexport.txt</actual>
                    <expected encoding="STRING" type="USE_FILE_CONTENTS">good-06/output.txt</expected>
                </compare_check>
                <simple_check check_type="SPECIAL" encoding="STRING" name="TIMEOUT" type="USE_TEXT">DOES_NOT_RETURN</simple_check>
                <simple_check check_type="SPECIAL" encoding="STRING" name="CONTROLLED_EXIT" type="USE_TEXT">CONTROLLED_EXIT</simple_check>
            </output_checks>
        </iopair>
        <iopair name="J-C834A-CMUD-05-ST01-DT03-DF11-CF05-01-GOOD-07" reset_scheme="NONE" timeout="300" type="GOOD">
            <description>register character, become archon, import area from file, list areas of world, destroy character
Environment variable
</description>
            <technical_impact>NONE</technical_impact>
            <pre_processes scheme="SEQUENCE">
                <process>
                    <script background="false" encoding="STRING" type="USE_TEXT">printf 'env ATRAMENT_PUTAMEN;\n' | tee nginx_conf_env.txt</script>
                </process>
                <process delay_after="0" delay_before="0">
                    <script background="false" encoding="STRING" type="USE_TEXT">dd if=/dev/urandom count=1 bs=512 2&gt; /dev/null | tr -dc 'a-zA-Z0-9' | fold -w 5 | head -1 &gt;/tmp/screen_name.txt; cat /tmp/screen_name.txt</script>
                </process>
                <process delay_after="0" delay_before="0">
                    <environment_variable encoding="STRING" key="SS_SCREEN_NAME" type="USE_FILE_CONTENTS">/tmp/screen_name.txt</environment_variable>
                </process>
                <process>
                    <environment_variable encoding="STRING" key="ATRAMENT_PUTAMEN" type="USE_TEXT">68718952445</environment_variable>
                </process>
                <process>
                    <script background="false" encoding="STRING" type="USE_TEXT">mkdir $SS_TC_ROOT/logs/execute/lttng</script>
                </process>
                <process>
                    <environment_variable encoding="STRING" key="LTTNG_HOME" type="USE_TEXT">$SS_TC_ROOT/logs/execute/lttng</environment_variable>
                </process>
                <process>
                    <environment_variable encoding="STRING" key="SS_RUN_COMMAND_LD_PRELOAD" type="USE_TEXT">$SS_TC_DEPS/lib64/liblttng-stonesoup-java.so:$SS_TC_DEPS/lib64/liblttng-ust-fork.so</environment_variable>
                </process>
                <process>
                    <script background="false" encoding="STRING" type="USE_TEXT">mkdir -p $SS_TC_DEPS/var/run/lttng</script>
                </process>
                <process>
                    <script background="false" encoding="STRING" type="USE_TEXT">$SS_TC_DEPS/bin/lttng create &amp;&amp; $SS_TC_DEPS/bin/lttng enable-event -u -a &amp;&amp; $SS_TC_DEPS/bin/lttng start</script>
                </process>
                <process>
                    <script background="false" encoding="STRING" type="USE_TEXT">rm -rf $SS_TC_ROOT/lockDir</script>
                </process>
            </pre_processes>
            <run_command encoding="STRING" preprend_runcommand="true" type="USE_TEXT"></run_command>
            <co_processes scheme="SEQUENCE">
                <process_group scheme="PARALLEL">
                    <process_group scheme="SEQUENCE">
                        <process delay_after="0" delay_before="0">
                            <script background="false" encoding="STRING" input_id="GOOD_07_SCRIPT" type="USE_TEXT">$SS_TC_ROOT/scripts/service_mon.sh ss-localhost 5555 &amp;&amp; sleep 22 &amp;&amp; screen -dmSL ${SS_SCREEN_NAME//[$'\t\r\n ']} &quot;$SS_TC_DEPS/bin/tt++&quot; &quot;$SS_TC_ROOT/testData/good-07/good_07.tin&quot;; while [[ `screen -ls` == *${SS_SCREEN_NAME//[$'\t\r\n ']}* ]]; do sleep 1; done;</script>
                        </process>
                    </process_group>
                    <process_group scheme="SEQUENCE"/>
                </process_group>
                <process delay_after="0" delay_before="0">
                    <script background="false" encoding="STRING" type="USE_TEXT">kill $(ps aux | grep 'coffee_mud' | grep -v 'grep' |  awk '{print $2}'); echo &quot;Killed coffee_mud&quot;; date</script>
                </process>
            </co_processes>
            <post_processes scheme="SEQUENCE">
                <process delay_after="0" delay_before="0">
                    <script background="false" encoding="STRING" type="USE_TEXT">if [[ `screen -ls` == *${SS_SCREEN_NAME//[$'\t\r\n ']}* ]]; then screen -X -S ${SS_SCREEN_NAME//[$'\t\r\n ']} quit; fi</script>
                </process>
                <process delay_after="0" delay_before="0">
                    <script background="false" encoding="STRING" type="USE_TEXT">rm -rf $SS_TC_ROOT/$SS_TC_INSTALL/resources/fakedb/fakedb.data.*</script>
                </process>
                <process>
                    <script background="false" encoding="STRING" input_id="lttng_output_HMQEcOeeyM" type="USE_TEXT">$SS_TC_DEPS/bin/lttng stop &amp;&amp; $SS_TC_DEPS/bin/lttng view &amp;&amp; $SS_TC_DEPS/bin/lttng destroy</script>
                </process>
            </post_processes>
            <scoring_formula default="GOOD-07-Default">
                <formula name="GOOD-07-Default">(GOOD-07-01 OR GOOD-07-02) AND NOT TIMEOUT AND NOT CONTROLLED_EXIT</formula>
            </scoring_formula>
            <output_checks>
                <compare_check check_type="CONTAINS" name="GOOD-07-01">
                    <actual output_type="FILE_CONTENTS">../testData/screenlog.0</actual>
                    <expected encoding="STRING" type="USE_FILE_CONTENTS">good-07/output.txt</expected>
                </compare_check>
                <compare_check check_type="CONTAINS" name="GOOD-07-02">
                    <actual output_type="FILE_CONTENTS">../testData/screenlog.0</actual>
                    <expected encoding="STRING" type="USE_FILE_CONTENTS">good-07/output2.txt</expected>
                </compare_check>
                <simple_check check_type="SPECIAL" encoding="STRING" name="TIMEOUT" type="USE_TEXT">DOES_NOT_RETURN</simple_check>
                <simple_check check_type="SPECIAL" encoding="STRING" name="CONTROLLED_EXIT" type="USE_TEXT">CONTROLLED_EXIT</simple_check>
            </output_checks>
        </iopair>
        <iopair name="J-C834A-CMUD-05-ST01-DT03-DF11-CF05-01-GOOD-08" reset_scheme="NONE" timeout="300" type="GOOD">
            <description>register character, become archon, create a news entry, check news, destroy character
Environment variable
</description>
            <technical_impact>NONE</technical_impact>
            <pre_processes scheme="SEQUENCE">
                <process>
                    <script background="false" encoding="STRING" type="USE_TEXT">printf 'env ATRAMENT_PUTAMEN;\n' | tee nginx_conf_env.txt</script>
                </process>
                <process delay_after="0" delay_before="0">
                    <script background="false" encoding="STRING" type="USE_TEXT">dd if=/dev/urandom count=1 bs=512 2&gt; /dev/null | tr -dc 'a-zA-Z0-9' | fold -w 5 | head -1 &gt;/tmp/screen_name.txt; cat /tmp/screen_name.txt</script>
                </process>
                <process delay_after="0" delay_before="0">
                    <environment_variable encoding="STRING" key="SS_SCREEN_NAME" type="USE_FILE_CONTENTS">/tmp/screen_name.txt</environment_variable>
                </process>
                <process>
                    <environment_variable encoding="STRING" key="ATRAMENT_PUTAMEN" type="USE_TEXT">1301</environment_variable>
                </process>
                <process>
                    <script background="false" encoding="STRING" type="USE_TEXT">mkdir $SS_TC_ROOT/logs/execute/lttng</script>
                </process>
                <process>
                    <environment_variable encoding="STRING" key="LTTNG_HOME" type="USE_TEXT">$SS_TC_ROOT/logs/execute/lttng</environment_variable>
                </process>
                <process>
                    <environment_variable encoding="STRING" key="SS_RUN_COMMAND_LD_PRELOAD" type="USE_TEXT">$SS_TC_DEPS/lib64/liblttng-stonesoup-java.so:$SS_TC_DEPS/lib64/liblttng-ust-fork.so</environment_variable>
                </process>
                <process>
                    <script background="false" encoding="STRING" type="USE_TEXT">mkdir -p $SS_TC_DEPS/var/run/lttng</script>
                </process>
                <process>
                    <script background="false" encoding="STRING" type="USE_TEXT">$SS_TC_DEPS/bin/lttng create &amp;&amp; $SS_TC_DEPS/bin/lttng enable-event -u -a &amp;&amp; $SS_TC_DEPS/bin/lttng start</script>
                </process>
                <process>
                    <script background="false" encoding="STRING" type="USE_TEXT">rm -rf $SS_TC_ROOT/lockDir</script>
                </process>
            </pre_processes>
            <run_command encoding="STRING" preprend_runcommand="true" type="USE_TEXT"></run_command>
            <co_processes scheme="SEQUENCE">
                <process_group scheme="PARALLEL">
                    <process_group scheme="SEQUENCE">
                        <process delay_after="0" delay_before="0">
                            <script background="false" encoding="STRING" input_id="GOOD_08_SCRIPT" type="USE_TEXT">$SS_TC_ROOT/scripts/service_mon.sh ss-localhost 5555 &amp;&amp; sleep 22 &amp;&amp; screen -dmSL ${SS_SCREEN_NAME//[$'\t\r\n ']} &quot;$SS_TC_DEPS/bin/tt++&quot; &quot;$SS_TC_ROOT/testData/good-08/good_08.tin&quot;; while [[ `screen -ls` == *${SS_SCREEN_NAME//[$'\t\r\n ']}* ]]; do sleep 1; done;</script>
                        </process>
                    </process_group>
                    <process_group scheme="SEQUENCE"/>
                </process_group>
                <process delay_after="0" delay_before="0">
                    <script background="false" encoding="STRING" type="USE_TEXT">kill $(ps aux | grep 'coffee_mud' | grep -v 'grep' |  awk '{print $2}'); echo &quot;Killed coffee_mud&quot;; date</script>
                </process>
            </co_processes>
            <post_processes scheme="SEQUENCE">
                <process delay_after="0" delay_before="0">
                    <script background="false" encoding="STRING" type="USE_TEXT">if [[ `screen -ls` == *${SS_SCREEN_NAME//[$'\t\r\n ']}* ]]; then screen -X -S ${SS_SCREEN_NAME//[$'\t\r\n ']} quit; fi</script>
                </process>
                <process delay_after="0" delay_before="0">
                    <script background="false" encoding="STRING" type="USE_TEXT">rm -rf $SS_TC_ROOT/$SS_TC_INSTALL/resources/fakedb/fakedb.data.*</script>
                </process>
                <process>
                    <script background="false" encoding="STRING" input_id="lttng_output_Tec4iIYyPc" type="USE_TEXT">$SS_TC_DEPS/bin/lttng stop &amp;&amp; $SS_TC_DEPS/bin/lttng view &amp;&amp; $SS_TC_DEPS/bin/lttng destroy</script>
                </process>
            </post_processes>
            <scoring_formula default="GOOD-08-Default">
                <formula name="GOOD-08-Default">GOOD-08-HEADER AND GOOD-08-SUBJECT AND NOT TIMEOUT AND NOT CONTROLLED_EXIT</formula>
            </scoring_formula>
            <output_checks>
                <compare_check check_type="CONTAINS" name="GOOD-08-HEADER">
                    <actual output_type="FILE_CONTENTS">../testData/screenlog.0</actual>
                    <expected encoding="STRING" type="USE_FILE_CONTENTS">good-08/header.txt</expected>
                </compare_check>
                <compare_check check_type="CONTAINS" name="GOOD-08-SUBJECT">
                    <actual output_type="FILE_CONTENTS">../testData/screenlog.0</actual>
                    <expected encoding="STRING" type="USE_FILE_CONTENTS">good-08/subject.txt</expected>
                </compare_check>
                <simple_check check_type="SPECIAL" encoding="STRING" name="TIMEOUT" type="USE_TEXT">DOES_NOT_RETURN</simple_check>
                <simple_check check_type="SPECIAL" encoding="STRING" name="CONTROLLED_EXIT" type="USE_TEXT">CONTROLLED_EXIT</simple_check>
            </output_checks>
        </iopair>
        <iopair name="J-C834A-CMUD-05-ST01-DT03-DF11-CF05-01-GOOD-09" reset_scheme="NONE" timeout="300" type="GOOD">
            <description>register character, become archon, create mobs, have them fight, destroy character
Environment variable
</description>
            <technical_impact>NONE</technical_impact>
            <pre_processes scheme="SEQUENCE">
                <process>
                    <script background="false" encoding="STRING" type="USE_TEXT">printf 'env ATRAMENT_PUTAMEN;\n' | tee nginx_conf_env.txt</script>
                </process>
                <process delay_after="0" delay_before="0">
                    <script background="false" encoding="STRING" type="USE_TEXT">dd if=/dev/urandom count=1 bs=512 2&gt; /dev/null | tr -dc 'a-zA-Z0-9' | fold -w 5 | head -1 &gt;/tmp/screen_name.txt; cat /tmp/screen_name.txt</script>
                </process>
                <process delay_after="0" delay_before="0">
                    <environment_variable encoding="STRING" key="SS_SCREEN_NAME" type="USE_FILE_CONTENTS">/tmp/screen_name.txt</environment_variable>
                </process>
                <process>
                    <environment_variable encoding="STRING" key="ATRAMENT_PUTAMEN" type="USE_TEXT">1073676288</environment_variable>
                </process>
                <process>
                    <script background="false" encoding="STRING" type="USE_TEXT">mkdir $SS_TC_ROOT/logs/execute/lttng</script>
                </process>
                <process>
                    <environment_variable encoding="STRING" key="LTTNG_HOME" type="USE_TEXT">$SS_TC_ROOT/logs/execute/lttng</environment_variable>
                </process>
                <process>
                    <environment_variable encoding="STRING" key="SS_RUN_COMMAND_LD_PRELOAD" type="USE_TEXT">$SS_TC_DEPS/lib64/liblttng-stonesoup-java.so:$SS_TC_DEPS/lib64/liblttng-ust-fork.so</environment_variable>
                </process>
                <process>
                    <script background="false" encoding="STRING" type="USE_TEXT">mkdir -p $SS_TC_DEPS/var/run/lttng</script>
                </process>
                <process>
                    <script background="false" encoding="STRING" type="USE_TEXT">$SS_TC_DEPS/bin/lttng create &amp;&amp; $SS_TC_DEPS/bin/lttng enable-event -u -a &amp;&amp; $SS_TC_DEPS/bin/lttng start</script>
                </process>
                <process>
                    <script background="false" encoding="STRING" type="USE_TEXT">rm -rf $SS_TC_ROOT/lockDir</script>
                </process>
            </pre_processes>
            <run_command encoding="STRING" preprend_runcommand="true" type="USE_TEXT"></run_command>
            <co_processes scheme="SEQUENCE">
                <process_group scheme="PARALLEL">
                    <process_group scheme="SEQUENCE">
                        <process delay_after="0" delay_before="0">
                            <script background="false" encoding="STRING" input_id="GOOD_09_SCRIPT" type="USE_TEXT">$SS_TC_ROOT/scripts/service_mon.sh ss-localhost 5555 &amp;&amp; sleep 22 &amp;&amp; screen -dmSL ${SS_SCREEN_NAME//[$'\t\r\n ']} &quot;$SS_TC_DEPS/bin/tt++&quot; &quot;$SS_TC_ROOT/testData/good-09/good_09.tin&quot;; while [[ `screen -ls` == *${SS_SCREEN_NAME//[$'\t\r\n ']}* ]]; do sleep 1; done;</script>
                        </process>
                    </process_group>
                    <process_group scheme="SEQUENCE"/>
                </process_group>
                <process delay_after="0" delay_before="0">
                    <script background="false" encoding="STRING" type="USE_TEXT">kill $(ps aux | grep 'coffee_mud' | grep -v 'grep' |  awk '{print $2}'); echo &quot;Killed coffee_mud&quot;; date</script>
                </process>
            </co_processes>
            <post_processes scheme="SEQUENCE">
                <process delay_after="0" delay_before="0">
                    <script background="false" encoding="STRING" type="USE_TEXT">if [[ `screen -ls` == *${SS_SCREEN_NAME//[$'\t\r\n ']}* ]]; then screen -X -S ${SS_SCREEN_NAME//[$'\t\r\n ']} quit; fi</script>
                </process>
                <process delay_after="0" delay_before="0">
                    <script background="false" encoding="STRING" type="USE_TEXT">rm -rf $SS_TC_ROOT/$SS_TC_INSTALL/resources/fakedb/fakedb.data.*</script>
                </process>
                <process>
                    <script background="false" encoding="STRING" input_id="lttng_output_AWxCk5HlI7" type="USE_TEXT">$SS_TC_DEPS/bin/lttng stop &amp;&amp; $SS_TC_DEPS/bin/lttng view &amp;&amp; $SS_TC_DEPS/bin/lttng destroy</script>
                </process>
            </post_processes>
            <scoring_formula default="GOOD-09-Default">
                <formula name="GOOD-09-Default">GOOD-09 AND NOT TIMEOUT AND NOT CONTROLLED_EXIT</formula>
            </scoring_formula>
            <output_checks>
                <compare_check check_type="CONTAINS" name="GOOD-09">
                    <actual output_type="FILE_CONTENTS">../testData/screenlog.0</actual>
                    <expected encoding="STRING" type="USE_TEXT">is DEAD!!!</expected>
                </compare_check>
                <simple_check check_type="SPECIAL" encoding="STRING" name="TIMEOUT" type="USE_TEXT">DOES_NOT_RETURN</simple_check>
                <simple_check check_type="SPECIAL" encoding="STRING" name="CONTROLLED_EXIT" type="USE_TEXT">CONTROLLED_EXIT</simple_check>
            </output_checks>
        </iopair>
        <iopair name="J-C834A-CMUD-05-ST01-DT03-DF11-CF05-01-GOOD-10" reset_scheme="NONE" timeout="300" type="GOOD">
            <description>register character, become archon, generate an average level 5 bard, destroy character
Environment variable
</description>
            <technical_impact>NONE</technical_impact>
            <pre_processes scheme="SEQUENCE">
                <process>
                    <script background="false" encoding="STRING" type="USE_TEXT">printf 'env ATRAMENT_PUTAMEN;\n' | tee nginx_conf_env.txt</script>
                </process>
                <process delay_after="0" delay_before="0">
                    <script background="false" encoding="STRING" type="USE_TEXT">dd if=/dev/urandom count=1 bs=512 2&gt; /dev/null | tr -dc 'a-zA-Z0-9' | fold -w 5 | head -1 &gt;/tmp/screen_name.txt; cat /tmp/screen_name.txt</script>
                </process>
                <process delay_after="0" delay_before="0">
                    <environment_variable encoding="STRING" key="SS_SCREEN_NAME" type="USE_FILE_CONTENTS">/tmp/screen_name.txt</environment_variable>
                </process>
                <process>
                    <environment_variable encoding="STRING" key="ATRAMENT_PUTAMEN" type="USE_TEXT">68718952445</environment_variable>
                </process>
                <process>
                    <script background="false" encoding="STRING" type="USE_TEXT">mkdir $SS_TC_ROOT/logs/execute/lttng</script>
                </process>
                <process>
                    <environment_variable encoding="STRING" key="LTTNG_HOME" type="USE_TEXT">$SS_TC_ROOT/logs/execute/lttng</environment_variable>
                </process>
                <process>
                    <environment_variable encoding="STRING" key="SS_RUN_COMMAND_LD_PRELOAD" type="USE_TEXT">$SS_TC_DEPS/lib64/liblttng-stonesoup-java.so:$SS_TC_DEPS/lib64/liblttng-ust-fork.so</environment_variable>
                </process>
                <process>
                    <script background="false" encoding="STRING" type="USE_TEXT">mkdir -p $SS_TC_DEPS/var/run/lttng</script>
                </process>
                <process>
                    <script background="false" encoding="STRING" type="USE_TEXT">$SS_TC_DEPS/bin/lttng create &amp;&amp; $SS_TC_DEPS/bin/lttng enable-event -u -a &amp;&amp; $SS_TC_DEPS/bin/lttng start</script>
                </process>
                <process>
                    <script background="false" encoding="STRING" type="USE_TEXT">rm -rf $SS_TC_ROOT/lockDir</script>
                </process>
            </pre_processes>
            <run_command encoding="STRING" preprend_runcommand="true" type="USE_TEXT"></run_command>
            <co_processes scheme="SEQUENCE">
                <process_group scheme="PARALLEL">
                    <process_group scheme="SEQUENCE">
                        <process delay_after="0" delay_before="0">
                            <script background="false" encoding="STRING" input_id="GOOD_10_SCRIPT" type="USE_TEXT">$SS_TC_ROOT/scripts/service_mon.sh ss-localhost 5555 &amp;&amp; sleep 22 &amp;&amp; screen -dmSL ${SS_SCREEN_NAME//[$'\t\r\n ']} &quot;$SS_TC_DEPS/bin/tt++&quot; &quot;$SS_TC_ROOT/testData/good-10/good_10.tin&quot;; while [[ `screen -ls` == *${SS_SCREEN_NAME//[$'\t\r\n ']}* ]]; do sleep 1; done;</script>
                        </process>
                    </process_group>
                    <process_group scheme="SEQUENCE"/>
                </process_group>
                <process delay_after="0" delay_before="0">
                    <script background="false" encoding="STRING" type="USE_TEXT">kill $(ps aux | grep 'coffee_mud' | grep -v 'grep' |  awk '{print $2}'); echo &quot;Killed coffee_mud&quot;; date</script>
                </process>
            </co_processes>
            <post_processes scheme="SEQUENCE">
                <process delay_after="0" delay_before="0">
                    <script background="false" encoding="STRING" type="USE_TEXT">if [[ `screen -ls` == *${SS_SCREEN_NAME//[$'\t\r\n ']}* ]]; then screen -X -S ${SS_SCREEN_NAME//[$'\t\r\n ']} quit; fi</script>
                </process>
                <process delay_after="0" delay_before="0">
                    <script background="false" encoding="STRING" type="USE_TEXT">rm -rf $SS_TC_ROOT/$SS_TC_INSTALL/resources/fakedb/fakedb.data.*</script>
                </process>
                <process>
                    <script background="false" encoding="STRING" input_id="lttng_output_b78qIxQYTo" type="USE_TEXT">$SS_TC_DEPS/bin/lttng stop &amp;&amp; $SS_TC_DEPS/bin/lttng view &amp;&amp; $SS_TC_DEPS/bin/lttng destroy</script>
                </process>
            </post_processes>
            <scoring_formula default="GOOD-10-Default">
                <formula name="GOOD-10-Default">GOOD-10 AND NOT TIMEOUT AND NOT CONTROLLED_EXIT</formula>
            </scoring_formula>
            <output_checks>
                <compare_check check_type="CONTAINS" name="GOOD-10">
                    <actual output_type="FILE_CONTENTS">../testData/screenlog.0</actual>
                    <expected encoding="STRING" type="USE_FILE_CONTENTS">good-10/output.txt</expected>
                </compare_check>
                <simple_check check_type="SPECIAL" encoding="STRING" name="TIMEOUT" type="USE_TEXT">DOES_NOT_RETURN</simple_check>
                <simple_check check_type="SPECIAL" encoding="STRING" name="CONTROLLED_EXIT" type="USE_TEXT">CONTROLLED_EXIT</simple_check>
            </output_checks>
        </iopair>
        <iopair name="J-C834A-CMUD-05-ST01-DT03-DF11-CF05-01-BAD-01" reset_scheme="NONE" timeout="300" type="BAD">
            <description>Environment variable
</description>
            <technical_impact>DOS_BLOCKING</technical_impact>
            <pre_processes scheme="SEQUENCE">
                <process>
                    <script background="false" encoding="STRING" type="USE_TEXT">printf 'env ATRAMENT_PUTAMEN;\n' | tee nginx_conf_env.txt</script>
                </process>
                <process delay_after="0" delay_before="0">
                    <script background="false" encoding="STRING" type="USE_TEXT">dd if=/dev/urandom count=1 bs=512 2&gt; /dev/null | tr -dc 'a-zA-Z0-9' | fold -w 5 | head -1 &gt;/tmp/screen_name.txt; cat /tmp/screen_name.txt</script>
                </process>
                <process delay_after="0" delay_before="0">
                    <environment_variable encoding="STRING" key="SS_SCREEN_NAME" type="USE_FILE_CONTENTS">/tmp/screen_name.txt</environment_variable>
                </process>
                <process>
                    <environment_variable encoding="STRING" key="ATRAMENT_PUTAMEN" type="USE_TEXT">4776913109852041418248056622882488319</environment_variable>
                </process>
                <process>
                    <script background="false" encoding="STRING" type="USE_TEXT">mkdir $SS_TC_ROOT/logs/execute/lttng</script>
                </process>
                <process>
                    <environment_variable encoding="STRING" key="LTTNG_HOME" type="USE_TEXT">$SS_TC_ROOT/logs/execute/lttng</environment_variable>
                </process>
                <process>
                    <environment_variable encoding="STRING" key="SS_RUN_COMMAND_LD_PRELOAD" type="USE_TEXT">$SS_TC_DEPS/lib64/liblttng-stonesoup-java.so:$SS_TC_DEPS/lib64/liblttng-ust-fork.so</environment_variable>
                </process>
                <process>
                    <script background="false" encoding="STRING" type="USE_TEXT">mkdir -p $SS_TC_DEPS/var/run/lttng</script>
                </process>
                <process>
                    <script background="false" encoding="STRING" type="USE_TEXT">$SS_TC_DEPS/bin/lttng create &amp;&amp; $SS_TC_DEPS/bin/lttng enable-event -u -a &amp;&amp; $SS_TC_DEPS/bin/lttng start</script>
                </process>
                <process>
                    <script background="false" encoding="STRING" type="USE_TEXT">rm -rf $SS_TC_ROOT/lockDir</script>
                </process>
            </pre_processes>
            <run_command encoding="STRING" preprend_runcommand="true" type="USE_TEXT"></run_command>
            <co_processes scheme="SEQUENCE">
                <process delay_after="0" delay_before="0">
                    <script background="false" encoding="STRING" input_id="GOOD_09_SCRIPTfiSw4QKz6t" type="USE_TEXT">$SS_TC_ROOT/scripts/service_mon.sh ss-localhost 5555 &amp;&amp; sleep 22 &amp;&amp; screen -dmSL ${SS_SCREEN_NAME//[$'\t\r\n ']} &quot;$SS_TC_DEPS/bin/tt++&quot; &quot;$SS_TC_ROOT/testData/good-09/good_09.tin&quot;; while [[ `screen -ls` == *${SS_SCREEN_NAME//[$'\t\r\n ']}* ]]; do sleep 1; done;</script>
                </process>
                <process delay_after="0" delay_before="0">
                    <script background="false" encoding="STRING" type="USE_TEXT">kill $(ps aux | grep 'coffee_mud' | grep -v 'grep' |  awk '{print $2}'); echo &quot;Killed coffee_mud&quot;; date</script>
                </process>
            </co_processes>
            <post_processes scheme="SEQUENCE">
                <process delay_after="0" delay_before="0">
                    <script background="false" encoding="STRING" type="USE_TEXT">if [[ `screen -ls` == *${SS_SCREEN_NAME//[$'\t\r\n ']}* ]]; then screen -X -S ${SS_SCREEN_NAME//[$'\t\r\n ']} quit; fi</script>
                </process>
                <process delay_after="0" delay_before="0">
                    <script background="false" encoding="STRING" type="USE_TEXT">rm -rf $SS_TC_ROOT/$SS_TC_INSTALL/resources/fakedb/fakedb.data.*</script>
                </process>
                <process>
                    <script background="false" encoding="STRING" input_id="lttng_output_QHYMgnsNMKKd3u670S0t" type="USE_TEXT">$SS_TC_DEPS/bin/lttng stop &amp;&amp; $SS_TC_DEPS/bin/lttng view &amp;&amp; $SS_TC_DEPS/bin/lttng destroy</script>
                </process>
            </post_processes>
            <scoring_formula default="infinite_loop_formula_k1KyieKWDk">
                <formula name="infinite_loop_formula_k1KyieKWDk">weakness_started_qcEIxfWHPkZjDg1hl8fa AND ((NOT PERFORMER AND (timeout_77vqR6scr0 OR (NOT finished_Cead94XLI8 AND NOT (controlled_exit_9nvgUJuJuu OR continued_execution_bdPY8FXKWe)))) or (PERFORMER AND NOT ((timeout_77vqR6scr0 OR (NOT finished_Cead94XLI8 AND NOT (controlled_exit_9nvgUJuJuu OR continued_execution_bdPY8FXKWe))) OR controlled_exit_9nvgUJuJuu)))</formula>
                <formula name="no_weakness_started_formula_5dRdwRtjB4">(NOT PERFORMER AND (timeout_77vqR6scr0 OR (NOT finished_Cead94XLI8 AND NOT (controlled_exit_9nvgUJuJuu OR continued_execution_bdPY8FXKWe)))) or (PERFORMER AND NOT ((timeout_77vqR6scr0 OR (NOT finished_Cead94XLI8 AND NOT (controlled_exit_9nvgUJuJuu OR continued_execution_bdPY8FXKWe))) OR controlled_exit_9nvgUJuJuu))</formula>
            </scoring_formula>
            <output_checks>
                <simple_check check_type="SPECIAL" encoding="STRING" name="timeout_77vqR6scr0" type="USE_TEXT">DOES_NOT_RETURN</simple_check>
                <simple_check check_type="SPECIAL" encoding="STRING" name="controlled_exit_9nvgUJuJuu" type="USE_TEXT">CONTROLLED_EXIT</simple_check>
                <simple_check check_type="SPECIAL" encoding="STRING" name="continued_execution_bdPY8FXKWe" type="USE_TEXT">CONTINUED_EXECUTION</simple_check>
                <simple_check check_type="SCRIPT" encoding="STRING" name="finished_Cead94XLI8" type="USE_TEXT">if (( $(/bin/grep &quot;finished evaluating&quot; &quot;logfile.txt&quot; | wc -l) &gt; 0 )); then true; else false; fi;</simple_check>
                <compare_check check_type="CONTAINS" name="weakness_started_qcEIxfWHPkZjDg1hl8fa">
                    <actual encoding="STRING" input_id_ref="lttng_output_QHYMgnsNMKKd3u670S0t" output_type="STANDARD_OUT">None</actual>
                    <expected encoding="STRING" type="USE_TEXT">stonesoup_trace:weakness_start</expected>
                </compare_check>
            </output_checks>
        </iopair>
        <iopair name="J-C834A-CMUD-05-ST01-DT03-DF11-CF05-01-BAD-02" reset_scheme="NONE" timeout="300" type="BAD">
            <description>Environment variable
</description>
            <technical_impact>DOS_BLOCKING</technical_impact>
            <pre_processes scheme="SEQUENCE">
                <process>
                    <script background="false" encoding="STRING" type="USE_TEXT">printf 'env ATRAMENT_PUTAMEN;\n' | tee nginx_conf_env.txt</script>
                </process>
                <process delay_after="0" delay_before="0">
                    <script background="false" encoding="STRING" type="USE_TEXT">dd if=/dev/urandom count=1 bs=512 2&gt; /dev/null | tr -dc 'a-zA-Z0-9' | fold -w 5 | head -1 &gt;/tmp/screen_name.txt; cat /tmp/screen_name.txt</script>
                </process>
                <process delay_after="0" delay_before="0">
                    <environment_variable encoding="STRING" key="SS_SCREEN_NAME" type="USE_FILE_CONTENTS">/tmp/screen_name.txt</environment_variable>
                </process>
                <process>
                    <environment_variable encoding="STRING" key="ATRAMENT_PUTAMEN" type="USE_TEXT">195845982777569926302400511</environment_variable>
                </process>
                <process>
                    <script background="false" encoding="STRING" type="USE_TEXT">mkdir $SS_TC_ROOT/logs/execute/lttng</script>
                </process>
                <process>
                    <environment_variable encoding="STRING" key="LTTNG_HOME" type="USE_TEXT">$SS_TC_ROOT/logs/execute/lttng</environment_variable>
                </process>
                <process>
                    <environment_variable encoding="STRING" key="SS_RUN_COMMAND_LD_PRELOAD" type="USE_TEXT">$SS_TC_DEPS/lib64/liblttng-stonesoup-java.so:$SS_TC_DEPS/lib64/liblttng-ust-fork.so</environment_variable>
                </process>
                <process>
                    <script background="false" encoding="STRING" type="USE_TEXT">mkdir -p $SS_TC_DEPS/var/run/lttng</script>
                </process>
                <process>
                    <script background="false" encoding="STRING" type="USE_TEXT">$SS_TC_DEPS/bin/lttng create &amp;&amp; $SS_TC_DEPS/bin/lttng enable-event -u -a &amp;&amp; $SS_TC_DEPS/bin/lttng start</script>
                </process>
                <process>
                    <script background="false" encoding="STRING" type="USE_TEXT">rm -rf $SS_TC_ROOT/lockDir</script>
                </process>
            </pre_processes>
            <run_command encoding="STRING" preprend_runcommand="true" type="USE_TEXT"></run_command>
            <co_processes scheme="SEQUENCE">
                <process delay_after="0" delay_before="0">
                    <script background="false" encoding="STRING" input_id="GOOD_05_SCRIPTadZfIU3DpP" type="USE_TEXT">$SS_TC_ROOT/scripts/service_mon.sh ss-localhost 5555 &amp;&amp; sleep 22 &amp;&amp; screen -dmSL ${SS_SCREEN_NAME//[$'\t\r\n ']} &quot;$SS_TC_DEPS/bin/tt++&quot; &quot;$SS_TC_ROOT/testData/good-05/good_05.tin&quot;; while [[ `screen -ls` == *${SS_SCREEN_NAME//[$'\t\r\n ']}* ]]; do sleep 1; done;</script>
                </process>
                <process delay_after="0" delay_before="0">
                    <script background="false" encoding="STRING" type="USE_TEXT">kill $(ps aux | grep 'coffee_mud' | grep -v 'grep' |  awk '{print $2}'); echo &quot;Killed coffee_mud&quot;; date</script>
                </process>
            </co_processes>
            <post_processes scheme="SEQUENCE">
                <process delay_after="0" delay_before="0">
                    <script background="false" encoding="STRING" type="USE_TEXT">if [[ `screen -ls` == *${SS_SCREEN_NAME//[$'\t\r\n ']}* ]]; then screen -X -S ${SS_SCREEN_NAME//[$'\t\r\n ']} quit; fi</script>
                </process>
                <process delay_after="0" delay_before="0">
                    <script background="false" encoding="STRING" type="USE_TEXT">rm -rf $SS_TC_ROOT/$SS_TC_INSTALL/resources/fakedb/fakedb.data.*</script>
                </process>
                <process>
                    <script background="false" encoding="STRING" input_id="lttng_output_sbvfEyvr8JOv57Af94MU" type="USE_TEXT">$SS_TC_DEPS/bin/lttng stop &amp;&amp; $SS_TC_DEPS/bin/lttng view &amp;&amp; $SS_TC_DEPS/bin/lttng destroy</script>
                </process>
            </post_processes>
            <scoring_formula default="infinite_loop_formula_A0kKk6EpDY">
                <formula name="infinite_loop_formula_A0kKk6EpDY">weakness_started_bRo9So5ew5WXWqR0kHOM AND ((NOT PERFORMER AND (timeout_vXcdg64Ohe OR (NOT finished_sGdauiXM5p AND NOT (controlled_exit_Q2tC8CoE6L OR continued_execution_LuJ9vCpfwl)))) or (PERFORMER AND NOT ((timeout_vXcdg64Ohe OR (NOT finished_sGdauiXM5p AND NOT (controlled_exit_Q2tC8CoE6L OR continued_execution_LuJ9vCpfwl))) OR controlled_exit_Q2tC8CoE6L)))</formula>
                <formula name="no_weakness_started_formula_fvEAbvAMlx">(NOT PERFORMER AND (timeout_vXcdg64Ohe OR (NOT finished_sGdauiXM5p AND NOT (controlled_exit_Q2tC8CoE6L OR continued_execution_LuJ9vCpfwl)))) or (PERFORMER AND NOT ((timeout_vXcdg64Ohe OR (NOT finished_sGdauiXM5p AND NOT (controlled_exit_Q2tC8CoE6L OR continued_execution_LuJ9vCpfwl))) OR controlled_exit_Q2tC8CoE6L))</formula>
            </scoring_formula>
            <output_checks>
                <simple_check check_type="SPECIAL" encoding="STRING" name="timeout_vXcdg64Ohe" type="USE_TEXT">DOES_NOT_RETURN</simple_check>
                <simple_check check_type="SPECIAL" encoding="STRING" name="controlled_exit_Q2tC8CoE6L" type="USE_TEXT">CONTROLLED_EXIT</simple_check>
                <simple_check check_type="SPECIAL" encoding="STRING" name="continued_execution_LuJ9vCpfwl" type="USE_TEXT">CONTINUED_EXECUTION</simple_check>
                <simple_check check_type="SCRIPT" encoding="STRING" name="finished_sGdauiXM5p" type="USE_TEXT">if (( $(/bin/grep &quot;finished evaluating&quot; &quot;logfile.txt&quot; | wc -l) &gt; 0 )); then true; else false; fi;</simple_check>
                <compare_check check_type="CONTAINS" name="weakness_started_bRo9So5ew5WXWqR0kHOM">
                    <actual encoding="STRING" input_id_ref="lttng_output_sbvfEyvr8JOv57Af94MU" output_type="STANDARD_OUT">None</actual>
                    <expected encoding="STRING" type="USE_TEXT">stonesoup_trace:weakness_start</expected>
                </compare_check>
            </output_checks>
        </iopair>
    </iopairs>
</project>
