<?xml version="1.0" encoding="utf-8"?>
<project base_program="C-FFMP" language="C" name="C-C400B-FFMP-09-ST03-DT03-DF11-CF02-01" targeted_architecture="ANY" targeted_os="LINUX" test_case_type="ALL" xmlns="urn:stonesoup:project">
    <description>Creating test case using base program.
Added a Socket Server to accept communication from untrusted source.
Completed injection.
</description>
    <additional_information>
        <keyvalue key="algorithmic_variant_name">UNSPECIFIED</keyvalue>
        <keyvalue key="root_cause">UNSPECIFIED</keyvalue>
    </additional_information>
    <structure install="install" iodata="testData" scoredata="testOutput" scripts="scripts" source="src"/>
    <run_command>$SS_TC_ROOT/$SS_TC_INSTALL/bin/ffmpeg</run_command>
    <weakness generation_method="FAULT_INJECTED">
        <variant cwe="CWE-400" name="CWE-400-B"/>
        <features>
            <taint_source file_name="/ffmpeg.c" line_number="0" type="SOCKET">
                <method name="stonesoup_handle_taint"/>
            </taint_source>
            <data_type file_name="/ffmpeg.c" line_number="0" type="VOID_POINTER">
                <method name="stonesoup_handle_taint"/>
            </data_type>
            <data_flow file_name="/ffmpeg.c" line_number="0" type="BASIC">
                <method name="stonesoup_handle_taint"/>
            </data_flow>
            <control_flow file_name="/ffmpeg.c" line_number="0" type="INDIRECTLY_RECURSIVE">
                <method name="stonesoup_handle_taint"/>
            </control_flow>
        </features>
    </weakness>
    <build_commands cppflags="-DSTONESOUP_TRACE=1" libs="-lpthread -lcrypto -l:libmongoose.so.1 -ldl">
        <command>env</command>
        <command>./configure --prefix=&quot;$SS_TC_ROOT/$SS_TC_INSTALL&quot; --enable-pic --disable-static --enable-shared --disable-yasm --disable-doc --enable-pthreads --disable-w32threads --disable-os2threads --enable-zlib --enable-openssl --disable-asm --extra-cflags=&quot;$SS_CFLAGS&quot; --extra-ldflags=&quot;$SS_LDFLAGS&quot; --extra-libs=&quot;$SS_LIBS&quot;</command>
        <command>mv config.mak config.mak.bak</command>
        <command>awk -v compiler=&quot;$SS_CC&quot; '/CC=gcc/{gsub(/gcc/, compiler)};{print}' config.mak.bak &gt; config.mak &amp;&amp; true</command>
        <command>make V=1</command>
        <command>make install V=1</command>
    </build_commands>
    <iopairs>
        <iopair name="C-C400B-FFMP-09-ST03-DT03-DF11-CF02-01-GOOD-01" reset_scheme="NONE" timeout="300" type="GOOD">
            <description>remove the audio from a video
Runs a bunch of hashing algorithms on a files contents. If a file doesn't end, ex: '/dev/urandom', will fork and consume a lot of cpu on different cpus

</description>
            <technical_impact>NONE</technical_impact>
            <pre_processes scheme="SEQUENCE">
                <process>
                    <script background="false" encoding="STRING" type="USE_TEXT">printf '' | tee nginx_conf_env.txt</script>
                </process>
                <process>
                    <script background="false" encoding="STRING" type="USE_TEXT">mkdir $SS_TC_ROOT/logs/execute/lttng</script>
                </process>
                <process>
                    <environment_variable encoding="STRING" key="LTTNG_HOME" type="USE_TEXT">$SS_TC_ROOT/logs/execute/lttng</environment_variable>
                </process>
                <process>
                    <environment_variable encoding="STRING" key="SS_RUN_COMMAND_LD_PRELOAD" type="USE_TEXT">$SS_TC_DEPS/lib64/liblttng-stonesoup-c.so:$SS_TC_DEPS/lib64/liblttng-ust-fork.so</environment_variable>
                </process>
                <process>
                    <script background="false" encoding="STRING" type="USE_TEXT">mkdir -p $SS_TC_DEPS/var/run/lttng</script>
                </process>
                <process>
                    <script background="false" encoding="STRING" type="USE_TEXT">$SS_TC_DEPS/bin/lttng create &amp;&amp; $SS_TC_DEPS/bin/lttng enable-event -u -a &amp;&amp; $SS_TC_DEPS/bin/lttng start</script>
                </process>
                <process>
                    <script background="false" encoding="STRING" type="USE_TEXT">rm -rf $SS_TC_ROOT/lockDir</script>
                </process>
            </pre_processes>
            <run_command encoding="STRING" preprend_runcommand="true" type="USE_TEXT">-an -i grsm_0001-shorter.mov good-01/grsm_0001_no_audio.mov</run_command>
            <co_processes scheme="SEQUENCE">
                <process>
                    <script background="false" encoding="STRING" input_id="socket_v82H51yCCk" type="USE_TEXT">/opt/stonesoup/workspace/scripts/service_mon.sh ss-localhost 8887 &amp;&amp; curl -v --data-urlencode data=&quot;/opt/stonesoup/workspace/testData/good01.txt&quot; --header &quot;If-Match: weak_taint_source_value&quot; --request POST --no-buffer --output /opt/stonesoup/workspace/testData/logfile.txt --silent --show-error http://ss-localhost:8887</script>
                </process>
            </co_processes>
            <post_processes scheme="SEQUENCE">
                <process>
                    <script background="false" encoding="STRING" input_id="lttng_output_XgFXDKocht" type="USE_TEXT">$SS_TC_DEPS/bin/lttng stop &amp;&amp; $SS_TC_DEPS/bin/lttng view &amp;&amp; $SS_TC_DEPS/bin/lttng destroy</script>
                </process>
            </post_processes>
            <scoring_formula default="GOOD-01-Default">
                <formula name="GOOD-01-Default">((GOOD-01-CENTOS OR GOOD-01-UBUNTU OR GOOD-01-DEBIAN) AND NOT TIMEOUT AND NOT CONTROLLED_EXIT) AND log_file_hashes_KLZ2cAPXFn</formula>
            </scoring_formula>
            <output_checks>
                <compare_check check_type="CONTAINS" name="GOOD-01-CENTOS">
                    <actual output_type="FILE_CONTENTS">good-01/grsm_0001_no_audio.mov</actual>
                    <expected encoding="STRING" type="USE_FILE_CONTENTS">good-01/grsm_0001_no_audio-centos.mov</expected>
                </compare_check>
                <compare_check check_type="CONTAINS" name="GOOD-01-UBUNTU">
                    <actual output_type="FILE_CONTENTS">good-01/grsm_0001_no_audio.mov</actual>
                    <expected encoding="STRING" type="USE_FILE_CONTENTS">good-01/grsm_0001_no_audio-ubuntu.mov</expected>
                </compare_check>
                <compare_check check_type="CONTAINS" name="GOOD-01-DEBIAN">
                    <actual output_type="FILE_CONTENTS">good-01/grsm_0001_no_audio.mov</actual>
                    <expected encoding="STRING" type="USE_FILE_CONTENTS">good-01/grsm_0001_no_audio-debian.mov</expected>
                </compare_check>
                <simple_check check_type="SPECIAL" encoding="STRING" name="TIMEOUT" type="USE_TEXT">DOES_NOT_RETURN</simple_check>
                <simple_check check_type="SPECIAL" encoding="STRING" name="CONTROLLED_EXIT" type="USE_TEXT">CONTROLLED_EXIT</simple_check>
                <simple_check check_type="SCRIPT" encoding="STRING" name="log_file_hashes_KLZ2cAPXFn" type="USE_TEXT">if (( $(/bin/grep -E '^[0-9a-f]{32,128}  .+' &quot;logfile.txt&quot; | wc -l) % 21 )); then false; else true; fi;</simple_check>
            </output_checks>
        </iopair>
        <iopair name="C-C400B-FFMP-09-ST03-DT03-DF11-CF02-01-GOOD-02" reset_scheme="NONE" timeout="300" type="GOOD">
            <description>change the frame rate and aspect ration of a video
Runs a bunch of hashing algorithms on a files contents. If a file doesn't end, ex: '/dev/urandom', will fork and consume a lot of cpu on different cpus

</description>
            <technical_impact>NONE</technical_impact>
            <pre_processes scheme="SEQUENCE">
                <process>
                    <script background="false" encoding="STRING" type="USE_TEXT">printf '' | tee nginx_conf_env.txt</script>
                </process>
                <process>
                    <file encoding="STRING" path="/opt/stonesoup/workspace/testData/good02.txt" type="USE_TEXT">not an empty file</file>
                </process>
                <process>
                    <script background="false" encoding="STRING" type="USE_TEXT">mkdir $SS_TC_ROOT/logs/execute/lttng</script>
                </process>
                <process>
                    <environment_variable encoding="STRING" key="LTTNG_HOME" type="USE_TEXT">$SS_TC_ROOT/logs/execute/lttng</environment_variable>
                </process>
                <process>
                    <environment_variable encoding="STRING" key="SS_RUN_COMMAND_LD_PRELOAD" type="USE_TEXT">$SS_TC_DEPS/lib64/liblttng-stonesoup-c.so:$SS_TC_DEPS/lib64/liblttng-ust-fork.so</environment_variable>
                </process>
                <process>
                    <script background="false" encoding="STRING" type="USE_TEXT">mkdir -p $SS_TC_DEPS/var/run/lttng</script>
                </process>
                <process>
                    <script background="false" encoding="STRING" type="USE_TEXT">$SS_TC_DEPS/bin/lttng create &amp;&amp; $SS_TC_DEPS/bin/lttng enable-event -u -a &amp;&amp; $SS_TC_DEPS/bin/lttng start</script>
                </process>
                <process>
                    <script background="false" encoding="STRING" type="USE_TEXT">rm -rf $SS_TC_ROOT/lockDir</script>
                </process>
            </pre_processes>
            <run_command encoding="STRING" preprend_runcommand="true" type="USE_TEXT">-r 20 -aspect 16:9 -i elis_m0001-shorter.mov good-02/elis_m0001_rate_aspect.mov</run_command>
            <co_processes scheme="SEQUENCE">
                <process>
                    <script background="false" encoding="STRING" input_id="socket_LO4ScvvcRB" type="USE_TEXT">/opt/stonesoup/workspace/scripts/service_mon.sh ss-localhost 8887 &amp;&amp; curl -v --data-urlencode data=&quot;/opt/stonesoup/workspace/testData/good02.txt&quot; --header &quot;If-Match: weak_taint_source_value&quot; --request POST --no-buffer --output /opt/stonesoup/workspace/testData/logfile.txt --silent --show-error http://ss-localhost:8887</script>
                </process>
            </co_processes>
            <post_processes scheme="SEQUENCE">
                <process>
                    <script background="false" encoding="STRING" input_id="lttng_output_G3YVTI3j49" type="USE_TEXT">$SS_TC_DEPS/bin/lttng stop &amp;&amp; $SS_TC_DEPS/bin/lttng view &amp;&amp; $SS_TC_DEPS/bin/lttng destroy</script>
                </process>
            </post_processes>
            <scoring_formula default="GOOD-02-Default">
                <formula name="GOOD-02-Default">((GOOD-02-CENTOS OR GOOD-02-UBUNTU OR GOOD-02-DEBIAN) AND NOT TIMEOUT AND NOT CONTROLLED_EXIT) AND log_file_hashes_eXTXcB2SZg</formula>
            </scoring_formula>
            <output_checks>
                <compare_check check_type="CONTAINS" name="GOOD-02-CENTOS">
                    <actual output_type="FILE_CONTENTS">good-02/elis_m0001_rate_aspect.mov</actual>
                    <expected encoding="STRING" type="USE_FILE_CONTENTS">good-02/elis_m0001_rate_aspect-centos.mov</expected>
                </compare_check>
                <compare_check check_type="CONTAINS" name="GOOD-02-UBUNTU">
                    <actual output_type="FILE_CONTENTS">good-02/elis_m0001_rate_aspect.mov</actual>
                    <expected encoding="STRING" type="USE_FILE_CONTENTS">good-02/elis_m0001_rate_aspect-ubuntu.mov</expected>
                </compare_check>
                <compare_check check_type="CONTAINS" name="GOOD-02-DEBIAN">
                    <actual output_type="FILE_CONTENTS">good-02/elis_m0001_rate_aspect.mov</actual>
                    <expected encoding="STRING" type="USE_FILE_CONTENTS">good-02/elis_m0001_rate_aspect-debian.mov</expected>
                </compare_check>
                <simple_check check_type="SPECIAL" encoding="STRING" name="TIMEOUT" type="USE_TEXT">DOES_NOT_RETURN</simple_check>
                <simple_check check_type="SPECIAL" encoding="STRING" name="CONTROLLED_EXIT" type="USE_TEXT">CONTROLLED_EXIT</simple_check>
                <simple_check check_type="SCRIPT" encoding="STRING" name="log_file_hashes_eXTXcB2SZg" type="USE_TEXT">if (( $(/bin/grep -E '^[0-9a-f]{32,128}  .+' &quot;logfile.txt&quot; | wc -l) % 21 )); then false; else true; fi;</simple_check>
            </output_checks>
        </iopair>
        <iopair name="C-C400B-FFMP-09-ST03-DT03-DF11-CF02-01-GOOD-03" reset_scheme="NONE" timeout="300" type="GOOD">
            <description>remove the audio and change the video format from .mov to .mp4 using the mpeg4 codec
Runs a bunch of hashing algorithms on a files contents. If a file doesn't end, ex: '/dev/urandom', will fork and consume a lot of cpu on different cpus

</description>
            <technical_impact>NONE</technical_impact>
            <pre_processes scheme="SEQUENCE">
                <process>
                    <script background="false" encoding="STRING" type="USE_TEXT">printf '' | tee nginx_conf_env.txt</script>
                </process>
                <process>
                    <file encoding="STRING" path="/opt/stonesoup/workspace/testData/good03.txt" type="USE_TEXT">This should not be an empty file.  I really mean it.  This should definitely contain some sort of text or paragraph or something</file>
                </process>
                <process>
                    <script background="false" encoding="STRING" type="USE_TEXT">mkdir $SS_TC_ROOT/logs/execute/lttng</script>
                </process>
                <process>
                    <environment_variable encoding="STRING" key="LTTNG_HOME" type="USE_TEXT">$SS_TC_ROOT/logs/execute/lttng</environment_variable>
                </process>
                <process>
                    <environment_variable encoding="STRING" key="SS_RUN_COMMAND_LD_PRELOAD" type="USE_TEXT">$SS_TC_DEPS/lib64/liblttng-stonesoup-c.so:$SS_TC_DEPS/lib64/liblttng-ust-fork.so</environment_variable>
                </process>
                <process>
                    <script background="false" encoding="STRING" type="USE_TEXT">mkdir -p $SS_TC_DEPS/var/run/lttng</script>
                </process>
                <process>
                    <script background="false" encoding="STRING" type="USE_TEXT">$SS_TC_DEPS/bin/lttng create &amp;&amp; $SS_TC_DEPS/bin/lttng enable-event -u -a &amp;&amp; $SS_TC_DEPS/bin/lttng start</script>
                </process>
                <process>
                    <script background="false" encoding="STRING" type="USE_TEXT">rm -rf $SS_TC_ROOT/lockDir</script>
                </process>
            </pre_processes>
            <run_command encoding="STRING" preprend_runcommand="true" type="USE_TEXT">-an -i bost_people_0001-shorter.mov -vcodec mpeg4 -strict -2 good-03/bost_people_0001.mp4</run_command>
            <co_processes scheme="SEQUENCE">
                <process>
                    <script background="false" encoding="STRING" input_id="socket_dU1P0hbndz" type="USE_TEXT">/opt/stonesoup/workspace/scripts/service_mon.sh ss-localhost 8887 &amp;&amp; curl -v --data-urlencode data=&quot;/opt/stonesoup/workspace/testData/good03.txt&quot; --header &quot;If-Match: weak_taint_source_value&quot; --request POST --no-buffer --output /opt/stonesoup/workspace/testData/logfile.txt --silent --show-error http://ss-localhost:8887</script>
                </process>
            </co_processes>
            <post_processes scheme="SEQUENCE">
                <process>
                    <script background="false" encoding="STRING" input_id="lttng_output_7bfZU6ZX9B" type="USE_TEXT">$SS_TC_DEPS/bin/lttng stop &amp;&amp; $SS_TC_DEPS/bin/lttng view &amp;&amp; $SS_TC_DEPS/bin/lttng destroy</script>
                </process>
            </post_processes>
            <scoring_formula default="GOOD-03-Default">
                <formula name="GOOD-03-Default">((GOOD-03-CENTOS OR GOOD-03-UBUNTU OR GOOD-03-DEBIAN) AND NOT TIMEOUT AND NOT CONTROLLED_EXIT) AND log_file_hashes_T0Zr6TJdud</formula>
            </scoring_formula>
            <output_checks>
                <compare_check check_type="CONTAINS" name="GOOD-03-CENTOS">
                    <actual output_type="FILE_CONTENTS">good-03/bost_people_0001.mp4</actual>
                    <expected encoding="STRING" type="USE_FILE_CONTENTS">good-03/bost_people_0001-centos.mp4</expected>
                </compare_check>
                <compare_check check_type="CONTAINS" name="GOOD-03-UBUNTU">
                    <actual output_type="FILE_CONTENTS">good-03/bost_people_0001.mp4</actual>
                    <expected encoding="STRING" type="USE_FILE_CONTENTS">good-03/bost_people_0001-ubuntu.mp4</expected>
                </compare_check>
                <compare_check check_type="CONTAINS" name="GOOD-03-DEBIAN">
                    <actual output_type="FILE_CONTENTS">good-03/bost_people_0001.mp4</actual>
                    <expected encoding="STRING" type="USE_FILE_CONTENTS">good-03/bost_people_0001-debian.mp4</expected>
                </compare_check>
                <simple_check check_type="SPECIAL" encoding="STRING" name="TIMEOUT" type="USE_TEXT">DOES_NOT_RETURN</simple_check>
                <simple_check check_type="SPECIAL" encoding="STRING" name="CONTROLLED_EXIT" type="USE_TEXT">CONTROLLED_EXIT</simple_check>
                <simple_check check_type="SCRIPT" encoding="STRING" name="log_file_hashes_T0Zr6TJdud" type="USE_TEXT">if (( $(/bin/grep -E '^[0-9a-f]{32,128}  .+' &quot;logfile.txt&quot; | wc -l) % 21 )); then false; else true; fi;</simple_check>
            </output_checks>
        </iopair>
        <iopair name="C-C400B-FFMP-09-ST03-DT03-DF11-CF02-01-GOOD-04" reset_scheme="NONE" timeout="300" type="GOOD">
            <description>copy the audio file and convert the number of audio channels to 2.
Runs a bunch of hashing algorithms on a files contents. If a file doesn't end, ex: '/dev/urandom', will fork and consume a lot of cpu on different cpus

</description>
            <technical_impact>NONE</technical_impact>
            <pre_processes scheme="SEQUENCE">
                <process>
                    <script background="false" encoding="STRING" type="USE_TEXT">printf '' | tee nginx_conf_env.txt</script>
                </process>
                <process>
                    <script background="false" encoding="STRING" type="USE_TEXT">mkdir $SS_TC_ROOT/logs/execute/lttng</script>
                </process>
                <process>
                    <environment_variable encoding="STRING" key="LTTNG_HOME" type="USE_TEXT">$SS_TC_ROOT/logs/execute/lttng</environment_variable>
                </process>
                <process>
                    <environment_variable encoding="STRING" key="SS_RUN_COMMAND_LD_PRELOAD" type="USE_TEXT">$SS_TC_DEPS/lib64/liblttng-stonesoup-c.so:$SS_TC_DEPS/lib64/liblttng-ust-fork.so</environment_variable>
                </process>
                <process>
                    <script background="false" encoding="STRING" type="USE_TEXT">mkdir -p $SS_TC_DEPS/var/run/lttng</script>
                </process>
                <process>
                    <script background="false" encoding="STRING" type="USE_TEXT">$SS_TC_DEPS/bin/lttng create &amp;&amp; $SS_TC_DEPS/bin/lttng enable-event -u -a &amp;&amp; $SS_TC_DEPS/bin/lttng start</script>
                </process>
                <process>
                    <script background="false" encoding="STRING" type="USE_TEXT">rm -rf $SS_TC_ROOT/lockDir</script>
                </process>
            </pre_processes>
            <run_command encoding="STRING" preprend_runcommand="true" type="USE_TEXT">-i ApacheTomcat-SomewhereInMyMind.mp3 -acodec copy -ac 2 good-04/ApacheTomcat_dualchannelaudio.mp3</run_command>
            <co_processes scheme="SEQUENCE">
                <process>
                    <script background="false" encoding="STRING" input_id="socket_LmKTvkjlix" type="USE_TEXT">/opt/stonesoup/workspace/scripts/service_mon.sh ss-localhost 8887 &amp;&amp; curl -v --data-urlencode data=&quot;/opt/stonesoup/workspace/testData/good01.txt&quot; --header &quot;If-Match: weak_taint_source_value&quot; --request POST --no-buffer --output /opt/stonesoup/workspace/testData/logfile.txt --silent --show-error http://ss-localhost:8887</script>
                </process>
            </co_processes>
            <post_processes scheme="SEQUENCE">
                <process>
                    <script background="false" encoding="STRING" input_id="lttng_output_SfpL3LwP1y" type="USE_TEXT">$SS_TC_DEPS/bin/lttng stop &amp;&amp; $SS_TC_DEPS/bin/lttng view &amp;&amp; $SS_TC_DEPS/bin/lttng destroy</script>
                </process>
            </post_processes>
            <scoring_formula default="GOOD-04-Default">
                <formula name="GOOD-04-Default">(GOOD-04 AND NOT TIMEOUT AND NOT CONTROLLED_EXIT) AND log_file_hashes_We9TMCpCAC</formula>
            </scoring_formula>
            <output_checks>
                <compare_check check_type="CONTAINS" name="GOOD-04">
                    <actual output_type="FILE_CONTENTS">good-04/ApacheTomcat_dualchannelaudio.mp3</actual>
                    <expected encoding="STRING" type="USE_FILE_CONTENTS">good-04/ApacheTomcat_dualchannelaudio.mp3</expected>
                </compare_check>
                <simple_check check_type="SPECIAL" encoding="STRING" name="TIMEOUT" type="USE_TEXT">DOES_NOT_RETURN</simple_check>
                <simple_check check_type="SPECIAL" encoding="STRING" name="CONTROLLED_EXIT" type="USE_TEXT">CONTROLLED_EXIT</simple_check>
                <simple_check check_type="SCRIPT" encoding="STRING" name="log_file_hashes_We9TMCpCAC" type="USE_TEXT">if (( $(/bin/grep -E '^[0-9a-f]{32,128}  .+' &quot;logfile.txt&quot; | wc -l) % 21 )); then false; else true; fi;</simple_check>
            </output_checks>
        </iopair>
        <iopair name="C-C400B-FFMP-09-ST03-DT03-DF11-CF02-01-GOOD-05" reset_scheme="NONE" timeout="300" type="GOOD">
            <description>remove original audio from a file and combine the audio from another file to create a new video and audio file
Runs a bunch of hashing algorithms on a files contents. If a file doesn't end, ex: '/dev/urandom', will fork and consume a lot of cpu on different cpus

</description>
            <technical_impact>NONE</technical_impact>
            <pre_processes scheme="SEQUENCE">
                <process>
                    <script background="false" encoding="STRING" type="USE_TEXT">printf '' | tee nginx_conf_env.txt</script>
                </process>
                <process>
                    <file encoding="STRING" path="/opt/stonesoup/workspace/testData/good02.txt" type="USE_TEXT">not an empty file</file>
                </process>
                <process>
                    <script background="false" encoding="STRING" type="USE_TEXT">mkdir $SS_TC_ROOT/logs/execute/lttng</script>
                </process>
                <process>
                    <environment_variable encoding="STRING" key="LTTNG_HOME" type="USE_TEXT">$SS_TC_ROOT/logs/execute/lttng</environment_variable>
                </process>
                <process>
                    <environment_variable encoding="STRING" key="SS_RUN_COMMAND_LD_PRELOAD" type="USE_TEXT">$SS_TC_DEPS/lib64/liblttng-stonesoup-c.so:$SS_TC_DEPS/lib64/liblttng-ust-fork.so</environment_variable>
                </process>
                <process>
                    <script background="false" encoding="STRING" type="USE_TEXT">mkdir -p $SS_TC_DEPS/var/run/lttng</script>
                </process>
                <process>
                    <script background="false" encoding="STRING" type="USE_TEXT">$SS_TC_DEPS/bin/lttng create &amp;&amp; $SS_TC_DEPS/bin/lttng enable-event -u -a &amp;&amp; $SS_TC_DEPS/bin/lttng start</script>
                </process>
                <process>
                    <script background="false" encoding="STRING" type="USE_TEXT">rm -rf $SS_TC_ROOT/lockDir</script>
                </process>
            </pre_processes>
            <run_command encoding="STRING" preprend_runcommand="true" type="USE_TEXT">-an -i grsm_0001-shorter.mov -i ApacheTomcat-SomewhereInMyMind.mp3 -acodec copy good-05/combined.mov</run_command>
            <co_processes scheme="SEQUENCE">
                <process>
                    <script background="false" encoding="STRING" input_id="socket_V0rOIMGD7X" type="USE_TEXT">/opt/stonesoup/workspace/scripts/service_mon.sh ss-localhost 8887 &amp;&amp; curl -v --data-urlencode data=&quot;/opt/stonesoup/workspace/testData/good02.txt&quot; --header &quot;If-Match: weak_taint_source_value&quot; --request POST --no-buffer --output /opt/stonesoup/workspace/testData/logfile.txt --silent --show-error http://ss-localhost:8887</script>
                </process>
            </co_processes>
            <post_processes scheme="SEQUENCE">
                <process>
                    <script background="false" encoding="STRING" input_id="lttng_output_9UIl7CQclf" type="USE_TEXT">$SS_TC_DEPS/bin/lttng stop &amp;&amp; $SS_TC_DEPS/bin/lttng view &amp;&amp; $SS_TC_DEPS/bin/lttng destroy</script>
                </process>
            </post_processes>
            <scoring_formula default="GOOD-05-Default">
                <formula name="GOOD-05-Default">((GOOD-05-CENTOS OR GOOD-05-UBUNTU OR GOOD-05-DEBIAN) AND NOT TIMEOUT AND NOT CONTROLLED_EXIT) AND log_file_hashes_4HY9AYIdm4</formula>
            </scoring_formula>
            <output_checks>
                <compare_check check_type="CONTAINS" name="GOOD-05-CENTOS">
                    <actual output_type="FILE_CONTENTS">good-05/combined.mov</actual>
                    <expected encoding="STRING" type="USE_FILE_CONTENTS">good-05/combined-centos.mov</expected>
                </compare_check>
                <compare_check check_type="CONTAINS" name="GOOD-05-UBUNTU">
                    <actual output_type="FILE_CONTENTS">good-05/combined.mov</actual>
                    <expected encoding="STRING" type="USE_FILE_CONTENTS">good-05/combined-ubuntu.mov</expected>
                </compare_check>
                <compare_check check_type="CONTAINS" name="GOOD-05-DEBIAN">
                    <actual output_type="FILE_CONTENTS">good-05/combined.mov</actual>
                    <expected encoding="STRING" type="USE_FILE_CONTENTS">good-05/combined-debian.mov</expected>
                </compare_check>
                <simple_check check_type="SPECIAL" encoding="STRING" name="TIMEOUT" type="USE_TEXT">DOES_NOT_RETURN</simple_check>
                <simple_check check_type="SPECIAL" encoding="STRING" name="CONTROLLED_EXIT" type="USE_TEXT">CONTROLLED_EXIT</simple_check>
                <simple_check check_type="SCRIPT" encoding="STRING" name="log_file_hashes_4HY9AYIdm4" type="USE_TEXT">if (( $(/bin/grep -E '^[0-9a-f]{32,128}  .+' &quot;logfile.txt&quot; | wc -l) % 21 )); then false; else true; fi;</simple_check>
            </output_checks>
        </iopair>
        <iopair name="C-C400B-FFMP-09-ST03-DT03-DF11-CF02-01-GOOD-06" reset_scheme="NONE" timeout="600" type="GOOD">
            <description>Convert the size of a video to vga (640x480)
Runs a bunch of hashing algorithms on a files contents. If a file doesn't end, ex: '/dev/urandom', will fork and consume a lot of cpu on different cpus

</description>
            <technical_impact>NONE</technical_impact>
            <pre_processes scheme="SEQUENCE">
                <process>
                    <script background="false" encoding="STRING" type="USE_TEXT">printf '' | tee nginx_conf_env.txt</script>
                </process>
                <process>
                    <file encoding="STRING" path="/opt/stonesoup/workspace/testData/good03.txt" type="USE_TEXT">This should not be an empty file.  I really mean it.  This should definitely contain some sort of text or paragraph or something</file>
                </process>
                <process>
                    <script background="false" encoding="STRING" type="USE_TEXT">mkdir $SS_TC_ROOT/logs/execute/lttng</script>
                </process>
                <process>
                    <environment_variable encoding="STRING" key="LTTNG_HOME" type="USE_TEXT">$SS_TC_ROOT/logs/execute/lttng</environment_variable>
                </process>
                <process>
                    <environment_variable encoding="STRING" key="SS_RUN_COMMAND_LD_PRELOAD" type="USE_TEXT">$SS_TC_DEPS/lib64/liblttng-stonesoup-c.so:$SS_TC_DEPS/lib64/liblttng-ust-fork.so</environment_variable>
                </process>
                <process>
                    <script background="false" encoding="STRING" type="USE_TEXT">mkdir -p $SS_TC_DEPS/var/run/lttng</script>
                </process>
                <process>
                    <script background="false" encoding="STRING" type="USE_TEXT">$SS_TC_DEPS/bin/lttng create &amp;&amp; $SS_TC_DEPS/bin/lttng enable-event -u -a &amp;&amp; $SS_TC_DEPS/bin/lttng start</script>
                </process>
                <process>
                    <script background="false" encoding="STRING" type="USE_TEXT">rm -rf $SS_TC_ROOT/lockDir</script>
                </process>
            </pre_processes>
            <run_command encoding="STRING" preprend_runcommand="true" type="USE_TEXT">-i good-06/combined.mov -strict -2 -s vga good-06/combined_vga_sized.mov</run_command>
            <co_processes scheme="SEQUENCE">
                <process>
                    <script background="false" encoding="STRING" input_id="socket_2x6YKfLrNz" type="USE_TEXT">/opt/stonesoup/workspace/scripts/service_mon.sh ss-localhost 8887 &amp;&amp; curl -v --data-urlencode data=&quot;/opt/stonesoup/workspace/testData/good03.txt&quot; --header &quot;If-Match: weak_taint_source_value&quot; --request POST --no-buffer --output /opt/stonesoup/workspace/testData/logfile.txt --silent --show-error http://ss-localhost:8887</script>
                </process>
            </co_processes>
            <post_processes scheme="SEQUENCE">
                <process>
                    <script background="false" encoding="STRING" input_id="lttng_output_BTQoweHpFq" type="USE_TEXT">$SS_TC_DEPS/bin/lttng stop &amp;&amp; $SS_TC_DEPS/bin/lttng view &amp;&amp; $SS_TC_DEPS/bin/lttng destroy</script>
                </process>
            </post_processes>
            <scoring_formula default="GOOD-06-Default">
                <formula name="GOOD-06-Default">((GOOD-06-CENTOS OR GOOD-06-UBUNTU OR GOOD-06-DEBIAN) AND NOT TIMEOUT AND NOT CONTROLLED_EXIT) AND log_file_hashes_lGg2HDBwYn</formula>
            </scoring_formula>
            <output_checks>
                <compare_check check_type="CONTAINS" name="GOOD-06-CENTOS">
                    <actual output_type="FILE_CONTENTS">good-06/combined_vga_sized.mov</actual>
                    <expected encoding="STRING" type="USE_FILE_CONTENTS">good-06/combined_vga_sized-centos.mov</expected>
                </compare_check>
                <compare_check check_type="CONTAINS" name="GOOD-06-UBUNTU">
                    <actual output_type="FILE_CONTENTS">good-06/combined_vga_sized.mov</actual>
                    <expected encoding="STRING" type="USE_FILE_CONTENTS">good-06/combined_vga_sized-ubuntu.mov</expected>
                </compare_check>
                <compare_check check_type="CONTAINS" name="GOOD-06-DEBIAN">
                    <actual output_type="FILE_CONTENTS">good-06/combined_vga_sized.mov</actual>
                    <expected encoding="STRING" type="USE_FILE_CONTENTS">good-06/combined_vga_sized-debian.mov</expected>
                </compare_check>
                <simple_check check_type="SPECIAL" encoding="STRING" name="TIMEOUT" type="USE_TEXT">DOES_NOT_RETURN</simple_check>
                <simple_check check_type="SPECIAL" encoding="STRING" name="CONTROLLED_EXIT" type="USE_TEXT">CONTROLLED_EXIT</simple_check>
                <simple_check check_type="SCRIPT" encoding="STRING" name="log_file_hashes_lGg2HDBwYn" type="USE_TEXT">if (( $(/bin/grep -E '^[0-9a-f]{32,128}  .+' &quot;logfile.txt&quot; | wc -l) % 21 )); then false; else true; fi;</simple_check>
            </output_checks>
        </iopair>
        <iopair name="C-C400B-FFMP-09-ST03-DT03-DF11-CF02-01-GOOD-07" reset_scheme="NONE" timeout="300" type="GOOD">
            <description>Covert a .wav file to .mp2 at 22050Hz
Runs a bunch of hashing algorithms on a files contents. If a file doesn't end, ex: '/dev/urandom', will fork and consume a lot of cpu on different cpus

</description>
            <technical_impact>NONE</technical_impact>
            <pre_processes scheme="SEQUENCE">
                <process>
                    <script background="false" encoding="STRING" type="USE_TEXT">printf '' | tee nginx_conf_env.txt</script>
                </process>
                <process>
                    <script background="false" encoding="STRING" type="USE_TEXT">mkdir $SS_TC_ROOT/logs/execute/lttng</script>
                </process>
                <process>
                    <environment_variable encoding="STRING" key="LTTNG_HOME" type="USE_TEXT">$SS_TC_ROOT/logs/execute/lttng</environment_variable>
                </process>
                <process>
                    <environment_variable encoding="STRING" key="SS_RUN_COMMAND_LD_PRELOAD" type="USE_TEXT">$SS_TC_DEPS/lib64/liblttng-stonesoup-c.so:$SS_TC_DEPS/lib64/liblttng-ust-fork.so</environment_variable>
                </process>
                <process>
                    <script background="false" encoding="STRING" type="USE_TEXT">mkdir -p $SS_TC_DEPS/var/run/lttng</script>
                </process>
                <process>
                    <script background="false" encoding="STRING" type="USE_TEXT">$SS_TC_DEPS/bin/lttng create &amp;&amp; $SS_TC_DEPS/bin/lttng enable-event -u -a &amp;&amp; $SS_TC_DEPS/bin/lttng start</script>
                </process>
                <process>
                    <script background="false" encoding="STRING" type="USE_TEXT">rm -rf $SS_TC_ROOT/lockDir</script>
                </process>
            </pre_processes>
            <run_command encoding="STRING" preprend_runcommand="true" type="USE_TEXT">-i good-07/Bow_To_My_firewall.wav -ar 22050 good-07/Bow_To_My_firewall.mp2</run_command>
            <co_processes scheme="SEQUENCE">
                <process>
                    <script background="false" encoding="STRING" input_id="socket_j5ZRPXAKYX" type="USE_TEXT">/opt/stonesoup/workspace/scripts/service_mon.sh ss-localhost 8887 &amp;&amp; curl -v --data-urlencode data=&quot;/opt/stonesoup/workspace/testData/good01.txt&quot; --header &quot;If-Match: weak_taint_source_value&quot; --request POST --no-buffer --output /opt/stonesoup/workspace/testData/logfile.txt --silent --show-error http://ss-localhost:8887</script>
                </process>
            </co_processes>
            <post_processes scheme="SEQUENCE">
                <process>
                    <script background="false" encoding="STRING" input_id="lttng_output_rB5LVbqk2h" type="USE_TEXT">$SS_TC_DEPS/bin/lttng stop &amp;&amp; $SS_TC_DEPS/bin/lttng view &amp;&amp; $SS_TC_DEPS/bin/lttng destroy</script>
                </process>
            </post_processes>
            <scoring_formula default="GOOD-07-Default">
                <formula name="GOOD-07-Default">(GOOD-07 AND NOT TIMEOUT AND NOT CONTROLLED_EXIT) AND log_file_hashes_RvODqsn84W</formula>
            </scoring_formula>
            <output_checks>
                <compare_check check_type="CONTAINS" name="GOOD-07">
                    <actual output_type="FILE_CONTENTS">good-07/Bow_To_My_firewall.mp2</actual>
                    <expected encoding="STRING" type="USE_FILE_CONTENTS">good-07/Bow_To_My_firewall.mp2</expected>
                </compare_check>
                <simple_check check_type="SPECIAL" encoding="STRING" name="TIMEOUT" type="USE_TEXT">DOES_NOT_RETURN</simple_check>
                <simple_check check_type="SPECIAL" encoding="STRING" name="CONTROLLED_EXIT" type="USE_TEXT">CONTROLLED_EXIT</simple_check>
                <simple_check check_type="SCRIPT" encoding="STRING" name="log_file_hashes_RvODqsn84W" type="USE_TEXT">if (( $(/bin/grep -E '^[0-9a-f]{32,128}  .+' &quot;logfile.txt&quot; | wc -l) % 21 )); then false; else true; fi;</simple_check>
            </output_checks>
        </iopair>
        <iopair name="C-C400B-FFMP-09-ST03-DT03-DF11-CF02-01-GOOD-08" reset_scheme="NONE" timeout="300" type="GOOD">
            <description>Change the bitrate and do it in two passes
Runs a bunch of hashing algorithms on a files contents. If a file doesn't end, ex: '/dev/urandom', will fork and consume a lot of cpu on different cpus

</description>
            <technical_impact>NONE</technical_impact>
            <pre_processes scheme="SEQUENCE">
                <process>
                    <script background="false" encoding="STRING" type="USE_TEXT">printf '' | tee nginx_conf_env.txt</script>
                </process>
                <process>
                    <file encoding="STRING" path="/opt/stonesoup/workspace/testData/good02.txt" type="USE_TEXT">not an empty file</file>
                </process>
                <process>
                    <script background="false" encoding="STRING" type="USE_TEXT">mkdir $SS_TC_ROOT/logs/execute/lttng</script>
                </process>
                <process>
                    <environment_variable encoding="STRING" key="LTTNG_HOME" type="USE_TEXT">$SS_TC_ROOT/logs/execute/lttng</environment_variable>
                </process>
                <process>
                    <environment_variable encoding="STRING" key="SS_RUN_COMMAND_LD_PRELOAD" type="USE_TEXT">$SS_TC_DEPS/lib64/liblttng-stonesoup-c.so:$SS_TC_DEPS/lib64/liblttng-ust-fork.so</environment_variable>
                </process>
                <process>
                    <script background="false" encoding="STRING" type="USE_TEXT">mkdir -p $SS_TC_DEPS/var/run/lttng</script>
                </process>
                <process>
                    <script background="false" encoding="STRING" type="USE_TEXT">$SS_TC_DEPS/bin/lttng create &amp;&amp; $SS_TC_DEPS/bin/lttng enable-event -u -a &amp;&amp; $SS_TC_DEPS/bin/lttng start</script>
                </process>
                <process>
                    <script background="false" encoding="STRING" type="USE_TEXT">rm -rf $SS_TC_ROOT/lockDir</script>
                </process>
            </pre_processes>
            <run_command encoding="STRING" preprend_runcommand="true" type="USE_TEXT">-b 300 -pass 2 -i grsm_0001-shorter.mov good-08/grsm_0001_bitrate.mov</run_command>
            <co_processes scheme="SEQUENCE">
                <process>
                    <script background="false" encoding="STRING" input_id="socket_eKMw5NXBj2" type="USE_TEXT">/opt/stonesoup/workspace/scripts/service_mon.sh ss-localhost 8887 &amp;&amp; curl -v --data-urlencode data=&quot;/opt/stonesoup/workspace/testData/good02.txt&quot; --header &quot;If-Match: weak_taint_source_value&quot; --request POST --no-buffer --output /opt/stonesoup/workspace/testData/logfile.txt --silent --show-error http://ss-localhost:8887</script>
                </process>
            </co_processes>
            <post_processes scheme="SEQUENCE">
                <process>
                    <script background="false" encoding="STRING" input_id="lttng_output_pV4p3hTcSG" type="USE_TEXT">$SS_TC_DEPS/bin/lttng stop &amp;&amp; $SS_TC_DEPS/bin/lttng view &amp;&amp; $SS_TC_DEPS/bin/lttng destroy</script>
                </process>
            </post_processes>
            <scoring_formula default="GOOD-08-Default">
                <formula name="GOOD-08-Default">((GOOD-08-CENTOS OR GOOD-08-UBUNTU OR GOOD-08-DEBIAN) AND NOT TIMEOUT AND NOT CONTROLLED_EXIT) AND log_file_hashes_qGW4aGI9EG</formula>
            </scoring_formula>
            <output_checks>
                <compare_check check_type="CONTAINS" name="GOOD-08-CENTOS">
                    <actual output_type="FILE_CONTENTS">good-08/grsm_0001_bitrate.mov</actual>
                    <expected encoding="STRING" type="USE_FILE_CONTENTS">good-08/grsm_0001_bitrate-centos.mov</expected>
                </compare_check>
                <compare_check check_type="CONTAINS" name="GOOD-08-UBUNTU">
                    <actual output_type="FILE_CONTENTS">good-08/grsm_0001_bitrate.mov</actual>
                    <expected encoding="STRING" type="USE_FILE_CONTENTS">good-08/grsm_0001_bitrate-ubuntu.mov</expected>
                </compare_check>
                <compare_check check_type="CONTAINS" name="GOOD-08-DEBIAN">
                    <actual output_type="FILE_CONTENTS">good-08/grsm_0001_bitrate.mov</actual>
                    <expected encoding="STRING" type="USE_FILE_CONTENTS">good-08/grsm_0001_bitrate-debian.mov</expected>
                </compare_check>
                <simple_check check_type="SPECIAL" encoding="STRING" name="TIMEOUT" type="USE_TEXT">DOES_NOT_RETURN</simple_check>
                <simple_check check_type="SPECIAL" encoding="STRING" name="CONTROLLED_EXIT" type="USE_TEXT">CONTROLLED_EXIT</simple_check>
                <simple_check check_type="SCRIPT" encoding="STRING" name="log_file_hashes_qGW4aGI9EG" type="USE_TEXT">if (( $(/bin/grep -E '^[0-9a-f]{32,128}  .+' &quot;logfile.txt&quot; | wc -l) % 21 )); then false; else true; fi;</simple_check>
            </output_checks>
        </iopair>
        <iopair name="C-C400B-FFMP-09-ST03-DT03-DF11-CF02-01-GOOD-09" reset_scheme="NONE" timeout="300" type="GOOD">
            <description>Convert images into a video
Runs a bunch of hashing algorithms on a files contents. If a file doesn't end, ex: '/dev/urandom', will fork and consume a lot of cpu on different cpus

</description>
            <technical_impact>NONE</technical_impact>
            <pre_processes scheme="SEQUENCE">
                <process>
                    <script background="false" encoding="STRING" type="USE_TEXT">printf '' | tee nginx_conf_env.txt</script>
                </process>
                <process>
                    <file encoding="STRING" path="/opt/stonesoup/workspace/testData/good03.txt" type="USE_TEXT">This should not be an empty file.  I really mean it.  This should definitely contain some sort of text or paragraph or something</file>
                </process>
                <process>
                    <script background="false" encoding="STRING" type="USE_TEXT">mkdir $SS_TC_ROOT/logs/execute/lttng</script>
                </process>
                <process>
                    <environment_variable encoding="STRING" key="LTTNG_HOME" type="USE_TEXT">$SS_TC_ROOT/logs/execute/lttng</environment_variable>
                </process>
                <process>
                    <environment_variable encoding="STRING" key="SS_RUN_COMMAND_LD_PRELOAD" type="USE_TEXT">$SS_TC_DEPS/lib64/liblttng-stonesoup-c.so:$SS_TC_DEPS/lib64/liblttng-ust-fork.so</environment_variable>
                </process>
                <process>
                    <script background="false" encoding="STRING" type="USE_TEXT">mkdir -p $SS_TC_DEPS/var/run/lttng</script>
                </process>
                <process>
                    <script background="false" encoding="STRING" type="USE_TEXT">$SS_TC_DEPS/bin/lttng create &amp;&amp; $SS_TC_DEPS/bin/lttng enable-event -u -a &amp;&amp; $SS_TC_DEPS/bin/lttng start</script>
                </process>
                <process>
                    <script background="false" encoding="STRING" type="USE_TEXT">rm -rf $SS_TC_ROOT/lockDir</script>
                </process>
            </pre_processes>
            <run_command encoding="STRING" preprend_runcommand="true" type="USE_TEXT">-f image2 -i good-09/%03d.jpg -r 12 -s vga good-09/images.avi</run_command>
            <co_processes scheme="SEQUENCE">
                <process>
                    <script background="false" encoding="STRING" input_id="socket_NE5IbrSQNh" type="USE_TEXT">/opt/stonesoup/workspace/scripts/service_mon.sh ss-localhost 8887 &amp;&amp; curl -v --data-urlencode data=&quot;/opt/stonesoup/workspace/testData/good03.txt&quot; --header &quot;If-Match: weak_taint_source_value&quot; --request POST --no-buffer --output /opt/stonesoup/workspace/testData/logfile.txt --silent --show-error http://ss-localhost:8887</script>
                </process>
            </co_processes>
            <post_processes scheme="SEQUENCE">
                <process>
                    <script background="false" encoding="STRING" input_id="lttng_output_sPZ9I2JNfd" type="USE_TEXT">$SS_TC_DEPS/bin/lttng stop &amp;&amp; $SS_TC_DEPS/bin/lttng view &amp;&amp; $SS_TC_DEPS/bin/lttng destroy</script>
                </process>
            </post_processes>
            <scoring_formula default="GOOD-09-Default">
                <formula name="GOOD-09-Default">((GOOD-09-CENTOS OR GOOD-09-UBUNTU OR GOOD-09-DEBIAN) AND NOT TIMEOUT AND NOT CONTROLLED_EXIT) AND log_file_hashes_RqUmQp1uII</formula>
            </scoring_formula>
            <output_checks>
                <compare_check check_type="CONTAINS" name="GOOD-09-CENTOS">
                    <actual output_type="FILE_CONTENTS">good-09/images.avi</actual>
                    <expected encoding="STRING" type="USE_FILE_CONTENTS">good-09/images-centos.avi</expected>
                </compare_check>
                <compare_check check_type="CONTAINS" name="GOOD-09-UBUNTU">
                    <actual output_type="FILE_CONTENTS">good-09/images.avi</actual>
                    <expected encoding="STRING" type="USE_FILE_CONTENTS">good-09/images-ubuntu.avi</expected>
                </compare_check>
                <compare_check check_type="CONTAINS" name="GOOD-09-DEBIAN">
                    <actual output_type="FILE_CONTENTS">good-09/images.avi</actual>
                    <expected encoding="STRING" type="USE_FILE_CONTENTS">good-09/images-debian.avi</expected>
                </compare_check>
                <simple_check check_type="SPECIAL" encoding="STRING" name="TIMEOUT" type="USE_TEXT">DOES_NOT_RETURN</simple_check>
                <simple_check check_type="SPECIAL" encoding="STRING" name="CONTROLLED_EXIT" type="USE_TEXT">CONTROLLED_EXIT</simple_check>
                <simple_check check_type="SCRIPT" encoding="STRING" name="log_file_hashes_RqUmQp1uII" type="USE_TEXT">if (( $(/bin/grep -E '^[0-9a-f]{32,128}  .+' &quot;logfile.txt&quot; | wc -l) % 21 )); then false; else true; fi;</simple_check>
            </output_checks>
        </iopair>
        <iopair name="C-C400B-FFMP-09-ST03-DT03-DF11-CF02-01-GOOD-10" reset_scheme="NONE" timeout="300" type="GOOD">
            <description>Extract every fifth frame and convert it to an image
Runs a bunch of hashing algorithms on a files contents. If a file doesn't end, ex: '/dev/urandom', will fork and consume a lot of cpu on different cpus

</description>
            <technical_impact>NONE</technical_impact>
            <pre_processes scheme="SEQUENCE">
                <process>
                    <script background="false" encoding="STRING" type="USE_TEXT">printf '' | tee nginx_conf_env.txt</script>
                </process>
                <process>
                    <script background="false" encoding="STRING" type="USE_TEXT">mkdir $SS_TC_ROOT/logs/execute/lttng</script>
                </process>
                <process>
                    <environment_variable encoding="STRING" key="LTTNG_HOME" type="USE_TEXT">$SS_TC_ROOT/logs/execute/lttng</environment_variable>
                </process>
                <process>
                    <environment_variable encoding="STRING" key="SS_RUN_COMMAND_LD_PRELOAD" type="USE_TEXT">$SS_TC_DEPS/lib64/liblttng-stonesoup-c.so:$SS_TC_DEPS/lib64/liblttng-ust-fork.so</environment_variable>
                </process>
                <process>
                    <script background="false" encoding="STRING" type="USE_TEXT">mkdir -p $SS_TC_DEPS/var/run/lttng</script>
                </process>
                <process>
                    <script background="false" encoding="STRING" type="USE_TEXT">$SS_TC_DEPS/bin/lttng create &amp;&amp; $SS_TC_DEPS/bin/lttng enable-event -u -a &amp;&amp; $SS_TC_DEPS/bin/lttng start</script>
                </process>
                <process>
                    <script background="false" encoding="STRING" type="USE_TEXT">rm -rf $SS_TC_ROOT/lockDir</script>
                </process>
            </pre_processes>
            <run_command encoding="STRING" preprend_runcommand="true" type="USE_TEXT">-i elis_m0001-shorter.mov -r 5 -s vga good-10/elise-%04d.jpg</run_command>
            <co_processes scheme="SEQUENCE">
                <process>
                    <script background="false" encoding="STRING" input_id="socket_v5DowXe1Ho" type="USE_TEXT">/opt/stonesoup/workspace/scripts/service_mon.sh ss-localhost 8887 &amp;&amp; curl -v --data-urlencode data=&quot;/opt/stonesoup/workspace/testData/good01.txt&quot; --header &quot;If-Match: weak_taint_source_value&quot; --request POST --no-buffer --output /opt/stonesoup/workspace/testData/logfile.txt --silent --show-error http://ss-localhost:8887</script>
                </process>
            </co_processes>
            <post_processes scheme="SEQUENCE">
                <process>
                    <script background="false" encoding="STRING" input_id="lttng_output_wyqgHhzHpD" type="USE_TEXT">$SS_TC_DEPS/bin/lttng stop &amp;&amp; $SS_TC_DEPS/bin/lttng view &amp;&amp; $SS_TC_DEPS/bin/lttng destroy</script>
                </process>
            </post_processes>
            <scoring_formula default="GOOD-10-Default">
                <formula name="GOOD-10-Default">(((GOOD-10-1-CENTOS AND GOOD-10-2-CENTOS) OR (GOOD-10-1-UBUNTU AND GOOD-10-2-UBUNTU) OR (GOOD-10-1-DEBIAN AND GOOD-10-2-DEBIAN)) AND NOT TIMEOUT AND NOT CONTROLLED_EXIT) AND log_file_hashes_gDWNNOXwHe</formula>
            </scoring_formula>
            <output_checks>
                <compare_check check_type="CONTAINS" name="GOOD-10-1-CENTOS">
                    <actual output_type="FILE_CONTENTS">good-10/elise-0001.jpg</actual>
                    <expected encoding="STRING" type="USE_FILE_CONTENTS">good-10/elise-0001-centos.jpg</expected>
                </compare_check>
                <compare_check check_type="CONTAINS" name="GOOD-10-2-CENTOS">
                    <actual output_type="FILE_CONTENTS">good-10/elise-0028.jpg</actual>
                    <expected encoding="STRING" type="USE_FILE_CONTENTS">good-10/elise-0028-centos.jpg</expected>
                </compare_check>
                <compare_check check_type="CONTAINS" name="GOOD-10-1-UBUNTU">
                    <actual output_type="FILE_CONTENTS">good-10/elise-0001.jpg</actual>
                    <expected encoding="STRING" type="USE_FILE_CONTENTS">good-10/elise-0001-ubuntu.jpg</expected>
                </compare_check>
                <compare_check check_type="CONTAINS" name="GOOD-10-2-UBUNTU">
                    <actual output_type="FILE_CONTENTS">good-10/elise-0028.jpg</actual>
                    <expected encoding="STRING" type="USE_FILE_CONTENTS">good-10/elise-0028-ubuntu.jpg</expected>
                </compare_check>
                <compare_check check_type="CONTAINS" name="GOOD-10-1-DEBIAN">
                    <actual output_type="FILE_CONTENTS">good-10/elise-0001.jpg</actual>
                    <expected encoding="STRING" type="USE_FILE_CONTENTS">good-10/elise-0001-debian.jpg</expected>
                </compare_check>
                <compare_check check_type="CONTAINS" name="GOOD-10-2-DEBIAN">
                    <actual output_type="FILE_CONTENTS">good-10/elise-0028.jpg</actual>
                    <expected encoding="STRING" type="USE_FILE_CONTENTS">good-10/elise-0028-debian.jpg</expected>
                </compare_check>
                <simple_check check_type="SPECIAL" encoding="STRING" name="TIMEOUT" type="USE_TEXT">DOES_NOT_RETURN</simple_check>
                <simple_check check_type="SPECIAL" encoding="STRING" name="CONTROLLED_EXIT" type="USE_TEXT">CONTROLLED_EXIT</simple_check>
                <simple_check check_type="SCRIPT" encoding="STRING" name="log_file_hashes_gDWNNOXwHe" type="USE_TEXT">if (( $(/bin/grep -E '^[0-9a-f]{32,128}  .+' &quot;logfile.txt&quot; | wc -l) % 21 )); then false; else true; fi;</simple_check>
            </output_checks>
        </iopair>
        <iopair name="C-C400B-FFMP-09-ST03-DT03-DF11-CF02-01-BAD-01" reset_scheme="NONE" timeout="300" type="BAD">
            <description>Runs a bunch of hashing algorithms on a files contents. If a file doesn't end, ex: '/dev/urandom', will fork and consume a lot of cpu on different cpus

</description>
            <technical_impact>DOS_BLOCKING</technical_impact>
            <technical_impact>DOS_RESOURCE_CONSUMPTION</technical_impact>
            <pre_processes scheme="SEQUENCE">
                <process>
                    <script background="false" encoding="STRING" type="USE_TEXT">printf '' | tee nginx_conf_env.txt</script>
                </process>
                <process>
                    <script background="false" encoding="STRING" type="USE_TEXT">mkdir $SS_TC_ROOT/logs/execute/lttng</script>
                </process>
                <process>
                    <environment_variable encoding="STRING" key="LTTNG_HOME" type="USE_TEXT">$SS_TC_ROOT/logs/execute/lttng</environment_variable>
                </process>
                <process>
                    <environment_variable encoding="STRING" key="SS_RUN_COMMAND_LD_PRELOAD" type="USE_TEXT">$SS_TC_DEPS/lib64/liblttng-stonesoup-c.so:$SS_TC_DEPS/lib64/liblttng-ust-fork.so</environment_variable>
                </process>
                <process>
                    <script background="false" encoding="STRING" type="USE_TEXT">mkdir -p $SS_TC_DEPS/var/run/lttng</script>
                </process>
                <process>
                    <script background="false" encoding="STRING" type="USE_TEXT">$SS_TC_DEPS/bin/lttng create &amp;&amp; $SS_TC_DEPS/bin/lttng enable-event -u -a &amp;&amp; $SS_TC_DEPS/bin/lttng start</script>
                </process>
                <process>
                    <script background="false" encoding="STRING" type="USE_TEXT">rm -rf $SS_TC_ROOT/lockDir</script>
                </process>
            </pre_processes>
            <run_command encoding="STRING" preprend_runcommand="true" type="USE_TEXT">-an -i grsm_0001-shorter.mov good-01/grsm_0001_no_audio.mov</run_command>
            <co_processes scheme="SEQUENCE">
                <process>
                    <script background="false" encoding="STRING" input_id="socket_BS4EzqTdHOnyiweLq8Gm" type="USE_TEXT">/opt/stonesoup/workspace/scripts/service_mon.sh ss-localhost 8887 &amp;&amp; curl -v --data-urlencode data=&quot;/dev/urandom&quot; --header &quot;If-Match: weak_taint_source_value&quot; --request POST --no-buffer --output /opt/stonesoup/workspace/testData/logfile.txt --silent --show-error http://ss-localhost:8887</script>
                </process>
            </co_processes>
            <post_processes scheme="SEQUENCE">
                <process>
                    <script background="false" encoding="STRING" input_id="lttng_output_tDl1WtMf7T59dJTM4vMg" type="USE_TEXT">$SS_TC_DEPS/bin/lttng stop &amp;&amp; $SS_TC_DEPS/bin/lttng view &amp;&amp; $SS_TC_DEPS/bin/lttng destroy</script>
                </process>
            </post_processes>
            <scoring_formula default="timeout_formula_E8ohaCt09O">
                <formula name="timeout_formula_E8ohaCt09O">weakness_started_d0VARq55qpC8Is2zKiyX AND ((NOT PERFORMER AND (timeout_7uXt1Pyqrh)) or (PERFORMER AND NOT ((timeout_7uXt1Pyqrh) OR controlled_exit_OgGzEyYVcZ)))</formula>
                <formula name="no_weakness_started_formula_UKOqwdR68g">(NOT PERFORMER AND (timeout_7uXt1Pyqrh)) or (PERFORMER AND NOT ((timeout_7uXt1Pyqrh) OR controlled_exit_OgGzEyYVcZ))</formula>
            </scoring_formula>
            <output_checks>
                <simple_check check_type="SPECIAL" encoding="STRING" name="timeout_7uXt1Pyqrh" type="USE_TEXT">DOES_NOT_RETURN</simple_check>
                <simple_check check_type="SPECIAL" encoding="STRING" name="controlled_exit_OgGzEyYVcZ" type="USE_TEXT">CONTROLLED_EXIT</simple_check>
                <simple_check check_type="SPECIAL" encoding="STRING" name="continued_execution_J0Z83B8Fki" type="USE_TEXT">CONTINUED_EXECUTION</simple_check>
                <compare_check check_type="CONTAINS" name="weakness_started_d0VARq55qpC8Is2zKiyX">
                    <actual encoding="STRING" input_id_ref="lttng_output_tDl1WtMf7T59dJTM4vMg" output_type="STANDARD_OUT">None</actual>
                    <expected encoding="STRING" type="USE_TEXT">stonesoup_trace:weakness_start</expected>
                </compare_check>
            </output_checks>
        </iopair>
        <iopair name="C-C400B-FFMP-09-ST03-DT03-DF11-CF02-01-BAD-02" reset_scheme="NONE" timeout="300" type="BAD">
            <description>Runs a bunch of hashing algorithms on a files contents. If a file doesn't end, ex: '/dev/urandom', will fork and consume a lot of cpu on different cpus

</description>
            <technical_impact>DOS_BLOCKING</technical_impact>
            <technical_impact>DOS_RESOURCE_CONSUMPTION</technical_impact>
            <pre_processes scheme="SEQUENCE">
                <process>
                    <script background="false" encoding="STRING" type="USE_TEXT">printf '' | tee nginx_conf_env.txt</script>
                </process>
                <process>
                    <file encoding="STRING" path="/opt/stonesoup/workspace/testData/bad02.txt" type="USE_TEXT">a</file>
                </process>
                <process>
                    <script background="false" encoding="STRING" type="USE_TEXT">rm -rf /opt/stonesoup/workspace/testData/bad02.txt</script>
                </process>
                <process>
                    <script background="false" encoding="STRING" type="USE_TEXT">ln -s '/dev/urandom' /opt/stonesoup/workspace/testData/bad02.txt</script>
                </process>
                <process>
                    <script background="false" encoding="STRING" type="USE_TEXT">mkdir $SS_TC_ROOT/logs/execute/lttng</script>
                </process>
                <process>
                    <environment_variable encoding="STRING" key="LTTNG_HOME" type="USE_TEXT">$SS_TC_ROOT/logs/execute/lttng</environment_variable>
                </process>
                <process>
                    <environment_variable encoding="STRING" key="SS_RUN_COMMAND_LD_PRELOAD" type="USE_TEXT">$SS_TC_DEPS/lib64/liblttng-stonesoup-c.so:$SS_TC_DEPS/lib64/liblttng-ust-fork.so</environment_variable>
                </process>
                <process>
                    <script background="false" encoding="STRING" type="USE_TEXT">mkdir -p $SS_TC_DEPS/var/run/lttng</script>
                </process>
                <process>
                    <script background="false" encoding="STRING" type="USE_TEXT">$SS_TC_DEPS/bin/lttng create &amp;&amp; $SS_TC_DEPS/bin/lttng enable-event -u -a &amp;&amp; $SS_TC_DEPS/bin/lttng start</script>
                </process>
                <process>
                    <script background="false" encoding="STRING" type="USE_TEXT">rm -rf $SS_TC_ROOT/lockDir</script>
                </process>
            </pre_processes>
            <run_command encoding="STRING" preprend_runcommand="true" type="USE_TEXT">-an -i grsm_0001-shorter.mov good-01/grsm_0001_no_audio.mov</run_command>
            <co_processes scheme="SEQUENCE">
                <process>
                    <script background="false" encoding="STRING" input_id="socket_Adz4syuW1JmqlMDe1zMw" type="USE_TEXT">/opt/stonesoup/workspace/scripts/service_mon.sh ss-localhost 8887 &amp;&amp; curl -v --data-urlencode data=&quot;/opt/stonesoup/workspace/testData/bad02.txt&quot; --header &quot;If-Match: weak_taint_source_value&quot; --request POST --no-buffer --output /opt/stonesoup/workspace/testData/logfile.txt --silent --show-error http://ss-localhost:8887</script>
                </process>
            </co_processes>
            <post_processes scheme="SEQUENCE">
                <process>
                    <script background="false" encoding="STRING" input_id="lttng_output_G8FQluoHUob9nPRmRcRd" type="USE_TEXT">$SS_TC_DEPS/bin/lttng stop &amp;&amp; $SS_TC_DEPS/bin/lttng view &amp;&amp; $SS_TC_DEPS/bin/lttng destroy</script>
                </process>
            </post_processes>
            <scoring_formula default="timeout_formula_lhde1Zz1vy">
                <formula name="timeout_formula_lhde1Zz1vy">weakness_started_BtdQVnwrh751SZN3wrGY AND ((NOT PERFORMER AND (timeout_wd6nNDlwir)) or (PERFORMER AND NOT ((timeout_wd6nNDlwir) OR controlled_exit_Q7KUbWUnac)))</formula>
                <formula name="no_weakness_started_formula_Aa0z88Xu7r">(NOT PERFORMER AND (timeout_wd6nNDlwir)) or (PERFORMER AND NOT ((timeout_wd6nNDlwir) OR controlled_exit_Q7KUbWUnac))</formula>
            </scoring_formula>
            <output_checks>
                <simple_check check_type="SPECIAL" encoding="STRING" name="timeout_wd6nNDlwir" type="USE_TEXT">DOES_NOT_RETURN</simple_check>
                <simple_check check_type="SPECIAL" encoding="STRING" name="controlled_exit_Q7KUbWUnac" type="USE_TEXT">CONTROLLED_EXIT</simple_check>
                <simple_check check_type="SPECIAL" encoding="STRING" name="continued_execution_Jo09eWktEU" type="USE_TEXT">CONTINUED_EXECUTION</simple_check>
                <compare_check check_type="CONTAINS" name="weakness_started_BtdQVnwrh751SZN3wrGY">
                    <actual encoding="STRING" input_id_ref="lttng_output_G8FQluoHUob9nPRmRcRd" output_type="STANDARD_OUT">None</actual>
                    <expected encoding="STRING" type="USE_TEXT">stonesoup_trace:weakness_start</expected>
                </compare_check>
            </output_checks>
        </iopair>
    </iopairs>
</project>
