<?xml version="1.0" encoding="utf-8"?>
<project base_program="J-LENY" language="JAVA" name="J-C190A-LENY-10-ST01-DT01-DF07-CF15-01" targeted_architecture="ANY" targeted_os="LINUX" test_case_type="ALL" xmlns="urn:stonesoup:project">
    <description>This test takes in a value from a taint source,
 and creates a string array based on the value.
 Math is performed on the value such that, if the value is
 greater than 500, the resultant value 'wraps around', and becomes
 negative.  This results in an exception being thrown, due to the
 invalid array size.
</description>
    <additional_information>
        <keyvalue key="JAVA_MAIN">org.mortbay.jetty.plus.Server:org.apache.lenya.util.HTML:$SS_TC_ROOT/install/build/lenya/webapp/sitemap.xmap</keyvalue>
        <keyvalue key="JAVA_CLASSPATH">$SS_TC_ROOT/$SS_TC_INSTALL/tools/loader:$SS_TC_DEPS/java/stonesoup/lttng/lttng-stonesoup-0.1.jar</keyvalue>
        <keyvalue key="JAVA_EXTRA_CLASSPATH">$SS_TC_ROOT/$SS_TC_INSTALL/tools/jetty/lib:$SS_TC_ROOT/$SS_TC_INSTALL/tools/jetty/extra/lib:$SS_TC_ROOT/$SS_TC_INSTALL/tools/jetty/extra/ext:$SS_TC_ROOT/$SS_TC_INSTALL/tools/jetty/ext:$SS_TC_ROOT/$SS_TC_INSTALL/tools/jetty/extra/resources:$SS_TC_ROOT/$SS_TC_INSTALL/build/lenya/webapp/WEB-INF/lib/endorsed:$SS_TC_DEPS/java/lenya:$SS_TC_ROOT/$SS_TC_INSTALL/build/lenya/webapp/WEB-INF/lib:$SS_TC_ROOT/$SS_TC_INSTALL/build/lenya/webapp/WEB-INF/lib/endorsed:$SS_TC_ROOT/$SS_TC_INSTALL/tools/configure/lib:$SS_TC_ROOT/$SS_TC_INSTALL/tools/jetty/ext:$SS_TC_ROOT/$SS_TC_INSTALL/tools/jetty/extra/ext:$SS_TC_ROOT/$SS_TC_INSTALL/tools/jetty/extra/lib:$SS_TC_ROOT/$SS_TC_INSTALL/tools/jetty/lib:$SS_TC_ROOT/$SS_TC_INSTALL/tools/lib</keyvalue>
        <keyvalue key="algorithmic_variant_name">UNSPECIFIED</keyvalue>
        <keyvalue key="root_cause">UNSPECIFIED</keyvalue>
    </additional_information>
    <structure install="install" iodata="testData" scoredata="testOutput" scripts="scripts" source="src"/>
    <run_command>env LENYA_HOME=&quot;$SS_TC_ROOT/$SS_TC_INSTALL&quot; LENYA_WEBAPP_HOME=&quot;$SS_TC_ROOT/$SS_TC_INSTALL/build/lenya/webapp&quot; JETTY_PORT=&quot;8888&quot; JETTY_ADMIN_PORT=&quot;8889&quot; java $SS_JAVA_OPTS -Djava.library.path=$SS_TC_DEPS/lib64/ -Xms32M -Xmx512M -Djava.awt.headless=true -cp &quot;$SS_JAVA_CLASSPATH&quot; -Djava.endorsed.dirs=$SS_TC_ROOT/$SS_TC_INSTALL/build/lenya/webapp/WEB-INF/lib/endorsed -Dorg.xml.sax.parser=org.apache.xerces.parsers.SAXParser -Djetty.port=8888 -Dloader.jar.repositories=$SS_TC_ROOT/$SS_TC_INSTALL/tools/jetty/lib:$SS_TC_ROOT/$SS_TC_INSTALL/tools/jetty/extra/lib:$SS_TC_ROOT/$SS_TC_INSTALL/tools/jetty/extra/ext:$SS_TC_ROOT/$SS_TC_INSTALL/tools/jetty/ext:$SS_TC_ROOT/$SS_TC_INSTALL/tools/jetty/extra/resources:$SS_TC_ROOT/$SS_TC_INSTALL/build/lenya/webapp/WEB-INF/lib/endorsed -Dwebapp=$SS_TC_ROOT/$SS_TC_INSTALL/build/lenya/webapp -Dhome=$SS_TC_ROOT/$SS_TC_INSTALL -Dorg.mortbay.util.URI.charset=ISO-8859-1 -Dloader.main.class=org.mortbay.jetty.plus.Server Loader $SS_TC_ROOT/$SS_TC_INSTALL/tools/jetty/conf/main.xml</run_command>
    <weakness generation_method="FAULT_INJECTED">
        <variant cwe="CWE-190" name="CWE-190-A">
            <crossover_point file_name="/tmp/tmpsWG2lV_ss_testcase/src/src/java/org/apache/lenya/cms/cocoon/source/LenyaSourceFactory.java" line_number="0">
                <method name="bivalvedRitualist"/>
            </crossover_point>
            <trigger_point file_name="/tmp/tmpsWG2lV_ss_testcase/src/src/java/org/apache/lenya/cms/cocoon/source/LenyaSourceFactory.java" line_number="0">
                <method name="bivalvedRitualist"/>
            </trigger_point>
        </variant>
        <features>
            <taint_source file_name="/tmp/tmpsWG2lV_ss_testcase/src/src/java/org/apache/lenya/cms/cocoon/source/LenyaSourceFactory.java" line_number="0" type="ENVIRONMENT_VARIABLE">
                <method name="service"/>
            </taint_source>
            <data_type file_name="/tmp/tmpsWG2lV_ss_testcase/src/src/java/org/apache/lenya/cms/cocoon/source/LenyaSourceFactory.java" line_number="0" type="ARRAY">
                <method name="service"/>
            </data_type>
            <data_flow file_name="/tmp/tmpsWG2lV_ss_testcase/src/src/java/org/apache/lenya/cms/cocoon/source/LenyaSourceFactory.java" line_number="0" type="INDEX_ALIAS_1">
                <method name="service"/>
            </data_flow>
            <control_flow file_name="/tmp/tmpsWG2lV_ss_testcase/src/src/java/org/apache/lenya/cms/cocoon/source/LenyaSourceFactory.java" line_number="0" type="INTERPROCEDURAL_50">
                <method name="service"/>
            </control_flow>
        </features>
    </weakness>
    <build_commands>
        <command>env ANT_HOME=$SS_TC_DEPS/ant ant -v $SS_ANT_OPTS -Dstonesoup.database.postgres.required=no -Dstonesoup.hibernate.postgres.required=no -Dstonesoup.hibernate.mysql.required=no -Dstonesoup.database.mysql.required=no -Dstonesoup.socket.required=no -lib $SS_TC_DEPS/java/stonesoup/lttng/lttng-stonesoup-0.1.jar -Dstonesoup.socket.lib.dir=&quot;$SS_TC_DEPS/java/stonesoup/socket&quot; -Dstonesoup.hibernate.mysql.lib.dir=&quot;$SS_TC_DEPS/java/stonesoup/hibernate/mysql&quot; -Dstonesoup.hibernate.postgres.lib.dir=&quot;$SS_TC_DEPS/java/stonesoup/hibernate/postgres&quot; -Dstonesoup.database.mysql.lib.dir=&quot;$SS_TC_DEPS/java/stonesoup/database/mysql&quot; -Dstonesoup.database.postgres.lib.dir=&quot;$SS_TC_DEPS/java/stonesoup/database/postgres&quot; -Dstonesoup.lttng.lib.dir=&quot;$SS_TC_DEPS/java/stonesoup/lttng&quot; -Dstonesoup.lttng.dummy.lib.dir=&quot;$SS_TC_DEPS/java/stonesoup/lttng-dummy&quot; -lib &quot;$SS_TC_DEPS/java/lenya&quot; -Dsrc.java.version=&quot;1.5&quot; -Dlib.dir=&quot;$SS_TC_DEPS/java/lenya&quot; -Ddist.root=&quot;$SS_TC_ROOT/$SS_TC_INSTALL&quot; -Djava.endorsed.dirs=&quot;$SS_TC_ROOT/src/externals/cocoon_2_1_x/lib/endorsed&quot; -Ddist.bin.dir=&quot;$SS_TC_ROOT/$SS_TC_INSTALL&quot; prepare-dist-bin</command>
        <command>mkdir -p $SS_TC_ROOT/$SS_TC_INSTALL/build/lenya/webapp</command>
        <command>cp $SS_TC_ROOT/$SS_TC_INSTALL/lenya.war $SS_TC_ROOT/$SS_TC_INSTALL/build/lenya/webapp/</command>
        <command>(cd $SS_TC_ROOT/$SS_TC_INSTALL/build/lenya/webapp &amp;&amp; jar -xf lenya.war)</command>
        <command>mkdir -p $SS_TC_ROOT/$SS_TC_INSTALL/build/lenya/webapp/WEB-INF/logs</command>
        <command>rm $SS_TC_ROOT/$SS_TC_INSTALL/build/lenya/webapp/lenya.war</command>
    </build_commands>
    <iopairs>
        <iopair name="J-C190A-LENY-10-ST01-DT01-DF07-CF15-01-GOOD-01" reset_scheme="NONE" timeout="300" type="GOOD">
            <description>open firefox and browse to default page
Environment variable defining test value.
</description>
            <technical_impact>NONE</technical_impact>
            <pre_processes scheme="SEQUENCE">
                <process>
                    <script background="false" encoding="STRING" type="USE_TEXT">printf 'env UNABILITY_PREASCITIC;\n' | tee nginx_conf_env.txt</script>
                </process>
                <process delay_after="0" delay_before="0">
                    <script background="false" encoding="STRING" type="USE_TEXT">$SS_TC_ROOT/scripts/restart_dm.sh</script>
                </process>
                <process>
                    <environment_variable encoding="STRING" key="UNABILITY_PREASCITIC" type="USE_TEXT">200</environment_variable>
                </process>
                <process>
                    <script background="false" encoding="STRING" type="USE_TEXT">mkdir $SS_TC_ROOT/logs/execute/lttng</script>
                </process>
                <process>
                    <environment_variable encoding="STRING" key="LTTNG_HOME" type="USE_TEXT">$SS_TC_ROOT/logs/execute/lttng</environment_variable>
                </process>
                <process>
                    <environment_variable encoding="STRING" key="SS_RUN_COMMAND_LD_PRELOAD" type="USE_TEXT">$SS_TC_DEPS/lib64/liblttng-stonesoup-java.so:$SS_TC_DEPS/lib64/liblttng-ust-fork.so</environment_variable>
                </process>
                <process>
                    <script background="false" encoding="STRING" type="USE_TEXT">mkdir -p $SS_TC_DEPS/var/run/lttng</script>
                </process>
                <process>
                    <script background="false" encoding="STRING" type="USE_TEXT">$SS_TC_DEPS/bin/lttng create &amp;&amp; $SS_TC_DEPS/bin/lttng enable-event -u -a &amp;&amp; $SS_TC_DEPS/bin/lttng start</script>
                </process>
                <process>
                    <script background="false" encoding="STRING" type="USE_TEXT">rm -rf $SS_TC_ROOT/lockDir</script>
                </process>
            </pre_processes>
            <run_command encoding="STRING" preprend_runcommand="true" type="USE_TEXT"></run_command>
            <co_processes scheme="PARALLEL">
                <process_group scheme="SEQUENCE">
                    <process delay_after="0" delay_before="0">
                        <script background="false" encoding="STRING" input_id="SIKULI-GOOD-01" type="USE_TEXT">$SS_TC_DEPS/opt/firefox-esr/firefox --private localhost:8888 &amp; $SS_TC_DEPS/bin/run-sikuli.sh -d &quot;$SS_TC_ROOT/testData/good-01/LENY-GOOD-01.sikuli --args $SS_USER_DELAY&quot;
                    </script>
                    </process>
                </process_group>
                <process_group scheme="SEQUENCE"/>
            </co_processes>
            <post_processes scheme="SEQUENCE">
                <process delay_after="0" delay_before="0">
                    <script background="false" encoding="STRING" type="USE_TEXT">killall /opt/stonesoup/dependencies/opt/firefox-esr/firefox</script>
                </process>
                <process>
                    <script background="false" encoding="STRING" input_id="lttng_output_VRisJu2bQW" type="USE_TEXT">$SS_TC_DEPS/bin/lttng stop &amp;&amp; $SS_TC_DEPS/bin/lttng view &amp;&amp; $SS_TC_DEPS/bin/lttng destroy</script>
                </process>
            </post_processes>
            <scoring_formula default="GOOD-01-Default">
                <formula name="GOOD-01-Default">GOOD-01 AND NOT TIMEOUT AND NOT CONTROLLED_EXIT</formula>
            </scoring_formula>
            <output_checks>
                <compare_check check_type="CONTAINS" name="GOOD-01">
                    <actual encoding="STRING" input_id_ref="SIKULI-GOOD-01" output_type="STANDARD_OUT"></actual>
                    <expected encoding="STRING" type="USE_FILE_CONTENTS">good-01/output.txt</expected>
                </compare_check>
                <simple_check check_type="SPECIAL" encoding="STRING" name="TIMEOUT" type="USE_TEXT">DOES_NOT_RETURN</simple_check>
                <simple_check check_type="SPECIAL" encoding="STRING" name="CONTROLLED_EXIT" type="USE_TEXT">CONTROLLED_EXIT</simple_check>
            </output_checks>
        </iopair>
        <iopair name="J-C190A-LENY-10-ST01-DT01-DF07-CF15-01-GOOD-02" reset_scheme="NONE" timeout="300" type="GOOD">
            <description>Create a publication
Environment variable defining test value.
</description>
            <technical_impact>NONE</technical_impact>
            <pre_processes scheme="SEQUENCE">
                <process>
                    <script background="false" encoding="STRING" type="USE_TEXT">printf 'env UNABILITY_PREASCITIC;\n' | tee nginx_conf_env.txt</script>
                </process>
                <process delay_after="0" delay_before="0">
                    <script background="false" encoding="STRING" type="USE_TEXT">$SS_TC_ROOT/scripts/restart_dm.sh</script>
                </process>
                <process>
                    <environment_variable encoding="STRING" key="UNABILITY_PREASCITIC" type="USE_TEXT">400</environment_variable>
                </process>
                <process>
                    <script background="false" encoding="STRING" type="USE_TEXT">mkdir $SS_TC_ROOT/logs/execute/lttng</script>
                </process>
                <process>
                    <environment_variable encoding="STRING" key="LTTNG_HOME" type="USE_TEXT">$SS_TC_ROOT/logs/execute/lttng</environment_variable>
                </process>
                <process>
                    <environment_variable encoding="STRING" key="SS_RUN_COMMAND_LD_PRELOAD" type="USE_TEXT">$SS_TC_DEPS/lib64/liblttng-stonesoup-java.so:$SS_TC_DEPS/lib64/liblttng-ust-fork.so</environment_variable>
                </process>
                <process>
                    <script background="false" encoding="STRING" type="USE_TEXT">mkdir -p $SS_TC_DEPS/var/run/lttng</script>
                </process>
                <process>
                    <script background="false" encoding="STRING" type="USE_TEXT">$SS_TC_DEPS/bin/lttng create &amp;&amp; $SS_TC_DEPS/bin/lttng enable-event -u -a &amp;&amp; $SS_TC_DEPS/bin/lttng start</script>
                </process>
                <process>
                    <script background="false" encoding="STRING" type="USE_TEXT">rm -rf $SS_TC_ROOT/lockDir</script>
                </process>
            </pre_processes>
            <run_command encoding="STRING" preprend_runcommand="true" type="USE_TEXT"></run_command>
            <co_processes scheme="PARALLEL">
                <process_group scheme="SEQUENCE">
                    <process delay_after="0" delay_before="0">
                        <script background="false" encoding="STRING" input_id="SIKULI-GOOD-02" type="USE_TEXT">$SS_TC_DEPS/opt/firefox-esr/firefox --private localhost:8888 &amp; $SS_TC_DEPS/bin/run-sikuli.sh -d &quot;$SS_TC_ROOT/testData/good-02/LENY-GOOD-02.sikuli --args $SS_USER_DELAY&quot;
                    </script>
                    </process>
                </process_group>
                <process_group scheme="SEQUENCE"/>
            </co_processes>
            <post_processes scheme="SEQUENCE">
                <process delay_after="0" delay_before="0">
                    <script background="false" encoding="STRING" type="USE_TEXT">killall /opt/stonesoup/dependencies/opt/firefox-esr/firefox</script>
                </process>
                <process delay_after="0" delay_before="0">
                    <script background="false" encoding="STRING" type="USE_TEXT">rm -rf $SS_TC_ROOT/$SS_TC_INSTALL/build/lenya/webapp/lenya/pubs/good02</script>
                </process>
                <process>
                    <script background="false" encoding="STRING" input_id="lttng_output_tC03qgor0F" type="USE_TEXT">$SS_TC_DEPS/bin/lttng stop &amp;&amp; $SS_TC_DEPS/bin/lttng view &amp;&amp; $SS_TC_DEPS/bin/lttng destroy</script>
                </process>
            </post_processes>
            <scoring_formula default="GOOD-02-Default">
                <formula name="GOOD-02-Default">GOOD-02 AND NOT TIMEOUT AND NOT CONTROLLED_EXIT</formula>
            </scoring_formula>
            <output_checks>
                <compare_check check_type="CONTAINS" name="GOOD-02">
                    <actual encoding="STRING" input_id_ref="SIKULI-GOOD-02" output_type="STANDARD_OUT"></actual>
                    <expected encoding="STRING" type="USE_FILE_CONTENTS">good-02/output.txt</expected>
                </compare_check>
                <simple_check check_type="SPECIAL" encoding="STRING" name="TIMEOUT" type="USE_TEXT">DOES_NOT_RETURN</simple_check>
                <simple_check check_type="SPECIAL" encoding="STRING" name="CONTROLLED_EXIT" type="USE_TEXT">CONTROLLED_EXIT</simple_check>
            </output_checks>
        </iopair>
        <iopair name="J-C190A-LENY-10-ST01-DT01-DF07-CF15-01-GOOD-03" reset_scheme="NONE" timeout="300" type="GOOD">
            <description>Create publication and log in
Environment variable defining test value.
</description>
            <technical_impact>NONE</technical_impact>
            <pre_processes scheme="SEQUENCE">
                <process>
                    <script background="false" encoding="STRING" type="USE_TEXT">printf 'env UNABILITY_PREASCITIC;\n' | tee nginx_conf_env.txt</script>
                </process>
                <process delay_after="0" delay_before="0">
                    <script background="false" encoding="STRING" type="USE_TEXT">$SS_TC_ROOT/scripts/restart_dm.sh</script>
                </process>
                <process>
                    <environment_variable encoding="STRING" key="UNABILITY_PREASCITIC" type="USE_TEXT">200</environment_variable>
                </process>
                <process>
                    <script background="false" encoding="STRING" type="USE_TEXT">mkdir $SS_TC_ROOT/logs/execute/lttng</script>
                </process>
                <process>
                    <environment_variable encoding="STRING" key="LTTNG_HOME" type="USE_TEXT">$SS_TC_ROOT/logs/execute/lttng</environment_variable>
                </process>
                <process>
                    <environment_variable encoding="STRING" key="SS_RUN_COMMAND_LD_PRELOAD" type="USE_TEXT">$SS_TC_DEPS/lib64/liblttng-stonesoup-java.so:$SS_TC_DEPS/lib64/liblttng-ust-fork.so</environment_variable>
                </process>
                <process>
                    <script background="false" encoding="STRING" type="USE_TEXT">mkdir -p $SS_TC_DEPS/var/run/lttng</script>
                </process>
                <process>
                    <script background="false" encoding="STRING" type="USE_TEXT">$SS_TC_DEPS/bin/lttng create &amp;&amp; $SS_TC_DEPS/bin/lttng enable-event -u -a &amp;&amp; $SS_TC_DEPS/bin/lttng start</script>
                </process>
                <process>
                    <script background="false" encoding="STRING" type="USE_TEXT">rm -rf $SS_TC_ROOT/lockDir</script>
                </process>
            </pre_processes>
            <run_command encoding="STRING" preprend_runcommand="true" type="USE_TEXT"></run_command>
            <co_processes scheme="PARALLEL">
                <process_group scheme="SEQUENCE">
                    <process delay_after="0" delay_before="0">
                        <script background="false" encoding="STRING" input_id="SIKULI-GOOD-03" type="USE_TEXT">$SS_TC_DEPS/opt/firefox-esr/firefox --private localhost:8888 &amp; $SS_TC_DEPS/bin/run-sikuli.sh -d &quot;$SS_TC_ROOT/testData/good-03/LENY-GOOD-03.sikuli --args $SS_USER_DELAY&quot;
                    </script>
                    </process>
                </process_group>
                <process_group scheme="SEQUENCE"/>
            </co_processes>
            <post_processes scheme="SEQUENCE">
                <process delay_after="0" delay_before="0">
                    <script background="false" encoding="STRING" type="USE_TEXT">killall /opt/stonesoup/dependencies/opt/firefox-esr/firefox</script>
                </process>
                <process delay_after="0" delay_before="0">
                    <script background="false" encoding="STRING" type="USE_TEXT">rm -rf $SS_TC_ROOT/$SS_TC_INSTALL/build/lenya/webapp/lenya/pubs/good03</script>
                </process>
                <process>
                    <script background="false" encoding="STRING" input_id="lttng_output_HIXqK7GINj" type="USE_TEXT">$SS_TC_DEPS/bin/lttng stop &amp;&amp; $SS_TC_DEPS/bin/lttng view &amp;&amp; $SS_TC_DEPS/bin/lttng destroy</script>
                </process>
            </post_processes>
            <scoring_formula default="GOOD-03-Default">
                <formula name="GOOD-03-Default">GOOD-03 AND NOT TIMEOUT AND NOT CONTROLLED_EXIT</formula>
            </scoring_formula>
            <output_checks>
                <compare_check check_type="CONTAINS" name="GOOD-03">
                    <actual encoding="STRING" input_id_ref="SIKULI-GOOD-03" output_type="STANDARD_OUT"></actual>
                    <expected encoding="STRING" type="USE_FILE_CONTENTS">good-03/output.txt</expected>
                </compare_check>
                <simple_check check_type="SPECIAL" encoding="STRING" name="TIMEOUT" type="USE_TEXT">DOES_NOT_RETURN</simple_check>
                <simple_check check_type="SPECIAL" encoding="STRING" name="CONTROLLED_EXIT" type="USE_TEXT">CONTROLLED_EXIT</simple_check>
            </output_checks>
        </iopair>
        <iopair name="J-C190A-LENY-10-ST01-DT01-DF07-CF15-01-GOOD-04" reset_scheme="NONE" timeout="300" type="GOOD">
            <description>edit with KUPU editor
Environment variable defining test value.
</description>
            <technical_impact>NONE</technical_impact>
            <pre_processes scheme="SEQUENCE">
                <process>
                    <script background="false" encoding="STRING" type="USE_TEXT">printf 'env UNABILITY_PREASCITIC;\n' | tee nginx_conf_env.txt</script>
                </process>
                <process delay_after="0" delay_before="0">
                    <script background="false" encoding="STRING" type="USE_TEXT">$SS_TC_ROOT/scripts/restart_dm.sh</script>
                </process>
                <process>
                    <environment_variable encoding="STRING" key="UNABILITY_PREASCITIC" type="USE_TEXT">400</environment_variable>
                </process>
                <process>
                    <script background="false" encoding="STRING" type="USE_TEXT">mkdir $SS_TC_ROOT/logs/execute/lttng</script>
                </process>
                <process>
                    <environment_variable encoding="STRING" key="LTTNG_HOME" type="USE_TEXT">$SS_TC_ROOT/logs/execute/lttng</environment_variable>
                </process>
                <process>
                    <environment_variable encoding="STRING" key="SS_RUN_COMMAND_LD_PRELOAD" type="USE_TEXT">$SS_TC_DEPS/lib64/liblttng-stonesoup-java.so:$SS_TC_DEPS/lib64/liblttng-ust-fork.so</environment_variable>
                </process>
                <process>
                    <script background="false" encoding="STRING" type="USE_TEXT">mkdir -p $SS_TC_DEPS/var/run/lttng</script>
                </process>
                <process>
                    <script background="false" encoding="STRING" type="USE_TEXT">$SS_TC_DEPS/bin/lttng create &amp;&amp; $SS_TC_DEPS/bin/lttng enable-event -u -a &amp;&amp; $SS_TC_DEPS/bin/lttng start</script>
                </process>
                <process>
                    <script background="false" encoding="STRING" type="USE_TEXT">rm -rf $SS_TC_ROOT/lockDir</script>
                </process>
            </pre_processes>
            <run_command encoding="STRING" preprend_runcommand="true" type="USE_TEXT"></run_command>
            <co_processes scheme="PARALLEL">
                <process_group scheme="SEQUENCE">
                    <process delay_after="0" delay_before="0">
                        <script background="false" encoding="STRING" input_id="SIKULI-GOOD-04" type="USE_TEXT">$SS_TC_DEPS/opt/firefox-esr/firefox --private localhost:8888 &amp; $SS_TC_DEPS/bin/run-sikuli.sh -d &quot;$SS_TC_ROOT/testData/good-04/LENY-GOOD-04.sikuli --args $SS_USER_DELAY&quot;
                    </script>
                    </process>
                </process_group>
                <process_group scheme="SEQUENCE"/>
            </co_processes>
            <post_processes scheme="SEQUENCE">
                <process delay_after="0" delay_before="0">
                    <script background="false" encoding="STRING" type="USE_TEXT">killall /opt/stonesoup/dependencies/opt/firefox-esr/firefox</script>
                </process>
                <process delay_after="0" delay_before="0">
                    <script background="false" encoding="STRING" type="USE_TEXT">rm -rf $SS_TC_ROOT/$SS_TC_INSTALL/build/lenya/webapp/lenya/pubs/good03</script>
                </process>
                <process>
                    <script background="false" encoding="STRING" input_id="lttng_output_071sl0ZsUn" type="USE_TEXT">$SS_TC_DEPS/bin/lttng stop &amp;&amp; $SS_TC_DEPS/bin/lttng view &amp;&amp; $SS_TC_DEPS/bin/lttng destroy</script>
                </process>
            </post_processes>
            <scoring_formula default="GOOD-04-Default">
                <formula name="GOOD-04-Default">GOOD-04 AND NOT TIMEOUT AND NOT CONTROLLED_EXIT</formula>
            </scoring_formula>
            <output_checks>
                <compare_check check_type="CONTAINS" name="GOOD-04">
                    <actual encoding="STRING" input_id_ref="SIKULI-GOOD-04" output_type="STANDARD_OUT"></actual>
                    <expected encoding="STRING" type="USE_FILE_CONTENTS">good-04/output.txt</expected>
                </compare_check>
                <simple_check check_type="SPECIAL" encoding="STRING" name="TIMEOUT" type="USE_TEXT">DOES_NOT_RETURN</simple_check>
                <simple_check check_type="SPECIAL" encoding="STRING" name="CONTROLLED_EXIT" type="USE_TEXT">CONTROLLED_EXIT</simple_check>
            </output_checks>
        </iopair>
        <iopair name="J-C190A-LENY-10-ST01-DT01-DF07-CF15-01-GOOD-05" reset_scheme="NONE" timeout="300" type="GOOD">
            <description>edit with BXE editor
Environment variable defining test value.
</description>
            <technical_impact>NONE</technical_impact>
            <pre_processes scheme="SEQUENCE">
                <process>
                    <script background="false" encoding="STRING" type="USE_TEXT">printf 'env UNABILITY_PREASCITIC;\n' | tee nginx_conf_env.txt</script>
                </process>
                <process delay_after="0" delay_before="0">
                    <script background="false" encoding="STRING" type="USE_TEXT">$SS_TC_ROOT/scripts/restart_dm.sh</script>
                </process>
                <process>
                    <environment_variable encoding="STRING" key="UNABILITY_PREASCITIC" type="USE_TEXT">200</environment_variable>
                </process>
                <process>
                    <script background="false" encoding="STRING" type="USE_TEXT">mkdir $SS_TC_ROOT/logs/execute/lttng</script>
                </process>
                <process>
                    <environment_variable encoding="STRING" key="LTTNG_HOME" type="USE_TEXT">$SS_TC_ROOT/logs/execute/lttng</environment_variable>
                </process>
                <process>
                    <environment_variable encoding="STRING" key="SS_RUN_COMMAND_LD_PRELOAD" type="USE_TEXT">$SS_TC_DEPS/lib64/liblttng-stonesoup-java.so:$SS_TC_DEPS/lib64/liblttng-ust-fork.so</environment_variable>
                </process>
                <process>
                    <script background="false" encoding="STRING" type="USE_TEXT">mkdir -p $SS_TC_DEPS/var/run/lttng</script>
                </process>
                <process>
                    <script background="false" encoding="STRING" type="USE_TEXT">$SS_TC_DEPS/bin/lttng create &amp;&amp; $SS_TC_DEPS/bin/lttng enable-event -u -a &amp;&amp; $SS_TC_DEPS/bin/lttng start</script>
                </process>
                <process>
                    <script background="false" encoding="STRING" type="USE_TEXT">rm -rf $SS_TC_ROOT/lockDir</script>
                </process>
            </pre_processes>
            <run_command encoding="STRING" preprend_runcommand="true" type="USE_TEXT"></run_command>
            <co_processes scheme="PARALLEL">
                <process_group scheme="SEQUENCE">
                    <process delay_after="0" delay_before="0">
                        <script background="false" encoding="STRING" input_id="SIKULI-GOOD-05" type="USE_TEXT">$SS_TC_DEPS/opt/firefox-esr/firefox --private localhost:8888 &amp; $SS_TC_DEPS/bin/run-sikuli.sh -d &quot;$SS_TC_ROOT/testData/good-05/LENY-GOOD-05.sikuli --args $SS_USER_DELAY&quot;
                    </script>
                    </process>
                </process_group>
                <process_group scheme="SEQUENCE"/>
            </co_processes>
            <post_processes scheme="SEQUENCE">
                <process delay_after="0" delay_before="0">
                    <script background="false" encoding="STRING" type="USE_TEXT">killall /opt/stonesoup/dependencies/opt/firefox-esr/firefox</script>
                </process>
                <process delay_after="0" delay_before="0">
                    <script background="false" encoding="STRING" type="USE_TEXT">rm -rf $SS_TC_ROOT/$SS_TC_INSTALL/build/lenya/webapp/lenya/pubs/good03</script>
                </process>
                <process>
                    <script background="false" encoding="STRING" input_id="lttng_output_19r6OFaZEb" type="USE_TEXT">$SS_TC_DEPS/bin/lttng stop &amp;&amp; $SS_TC_DEPS/bin/lttng view &amp;&amp; $SS_TC_DEPS/bin/lttng destroy</script>
                </process>
            </post_processes>
            <scoring_formula default="GOOD-05-Default">
                <formula name="GOOD-05-Default">GOOD-05 AND NOT TIMEOUT AND NOT CONTROLLED_EXIT</formula>
            </scoring_formula>
            <output_checks>
                <compare_check check_type="CONTAINS" name="GOOD-05">
                    <actual encoding="STRING" input_id_ref="SIKULI-GOOD-05" output_type="STANDARD_OUT"></actual>
                    <expected encoding="STRING" type="USE_FILE_CONTENTS">good-05/output.txt</expected>
                </compare_check>
                <simple_check check_type="SPECIAL" encoding="STRING" name="TIMEOUT" type="USE_TEXT">DOES_NOT_RETURN</simple_check>
                <simple_check check_type="SPECIAL" encoding="STRING" name="CONTROLLED_EXIT" type="USE_TEXT">CONTROLLED_EXIT</simple_check>
            </output_checks>
        </iopair>
        <iopair name="J-C190A-LENY-10-ST01-DT01-DF07-CF15-01-GOOD-06" reset_scheme="NONE" timeout="300" type="GOOD">
            <description>edit using &quot;with forms&quot; editor
Environment variable defining test value.
</description>
            <technical_impact>NONE</technical_impact>
            <pre_processes scheme="SEQUENCE">
                <process>
                    <script background="false" encoding="STRING" type="USE_TEXT">printf 'env UNABILITY_PREASCITIC;\n' | tee nginx_conf_env.txt</script>
                </process>
                <process delay_after="0" delay_before="0">
                    <script background="false" encoding="STRING" type="USE_TEXT">$SS_TC_ROOT/scripts/restart_dm.sh</script>
                </process>
                <process>
                    <environment_variable encoding="STRING" key="UNABILITY_PREASCITIC" type="USE_TEXT">400</environment_variable>
                </process>
                <process>
                    <script background="false" encoding="STRING" type="USE_TEXT">mkdir $SS_TC_ROOT/logs/execute/lttng</script>
                </process>
                <process>
                    <environment_variable encoding="STRING" key="LTTNG_HOME" type="USE_TEXT">$SS_TC_ROOT/logs/execute/lttng</environment_variable>
                </process>
                <process>
                    <environment_variable encoding="STRING" key="SS_RUN_COMMAND_LD_PRELOAD" type="USE_TEXT">$SS_TC_DEPS/lib64/liblttng-stonesoup-java.so:$SS_TC_DEPS/lib64/liblttng-ust-fork.so</environment_variable>
                </process>
                <process>
                    <script background="false" encoding="STRING" type="USE_TEXT">mkdir -p $SS_TC_DEPS/var/run/lttng</script>
                </process>
                <process>
                    <script background="false" encoding="STRING" type="USE_TEXT">$SS_TC_DEPS/bin/lttng create &amp;&amp; $SS_TC_DEPS/bin/lttng enable-event -u -a &amp;&amp; $SS_TC_DEPS/bin/lttng start</script>
                </process>
                <process>
                    <script background="false" encoding="STRING" type="USE_TEXT">rm -rf $SS_TC_ROOT/lockDir</script>
                </process>
            </pre_processes>
            <run_command encoding="STRING" preprend_runcommand="true" type="USE_TEXT"></run_command>
            <co_processes scheme="PARALLEL">
                <process_group scheme="SEQUENCE">
                    <process delay_after="0" delay_before="0">
                        <script background="false" encoding="STRING" input_id="SIKULI-GOOD-06" type="USE_TEXT">$SS_TC_DEPS/opt/firefox-esr/firefox --private localhost:8888 &amp; $SS_TC_DEPS/bin/run-sikuli.sh -d &quot;$SS_TC_ROOT/testData/good-06/LENY-GOOD-06.sikuli --args $SS_USER_DELAY&quot;
                    </script>
                    </process>
                </process_group>
                <process_group scheme="SEQUENCE"/>
            </co_processes>
            <post_processes scheme="SEQUENCE">
                <process delay_after="0" delay_before="0">
                    <script background="false" encoding="STRING" type="USE_TEXT">killall /opt/stonesoup/dependencies/opt/firefox-esr/firefox</script>
                </process>
                <process delay_after="0" delay_before="0">
                    <script background="false" encoding="STRING" type="USE_TEXT">rm -rf $SS_TC_ROOT/$SS_TC_INSTALL/build/lenya/webapp/lenya/pubs/good03</script>
                </process>
                <process>
                    <script background="false" encoding="STRING" input_id="lttng_output_FdrLPFRz8n" type="USE_TEXT">$SS_TC_DEPS/bin/lttng stop &amp;&amp; $SS_TC_DEPS/bin/lttng view &amp;&amp; $SS_TC_DEPS/bin/lttng destroy</script>
                </process>
            </post_processes>
            <scoring_formula default="GOOD-06-Default">
                <formula name="GOOD-06-Default">GOOD-06 AND NOT TIMEOUT AND NOT CONTROLLED_EXIT</formula>
            </scoring_formula>
            <output_checks>
                <compare_check check_type="CONTAINS" name="GOOD-06">
                    <actual encoding="STRING" input_id_ref="SIKULI-GOOD-06" output_type="STANDARD_OUT"></actual>
                    <expected encoding="STRING" type="USE_FILE_CONTENTS">good-06/output.txt</expected>
                </compare_check>
                <simple_check check_type="SPECIAL" encoding="STRING" name="TIMEOUT" type="USE_TEXT">DOES_NOT_RETURN</simple_check>
                <simple_check check_type="SPECIAL" encoding="STRING" name="CONTROLLED_EXIT" type="USE_TEXT">CONTROLLED_EXIT</simple_check>
            </output_checks>
        </iopair>
        <iopair name="J-C190A-LENY-10-ST01-DT01-DF07-CF15-01-GOOD-07" reset_scheme="NONE" timeout="300" type="GOOD">
            <description>test publishing to live site
Environment variable defining test value.
</description>
            <technical_impact>NONE</technical_impact>
            <pre_processes scheme="SEQUENCE">
                <process>
                    <script background="false" encoding="STRING" type="USE_TEXT">printf 'env UNABILITY_PREASCITIC;\n' | tee nginx_conf_env.txt</script>
                </process>
                <process delay_after="0" delay_before="0">
                    <script background="false" encoding="STRING" type="USE_TEXT">$SS_TC_ROOT/scripts/restart_dm.sh</script>
                </process>
                <process>
                    <environment_variable encoding="STRING" key="UNABILITY_PREASCITIC" type="USE_TEXT">200</environment_variable>
                </process>
                <process>
                    <script background="false" encoding="STRING" type="USE_TEXT">mkdir $SS_TC_ROOT/logs/execute/lttng</script>
                </process>
                <process>
                    <environment_variable encoding="STRING" key="LTTNG_HOME" type="USE_TEXT">$SS_TC_ROOT/logs/execute/lttng</environment_variable>
                </process>
                <process>
                    <environment_variable encoding="STRING" key="SS_RUN_COMMAND_LD_PRELOAD" type="USE_TEXT">$SS_TC_DEPS/lib64/liblttng-stonesoup-java.so:$SS_TC_DEPS/lib64/liblttng-ust-fork.so</environment_variable>
                </process>
                <process>
                    <script background="false" encoding="STRING" type="USE_TEXT">mkdir -p $SS_TC_DEPS/var/run/lttng</script>
                </process>
                <process>
                    <script background="false" encoding="STRING" type="USE_TEXT">$SS_TC_DEPS/bin/lttng create &amp;&amp; $SS_TC_DEPS/bin/lttng enable-event -u -a &amp;&amp; $SS_TC_DEPS/bin/lttng start</script>
                </process>
                <process>
                    <script background="false" encoding="STRING" type="USE_TEXT">rm -rf $SS_TC_ROOT/lockDir</script>
                </process>
            </pre_processes>
            <run_command encoding="STRING" preprend_runcommand="true" type="USE_TEXT"></run_command>
            <co_processes scheme="PARALLEL">
                <process_group scheme="SEQUENCE">
                    <process delay_after="0" delay_before="0">
                        <script background="false" encoding="STRING" input_id="SIKULI-GOOD-07" type="USE_TEXT">$SS_TC_DEPS/opt/firefox-esr/firefox --private localhost:8888 &amp; $SS_TC_DEPS/bin/run-sikuli.sh -d &quot;$SS_TC_ROOT/testData/good-07/LENY-GOOD-07.sikuli --args $SS_USER_DELAY&quot;
                    </script>
                    </process>
                </process_group>
                <process_group scheme="SEQUENCE"/>
            </co_processes>
            <post_processes scheme="SEQUENCE">
                <process delay_after="0" delay_before="0">
                    <script background="false" encoding="STRING" type="USE_TEXT">killall /opt/stonesoup/dependencies/opt/firefox-esr/firefox</script>
                </process>
                <process delay_after="0" delay_before="0">
                    <script background="false" encoding="STRING" type="USE_TEXT">rm -rf $SS_TC_ROOT/$SS_TC_INSTALL/build/lenya/webapp/lenya/pubs/good03</script>
                </process>
                <process>
                    <script background="false" encoding="STRING" input_id="lttng_output_nqWvU2wRTr" type="USE_TEXT">$SS_TC_DEPS/bin/lttng stop &amp;&amp; $SS_TC_DEPS/bin/lttng view &amp;&amp; $SS_TC_DEPS/bin/lttng destroy</script>
                </process>
            </post_processes>
            <scoring_formula default="GOOD-07-Default">
                <formula name="GOOD-07-Default">GOOD-07 AND NOT TIMEOUT AND NOT CONTROLLED_EXIT</formula>
            </scoring_formula>
            <output_checks>
                <compare_check check_type="CONTAINS" name="GOOD-07">
                    <actual encoding="STRING" input_id_ref="SIKULI-GOOD-07" output_type="STANDARD_OUT"></actual>
                    <expected encoding="STRING" type="USE_FILE_CONTENTS">good-07/output.txt</expected>
                </compare_check>
                <simple_check check_type="SPECIAL" encoding="STRING" name="TIMEOUT" type="USE_TEXT">DOES_NOT_RETURN</simple_check>
                <simple_check check_type="SPECIAL" encoding="STRING" name="CONTROLLED_EXIT" type="USE_TEXT">CONTROLLED_EXIT</simple_check>
            </output_checks>
        </iopair>
        <iopair name="J-C190A-LENY-10-ST01-DT01-DF07-CF15-01-GOOD-08" reset_scheme="NONE" timeout="300" type="GOOD">
            <description>test private message system
Environment variable defining test value.
</description>
            <technical_impact>NONE</technical_impact>
            <pre_processes scheme="SEQUENCE">
                <process>
                    <script background="false" encoding="STRING" type="USE_TEXT">printf 'env UNABILITY_PREASCITIC;\n' | tee nginx_conf_env.txt</script>
                </process>
                <process delay_after="0" delay_before="0">
                    <script background="false" encoding="STRING" type="USE_TEXT">$SS_TC_ROOT/scripts/restart_dm.sh</script>
                </process>
                <process>
                    <environment_variable encoding="STRING" key="UNABILITY_PREASCITIC" type="USE_TEXT">400</environment_variable>
                </process>
                <process>
                    <script background="false" encoding="STRING" type="USE_TEXT">mkdir $SS_TC_ROOT/logs/execute/lttng</script>
                </process>
                <process>
                    <environment_variable encoding="STRING" key="LTTNG_HOME" type="USE_TEXT">$SS_TC_ROOT/logs/execute/lttng</environment_variable>
                </process>
                <process>
                    <environment_variable encoding="STRING" key="SS_RUN_COMMAND_LD_PRELOAD" type="USE_TEXT">$SS_TC_DEPS/lib64/liblttng-stonesoup-java.so:$SS_TC_DEPS/lib64/liblttng-ust-fork.so</environment_variable>
                </process>
                <process>
                    <script background="false" encoding="STRING" type="USE_TEXT">mkdir -p $SS_TC_DEPS/var/run/lttng</script>
                </process>
                <process>
                    <script background="false" encoding="STRING" type="USE_TEXT">$SS_TC_DEPS/bin/lttng create &amp;&amp; $SS_TC_DEPS/bin/lttng enable-event -u -a &amp;&amp; $SS_TC_DEPS/bin/lttng start</script>
                </process>
                <process>
                    <script background="false" encoding="STRING" type="USE_TEXT">rm -rf $SS_TC_ROOT/lockDir</script>
                </process>
            </pre_processes>
            <run_command encoding="STRING" preprend_runcommand="true" type="USE_TEXT"></run_command>
            <co_processes scheme="PARALLEL">
                <process_group scheme="SEQUENCE">
                    <process delay_after="0" delay_before="0">
                        <script background="false" encoding="STRING" input_id="SIKULI-GOOD-08" type="USE_TEXT">$SS_TC_DEPS/opt/firefox-esr/firefox --private localhost:8888 &amp; $SS_TC_DEPS/bin/run-sikuli.sh -d &quot;$SS_TC_ROOT/testData/good-08/LENY-GOOD-08.sikuli --args $SS_USER_DELAY&quot;
                    </script>
                    </process>
                </process_group>
                <process_group scheme="SEQUENCE"/>
            </co_processes>
            <post_processes scheme="SEQUENCE">
                <process delay_after="0" delay_before="0">
                    <script background="false" encoding="STRING" type="USE_TEXT">killall /opt/stonesoup/dependencies/opt/firefox-esr/firefox</script>
                </process>
                <process delay_after="0" delay_before="0">
                    <script background="false" encoding="STRING" type="USE_TEXT">rm -rf $SS_TC_ROOT/$SS_TC_INSTALL/build/lenya/webapp/lenya/pubs/good03</script>
                </process>
                <process>
                    <script background="false" encoding="STRING" input_id="lttng_output_9t0yrOEANj" type="USE_TEXT">$SS_TC_DEPS/bin/lttng stop &amp;&amp; $SS_TC_DEPS/bin/lttng view &amp;&amp; $SS_TC_DEPS/bin/lttng destroy</script>
                </process>
            </post_processes>
            <scoring_formula default="GOOD-08-Default">
                <formula name="GOOD-08-Default">GOOD-08 AND NOT TIMEOUT AND NOT CONTROLLED_EXIT</formula>
            </scoring_formula>
            <output_checks>
                <compare_check check_type="CONTAINS" name="GOOD-08">
                    <actual encoding="STRING" input_id_ref="SIKULI-GOOD-08" output_type="STANDARD_OUT"></actual>
                    <expected encoding="STRING" type="USE_FILE_CONTENTS">good-08/output.txt</expected>
                </compare_check>
                <simple_check check_type="SPECIAL" encoding="STRING" name="TIMEOUT" type="USE_TEXT">DOES_NOT_RETURN</simple_check>
                <simple_check check_type="SPECIAL" encoding="STRING" name="CONTROLLED_EXIT" type="USE_TEXT">CONTROLLED_EXIT</simple_check>
            </output_checks>
        </iopair>
        <iopair name="J-C190A-LENY-10-ST01-DT01-DF07-CF15-01-GOOD-09" reset_scheme="NONE" timeout="300" type="GOOD">
            <description>create new xhtml page
Environment variable defining test value.
</description>
            <technical_impact>NONE</technical_impact>
            <pre_processes scheme="SEQUENCE">
                <process>
                    <script background="false" encoding="STRING" type="USE_TEXT">printf 'env UNABILITY_PREASCITIC;\n' | tee nginx_conf_env.txt</script>
                </process>
                <process delay_after="0" delay_before="0">
                    <script background="false" encoding="STRING" type="USE_TEXT">$SS_TC_ROOT/scripts/restart_dm.sh</script>
                </process>
                <process>
                    <environment_variable encoding="STRING" key="UNABILITY_PREASCITIC" type="USE_TEXT">200</environment_variable>
                </process>
                <process>
                    <script background="false" encoding="STRING" type="USE_TEXT">mkdir $SS_TC_ROOT/logs/execute/lttng</script>
                </process>
                <process>
                    <environment_variable encoding="STRING" key="LTTNG_HOME" type="USE_TEXT">$SS_TC_ROOT/logs/execute/lttng</environment_variable>
                </process>
                <process>
                    <environment_variable encoding="STRING" key="SS_RUN_COMMAND_LD_PRELOAD" type="USE_TEXT">$SS_TC_DEPS/lib64/liblttng-stonesoup-java.so:$SS_TC_DEPS/lib64/liblttng-ust-fork.so</environment_variable>
                </process>
                <process>
                    <script background="false" encoding="STRING" type="USE_TEXT">mkdir -p $SS_TC_DEPS/var/run/lttng</script>
                </process>
                <process>
                    <script background="false" encoding="STRING" type="USE_TEXT">$SS_TC_DEPS/bin/lttng create &amp;&amp; $SS_TC_DEPS/bin/lttng enable-event -u -a &amp;&amp; $SS_TC_DEPS/bin/lttng start</script>
                </process>
                <process>
                    <script background="false" encoding="STRING" type="USE_TEXT">rm -rf $SS_TC_ROOT/lockDir</script>
                </process>
            </pre_processes>
            <run_command encoding="STRING" preprend_runcommand="true" type="USE_TEXT"></run_command>
            <co_processes scheme="PARALLEL">
                <process_group scheme="SEQUENCE">
                    <process delay_after="0" delay_before="0">
                        <script background="false" encoding="STRING" input_id="SIKULI-GOOD-09" type="USE_TEXT">$SS_TC_DEPS/opt/firefox-esr/firefox --private localhost:8888 &amp; $SS_TC_DEPS/bin/run-sikuli.sh -d &quot;$SS_TC_ROOT/testData/good-09/LENY-GOOD-09.sikuli --args $SS_USER_DELAY&quot;
                    </script>
                    </process>
                </process_group>
                <process_group scheme="SEQUENCE"/>
            </co_processes>
            <post_processes scheme="SEQUENCE">
                <process delay_after="0" delay_before="0">
                    <script background="false" encoding="STRING" type="USE_TEXT">killall /opt/stonesoup/dependencies/opt/firefox-esr/firefox</script>
                </process>
                <process delay_after="0" delay_before="0">
                    <script background="false" encoding="STRING" type="USE_TEXT">rm -rf $SS_TC_ROOT/$SS_TC_INSTALL/build/lenya/webapp/lenya/pubs/good03</script>
                </process>
                <process>
                    <script background="false" encoding="STRING" input_id="lttng_output_mYM9EvXZib" type="USE_TEXT">$SS_TC_DEPS/bin/lttng stop &amp;&amp; $SS_TC_DEPS/bin/lttng view &amp;&amp; $SS_TC_DEPS/bin/lttng destroy</script>
                </process>
            </post_processes>
            <scoring_formula default="GOOD-09-Default">
                <formula name="GOOD-09-Default">GOOD-09 AND NOT TIMEOUT AND NOT CONTROLLED_EXIT</formula>
            </scoring_formula>
            <output_checks>
                <compare_check check_type="CONTAINS" name="GOOD-09">
                    <actual encoding="STRING" input_id_ref="SIKULI-GOOD-09" output_type="STANDARD_OUT"></actual>
                    <expected encoding="STRING" type="USE_FILE_CONTENTS">good-09/output.txt</expected>
                </compare_check>
                <simple_check check_type="SPECIAL" encoding="STRING" name="TIMEOUT" type="USE_TEXT">DOES_NOT_RETURN</simple_check>
                <simple_check check_type="SPECIAL" encoding="STRING" name="CONTROLLED_EXIT" type="USE_TEXT">CONTROLLED_EXIT</simple_check>
            </output_checks>
        </iopair>
        <iopair name="J-C190A-LENY-10-ST01-DT01-DF07-CF15-01-GOOD-10" reset_scheme="NONE" timeout="300" type="GOOD">
            <description>test RSS feed generation
Environment variable defining test value.
</description>
            <technical_impact>NONE</technical_impact>
            <pre_processes scheme="SEQUENCE">
                <process>
                    <script background="false" encoding="STRING" type="USE_TEXT">printf 'env UNABILITY_PREASCITIC;\n' | tee nginx_conf_env.txt</script>
                </process>
                <process delay_after="0" delay_before="0">
                    <script background="false" encoding="STRING" type="USE_TEXT">$SS_TC_ROOT/scripts/restart_dm.sh</script>
                </process>
                <process>
                    <environment_variable encoding="STRING" key="UNABILITY_PREASCITIC" type="USE_TEXT">400</environment_variable>
                </process>
                <process>
                    <script background="false" encoding="STRING" type="USE_TEXT">mkdir $SS_TC_ROOT/logs/execute/lttng</script>
                </process>
                <process>
                    <environment_variable encoding="STRING" key="LTTNG_HOME" type="USE_TEXT">$SS_TC_ROOT/logs/execute/lttng</environment_variable>
                </process>
                <process>
                    <environment_variable encoding="STRING" key="SS_RUN_COMMAND_LD_PRELOAD" type="USE_TEXT">$SS_TC_DEPS/lib64/liblttng-stonesoup-java.so:$SS_TC_DEPS/lib64/liblttng-ust-fork.so</environment_variable>
                </process>
                <process>
                    <script background="false" encoding="STRING" type="USE_TEXT">mkdir -p $SS_TC_DEPS/var/run/lttng</script>
                </process>
                <process>
                    <script background="false" encoding="STRING" type="USE_TEXT">$SS_TC_DEPS/bin/lttng create &amp;&amp; $SS_TC_DEPS/bin/lttng enable-event -u -a &amp;&amp; $SS_TC_DEPS/bin/lttng start</script>
                </process>
                <process>
                    <script background="false" encoding="STRING" type="USE_TEXT">rm -rf $SS_TC_ROOT/lockDir</script>
                </process>
            </pre_processes>
            <run_command encoding="STRING" preprend_runcommand="true" type="USE_TEXT"></run_command>
            <co_processes scheme="PARALLEL">
                <process_group scheme="SEQUENCE">
                    <process delay_after="0" delay_before="0">
                        <script background="false" encoding="STRING" input_id="SIKULI-GOOD-10" type="USE_TEXT">$SS_TC_DEPS/opt/firefox-esr/firefox --private localhost:8888 &amp; $SS_TC_DEPS/bin/run-sikuli.sh -d &quot;$SS_TC_ROOT/testData/good-10/LENY-GOOD-10.sikuli --args $SS_USER_DELAY&quot;
                    </script>
                    </process>
                </process_group>
                <process_group scheme="SEQUENCE"/>
            </co_processes>
            <post_processes scheme="SEQUENCE">
                <process delay_after="0" delay_before="0">
                    <script background="false" encoding="STRING" type="USE_TEXT">killall /opt/stonesoup/dependencies/opt/firefox-esr/firefox</script>
                </process>
                <process delay_after="0" delay_before="0">
                    <script background="false" encoding="STRING" type="USE_TEXT">rm -rf $SS_TC_ROOT/$SS_TC_INSTALL/build/lenya/webapp/lenya/pubs/good03</script>
                </process>
                <process>
                    <script background="false" encoding="STRING" input_id="lttng_output_VCdk5Lyn1v" type="USE_TEXT">$SS_TC_DEPS/bin/lttng stop &amp;&amp; $SS_TC_DEPS/bin/lttng view &amp;&amp; $SS_TC_DEPS/bin/lttng destroy</script>
                </process>
            </post_processes>
            <scoring_formula default="GOOD-10-Default">
                <formula name="GOOD-10-Default">GOOD-10 AND NOT TIMEOUT AND NOT CONTROLLED_EXIT</formula>
            </scoring_formula>
            <output_checks>
                <compare_check check_type="CONTAINS" name="GOOD-10">
                    <actual encoding="STRING" input_id_ref="SIKULI-GOOD-10" output_type="STANDARD_OUT"></actual>
                    <expected encoding="STRING" type="USE_FILE_CONTENTS">good-10/output.txt</expected>
                </compare_check>
                <simple_check check_type="SPECIAL" encoding="STRING" name="TIMEOUT" type="USE_TEXT">DOES_NOT_RETURN</simple_check>
                <simple_check check_type="SPECIAL" encoding="STRING" name="CONTROLLED_EXIT" type="USE_TEXT">CONTROLLED_EXIT</simple_check>
            </output_checks>
        </iopair>
        <iopair name="J-C190A-LENY-10-ST01-DT01-DF07-CF15-01-BAD-01" reset_scheme="NONE" timeout="300" type="BAD">
            <description>Environment variable defining test value.
</description>
            <technical_impact>DOS_UNCONTROLLED_EXIT</technical_impact>
            <pre_processes scheme="SEQUENCE">
                <process>
                    <script background="false" encoding="STRING" type="USE_TEXT">printf 'env UNABILITY_PREASCITIC;\n' | tee nginx_conf_env.txt</script>
                </process>
                <process delay_after="0" delay_before="0">
                    <script background="false" encoding="STRING" type="USE_TEXT">$SS_TC_ROOT/scripts/restart_dm.sh</script>
                </process>
                <process>
                    <environment_variable encoding="STRING" key="UNABILITY_PREASCITIC" type="USE_TEXT">500</environment_variable>
                </process>
                <process>
                    <script background="false" encoding="STRING" type="USE_TEXT">mkdir $SS_TC_ROOT/logs/execute/lttng</script>
                </process>
                <process>
                    <environment_variable encoding="STRING" key="LTTNG_HOME" type="USE_TEXT">$SS_TC_ROOT/logs/execute/lttng</environment_variable>
                </process>
                <process>
                    <environment_variable encoding="STRING" key="SS_RUN_COMMAND_LD_PRELOAD" type="USE_TEXT">$SS_TC_DEPS/lib64/liblttng-stonesoup-java.so:$SS_TC_DEPS/lib64/liblttng-ust-fork.so</environment_variable>
                </process>
                <process>
                    <script background="false" encoding="STRING" type="USE_TEXT">mkdir -p $SS_TC_DEPS/var/run/lttng</script>
                </process>
                <process>
                    <script background="false" encoding="STRING" type="USE_TEXT">$SS_TC_DEPS/bin/lttng create &amp;&amp; $SS_TC_DEPS/bin/lttng enable-event -u -a &amp;&amp; $SS_TC_DEPS/bin/lttng start</script>
                </process>
                <process>
                    <script background="false" encoding="STRING" type="USE_TEXT">rm -rf $SS_TC_ROOT/lockDir</script>
                </process>
                <process delay_after="2">
                    <script background="false" encoding="STRING" input_id="lenya_early_kill_daemon_a3JLCS1jNh" type="USE_TEXT">nohup lenya__early_kill_1kS7hSrTRU.sh &gt; $SS_TC_ROOT/logs/execute/lenya__early_kill_1kS7hSrTRU.sh.out 2&gt;&amp;1 &amp; echo $! &gt; $SS_TC_ROOT/logs/execute/lenya__early_kill_1kS7hSrTRU.sh.pid &amp;&amp; echo &quot;Script spawned&quot;</script>
                </process>
            </pre_processes>
            <run_command encoding="STRING" preprend_runcommand="true" type="USE_TEXT"></run_command>
            <co_processes scheme="SEQUENCE">
                <process delay_after="0" delay_before="0">
                    <script background="false" encoding="STRING" input_id="SIKULI-GOOD-10sFUmnAeflP" type="USE_TEXT">$SS_TC_DEPS/opt/firefox-esr/firefox --private localhost:8888 &amp; $SS_TC_DEPS/bin/run-sikuli.sh -d &quot;$SS_TC_ROOT/testData/good-10/LENY-GOOD-10.sikuli --args $SS_USER_DELAY&quot;
                    </script>
                </process>
            </co_processes>
            <post_processes scheme="SEQUENCE">
                <process delay_after="0" delay_before="0">
                    <script background="false" encoding="STRING" type="USE_TEXT">killall /opt/stonesoup/dependencies/opt/firefox-esr/firefox</script>
                </process>
                <process delay_after="0" delay_before="0">
                    <script background="false" encoding="STRING" type="USE_TEXT">rm -rf $SS_TC_ROOT/$SS_TC_INSTALL/build/lenya/webapp/lenya/pubs/good03</script>
                </process>
                <process>
                    <script background="false" encoding="STRING" input_id="lttng_output_lu0iWWJjJWCx0lVo3XXx" type="USE_TEXT">$SS_TC_DEPS/bin/lttng stop &amp;&amp; $SS_TC_DEPS/bin/lttng view &amp;&amp; $SS_TC_DEPS/bin/lttng destroy</script>
                </process>
                <process delay_after="2">
                    <script background="false" encoding="STRING" type="USE_TEXT">if [[ -f &quot;$SS_TC_ROOT/logs/execute/lenya__early_kill_1kS7hSrTRU.sh.pid&quot; ]]; then killtree.sh -s 9 -p $(cat &quot;$SS_TC_ROOT/logs/execute/lenya__early_kill_1kS7hSrTRU.sh.pid&quot;) &amp;&amp; echo &quot;Killed script.&quot;; else echo &quot;Failed: Script PID file does not exist.&quot;; fi</script>
                </process>
            </post_processes>
            <scoring_formula default="error_formula_2tMzpB9325">
                <formula name="error_formula_2tMzpB9325">weakness_started_FIgD3mSwA4MEaHRUzoSS AND ((NOT PERFORMER AND (runtime_exception_Fo1mSbYEds) AND NOT timeout_ALKl63sS3F) or (PERFORMER AND NOT ((runtime_exception_Fo1mSbYEds) OR timeout_ALKl63sS3F)))</formula>
                <formula name="no_weakness_started_formula_FFuvqZIo3g">(NOT PERFORMER AND (runtime_exception_Fo1mSbYEds) AND NOT timeout_ALKl63sS3F) or (PERFORMER AND NOT ((runtime_exception_Fo1mSbYEds) OR timeout_ALKl63sS3F))</formula>
            </scoring_formula>
            <output_checks>
                <simple_check check_type="SPECIAL" encoding="STRING" name="timeout_ALKl63sS3F" type="USE_TEXT">DOES_NOT_RETURN</simple_check>
                <simple_check check_type="SPECIAL" encoding="STRING" name="controlled_exit_wkY67P2B2O" type="USE_TEXT">CONTROLLED_EXIT</simple_check>
                <simple_check check_type="SPECIAL" encoding="STRING" name="continued_execution_rdpGYLQe3x" type="USE_TEXT">CONTINUED_EXECUTION</simple_check>
                <compare_check check_type="CONTAINS" name="runtime_exception_Fo1mSbYEds">
                    <actual encoding="STRING" output_type="FILE_CONTENTS">logfile.txt</actual>
                    <expected encoding="STRING" type="USE_TEXT">java.lang.NegativeArraySizeException</expected>
                </compare_check>
                <compare_check check_type="CONTAINS" name="weakness_started_FIgD3mSwA4MEaHRUzoSS">
                    <actual encoding="STRING" input_id_ref="lttng_output_lu0iWWJjJWCx0lVo3XXx" output_type="STANDARD_OUT">None</actual>
                    <expected encoding="STRING" type="USE_TEXT">stonesoup_trace:weakness_start</expected>
                </compare_check>
            </output_checks>
        </iopair>
        <iopair name="J-C190A-LENY-10-ST01-DT01-DF07-CF15-01-BAD-02" reset_scheme="NONE" timeout="300" type="BAD">
            <description>Environment variable defining test value.
</description>
            <technical_impact>DOS_UNCONTROLLED_EXIT</technical_impact>
            <pre_processes scheme="SEQUENCE">
                <process>
                    <script background="false" encoding="STRING" type="USE_TEXT">printf 'env UNABILITY_PREASCITIC;\n' | tee nginx_conf_env.txt</script>
                </process>
                <process delay_after="0" delay_before="0">
                    <script background="false" encoding="STRING" type="USE_TEXT">$SS_TC_ROOT/scripts/restart_dm.sh</script>
                </process>
                <process>
                    <environment_variable encoding="STRING" key="UNABILITY_PREASCITIC" type="USE_TEXT">600</environment_variable>
                </process>
                <process>
                    <script background="false" encoding="STRING" type="USE_TEXT">mkdir $SS_TC_ROOT/logs/execute/lttng</script>
                </process>
                <process>
                    <environment_variable encoding="STRING" key="LTTNG_HOME" type="USE_TEXT">$SS_TC_ROOT/logs/execute/lttng</environment_variable>
                </process>
                <process>
                    <environment_variable encoding="STRING" key="SS_RUN_COMMAND_LD_PRELOAD" type="USE_TEXT">$SS_TC_DEPS/lib64/liblttng-stonesoup-java.so:$SS_TC_DEPS/lib64/liblttng-ust-fork.so</environment_variable>
                </process>
                <process>
                    <script background="false" encoding="STRING" type="USE_TEXT">mkdir -p $SS_TC_DEPS/var/run/lttng</script>
                </process>
                <process>
                    <script background="false" encoding="STRING" type="USE_TEXT">$SS_TC_DEPS/bin/lttng create &amp;&amp; $SS_TC_DEPS/bin/lttng enable-event -u -a &amp;&amp; $SS_TC_DEPS/bin/lttng start</script>
                </process>
                <process>
                    <script background="false" encoding="STRING" type="USE_TEXT">rm -rf $SS_TC_ROOT/lockDir</script>
                </process>
                <process delay_after="2">
                    <script background="false" encoding="STRING" input_id="lenya_early_kill_daemon_2XjXR65T00" type="USE_TEXT">nohup lenya__early_kill_Uxklqfyz2R.sh &gt; $SS_TC_ROOT/logs/execute/lenya__early_kill_Uxklqfyz2R.sh.out 2&gt;&amp;1 &amp; echo $! &gt; $SS_TC_ROOT/logs/execute/lenya__early_kill_Uxklqfyz2R.sh.pid &amp;&amp; echo &quot;Script spawned&quot;</script>
                </process>
            </pre_processes>
            <run_command encoding="STRING" preprend_runcommand="true" type="USE_TEXT"></run_command>
            <co_processes scheme="SEQUENCE">
                <process delay_after="0" delay_before="0">
                    <script background="false" encoding="STRING" input_id="SIKULI-GOOD-06XMTPToFP2n" type="USE_TEXT">$SS_TC_DEPS/opt/firefox-esr/firefox --private localhost:8888 &amp; $SS_TC_DEPS/bin/run-sikuli.sh -d &quot;$SS_TC_ROOT/testData/good-06/LENY-GOOD-06.sikuli --args $SS_USER_DELAY&quot;
                    </script>
                </process>
            </co_processes>
            <post_processes scheme="SEQUENCE">
                <process delay_after="0" delay_before="0">
                    <script background="false" encoding="STRING" type="USE_TEXT">killall /opt/stonesoup/dependencies/opt/firefox-esr/firefox</script>
                </process>
                <process delay_after="0" delay_before="0">
                    <script background="false" encoding="STRING" type="USE_TEXT">rm -rf $SS_TC_ROOT/$SS_TC_INSTALL/build/lenya/webapp/lenya/pubs/good03</script>
                </process>
                <process>
                    <script background="false" encoding="STRING" input_id="lttng_output_A64VeFEEsWOlp743FFBG" type="USE_TEXT">$SS_TC_DEPS/bin/lttng stop &amp;&amp; $SS_TC_DEPS/bin/lttng view &amp;&amp; $SS_TC_DEPS/bin/lttng destroy</script>
                </process>
                <process delay_after="2">
                    <script background="false" encoding="STRING" type="USE_TEXT">if [[ -f &quot;$SS_TC_ROOT/logs/execute/lenya__early_kill_Uxklqfyz2R.sh.pid&quot; ]]; then killtree.sh -s 9 -p $(cat &quot;$SS_TC_ROOT/logs/execute/lenya__early_kill_Uxklqfyz2R.sh.pid&quot;) &amp;&amp; echo &quot;Killed script.&quot;; else echo &quot;Failed: Script PID file does not exist.&quot;; fi</script>
                </process>
            </post_processes>
            <scoring_formula default="error_formula_OvEEAF5x0W">
                <formula name="error_formula_OvEEAF5x0W">weakness_started_JRrKGzs72CAiv2d7Lc0s AND ((NOT PERFORMER AND (runtime_exception_ZMka0T323I) AND NOT timeout_tcoixO3E0z) or (PERFORMER AND NOT ((runtime_exception_ZMka0T323I) OR timeout_tcoixO3E0z)))</formula>
                <formula name="no_weakness_started_formula_PwEdBeEZqH">(NOT PERFORMER AND (runtime_exception_ZMka0T323I) AND NOT timeout_tcoixO3E0z) or (PERFORMER AND NOT ((runtime_exception_ZMka0T323I) OR timeout_tcoixO3E0z))</formula>
            </scoring_formula>
            <output_checks>
                <simple_check check_type="SPECIAL" encoding="STRING" name="timeout_tcoixO3E0z" type="USE_TEXT">DOES_NOT_RETURN</simple_check>
                <simple_check check_type="SPECIAL" encoding="STRING" name="controlled_exit_ZWIoVX5b9C" type="USE_TEXT">CONTROLLED_EXIT</simple_check>
                <simple_check check_type="SPECIAL" encoding="STRING" name="continued_execution_iUbM4ciNPy" type="USE_TEXT">CONTINUED_EXECUTION</simple_check>
                <compare_check check_type="CONTAINS" name="runtime_exception_ZMka0T323I">
                    <actual encoding="STRING" output_type="FILE_CONTENTS">logfile.txt</actual>
                    <expected encoding="STRING" type="USE_TEXT">java.lang.NegativeArraySizeException</expected>
                </compare_check>
                <compare_check check_type="CONTAINS" name="weakness_started_JRrKGzs72CAiv2d7Lc0s">
                    <actual encoding="STRING" input_id_ref="lttng_output_A64VeFEEsWOlp743FFBG" output_type="STANDARD_OUT">None</actual>
                    <expected encoding="STRING" type="USE_TEXT">stonesoup_trace:weakness_start</expected>
                </compare_check>
            </output_checks>
        </iopair>
    </iopairs>
</project>
