<?xml version="1.0" encoding="utf-8"?>
<project base_program="J-LUCE" language="JAVA" name="J-C041A-LUCE-10-ST03-DT03-DF12-CF16-01" targeted_architecture="ANY" targeted_os="LINUX" test_case_type="ALL" xmlns="urn:stonesoup:project">
    <description>The system or application is vulnerable to file system contents
 disclosure through path equivalence. Path equivalence involves the
 use of special characters in file and directory names. The associated
 manipulations are intended to generate multiple names for the same
 object. This test will accept input of a file to read, but prohibits access
 to file in the /etc directory. The input generates an equivalent name
 /////etc/////passwd which bypasses the filter.
</description>
    <additional_information>
        <keyvalue key="JAVA_MAIN">org.apache.lucene.demo.IndexFiles:org.apache.lucene.demo.SearchFiles:org.apache.lucene.demo.facet.SimpleFacetsExample:org.apache.lucene.demo.facet.AssociationsFacetsExample</keyvalue>
        <keyvalue key="JAVA_CLASSPATH">$SS_TC_DEPS/java/lucene/*:$SS_TC_ROOT/$SS_TC_INSTALL/classes/*:$SS_TC_ROOT/$SS_TC_INSTALL/*:$SS_TC_DEPS/java/stonesoup/socket/*:$SS_TC_DEPS/java/stonesoup/lttng/lttng-stonesoup-0.1.jar</keyvalue>
        <keyvalue key="algorithmic_variant_name">UNSPECIFIED</keyvalue>
        <keyvalue key="root_cause">UNSPECIFIED</keyvalue>
    </additional_information>
    <structure install="install" iodata="testData" scoredata="testOutput" scripts="scripts" source="src"/>
    <run_command>java $SS_JAVA_OPTS -Djava.library.path=$SS_TC_DEPS/lib64/ -cp &quot;$SS_JAVA_CLASSPATH&quot;</run_command>
    <weakness generation_method="FAULT_INJECTED">
        <variant cwe="CWE-41" name="CWE-41-A">
            <crossover_point file_name="/tmp/tmpK2AOtY_ss_testcase/src/core/src/java/org/apache/lucene/codecs/PostingsFormat.java" line_number="0">
                <method name="quinquinaAnaerobion"/>
            </crossover_point>
            <trigger_point file_name="/tmp/tmpK2AOtY_ss_testcase/src/core/src/java/org/apache/lucene/codecs/PostingsFormat.java" line_number="0">
                <method name="quinquinaAnaerobion"/>
            </trigger_point>
        </variant>
        <features>
            <taint_source file_name="/tmp/tmpK2AOtY_ss_testcase/src/core/src/java/org/apache/lucene/codecs/PostingsFormat.java" line_number="0" type="SOCKET">
                <method name="forName"/>
            </taint_source>
            <data_type file_name="/tmp/tmpK2AOtY_ss_testcase/src/core/src/java/org/apache/lucene/codecs/PostingsFormat.java" line_number="0" type="VOID_POINTER">
                <method name="forName"/>
            </data_type>
            <data_flow file_name="/tmp/tmpK2AOtY_ss_testcase/src/core/src/java/org/apache/lucene/codecs/PostingsFormat.java" line_number="0" type="VAR_ARG_LIST">
                <method name="forName"/>
            </data_flow>
            <control_flow file_name="/tmp/tmpK2AOtY_ss_testcase/src/core/src/java/org/apache/lucene/codecs/PostingsFormat.java" line_number="0" type="INTERRUPT">
                <method name="quinquinaAnaerobion"/>
            </control_flow>
        </features>
    </weakness>
    <build_commands>
        <command>env ANT_HOME=$SS_TC_DEPS/ant ant $SS_ANT_OPTS -Dstonesoup.database.postgres.required=no -Dstonesoup.hibernate.postgres.required=no -Dstonesoup.hibernate.mysql.required=no -Dstonesoup.database.mysql.required=no -Dstonesoup.socket.required=yes -lib $SS_TC_DEPS/java/stonesoup/lttng/lttng-stonesoup-0.1.jar -Dstonesoup.socket.lib.dir=&quot;$SS_TC_DEPS/java/stonesoup/socket&quot; -Dstonesoup.hibernate.mysql.lib.dir=&quot;$SS_TC_DEPS/java/stonesoup/hibernate/mysql&quot; -Dstonesoup.hibernate.postgres.lib.dir=&quot;$SS_TC_DEPS/java/stonesoup/hibernate/postgres&quot; -Dstonesoup.database.mysql.lib.dir=&quot;$SS_TC_DEPS/java/stonesoup/database/mysql&quot; -Dstonesoup.database.postgres.lib.dir=&quot;$SS_TC_DEPS/java/stonesoup/database/postgres&quot; -Dlib.dir=$SS_TC_DEPS/java/lucene -Ddist.dir=&quot;$SS_TC_ROOT/$SS_TC_INSTALL&quot; -Dbuild.dir=&quot;$SS_TC_ROOT/$SS_TC_INSTALL&quot; -Dstonesoup.lttng.lib.dir=&quot;$SS_TC_DEPS/java/stonesoup/lttng&quot; -Dstonesoup.lttng.dummy.lib.dir=&quot;$SS_TC_DEPS/java/stonesoup/lttng-dummy&quot; compile</command>
    </build_commands>
    <iopairs>
        <iopair name="J-C041A-LUCE-10-ST03-DT03-DF12-CF16-01-GOOD-01" reset_scheme="NONE" timeout="300" type="GOOD">
            <description>index a single file
Environment variable defining test value.
</description>
            <technical_impact>NONE</technical_impact>
            <pre_processes scheme="SEQUENCE">
                <process>
                    <script background="false" encoding="STRING" type="USE_TEXT">printf '' | tee nginx_conf_env.txt</script>
                </process>
                <process>
                    <script background="false" encoding="STRING" type="USE_TEXT">mkdir $SS_TC_ROOT/logs/execute/lttng</script>
                </process>
                <process>
                    <environment_variable encoding="STRING" key="LTTNG_HOME" type="USE_TEXT">$SS_TC_ROOT/logs/execute/lttng</environment_variable>
                </process>
                <process>
                    <environment_variable encoding="STRING" key="SS_RUN_COMMAND_LD_PRELOAD" type="USE_TEXT">$SS_TC_DEPS/lib64/liblttng-stonesoup-java.so:$SS_TC_DEPS/lib64/liblttng-ust-fork.so</environment_variable>
                </process>
                <process>
                    <script background="false" encoding="STRING" type="USE_TEXT">mkdir -p $SS_TC_DEPS/var/run/lttng</script>
                </process>
                <process>
                    <script background="false" encoding="STRING" type="USE_TEXT">$SS_TC_DEPS/bin/lttng create &amp;&amp; $SS_TC_DEPS/bin/lttng enable-event -u -a &amp;&amp; $SS_TC_DEPS/bin/lttng start</script>
                </process>
                <process>
                    <script background="false" encoding="STRING" type="USE_TEXT">rm -rf $SS_TC_ROOT/lockDir</script>
                </process>
            </pre_processes>
            <run_command encoding="STRING" preprend_runcommand="true" type="USE_TEXT">org.apache.lucene.demo.IndexFiles -index $SS_TC_ROOT/$SS_TC_DATA/good-01-index -docs $SS_TC_ROOT/$SS_TC_DATA/good-01/</run_command>
            <co_processes scheme="SEQUENCE">
                <process>
                    <script background="false" encoding="STRING" input_id="socket_FMcc0nISnP" type="USE_TEXT">/opt/stonesoup/workspace/scripts/service_mon.sh ss-localhost 8887 &amp;&amp; curl -v --data-urlencode data=&quot;/etc/passwd&quot; --header &quot;If-Match: weak_taint_source_value&quot; --request POST --no-buffer --output /opt/stonesoup/workspace/testData/logfile.txt --silent --show-error http://ss-localhost:8887</script>
                </process>
            </co_processes>
            <post_processes scheme="SEQUENCE">
                <process>
                    <script background="false" encoding="STRING" input_id="lttng_output_hZ8cP8qotx" type="USE_TEXT">$SS_TC_DEPS/bin/lttng stop &amp;&amp; $SS_TC_DEPS/bin/lttng view &amp;&amp; $SS_TC_DEPS/bin/lttng destroy</script>
                </process>
            </post_processes>
            <scoring_formula default="GOOD-01-Default">
                <formula name="GOOD-01-Default">GOOD-01 AND GOOD-02 AND GOOD-03 AND GOOD-04 AND NOT TIMEOUT AND NOT CONTROLLED_EXIT</formula>
            </scoring_formula>
            <output_checks>
                <simple_check check_type="SCRIPT" encoding="STRING" name="GOOD-01" type="USE_TEXT">
                    if [[ -a ../testData/good-01-index/_0.cfe ]]; then exit 0; else exit 1; fi;
                </simple_check>
                <simple_check check_type="SCRIPT" encoding="STRING" name="GOOD-02" type="USE_TEXT">
                    if [[ -a ../testData/good-01-index/_0.cfs ]]; then exit 0; else exit 1; fi;
                </simple_check>
                <compare_check check_type="CONTAINS" name="GOOD-03">
                    <actual output_type="FILE_CONTENTS">../testData/good-01-index/segments_1</actual>
                    <expected encoding="STRING" type="USE_FILE_CONTENTS">good-01/segments_1</expected>
                </compare_check>
                <compare_check check_type="CONTAINS" name="GOOD-04">
                    <actual output_type="FILE_CONTENTS">good-01-index/segments.gen</actual>
                    <expected encoding="STRING" type="USE_FILE_CONTENTS">good-01/segments.gen</expected>
                </compare_check>
                <simple_check check_type="SPECIAL" encoding="STRING" name="TIMEOUT" type="USE_TEXT">DOES_NOT_RETURN</simple_check>
                <simple_check check_type="SPECIAL" encoding="STRING" name="CONTROLLED_EXIT" type="USE_TEXT">CONTROLLED_EXIT</simple_check>
            </output_checks>
        </iopair>
        <iopair name="J-C041A-LUCE-10-ST03-DT03-DF12-CF16-01-GOOD-02" reset_scheme="NONE" timeout="300" type="GOOD">
            <description>search a single indexed file for &quot;bubbles&quot;
Environment variable defining test value.
</description>
            <technical_impact>NONE</technical_impact>
            <pre_processes scheme="SEQUENCE">
                <process>
                    <script background="false" encoding="STRING" type="USE_TEXT">printf '' | tee nginx_conf_env.txt</script>
                </process>
                <process>
                    <script background="false" encoding="STRING" type="USE_TEXT">mkdir $SS_TC_ROOT/logs/execute/lttng</script>
                </process>
                <process>
                    <environment_variable encoding="STRING" key="LTTNG_HOME" type="USE_TEXT">$SS_TC_ROOT/logs/execute/lttng</environment_variable>
                </process>
                <process>
                    <environment_variable encoding="STRING" key="SS_RUN_COMMAND_LD_PRELOAD" type="USE_TEXT">$SS_TC_DEPS/lib64/liblttng-stonesoup-java.so:$SS_TC_DEPS/lib64/liblttng-ust-fork.so</environment_variable>
                </process>
                <process>
                    <script background="false" encoding="STRING" type="USE_TEXT">mkdir -p $SS_TC_DEPS/var/run/lttng</script>
                </process>
                <process>
                    <script background="false" encoding="STRING" type="USE_TEXT">$SS_TC_DEPS/bin/lttng create &amp;&amp; $SS_TC_DEPS/bin/lttng enable-event -u -a &amp;&amp; $SS_TC_DEPS/bin/lttng start</script>
                </process>
                <process>
                    <script background="false" encoding="STRING" type="USE_TEXT">rm -rf $SS_TC_ROOT/lockDir</script>
                </process>
            </pre_processes>
            <run_command encoding="STRING" preprend_runcommand="true" type="USE_TEXT">org.apache.lucene.demo.SearchFiles -query bubbles -index $SS_TC_ROOT/$SS_TC_DATA/good-02/index/</run_command>
            <co_processes scheme="SEQUENCE">
                <process>
                    <script background="false" encoding="STRING" input_id="socket_46VIXLp7wa" type="USE_TEXT">/opt/stonesoup/workspace/scripts/service_mon.sh ss-localhost 8887 &amp;&amp; curl -v --data-urlencode data=&quot;/etc/group&quot; --header &quot;If-Match: weak_taint_source_value&quot; --request POST --no-buffer --output /opt/stonesoup/workspace/testData/logfile.txt --silent --show-error http://ss-localhost:8887</script>
                </process>
            </co_processes>
            <post_processes scheme="SEQUENCE">
                <process>
                    <script background="false" encoding="STRING" input_id="lttng_output_jbpLxkQtWb" type="USE_TEXT">$SS_TC_DEPS/bin/lttng stop &amp;&amp; $SS_TC_DEPS/bin/lttng view &amp;&amp; $SS_TC_DEPS/bin/lttng destroy</script>
                </process>
            </post_processes>
            <scoring_formula default="GOOD-02-Default">
                <formula name="GOOD-02-Default">GOOD-02 AND NOT TIMEOUT AND NOT CONTROLLED_EXIT</formula>
            </scoring_formula>
            <output_checks>
                <compare_check check_type="CONTAINS" name="GOOD-02">
                    <actual output_type="STANDARD_OUT"></actual>
                    <expected encoding="STRING" type="USE_FILE_CONTENTS">good-02/output.txt</expected>
                </compare_check>
                <simple_check check_type="SPECIAL" encoding="STRING" name="TIMEOUT" type="USE_TEXT">DOES_NOT_RETURN</simple_check>
                <simple_check check_type="SPECIAL" encoding="STRING" name="CONTROLLED_EXIT" type="USE_TEXT">CONTROLLED_EXIT</simple_check>
            </output_checks>
        </iopair>
        <iopair name="J-C041A-LUCE-10-ST03-DT03-DF12-CF16-01-GOOD-03" reset_scheme="NONE" timeout="300" type="GOOD">
            <description>index two files
Environment variable defining test value.
</description>
            <technical_impact>NONE</technical_impact>
            <pre_processes scheme="SEQUENCE">
                <process>
                    <script background="false" encoding="STRING" type="USE_TEXT">printf '' | tee nginx_conf_env.txt</script>
                </process>
                <process>
                    <script background="false" encoding="STRING" type="USE_TEXT">mkdir $SS_TC_ROOT/logs/execute/lttng</script>
                </process>
                <process>
                    <environment_variable encoding="STRING" key="LTTNG_HOME" type="USE_TEXT">$SS_TC_ROOT/logs/execute/lttng</environment_variable>
                </process>
                <process>
                    <environment_variable encoding="STRING" key="SS_RUN_COMMAND_LD_PRELOAD" type="USE_TEXT">$SS_TC_DEPS/lib64/liblttng-stonesoup-java.so:$SS_TC_DEPS/lib64/liblttng-ust-fork.so</environment_variable>
                </process>
                <process>
                    <script background="false" encoding="STRING" type="USE_TEXT">mkdir -p $SS_TC_DEPS/var/run/lttng</script>
                </process>
                <process>
                    <script background="false" encoding="STRING" type="USE_TEXT">$SS_TC_DEPS/bin/lttng create &amp;&amp; $SS_TC_DEPS/bin/lttng enable-event -u -a &amp;&amp; $SS_TC_DEPS/bin/lttng start</script>
                </process>
                <process>
                    <script background="false" encoding="STRING" type="USE_TEXT">rm -rf $SS_TC_ROOT/lockDir</script>
                </process>
            </pre_processes>
            <run_command encoding="STRING" preprend_runcommand="true" type="USE_TEXT">org.apache.lucene.demo.IndexFiles -index $SS_TC_ROOT/$SS_TC_DATA/good-03-index -docs $SS_TC_ROOT/$SS_TC_DATA/good-03/</run_command>
            <co_processes scheme="SEQUENCE">
                <process>
                    <script background="false" encoding="STRING" input_id="socket_geJDD4J5o3" type="USE_TEXT">/opt/stonesoup/workspace/scripts/service_mon.sh ss-localhost 8887 &amp;&amp; curl -v --data-urlencode data=&quot;/etc/sudoers&quot; --header &quot;If-Match: weak_taint_source_value&quot; --request POST --no-buffer --output /opt/stonesoup/workspace/testData/logfile.txt --silent --show-error http://ss-localhost:8887</script>
                </process>
            </co_processes>
            <post_processes scheme="SEQUENCE">
                <process>
                    <script background="false" encoding="STRING" input_id="lttng_output_tJkf3kii8O" type="USE_TEXT">$SS_TC_DEPS/bin/lttng stop &amp;&amp; $SS_TC_DEPS/bin/lttng view &amp;&amp; $SS_TC_DEPS/bin/lttng destroy</script>
                </process>
            </post_processes>
            <scoring_formula default="GOOD-03-Default">
                <formula name="GOOD-03-Default">GOOD-01 AND GOOD-02 AND GOOD-03 AND GOOD-04 AND NOT TIMEOUT AND NOT CONTROLLED_EXIT</formula>
            </scoring_formula>
            <output_checks>
                <simple_check check_type="SCRIPT" encoding="STRING" name="GOOD-01" type="USE_TEXT">
                    if [[ -a ../testData/good-03-index/_0.cfe ]]; then exit 0; else exit 1; fi;
                </simple_check>
                <simple_check check_type="SCRIPT" encoding="STRING" name="GOOD-02" type="USE_TEXT">
                    if [[ -a ../testData/good-03-index/_0.cfe ]]; then exit 0; else exit 1; fi;
                </simple_check>
                <compare_check check_type="CONTAINS" name="GOOD-03">
                    <actual output_type="FILE_CONTENTS">../testData/good-03-index/segments_1</actual>
                    <expected encoding="STRING" type="USE_FILE_CONTENTS">good-03/segments_1</expected>
                </compare_check>
                <compare_check check_type="CONTAINS" name="GOOD-04">
                    <actual output_type="FILE_CONTENTS">../testData/good-03-index/segments.gen</actual>
                    <expected encoding="STRING" type="USE_FILE_CONTENTS">good-03/segments.gen</expected>
                </compare_check>
                <simple_check check_type="SPECIAL" encoding="STRING" name="TIMEOUT" type="USE_TEXT">DOES_NOT_RETURN</simple_check>
                <simple_check check_type="SPECIAL" encoding="STRING" name="CONTROLLED_EXIT" type="USE_TEXT">CONTROLLED_EXIT</simple_check>
            </output_checks>
        </iopair>
        <iopair name="J-C041A-LUCE-10-ST03-DT03-DF12-CF16-01-GOOD-04" reset_scheme="NONE" timeout="300" type="GOOD">
            <description>search two indexed files
Environment variable defining test value.
</description>
            <technical_impact>NONE</technical_impact>
            <pre_processes scheme="SEQUENCE">
                <process>
                    <script background="false" encoding="STRING" type="USE_TEXT">printf '' | tee nginx_conf_env.txt</script>
                </process>
                <process>
                    <script background="false" encoding="STRING" type="USE_TEXT">mkdir $SS_TC_ROOT/logs/execute/lttng</script>
                </process>
                <process>
                    <environment_variable encoding="STRING" key="LTTNG_HOME" type="USE_TEXT">$SS_TC_ROOT/logs/execute/lttng</environment_variable>
                </process>
                <process>
                    <environment_variable encoding="STRING" key="SS_RUN_COMMAND_LD_PRELOAD" type="USE_TEXT">$SS_TC_DEPS/lib64/liblttng-stonesoup-java.so:$SS_TC_DEPS/lib64/liblttng-ust-fork.so</environment_variable>
                </process>
                <process>
                    <script background="false" encoding="STRING" type="USE_TEXT">mkdir -p $SS_TC_DEPS/var/run/lttng</script>
                </process>
                <process>
                    <script background="false" encoding="STRING" type="USE_TEXT">$SS_TC_DEPS/bin/lttng create &amp;&amp; $SS_TC_DEPS/bin/lttng enable-event -u -a &amp;&amp; $SS_TC_DEPS/bin/lttng start</script>
                </process>
                <process>
                    <script background="false" encoding="STRING" type="USE_TEXT">rm -rf $SS_TC_ROOT/lockDir</script>
                </process>
            </pre_processes>
            <run_command encoding="STRING" preprend_runcommand="true" type="USE_TEXT">org.apache.lucene.demo.SearchFiles -query Sawyer -index $SS_TC_ROOT/$SS_TC_DATA/good-04/index/</run_command>
            <co_processes scheme="SEQUENCE">
                <process>
                    <script background="false" encoding="STRING" input_id="socket_UI2APG0FHI" type="USE_TEXT">/opt/stonesoup/workspace/scripts/service_mon.sh ss-localhost 8887 &amp;&amp; curl -v --data-urlencode data=&quot;/etc/passwd&quot; --header &quot;If-Match: weak_taint_source_value&quot; --request POST --no-buffer --output /opt/stonesoup/workspace/testData/logfile.txt --silent --show-error http://ss-localhost:8887</script>
                </process>
            </co_processes>
            <post_processes scheme="SEQUENCE">
                <process>
                    <script background="false" encoding="STRING" input_id="lttng_output_v2fyNfBiGa" type="USE_TEXT">$SS_TC_DEPS/bin/lttng stop &amp;&amp; $SS_TC_DEPS/bin/lttng view &amp;&amp; $SS_TC_DEPS/bin/lttng destroy</script>
                </process>
            </post_processes>
            <scoring_formula default="GOOD-04-Default">
                <formula name="GOOD-04-Default">GOOD-04 AND NOT TIMEOUT AND NOT CONTROLLED_EXIT</formula>
            </scoring_formula>
            <output_checks>
                <compare_check check_type="CONTAINS" name="GOOD-04">
                    <actual output_type="STANDARD_OUT"></actual>
                    <expected encoding="STRING" type="USE_FILE_CONTENTS">good-04/output.txt</expected>
                </compare_check>
                <simple_check check_type="SPECIAL" encoding="STRING" name="TIMEOUT" type="USE_TEXT">DOES_NOT_RETURN</simple_check>
                <simple_check check_type="SPECIAL" encoding="STRING" name="CONTROLLED_EXIT" type="USE_TEXT">CONTROLLED_EXIT</simple_check>
            </output_checks>
        </iopair>
        <iopair name="J-C041A-LUCE-10-ST03-DT03-DF12-CF16-01-GOOD-05" reset_scheme="NONE" timeout="300" type="GOOD">
            <description>search files
Environment variable defining test value.
</description>
            <technical_impact>NONE</technical_impact>
            <pre_processes scheme="SEQUENCE">
                <process>
                    <script background="false" encoding="STRING" type="USE_TEXT">printf '' | tee nginx_conf_env.txt</script>
                </process>
                <process>
                    <script background="false" encoding="STRING" type="USE_TEXT">mkdir $SS_TC_ROOT/logs/execute/lttng</script>
                </process>
                <process>
                    <environment_variable encoding="STRING" key="LTTNG_HOME" type="USE_TEXT">$SS_TC_ROOT/logs/execute/lttng</environment_variable>
                </process>
                <process>
                    <environment_variable encoding="STRING" key="SS_RUN_COMMAND_LD_PRELOAD" type="USE_TEXT">$SS_TC_DEPS/lib64/liblttng-stonesoup-java.so:$SS_TC_DEPS/lib64/liblttng-ust-fork.so</environment_variable>
                </process>
                <process>
                    <script background="false" encoding="STRING" type="USE_TEXT">mkdir -p $SS_TC_DEPS/var/run/lttng</script>
                </process>
                <process>
                    <script background="false" encoding="STRING" type="USE_TEXT">$SS_TC_DEPS/bin/lttng create &amp;&amp; $SS_TC_DEPS/bin/lttng enable-event -u -a &amp;&amp; $SS_TC_DEPS/bin/lttng start</script>
                </process>
                <process>
                    <script background="false" encoding="STRING" type="USE_TEXT">rm -rf $SS_TC_ROOT/lockDir</script>
                </process>
            </pre_processes>
            <run_command encoding="STRING" preprend_runcommand="true" type="USE_TEXT">org.apache.lucene.demo.SearchFiles -query microfilm -index $SS_TC_ROOT/$SS_TC_DATA/good-05/index/</run_command>
            <co_processes scheme="SEQUENCE">
                <process>
                    <script background="false" encoding="STRING" input_id="socket_blImkCGCtR" type="USE_TEXT">/opt/stonesoup/workspace/scripts/service_mon.sh ss-localhost 8887 &amp;&amp; curl -v --data-urlencode data=&quot;/etc/group&quot; --header &quot;If-Match: weak_taint_source_value&quot; --request POST --no-buffer --output /opt/stonesoup/workspace/testData/logfile.txt --silent --show-error http://ss-localhost:8887</script>
                </process>
            </co_processes>
            <post_processes scheme="SEQUENCE">
                <process>
                    <script background="false" encoding="STRING" input_id="lttng_output_ATVN5mgsnD" type="USE_TEXT">$SS_TC_DEPS/bin/lttng stop &amp;&amp; $SS_TC_DEPS/bin/lttng view &amp;&amp; $SS_TC_DEPS/bin/lttng destroy</script>
                </process>
            </post_processes>
            <scoring_formula default="GOOD-05-Default">
                <formula name="GOOD-05-Default">GOOD-05 AND NOT TIMEOUT AND NOT CONTROLLED_EXIT</formula>
            </scoring_formula>
            <output_checks>
                <compare_check check_type="CONTAINS" name="GOOD-05">
                    <actual output_type="STANDARD_OUT"></actual>
                    <expected encoding="STRING" type="USE_FILE_CONTENTS">good-05/output.txt</expected>
                </compare_check>
                <simple_check check_type="SPECIAL" encoding="STRING" name="TIMEOUT" type="USE_TEXT">DOES_NOT_RETURN</simple_check>
                <simple_check check_type="SPECIAL" encoding="STRING" name="CONTROLLED_EXIT" type="USE_TEXT">CONTROLLED_EXIT</simple_check>
            </output_checks>
        </iopair>
        <iopair name="J-C041A-LUCE-10-ST03-DT03-DF12-CF16-01-GOOD-06" reset_scheme="NONE" timeout="300" type="GOOD">
            <description>search by facets
Environment variable defining test value.
</description>
            <technical_impact>NONE</technical_impact>
            <pre_processes scheme="SEQUENCE">
                <process>
                    <script background="false" encoding="STRING" type="USE_TEXT">printf '' | tee nginx_conf_env.txt</script>
                </process>
                <process>
                    <script background="false" encoding="STRING" type="USE_TEXT">mkdir $SS_TC_ROOT/logs/execute/lttng</script>
                </process>
                <process>
                    <environment_variable encoding="STRING" key="LTTNG_HOME" type="USE_TEXT">$SS_TC_ROOT/logs/execute/lttng</environment_variable>
                </process>
                <process>
                    <environment_variable encoding="STRING" key="SS_RUN_COMMAND_LD_PRELOAD" type="USE_TEXT">$SS_TC_DEPS/lib64/liblttng-stonesoup-java.so:$SS_TC_DEPS/lib64/liblttng-ust-fork.so</environment_variable>
                </process>
                <process>
                    <script background="false" encoding="STRING" type="USE_TEXT">mkdir -p $SS_TC_DEPS/var/run/lttng</script>
                </process>
                <process>
                    <script background="false" encoding="STRING" type="USE_TEXT">$SS_TC_DEPS/bin/lttng create &amp;&amp; $SS_TC_DEPS/bin/lttng enable-event -u -a &amp;&amp; $SS_TC_DEPS/bin/lttng start</script>
                </process>
                <process>
                    <script background="false" encoding="STRING" type="USE_TEXT">rm -rf $SS_TC_ROOT/lockDir</script>
                </process>
            </pre_processes>
            <run_command encoding="STRING" preprend_runcommand="true" type="USE_TEXT">org.apache.lucene.demo.facet.SimpleFacetsExample</run_command>
            <co_processes scheme="SEQUENCE">
                <process>
                    <script background="false" encoding="STRING" input_id="socket_P5qPTPdlw5" type="USE_TEXT">/opt/stonesoup/workspace/scripts/service_mon.sh ss-localhost 8887 &amp;&amp; curl -v --data-urlencode data=&quot;/etc/sudoers&quot; --header &quot;If-Match: weak_taint_source_value&quot; --request POST --no-buffer --output /opt/stonesoup/workspace/testData/logfile.txt --silent --show-error http://ss-localhost:8887</script>
                </process>
            </co_processes>
            <post_processes scheme="SEQUENCE">
                <process>
                    <script background="false" encoding="STRING" input_id="lttng_output_W2Pgg4VNDv" type="USE_TEXT">$SS_TC_DEPS/bin/lttng stop &amp;&amp; $SS_TC_DEPS/bin/lttng view &amp;&amp; $SS_TC_DEPS/bin/lttng destroy</script>
                </process>
            </post_processes>
            <scoring_formula default="GOOD-06-Default">
                <formula name="GOOD-06-Default">GOOD-06 AND NOT TIMEOUT AND NOT CONTROLLED_EXIT</formula>
            </scoring_formula>
            <output_checks>
                <compare_check check_type="CONTAINS" name="GOOD-06">
                    <actual output_type="STANDARD_OUT"></actual>
                    <expected encoding="STRING" type="USE_FILE_CONTENTS">good-06/output.txt</expected>
                </compare_check>
                <simple_check check_type="SPECIAL" encoding="STRING" name="TIMEOUT" type="USE_TEXT">DOES_NOT_RETURN</simple_check>
                <simple_check check_type="SPECIAL" encoding="STRING" name="CONTROLLED_EXIT" type="USE_TEXT">CONTROLLED_EXIT</simple_check>
            </output_checks>
        </iopair>
        <iopair name="J-C041A-LUCE-10-ST03-DT03-DF12-CF16-01-GOOD-07" reset_scheme="NONE" timeout="300" type="GOOD">
            <description>search by facet association
Environment variable defining test value.
</description>
            <technical_impact>NONE</technical_impact>
            <pre_processes scheme="SEQUENCE">
                <process>
                    <script background="false" encoding="STRING" type="USE_TEXT">printf '' | tee nginx_conf_env.txt</script>
                </process>
                <process>
                    <script background="false" encoding="STRING" type="USE_TEXT">mkdir $SS_TC_ROOT/logs/execute/lttng</script>
                </process>
                <process>
                    <environment_variable encoding="STRING" key="LTTNG_HOME" type="USE_TEXT">$SS_TC_ROOT/logs/execute/lttng</environment_variable>
                </process>
                <process>
                    <environment_variable encoding="STRING" key="SS_RUN_COMMAND_LD_PRELOAD" type="USE_TEXT">$SS_TC_DEPS/lib64/liblttng-stonesoup-java.so:$SS_TC_DEPS/lib64/liblttng-ust-fork.so</environment_variable>
                </process>
                <process>
                    <script background="false" encoding="STRING" type="USE_TEXT">mkdir -p $SS_TC_DEPS/var/run/lttng</script>
                </process>
                <process>
                    <script background="false" encoding="STRING" type="USE_TEXT">$SS_TC_DEPS/bin/lttng create &amp;&amp; $SS_TC_DEPS/bin/lttng enable-event -u -a &amp;&amp; $SS_TC_DEPS/bin/lttng start</script>
                </process>
                <process>
                    <script background="false" encoding="STRING" type="USE_TEXT">rm -rf $SS_TC_ROOT/lockDir</script>
                </process>
            </pre_processes>
            <run_command encoding="STRING" preprend_runcommand="true" type="USE_TEXT">org.apache.lucene.demo.facet.AssociationsFacetsExample</run_command>
            <co_processes scheme="SEQUENCE">
                <process>
                    <script background="false" encoding="STRING" input_id="socket_jWW4ErTikz" type="USE_TEXT">/opt/stonesoup/workspace/scripts/service_mon.sh ss-localhost 8887 &amp;&amp; curl -v --data-urlencode data=&quot;/etc/passwd&quot; --header &quot;If-Match: weak_taint_source_value&quot; --request POST --no-buffer --output /opt/stonesoup/workspace/testData/logfile.txt --silent --show-error http://ss-localhost:8887</script>
                </process>
            </co_processes>
            <post_processes scheme="SEQUENCE">
                <process>
                    <script background="false" encoding="STRING" input_id="lttng_output_fVQ2fGtau2" type="USE_TEXT">$SS_TC_DEPS/bin/lttng stop &amp;&amp; $SS_TC_DEPS/bin/lttng view &amp;&amp; $SS_TC_DEPS/bin/lttng destroy</script>
                </process>
            </post_processes>
            <scoring_formula default="GOOD-07-Default">
                <formula name="GOOD-07-Default">GOOD-07 AND NOT TIMEOUT AND NOT CONTROLLED_EXIT</formula>
            </scoring_formula>
            <output_checks>
                <compare_check check_type="CONTAINS" name="GOOD-07">
                    <actual output_type="STANDARD_OUT"></actual>
                    <expected encoding="STRING" type="USE_FILE_CONTENTS">good-07/output.txt</expected>
                </compare_check>
                <simple_check check_type="SPECIAL" encoding="STRING" name="TIMEOUT" type="USE_TEXT">DOES_NOT_RETURN</simple_check>
                <simple_check check_type="SPECIAL" encoding="STRING" name="CONTROLLED_EXIT" type="USE_TEXT">CONTROLLED_EXIT</simple_check>
            </output_checks>
        </iopair>
        <iopair name="J-C041A-LUCE-10-ST03-DT03-DF12-CF16-01-GOOD-08" reset_scheme="NONE" timeout="300" type="GOOD">
            <description>index a large number of files
Environment variable defining test value.
</description>
            <technical_impact>NONE</technical_impact>
            <pre_processes scheme="SEQUENCE">
                <process>
                    <script background="false" encoding="STRING" type="USE_TEXT">printf '' | tee nginx_conf_env.txt</script>
                </process>
                <process>
                    <script background="false" encoding="STRING" type="USE_TEXT">mkdir $SS_TC_ROOT/logs/execute/lttng</script>
                </process>
                <process>
                    <environment_variable encoding="STRING" key="LTTNG_HOME" type="USE_TEXT">$SS_TC_ROOT/logs/execute/lttng</environment_variable>
                </process>
                <process>
                    <environment_variable encoding="STRING" key="SS_RUN_COMMAND_LD_PRELOAD" type="USE_TEXT">$SS_TC_DEPS/lib64/liblttng-stonesoup-java.so:$SS_TC_DEPS/lib64/liblttng-ust-fork.so</environment_variable>
                </process>
                <process>
                    <script background="false" encoding="STRING" type="USE_TEXT">mkdir -p $SS_TC_DEPS/var/run/lttng</script>
                </process>
                <process>
                    <script background="false" encoding="STRING" type="USE_TEXT">$SS_TC_DEPS/bin/lttng create &amp;&amp; $SS_TC_DEPS/bin/lttng enable-event -u -a &amp;&amp; $SS_TC_DEPS/bin/lttng start</script>
                </process>
                <process>
                    <script background="false" encoding="STRING" type="USE_TEXT">rm -rf $SS_TC_ROOT/lockDir</script>
                </process>
            </pre_processes>
            <run_command encoding="STRING" preprend_runcommand="true" type="USE_TEXT">org.apache.lucene.demo.IndexFiles -index $SS_TC_ROOT/$SS_TC_DATA/good-08-index -docs $SS_TC_ROOT/$SS_TC_DATA/good-08/</run_command>
            <co_processes scheme="SEQUENCE">
                <process>
                    <script background="false" encoding="STRING" input_id="socket_wCCmuho65f" type="USE_TEXT">/opt/stonesoup/workspace/scripts/service_mon.sh ss-localhost 8887 &amp;&amp; curl -v --data-urlencode data=&quot;/etc/group&quot; --header &quot;If-Match: weak_taint_source_value&quot; --request POST --no-buffer --output /opt/stonesoup/workspace/testData/logfile.txt --silent --show-error http://ss-localhost:8887</script>
                </process>
            </co_processes>
            <post_processes scheme="SEQUENCE">
                <process>
                    <script background="false" encoding="STRING" input_id="lttng_output_D2qBSUqQDh" type="USE_TEXT">$SS_TC_DEPS/bin/lttng stop &amp;&amp; $SS_TC_DEPS/bin/lttng view &amp;&amp; $SS_TC_DEPS/bin/lttng destroy</script>
                </process>
            </post_processes>
            <scoring_formula default="GOOD-08-Default">
                <formula name="GOOD-08-Default">GOOD-01 AND GOOD-02 AND GOOD-03 AND GOOD-04 AND NOT TIMEOUT AND NOT CONTROLLED_EXIT</formula>
            </scoring_formula>
            <output_checks>
                <simple_check check_type="SCRIPT" encoding="STRING" name="GOOD-01" type="USE_TEXT">
                    if [[ -a ../testData/good-08-index/_0.cfe ]]; then exit 0; else exit 1; fi;
                </simple_check>
                <simple_check check_type="SCRIPT" encoding="STRING" name="GOOD-02" type="USE_TEXT">
                    if [[ -a ../testData/good-08-index/_0.cfe ]]; then exit 0; else exit 1; fi;
                </simple_check>
                <compare_check check_type="CONTAINS" name="GOOD-03">
                    <actual output_type="FILE_CONTENTS">../testData/good-08-index/segments_1</actual>
                    <expected encoding="STRING" type="USE_FILE_CONTENTS">good-08/segments_1</expected>
                </compare_check>
                <compare_check check_type="CONTAINS" name="GOOD-04">
                    <actual output_type="FILE_CONTENTS">../testData/good-08-index/segments.gen</actual>
                    <expected encoding="STRING" type="USE_FILE_CONTENTS">good-08/segments.gen</expected>
                </compare_check>
                <simple_check check_type="SPECIAL" encoding="STRING" name="TIMEOUT" type="USE_TEXT">DOES_NOT_RETURN</simple_check>
                <simple_check check_type="SPECIAL" encoding="STRING" name="CONTROLLED_EXIT" type="USE_TEXT">CONTROLLED_EXIT</simple_check>
            </output_checks>
        </iopair>
        <iopair name="J-C041A-LUCE-10-ST03-DT03-DF12-CF16-01-GOOD-09" reset_scheme="NONE" timeout="300" type="GOOD">
            <description>search files using regular expression
Environment variable defining test value.
</description>
            <technical_impact>NONE</technical_impact>
            <pre_processes scheme="SEQUENCE">
                <process>
                    <script background="false" encoding="STRING" type="USE_TEXT">printf '' | tee nginx_conf_env.txt</script>
                </process>
                <process>
                    <script background="false" encoding="STRING" type="USE_TEXT">mkdir $SS_TC_ROOT/logs/execute/lttng</script>
                </process>
                <process>
                    <environment_variable encoding="STRING" key="LTTNG_HOME" type="USE_TEXT">$SS_TC_ROOT/logs/execute/lttng</environment_variable>
                </process>
                <process>
                    <environment_variable encoding="STRING" key="SS_RUN_COMMAND_LD_PRELOAD" type="USE_TEXT">$SS_TC_DEPS/lib64/liblttng-stonesoup-java.so:$SS_TC_DEPS/lib64/liblttng-ust-fork.so</environment_variable>
                </process>
                <process>
                    <script background="false" encoding="STRING" type="USE_TEXT">mkdir -p $SS_TC_DEPS/var/run/lttng</script>
                </process>
                <process>
                    <script background="false" encoding="STRING" type="USE_TEXT">$SS_TC_DEPS/bin/lttng create &amp;&amp; $SS_TC_DEPS/bin/lttng enable-event -u -a &amp;&amp; $SS_TC_DEPS/bin/lttng start</script>
                </process>
                <process>
                    <script background="false" encoding="STRING" type="USE_TEXT">rm -rf $SS_TC_ROOT/lockDir</script>
                </process>
            </pre_processes>
            <run_command encoding="STRING" preprend_runcommand="true" type="USE_TEXT">org.apache.lucene.demo.SearchFiles -query /\d\d\d/ -index $SS_TC_ROOT/$SS_TC_DATA/good-09/index/</run_command>
            <co_processes scheme="SEQUENCE">
                <process>
                    <script background="false" encoding="STRING" input_id="socket_MHTqTWgRYI" type="USE_TEXT">/opt/stonesoup/workspace/scripts/service_mon.sh ss-localhost 8887 &amp;&amp; curl -v --data-urlencode data=&quot;/etc/sudoers&quot; --header &quot;If-Match: weak_taint_source_value&quot; --request POST --no-buffer --output /opt/stonesoup/workspace/testData/logfile.txt --silent --show-error http://ss-localhost:8887</script>
                </process>
            </co_processes>
            <post_processes scheme="SEQUENCE">
                <process>
                    <script background="false" encoding="STRING" input_id="lttng_output_uzJbpbbv4B" type="USE_TEXT">$SS_TC_DEPS/bin/lttng stop &amp;&amp; $SS_TC_DEPS/bin/lttng view &amp;&amp; $SS_TC_DEPS/bin/lttng destroy</script>
                </process>
            </post_processes>
            <scoring_formula default="GOOD-09-Default">
                <formula name="GOOD-09-Default">GOOD-09 AND NOT TIMEOUT AND NOT CONTROLLED_EXIT</formula>
            </scoring_formula>
            <output_checks>
                <compare_check check_type="CONTAINS" name="GOOD-09">
                    <actual output_type="STANDARD_OUT"></actual>
                    <expected encoding="STRING" type="USE_FILE_CONTENTS">good-09/output.txt</expected>
                </compare_check>
                <simple_check check_type="SPECIAL" encoding="STRING" name="TIMEOUT" type="USE_TEXT">DOES_NOT_RETURN</simple_check>
                <simple_check check_type="SPECIAL" encoding="STRING" name="CONTROLLED_EXIT" type="USE_TEXT">CONTROLLED_EXIT</simple_check>
            </output_checks>
        </iopair>
        <iopair name="J-C041A-LUCE-10-ST03-DT03-DF12-CF16-01-GOOD-10" reset_scheme="NONE" timeout="300" type="GOOD">
            <description>search files using fuzzy searching
Environment variable defining test value.
</description>
            <technical_impact>NONE</technical_impact>
            <pre_processes scheme="SEQUENCE">
                <process>
                    <script background="false" encoding="STRING" type="USE_TEXT">printf '' | tee nginx_conf_env.txt</script>
                </process>
                <process>
                    <script background="false" encoding="STRING" type="USE_TEXT">mkdir $SS_TC_ROOT/logs/execute/lttng</script>
                </process>
                <process>
                    <environment_variable encoding="STRING" key="LTTNG_HOME" type="USE_TEXT">$SS_TC_ROOT/logs/execute/lttng</environment_variable>
                </process>
                <process>
                    <environment_variable encoding="STRING" key="SS_RUN_COMMAND_LD_PRELOAD" type="USE_TEXT">$SS_TC_DEPS/lib64/liblttng-stonesoup-java.so:$SS_TC_DEPS/lib64/liblttng-ust-fork.so</environment_variable>
                </process>
                <process>
                    <script background="false" encoding="STRING" type="USE_TEXT">mkdir -p $SS_TC_DEPS/var/run/lttng</script>
                </process>
                <process>
                    <script background="false" encoding="STRING" type="USE_TEXT">$SS_TC_DEPS/bin/lttng create &amp;&amp; $SS_TC_DEPS/bin/lttng enable-event -u -a &amp;&amp; $SS_TC_DEPS/bin/lttng start</script>
                </process>
                <process>
                    <script background="false" encoding="STRING" type="USE_TEXT">rm -rf $SS_TC_ROOT/lockDir</script>
                </process>
            </pre_processes>
            <run_command encoding="STRING" preprend_runcommand="true" type="USE_TEXT">org.apache.lucene.demo.SearchFiles -query &quot;password~ OR pengui*&quot; -index $SS_TC_ROOT/$SS_TC_DATA/good-09/index/</run_command>
            <co_processes scheme="SEQUENCE">
                <process>
                    <script background="false" encoding="STRING" input_id="socket_dxVJrmErsU" type="USE_TEXT">/opt/stonesoup/workspace/scripts/service_mon.sh ss-localhost 8887 &amp;&amp; curl -v --data-urlencode data=&quot;/etc/passwd&quot; --header &quot;If-Match: weak_taint_source_value&quot; --request POST --no-buffer --output /opt/stonesoup/workspace/testData/logfile.txt --silent --show-error http://ss-localhost:8887</script>
                </process>
            </co_processes>
            <post_processes scheme="SEQUENCE">
                <process>
                    <script background="false" encoding="STRING" input_id="lttng_output_5oeILH4Ykv" type="USE_TEXT">$SS_TC_DEPS/bin/lttng stop &amp;&amp; $SS_TC_DEPS/bin/lttng view &amp;&amp; $SS_TC_DEPS/bin/lttng destroy</script>
                </process>
            </post_processes>
            <scoring_formula default="GOOD-10-Default">
                <formula name="GOOD-10-Default">GOOD-10 AND NOT TIMEOUT AND NOT CONTROLLED_EXIT</formula>
            </scoring_formula>
            <output_checks>
                <compare_check check_type="CONTAINS" name="GOOD-10">
                    <actual output_type="STANDARD_OUT"></actual>
                    <expected encoding="STRING" type="USE_FILE_CONTENTS">good-10/output.txt</expected>
                </compare_check>
                <simple_check check_type="SPECIAL" encoding="STRING" name="TIMEOUT" type="USE_TEXT">DOES_NOT_RETURN</simple_check>
                <simple_check check_type="SPECIAL" encoding="STRING" name="CONTROLLED_EXIT" type="USE_TEXT">CONTROLLED_EXIT</simple_check>
            </output_checks>
        </iopair>
        <iopair name="J-C041A-LUCE-10-ST03-DT03-DF12-CF16-01-BAD-01" reset_scheme="NONE" timeout="300" type="BAD">
            <description>Environment variable defining test value.
</description>
            <technical_impact>READ_APPLICATION_DATA</technical_impact>
            <pre_processes scheme="SEQUENCE">
                <process>
                    <script background="false" encoding="STRING" type="USE_TEXT">printf '' | tee nginx_conf_env.txt</script>
                </process>
                <process>
                    <script background="false" encoding="STRING" type="USE_TEXT">mkdir $SS_TC_ROOT/logs/execute/lttng</script>
                </process>
                <process>
                    <environment_variable encoding="STRING" key="LTTNG_HOME" type="USE_TEXT">$SS_TC_ROOT/logs/execute/lttng</environment_variable>
                </process>
                <process>
                    <environment_variable encoding="STRING" key="SS_RUN_COMMAND_LD_PRELOAD" type="USE_TEXT">$SS_TC_DEPS/lib64/liblttng-stonesoup-java.so:$SS_TC_DEPS/lib64/liblttng-ust-fork.so</environment_variable>
                </process>
                <process>
                    <script background="false" encoding="STRING" type="USE_TEXT">mkdir -p $SS_TC_DEPS/var/run/lttng</script>
                </process>
                <process>
                    <script background="false" encoding="STRING" type="USE_TEXT">$SS_TC_DEPS/bin/lttng create &amp;&amp; $SS_TC_DEPS/bin/lttng enable-event -u -a &amp;&amp; $SS_TC_DEPS/bin/lttng start</script>
                </process>
                <process>
                    <script background="false" encoding="STRING" type="USE_TEXT">rm -rf $SS_TC_ROOT/lockDir</script>
                </process>
            </pre_processes>
            <run_command encoding="STRING" preprend_runcommand="true" type="USE_TEXT">org.apache.lucene.demo.SearchFiles -query microfilm -index $SS_TC_ROOT/$SS_TC_DATA/good-05/index/</run_command>
            <co_processes scheme="SEQUENCE">
                <process>
                    <script background="false" encoding="STRING" input_id="socket_Gu4GtrjGxgVYNbwKC9bA" type="USE_TEXT">/opt/stonesoup/workspace/scripts/service_mon.sh ss-localhost 8887 &amp;&amp; curl -v --data-urlencode data=&quot;/////etc/////passwd&quot; --header &quot;If-Match: weak_taint_source_value&quot; --request POST --no-buffer --output /opt/stonesoup/workspace/testData/logfile.txt --silent --show-error http://ss-localhost:8887</script>
                </process>
            </co_processes>
            <post_processes scheme="SEQUENCE">
                <process>
                    <script background="false" encoding="STRING" input_id="lttng_output_Scd3HyfCZfbT0sci7URb" type="USE_TEXT">$SS_TC_DEPS/bin/lttng stop &amp;&amp; $SS_TC_DEPS/bin/lttng view &amp;&amp; $SS_TC_DEPS/bin/lttng destroy</script>
                </process>
            </post_processes>
            <scoring_formula default="read_formula_5tx9O9B8vB">
                <formula name="read_formula_5tx9O9B8vB">weakness_started_PlQJ1sb7jXxrnLwAeahY AND ((NOT PERFORMER AND (etc_passwd_line_pattern_kwSLKvWEKy OR etc_passwd_root_user_OJzqrd4hIK OR etc_group_line_pattern_HulrRoyW64) AND NOT timeout_vysmCFJV5b) or (PERFORMER AND NOT ((etc_passwd_line_pattern_kwSLKvWEKy OR etc_passwd_root_user_OJzqrd4hIK OR etc_group_line_pattern_HulrRoyW64) OR timeout_vysmCFJV5b OR controlled_exit_6gYnZFS87m)))</formula>
                <formula name="no_weakness_started_formula_PxgNXNiP90">(NOT PERFORMER AND (etc_passwd_line_pattern_kwSLKvWEKy OR etc_passwd_root_user_OJzqrd4hIK OR etc_group_line_pattern_HulrRoyW64) AND NOT timeout_vysmCFJV5b) or (PERFORMER AND NOT ((etc_passwd_line_pattern_kwSLKvWEKy OR etc_passwd_root_user_OJzqrd4hIK OR etc_group_line_pattern_HulrRoyW64) OR timeout_vysmCFJV5b OR controlled_exit_6gYnZFS87m))</formula>
            </scoring_formula>
            <output_checks>
                <simple_check check_type="SPECIAL" encoding="STRING" name="timeout_vysmCFJV5b" type="USE_TEXT">DOES_NOT_RETURN</simple_check>
                <simple_check check_type="SPECIAL" encoding="STRING" name="controlled_exit_6gYnZFS87m" type="USE_TEXT">CONTROLLED_EXIT</simple_check>
                <simple_check check_type="SPECIAL" encoding="STRING" name="continued_execution_yyVsGhSLrR" type="USE_TEXT">CONTINUED_EXECUTION</simple_check>
                <compare_check check_type="REGEX" name="etc_passwd_line_pattern_kwSLKvWEKy">
                    <actual encoding="STRING" output_type="FILE_CONTENTS">logfile.txt</actual>
                    <expected encoding="STRING" type="USE_TEXT">.+:.+:[0-9]+:[0-9]+:.+:.+:.*</expected>
                </compare_check>
                <compare_check check_type="REGEX" name="etc_passwd_root_user_OJzqrd4hIK">
                    <actual encoding="STRING" output_type="FILE_CONTENTS">logfile.txt</actual>
                    <expected encoding="STRING" type="USE_TEXT">^root:.*</expected>
                </compare_check>
                <compare_check check_type="REGEX" name="etc_group_line_pattern_HulrRoyW64">
                    <actual encoding="STRING" output_type="FILE_CONTENTS">logfile.txt</actual>
                    <expected encoding="STRING" type="USE_TEXT">.+:x:[0-9]+:</expected>
                </compare_check>
                <compare_check check_type="CONTAINS" name="weakness_started_PlQJ1sb7jXxrnLwAeahY">
                    <actual encoding="STRING" input_id_ref="lttng_output_Scd3HyfCZfbT0sci7URb" output_type="STANDARD_OUT">None</actual>
                    <expected encoding="STRING" type="USE_TEXT">stonesoup_trace:weakness_start</expected>
                </compare_check>
            </output_checks>
        </iopair>
        <iopair name="J-C041A-LUCE-10-ST03-DT03-DF12-CF16-01-BAD-02" reset_scheme="NONE" timeout="300" type="BAD">
            <description>Environment variable defining test value.
</description>
            <technical_impact>READ_APPLICATION_DATA</technical_impact>
            <pre_processes scheme="SEQUENCE">
                <process>
                    <script background="false" encoding="STRING" type="USE_TEXT">printf '' | tee nginx_conf_env.txt</script>
                </process>
                <process>
                    <script background="false" encoding="STRING" type="USE_TEXT">mkdir $SS_TC_ROOT/logs/execute/lttng</script>
                </process>
                <process>
                    <environment_variable encoding="STRING" key="LTTNG_HOME" type="USE_TEXT">$SS_TC_ROOT/logs/execute/lttng</environment_variable>
                </process>
                <process>
                    <environment_variable encoding="STRING" key="SS_RUN_COMMAND_LD_PRELOAD" type="USE_TEXT">$SS_TC_DEPS/lib64/liblttng-stonesoup-java.so:$SS_TC_DEPS/lib64/liblttng-ust-fork.so</environment_variable>
                </process>
                <process>
                    <script background="false" encoding="STRING" type="USE_TEXT">mkdir -p $SS_TC_DEPS/var/run/lttng</script>
                </process>
                <process>
                    <script background="false" encoding="STRING" type="USE_TEXT">$SS_TC_DEPS/bin/lttng create &amp;&amp; $SS_TC_DEPS/bin/lttng enable-event -u -a &amp;&amp; $SS_TC_DEPS/bin/lttng start</script>
                </process>
                <process>
                    <script background="false" encoding="STRING" type="USE_TEXT">rm -rf $SS_TC_ROOT/lockDir</script>
                </process>
            </pre_processes>
            <run_command encoding="STRING" preprend_runcommand="true" type="USE_TEXT">org.apache.lucene.demo.IndexFiles -index $SS_TC_ROOT/$SS_TC_DATA/good-08-index -docs $SS_TC_ROOT/$SS_TC_DATA/good-08/</run_command>
            <co_processes scheme="SEQUENCE">
                <process>
                    <script background="false" encoding="STRING" input_id="socket_6qknP4iNRjxfuyFT7kip" type="USE_TEXT">/opt/stonesoup/workspace/scripts/service_mon.sh ss-localhost 8887 &amp;&amp; curl -v --data-urlencode data=&quot;/./etc/group&quot; --header &quot;If-Match: weak_taint_source_value&quot; --request POST --no-buffer --output /opt/stonesoup/workspace/testData/logfile.txt --silent --show-error http://ss-localhost:8887</script>
                </process>
            </co_processes>
            <post_processes scheme="SEQUENCE">
                <process>
                    <script background="false" encoding="STRING" input_id="lttng_output_Zud8AWGvj2J5KENga6Py" type="USE_TEXT">$SS_TC_DEPS/bin/lttng stop &amp;&amp; $SS_TC_DEPS/bin/lttng view &amp;&amp; $SS_TC_DEPS/bin/lttng destroy</script>
                </process>
            </post_processes>
            <scoring_formula default="read_formula_QuCC9K61i2">
                <formula name="read_formula_QuCC9K61i2">weakness_started_JqsztSfrEEeRREYZYQLR AND ((NOT PERFORMER AND (etc_passwd_line_pattern_Ly3ujxrLll OR etc_passwd_root_user_sjx3U2OzH4 OR etc_group_line_pattern_bBHyzurrNn) AND NOT timeout_lgeI4DXsb1) or (PERFORMER AND NOT ((etc_passwd_line_pattern_Ly3ujxrLll OR etc_passwd_root_user_sjx3U2OzH4 OR etc_group_line_pattern_bBHyzurrNn) OR timeout_lgeI4DXsb1 OR controlled_exit_YxW3vKkE5a)))</formula>
                <formula name="no_weakness_started_formula_YY33Ozw4c8">(NOT PERFORMER AND (etc_passwd_line_pattern_Ly3ujxrLll OR etc_passwd_root_user_sjx3U2OzH4 OR etc_group_line_pattern_bBHyzurrNn) AND NOT timeout_lgeI4DXsb1) or (PERFORMER AND NOT ((etc_passwd_line_pattern_Ly3ujxrLll OR etc_passwd_root_user_sjx3U2OzH4 OR etc_group_line_pattern_bBHyzurrNn) OR timeout_lgeI4DXsb1 OR controlled_exit_YxW3vKkE5a))</formula>
            </scoring_formula>
            <output_checks>
                <simple_check check_type="SPECIAL" encoding="STRING" name="timeout_lgeI4DXsb1" type="USE_TEXT">DOES_NOT_RETURN</simple_check>
                <simple_check check_type="SPECIAL" encoding="STRING" name="controlled_exit_YxW3vKkE5a" type="USE_TEXT">CONTROLLED_EXIT</simple_check>
                <simple_check check_type="SPECIAL" encoding="STRING" name="continued_execution_Y1Yjo92KBQ" type="USE_TEXT">CONTINUED_EXECUTION</simple_check>
                <compare_check check_type="REGEX" name="etc_passwd_line_pattern_Ly3ujxrLll">
                    <actual encoding="STRING" output_type="FILE_CONTENTS">logfile.txt</actual>
                    <expected encoding="STRING" type="USE_TEXT">.+:.+:[0-9]+:[0-9]+:.+:.+:.*</expected>
                </compare_check>
                <compare_check check_type="REGEX" name="etc_passwd_root_user_sjx3U2OzH4">
                    <actual encoding="STRING" output_type="FILE_CONTENTS">logfile.txt</actual>
                    <expected encoding="STRING" type="USE_TEXT">^root:.*</expected>
                </compare_check>
                <compare_check check_type="REGEX" name="etc_group_line_pattern_bBHyzurrNn">
                    <actual encoding="STRING" output_type="FILE_CONTENTS">logfile.txt</actual>
                    <expected encoding="STRING" type="USE_TEXT">.+:x:[0-9]+:</expected>
                </compare_check>
                <compare_check check_type="CONTAINS" name="weakness_started_JqsztSfrEEeRREYZYQLR">
                    <actual encoding="STRING" input_id_ref="lttng_output_Zud8AWGvj2J5KENga6Py" output_type="STANDARD_OUT">None</actual>
                    <expected encoding="STRING" type="USE_TEXT">stonesoup_trace:weakness_start</expected>
                </compare_check>
            </output_checks>
        </iopair>
    </iopairs>
</project>
