<?xml version="1.0" encoding="utf-8"?>
<project base_program="C-WIRE" language="C" name="C-C089A-WIRE-04-ST03-DT04-DF06-CF23-01" targeted_architecture="ANY" targeted_os="LINUX" test_case_type="ALL" xmlns="urn:stonesoup:project">
    <description>Creating test case using base program.
Added a Socket Server to accept communication from untrusted source.
Completed injection.
</description>
    <additional_information>
        <keyvalue key="algorithmic_variant_name">UNSPECIFIED</keyvalue>
        <keyvalue key="root_cause">UNSPECIFIED</keyvalue>
    </additional_information>
    <structure install="install" iodata="testData" scoredata="testOutput" scripts="scripts" source="src"/>
    <run_command>$SS_TC_ROOT/$SS_TC_INSTALL/bin/wireshark $SS_TC_ROOT/testData/input.pcap</run_command>
    <weakness generation_method="FAULT_INJECTED">
        <variant cwe="CWE-89" name="CWE-89-A"/>
        <features>
            <taint_source file_name="/ui/gtk/main_filter_toolbar.c" line_number="0" type="SOCKET">
                <method name="stonesoup_handle_taint"/>
            </taint_source>
            <data_type file_name="/ui/gtk/main_filter_toolbar.c" line_number="0" type="HEAP_POINTER">
                <method name="stonesoup_handle_taint"/>
            </data_type>
            <data_flow file_name="/ui/gtk/main_filter_toolbar.c" line_number="0" type="ADDRESS_AS_FUNCTION_RETURN_VALUE">
                <method name="stonesoup_handle_taint"/>
            </data_flow>
            <control_flow file_name="/ui/gtk/main_filter_toolbar.c" line_number="0" type="SET_JUMP_LONG_JUMP">
                <method name="stonesoup_handle_taint"/>
            </control_flow>
        </features>
    </weakness>
    <build_commands cppflags="-DSTONESOUP_TRACE=1" libs="-lpthread -lmysqlclient -l:libmongoose.so.1 -lssl -ldl">
        <command>./configure --prefix=&quot;$SS_TC_ROOT/$SS_TC_INSTALL&quot; --enable-wireshark --with-gtk3=yes --without-lua --without-qt --with-gcrypt --with-gnutls --with-libsmi --with-pcap --with-zlib --without-portaudio --without-libcap --without-krb5 --with-cres --with-adns --with-geoip</command>
        <command>make V=1 CC=&quot;$SS_CC&quot;</command>
        <command>make install V=1</command>
    </build_commands>
    <iopairs>
        <iopair name="C-C089A-WIRE-04-ST03-DT04-DF06-CF23-01-GOOD-01" reset_scheme="NONE" timeout="120" type="GOOD">
            <description>Open saved .pcap file
Good inputs: 1) name of country for use in Sql databaseBad inputs:1) SQL argument injection 2) SQL command injection 

</description>
            <technical_impact>NONE</technical_impact>
            <pre_processes scheme="SEQUENCE">
                <process>
                    <script background="false" encoding="STRING" type="USE_TEXT">printf 'env SS_DBMYSQLDATABASE;\n' | tee nginx_conf_env.txt</script>
                </process>
                <process delay_after="0" delay_before="0">
                    <script background="false" encoding="STRING" type="USE_TEXT">$SS_TC_ROOT/scripts/restart_dm.sh</script>
                </process>
                <process>
                    <database database_name="northwind_awyufaoibxitxllv" database_type="MYSQL" encoding="STRING" server="ss-db-mysql" type="USE_FILE_CONTENTS">/opt/stonesoup/workspace/scripts/northwind_create_northwind_awyufaoibxitxllv.sql</database>
                </process>
                <process>
                    <environment_variable encoding="STRING" key="SS_DBMYSQLDATABASE" type="USE_TEXT">northwind_awyufaoibxitxllv</environment_variable>
                </process>
                <process>
                    <script background="false" encoding="STRING" type="USE_TEXT">mkdir $SS_TC_ROOT/logs/execute/lttng</script>
                </process>
                <process>
                    <environment_variable encoding="STRING" key="LTTNG_HOME" type="USE_TEXT">$SS_TC_ROOT/logs/execute/lttng</environment_variable>
                </process>
                <process>
                    <environment_variable encoding="STRING" key="SS_RUN_COMMAND_LD_PRELOAD" type="USE_TEXT">$SS_TC_DEPS/lib64/liblttng-stonesoup-c.so:$SS_TC_DEPS/lib64/liblttng-ust-fork.so</environment_variable>
                </process>
                <process>
                    <script background="false" encoding="STRING" type="USE_TEXT">mkdir -p $SS_TC_DEPS/var/run/lttng</script>
                </process>
                <process>
                    <script background="false" encoding="STRING" type="USE_TEXT">$SS_TC_DEPS/bin/lttng create &amp;&amp; $SS_TC_DEPS/bin/lttng enable-event -u -a &amp;&amp; $SS_TC_DEPS/bin/lttng start</script>
                </process>
                <process>
                    <script background="false" encoding="STRING" type="USE_TEXT">rm -rf $SS_TC_ROOT/lockDir</script>
                </process>
                <process>
                    <script background="false" encoding="STRING" type="USE_TEXT">sleep 2 &amp;&amp; printf &quot;Sleeping to allow DB to be created.&quot;</script>
                </process>
            </pre_processes>
            <run_command encoding="STRING" preprend_runcommand="true" type="USE_TEXT"></run_command>
            <co_processes scheme="PARALLEL">
                <process_group scheme="SEQUENCE">
                    <process delay_after="0" delay_before="0">
                        <script background="false" encoding="STRING" input_id="SIKULI-GOOD-01" type="USE_TEXT">$SS_TC_DEPS/bin/run-sikuli.sh &quot;$SS_TC_ROOT/testData/good-01/WIRESHARK-GOOD-01.sikuli --args $SS_USER_DELAY&quot;
                    </script>
                    </process>
                </process_group>
                <process_group scheme="SEQUENCE">
                    <process>
                        <script background="false" encoding="STRING" input_id="socket_o7h0fp0n47" type="USE_TEXT">/opt/stonesoup/workspace/scripts/service_mon.sh ss-localhost 8887 &amp;&amp; curl -v --data-urlencode data=&quot;USA&quot; --header &quot;If-Match: weak_taint_source_value&quot; --request POST --no-buffer --output /opt/stonesoup/workspace/testData/logfile.txt --silent --show-error http://ss-localhost:8887</script>
                    </process>
                </process_group>
            </co_processes>
            <post_processes scheme="SEQUENCE">
                <process>
                    <database database_name="northwind_awyufaoibxitxllv" database_type="MYSQL" encoding="STRING" server="ss-db-mysql" type="USE_TEXT">DROP DATABASE IF EXISTS $SS_DBMYSQLDATABASE;</database>
                </process>
                <process>
                    <script background="false" encoding="STRING" input_id="lttng_output_LW2dpNSivH" type="USE_TEXT">$SS_TC_DEPS/bin/lttng stop &amp;&amp; $SS_TC_DEPS/bin/lttng view &amp;&amp; $SS_TC_DEPS/bin/lttng destroy</script>
                </process>
            </post_processes>
            <scoring_formula default="GOOD-01-Default">
                <formula name="GOOD-01-Default">GOOD-01 AND NOT TIMEOUT AND NOT CONTROLLED_EXIT</formula>
            </scoring_formula>
            <output_checks>
                <compare_check check_type="CONTAINS" name="GOOD-01">
                    <actual encoding="STRING" input_id_ref="SIKULI-GOOD-01" output_type="STANDARD_OUT"></actual>
                    <expected encoding="STRING" type="USE_FILE_CONTENTS">good-01/output.txt</expected>
                </compare_check>
                <simple_check check_type="SPECIAL" encoding="STRING" name="TIMEOUT" type="USE_TEXT">DOES_NOT_RETURN</simple_check>
                <simple_check check_type="SPECIAL" encoding="STRING" name="CONTROLLED_EXIT" type="USE_TEXT">CONTROLLED_EXIT</simple_check>
            </output_checks>
        </iopair>
        <iopair name="C-C089A-WIRE-04-ST03-DT04-DF06-CF23-01-GOOD-02" reset_scheme="NONE" timeout="120" type="GOOD">
            <description>export first 50 packets from saved pcap, run md5sum on newly created pcap
Good inputs: 1) name of country for use in Sql databaseBad inputs:1) SQL argument injection 2) SQL command injection 

</description>
            <technical_impact>NONE</technical_impact>
            <pre_processes scheme="SEQUENCE">
                <process>
                    <script background="false" encoding="STRING" type="USE_TEXT">printf 'env SS_DBMYSQLDATABASE;\n' | tee nginx_conf_env.txt</script>
                </process>
                <process delay_after="0" delay_before="0">
                    <script background="false" encoding="STRING" type="USE_TEXT">$SS_TC_ROOT/scripts/restart_dm.sh</script>
                </process>
                <process>
                    <database database_name="northwind_spwlgyjgceiaalyf" database_type="MYSQL" encoding="STRING" server="ss-db-mysql" type="USE_FILE_CONTENTS">/opt/stonesoup/workspace/scripts/northwind_create_northwind_spwlgyjgceiaalyf.sql</database>
                </process>
                <process>
                    <environment_variable encoding="STRING" key="SS_DBMYSQLDATABASE" type="USE_TEXT">northwind_spwlgyjgceiaalyf</environment_variable>
                </process>
                <process>
                    <script background="false" encoding="STRING" type="USE_TEXT">mkdir $SS_TC_ROOT/logs/execute/lttng</script>
                </process>
                <process>
                    <environment_variable encoding="STRING" key="LTTNG_HOME" type="USE_TEXT">$SS_TC_ROOT/logs/execute/lttng</environment_variable>
                </process>
                <process>
                    <environment_variable encoding="STRING" key="SS_RUN_COMMAND_LD_PRELOAD" type="USE_TEXT">$SS_TC_DEPS/lib64/liblttng-stonesoup-c.so:$SS_TC_DEPS/lib64/liblttng-ust-fork.so</environment_variable>
                </process>
                <process>
                    <script background="false" encoding="STRING" type="USE_TEXT">mkdir -p $SS_TC_DEPS/var/run/lttng</script>
                </process>
                <process>
                    <script background="false" encoding="STRING" type="USE_TEXT">$SS_TC_DEPS/bin/lttng create &amp;&amp; $SS_TC_DEPS/bin/lttng enable-event -u -a &amp;&amp; $SS_TC_DEPS/bin/lttng start</script>
                </process>
                <process>
                    <script background="false" encoding="STRING" type="USE_TEXT">rm -rf $SS_TC_ROOT/lockDir</script>
                </process>
                <process>
                    <script background="false" encoding="STRING" type="USE_TEXT">sleep 2 &amp;&amp; printf &quot;Sleeping to allow DB to be created.&quot;</script>
                </process>
            </pre_processes>
            <run_command encoding="STRING" preprend_runcommand="true" type="USE_TEXT"></run_command>
            <co_processes scheme="PARALLEL">
                <process_group scheme="SEQUENCE">
                    <process delay_after="0" delay_before="0">
                        <script background="false" encoding="STRING" input_id="SIKULI-GOOD-02" type="USE_TEXT">$SS_TC_DEPS/bin/run-sikuli.sh &quot;$SS_TC_ROOT/testData/good-02/WIRESHARK-GOOD-02.sikuli --args $SS_USER_DELAY&quot;
                    </script>
                    </process>
                </process_group>
                <process_group scheme="SEQUENCE">
                    <process>
                        <script background="false" encoding="STRING" input_id="socket_ujbXvRdASi" type="USE_TEXT">/opt/stonesoup/workspace/scripts/service_mon.sh ss-localhost 8887 &amp;&amp; curl -v --data-urlencode data=&quot;Germany&quot; --header &quot;If-Match: weak_taint_source_value&quot; --request POST --no-buffer --output /opt/stonesoup/workspace/testData/logfile.txt --silent --show-error http://ss-localhost:8887</script>
                    </process>
                </process_group>
            </co_processes>
            <post_processes scheme="SEQUENCE">
                <process delay_after="0" delay_before="0">
                    <script background="false" encoding="STRING" input_id="HASH-OUTPUT" type="USE_TEXT">md5sum $SS_TC_ROOT/testOutput/good-02/output.pcap
                    </script>
                </process>
                <process>
                    <database database_name="northwind_spwlgyjgceiaalyf" database_type="MYSQL" encoding="STRING" server="ss-db-mysql" type="USE_TEXT">DROP DATABASE IF EXISTS $SS_DBMYSQLDATABASE;</database>
                </process>
                <process>
                    <script background="false" encoding="STRING" input_id="lttng_output_Lu1WNKWsdo" type="USE_TEXT">$SS_TC_DEPS/bin/lttng stop &amp;&amp; $SS_TC_DEPS/bin/lttng view &amp;&amp; $SS_TC_DEPS/bin/lttng destroy</script>
                </process>
            </post_processes>
            <scoring_formula default="GOOD-02-Default">
                <formula name="GOOD-02-Default">GOOD-02 AND NOT TIMEOUT AND NOT CONTROLLED_EXIT</formula>
            </scoring_formula>
            <output_checks>
                <compare_check check_type="CONTAINS" name="GOOD-02">
                    <actual encoding="STRING" input_id_ref="HASH-OUTPUT" output_type="STANDARD_OUT"></actual>
                    <expected encoding="STRING" type="USE_FILE_CONTENTS">good-02/output.txt</expected>
                </compare_check>
                <simple_check check_type="SPECIAL" encoding="STRING" name="TIMEOUT" type="USE_TEXT">DOES_NOT_RETURN</simple_check>
                <simple_check check_type="SPECIAL" encoding="STRING" name="CONTROLLED_EXIT" type="USE_TEXT">CONTROLLED_EXIT</simple_check>
            </output_checks>
        </iopair>
        <iopair name="C-C089A-WIRE-04-ST03-DT04-DF06-CF23-01-GOOD-03" reset_scheme="NONE" timeout="120" type="GOOD">
            <description>jump to packet 10
Good inputs: 1) name of country for use in Sql databaseBad inputs:1) SQL argument injection 2) SQL command injection 

</description>
            <technical_impact>NONE</technical_impact>
            <pre_processes scheme="SEQUENCE">
                <process>
                    <script background="false" encoding="STRING" type="USE_TEXT">printf 'env SS_DBMYSQLDATABASE;\n' | tee nginx_conf_env.txt</script>
                </process>
                <process delay_after="0" delay_before="0">
                    <script background="false" encoding="STRING" type="USE_TEXT">$SS_TC_ROOT/scripts/restart_dm.sh</script>
                </process>
                <process>
                    <database database_name="northwind_zqohicjfphwmvzlg" database_type="MYSQL" encoding="STRING" server="ss-db-mysql" type="USE_FILE_CONTENTS">/opt/stonesoup/workspace/scripts/northwind_create_northwind_zqohicjfphwmvzlg.sql</database>
                </process>
                <process>
                    <environment_variable encoding="STRING" key="SS_DBMYSQLDATABASE" type="USE_TEXT">northwind_zqohicjfphwmvzlg</environment_variable>
                </process>
                <process>
                    <script background="false" encoding="STRING" type="USE_TEXT">mkdir $SS_TC_ROOT/logs/execute/lttng</script>
                </process>
                <process>
                    <environment_variable encoding="STRING" key="LTTNG_HOME" type="USE_TEXT">$SS_TC_ROOT/logs/execute/lttng</environment_variable>
                </process>
                <process>
                    <environment_variable encoding="STRING" key="SS_RUN_COMMAND_LD_PRELOAD" type="USE_TEXT">$SS_TC_DEPS/lib64/liblttng-stonesoup-c.so:$SS_TC_DEPS/lib64/liblttng-ust-fork.so</environment_variable>
                </process>
                <process>
                    <script background="false" encoding="STRING" type="USE_TEXT">mkdir -p $SS_TC_DEPS/var/run/lttng</script>
                </process>
                <process>
                    <script background="false" encoding="STRING" type="USE_TEXT">$SS_TC_DEPS/bin/lttng create &amp;&amp; $SS_TC_DEPS/bin/lttng enable-event -u -a &amp;&amp; $SS_TC_DEPS/bin/lttng start</script>
                </process>
                <process>
                    <script background="false" encoding="STRING" type="USE_TEXT">rm -rf $SS_TC_ROOT/lockDir</script>
                </process>
                <process>
                    <script background="false" encoding="STRING" type="USE_TEXT">sleep 2 &amp;&amp; printf &quot;Sleeping to allow DB to be created.&quot;</script>
                </process>
            </pre_processes>
            <run_command encoding="STRING" preprend_runcommand="true" type="USE_TEXT"></run_command>
            <co_processes scheme="PARALLEL">
                <process_group scheme="SEQUENCE">
                    <process delay_after="0" delay_before="0">
                        <script background="false" encoding="STRING" input_id="SIKULI-GOOD-03" type="USE_TEXT">$SS_TC_DEPS/bin/run-sikuli.sh &quot;$SS_TC_ROOT/testData/good-03/WIRESHARK-GOOD-03.sikuli --args $SS_USER_DELAY&quot;
                    </script>
                    </process>
                </process_group>
                <process_group scheme="SEQUENCE">
                    <process>
                        <script background="false" encoding="STRING" input_id="socket_SiN67e3a1b" type="USE_TEXT">/opt/stonesoup/workspace/scripts/service_mon.sh ss-localhost 8887 &amp;&amp; curl -v --data-urlencode data=&quot;Finland&quot; --header &quot;If-Match: weak_taint_source_value&quot; --request POST --no-buffer --output /opt/stonesoup/workspace/testData/logfile.txt --silent --show-error http://ss-localhost:8887</script>
                    </process>
                </process_group>
            </co_processes>
            <post_processes scheme="SEQUENCE">
                <process>
                    <database database_name="northwind_zqohicjfphwmvzlg" database_type="MYSQL" encoding="STRING" server="ss-db-mysql" type="USE_TEXT">DROP DATABASE IF EXISTS $SS_DBMYSQLDATABASE;</database>
                </process>
                <process>
                    <script background="false" encoding="STRING" input_id="lttng_output_XfE3SLlL2M" type="USE_TEXT">$SS_TC_DEPS/bin/lttng stop &amp;&amp; $SS_TC_DEPS/bin/lttng view &amp;&amp; $SS_TC_DEPS/bin/lttng destroy</script>
                </process>
            </post_processes>
            <scoring_formula default="GOOD-03-Default">
                <formula name="GOOD-03-Default">GOOD-03 AND NOT TIMEOUT AND NOT CONTROLLED_EXIT</formula>
            </scoring_formula>
            <output_checks>
                <compare_check check_type="CONTAINS" name="GOOD-03">
                    <actual encoding="STRING" input_id_ref="SIKULI-GOOD-03" output_type="STANDARD_OUT"></actual>
                    <expected encoding="STRING" type="USE_FILE_CONTENTS">good-03/output.txt</expected>
                </compare_check>
                <simple_check check_type="SPECIAL" encoding="STRING" name="TIMEOUT" type="USE_TEXT">DOES_NOT_RETURN</simple_check>
                <simple_check check_type="SPECIAL" encoding="STRING" name="CONTROLLED_EXIT" type="USE_TEXT">CONTROLLED_EXIT</simple_check>
            </output_checks>
        </iopair>
        <iopair name="C-C089A-WIRE-04-ST03-DT04-DF06-CF23-01-GOOD-04" reset_scheme="NONE" timeout="120" type="GOOD">
            <description>open statistical summary
Good inputs: 1) name of country for use in Sql databaseBad inputs:1) SQL argument injection 2) SQL command injection 

</description>
            <technical_impact>NONE</technical_impact>
            <pre_processes scheme="SEQUENCE">
                <process>
                    <script background="false" encoding="STRING" type="USE_TEXT">printf 'env SS_DBMYSQLDATABASE;\n' | tee nginx_conf_env.txt</script>
                </process>
                <process delay_after="0" delay_before="0">
                    <script background="false" encoding="STRING" type="USE_TEXT">$SS_TC_ROOT/scripts/restart_dm.sh</script>
                </process>
                <process>
                    <database database_name="northwind_ytmmgnyizvubybpx" database_type="MYSQL" encoding="STRING" server="ss-db-mysql" type="USE_FILE_CONTENTS">/opt/stonesoup/workspace/scripts/northwind_create_northwind_ytmmgnyizvubybpx.sql</database>
                </process>
                <process>
                    <environment_variable encoding="STRING" key="SS_DBMYSQLDATABASE" type="USE_TEXT">northwind_ytmmgnyizvubybpx</environment_variable>
                </process>
                <process>
                    <script background="false" encoding="STRING" type="USE_TEXT">mkdir $SS_TC_ROOT/logs/execute/lttng</script>
                </process>
                <process>
                    <environment_variable encoding="STRING" key="LTTNG_HOME" type="USE_TEXT">$SS_TC_ROOT/logs/execute/lttng</environment_variable>
                </process>
                <process>
                    <environment_variable encoding="STRING" key="SS_RUN_COMMAND_LD_PRELOAD" type="USE_TEXT">$SS_TC_DEPS/lib64/liblttng-stonesoup-c.so:$SS_TC_DEPS/lib64/liblttng-ust-fork.so</environment_variable>
                </process>
                <process>
                    <script background="false" encoding="STRING" type="USE_TEXT">mkdir -p $SS_TC_DEPS/var/run/lttng</script>
                </process>
                <process>
                    <script background="false" encoding="STRING" type="USE_TEXT">$SS_TC_DEPS/bin/lttng create &amp;&amp; $SS_TC_DEPS/bin/lttng enable-event -u -a &amp;&amp; $SS_TC_DEPS/bin/lttng start</script>
                </process>
                <process>
                    <script background="false" encoding="STRING" type="USE_TEXT">rm -rf $SS_TC_ROOT/lockDir</script>
                </process>
                <process>
                    <script background="false" encoding="STRING" type="USE_TEXT">sleep 2 &amp;&amp; printf &quot;Sleeping to allow DB to be created.&quot;</script>
                </process>
            </pre_processes>
            <run_command encoding="STRING" preprend_runcommand="true" type="USE_TEXT"></run_command>
            <co_processes scheme="PARALLEL">
                <process_group scheme="SEQUENCE">
                    <process delay_after="0" delay_before="0">
                        <script background="false" encoding="STRING" input_id="SIKULI-GOOD-04" type="USE_TEXT">$SS_TC_DEPS/bin/run-sikuli.sh -d &quot;$SS_TC_ROOT/testData/good-04/WIRESHARK-GOOD-04.sikuli --args $SS_USER_DELAY&quot;
                    </script>
                    </process>
                </process_group>
                <process_group scheme="SEQUENCE">
                    <process>
                        <script background="false" encoding="STRING" input_id="socket_hVDu1n7tMP" type="USE_TEXT">/opt/stonesoup/workspace/scripts/service_mon.sh ss-localhost 8887 &amp;&amp; curl -v --data-urlencode data=&quot;USA&quot; --header &quot;If-Match: weak_taint_source_value&quot; --request POST --no-buffer --output /opt/stonesoup/workspace/testData/logfile.txt --silent --show-error http://ss-localhost:8887</script>
                    </process>
                </process_group>
            </co_processes>
            <post_processes scheme="SEQUENCE">
                <process>
                    <database database_name="northwind_ytmmgnyizvubybpx" database_type="MYSQL" encoding="STRING" server="ss-db-mysql" type="USE_TEXT">DROP DATABASE IF EXISTS $SS_DBMYSQLDATABASE;</database>
                </process>
                <process>
                    <script background="false" encoding="STRING" input_id="lttng_output_n5w5ALpn1r" type="USE_TEXT">$SS_TC_DEPS/bin/lttng stop &amp;&amp; $SS_TC_DEPS/bin/lttng view &amp;&amp; $SS_TC_DEPS/bin/lttng destroy</script>
                </process>
            </post_processes>
            <scoring_formula default="GOOD-04-Default">
                <formula name="GOOD-04-Default">GOOD-04 AND NOT TIMEOUT AND NOT CONTROLLED_EXIT</formula>
            </scoring_formula>
            <output_checks>
                <compare_check check_type="CONTAINS" name="GOOD-04">
                    <actual encoding="STRING" input_id_ref="SIKULI-GOOD-04" output_type="STANDARD_OUT"></actual>
                    <expected encoding="STRING" type="USE_FILE_CONTENTS">good-04/output.txt</expected>
                </compare_check>
                <simple_check check_type="SPECIAL" encoding="STRING" name="TIMEOUT" type="USE_TEXT">DOES_NOT_RETURN</simple_check>
                <simple_check check_type="SPECIAL" encoding="STRING" name="CONTROLLED_EXIT" type="USE_TEXT">CONTROLLED_EXIT</simple_check>
            </output_checks>
        </iopair>
        <iopair name="C-C089A-WIRE-04-ST03-DT04-DF06-CF23-01-GOOD-05" reset_scheme="NONE" timeout="120" type="GOOD">
            <description>open protocol hierarchy
Good inputs: 1) name of country for use in Sql databaseBad inputs:1) SQL argument injection 2) SQL command injection 

</description>
            <technical_impact>NONE</technical_impact>
            <pre_processes scheme="SEQUENCE">
                <process>
                    <script background="false" encoding="STRING" type="USE_TEXT">printf 'env SS_DBMYSQLDATABASE;\n' | tee nginx_conf_env.txt</script>
                </process>
                <process delay_after="0" delay_before="0">
                    <script background="false" encoding="STRING" type="USE_TEXT">$SS_TC_ROOT/scripts/restart_dm.sh</script>
                </process>
                <process>
                    <database database_name="northwind_ncbdaexpztvcthht" database_type="MYSQL" encoding="STRING" server="ss-db-mysql" type="USE_FILE_CONTENTS">/opt/stonesoup/workspace/scripts/northwind_create_northwind_ncbdaexpztvcthht.sql</database>
                </process>
                <process>
                    <environment_variable encoding="STRING" key="SS_DBMYSQLDATABASE" type="USE_TEXT">northwind_ncbdaexpztvcthht</environment_variable>
                </process>
                <process>
                    <script background="false" encoding="STRING" type="USE_TEXT">mkdir $SS_TC_ROOT/logs/execute/lttng</script>
                </process>
                <process>
                    <environment_variable encoding="STRING" key="LTTNG_HOME" type="USE_TEXT">$SS_TC_ROOT/logs/execute/lttng</environment_variable>
                </process>
                <process>
                    <environment_variable encoding="STRING" key="SS_RUN_COMMAND_LD_PRELOAD" type="USE_TEXT">$SS_TC_DEPS/lib64/liblttng-stonesoup-c.so:$SS_TC_DEPS/lib64/liblttng-ust-fork.so</environment_variable>
                </process>
                <process>
                    <script background="false" encoding="STRING" type="USE_TEXT">mkdir -p $SS_TC_DEPS/var/run/lttng</script>
                </process>
                <process>
                    <script background="false" encoding="STRING" type="USE_TEXT">$SS_TC_DEPS/bin/lttng create &amp;&amp; $SS_TC_DEPS/bin/lttng enable-event -u -a &amp;&amp; $SS_TC_DEPS/bin/lttng start</script>
                </process>
                <process>
                    <script background="false" encoding="STRING" type="USE_TEXT">rm -rf $SS_TC_ROOT/lockDir</script>
                </process>
                <process>
                    <script background="false" encoding="STRING" type="USE_TEXT">sleep 2 &amp;&amp; printf &quot;Sleeping to allow DB to be created.&quot;</script>
                </process>
            </pre_processes>
            <run_command encoding="STRING" preprend_runcommand="true" type="USE_TEXT"></run_command>
            <co_processes scheme="PARALLEL">
                <process_group scheme="SEQUENCE">
                    <process delay_after="0" delay_before="0">
                        <script background="false" encoding="STRING" input_id="SIKULI-GOOD-05" type="USE_TEXT">$SS_TC_DEPS/bin/run-sikuli.sh -d &quot;$SS_TC_ROOT/testData/good-05/WIRESHARK-GOOD-05.sikuli --args $SS_USER_DELAY&quot;
                    </script>
                    </process>
                </process_group>
                <process_group scheme="SEQUENCE">
                    <process>
                        <script background="false" encoding="STRING" input_id="socket_j7Vtpjeq1e" type="USE_TEXT">/opt/stonesoup/workspace/scripts/service_mon.sh ss-localhost 8887 &amp;&amp; curl -v --data-urlencode data=&quot;Germany&quot; --header &quot;If-Match: weak_taint_source_value&quot; --request POST --no-buffer --output /opt/stonesoup/workspace/testData/logfile.txt --silent --show-error http://ss-localhost:8887</script>
                    </process>
                </process_group>
            </co_processes>
            <post_processes scheme="SEQUENCE">
                <process>
                    <database database_name="northwind_ncbdaexpztvcthht" database_type="MYSQL" encoding="STRING" server="ss-db-mysql" type="USE_TEXT">DROP DATABASE IF EXISTS $SS_DBMYSQLDATABASE;</database>
                </process>
                <process>
                    <script background="false" encoding="STRING" input_id="lttng_output_GfoUW9Mz8y" type="USE_TEXT">$SS_TC_DEPS/bin/lttng stop &amp;&amp; $SS_TC_DEPS/bin/lttng view &amp;&amp; $SS_TC_DEPS/bin/lttng destroy</script>
                </process>
            </post_processes>
            <scoring_formula default="GOOD-05-Default">
                <formula name="GOOD-05-Default">GOOD-05 AND NOT TIMEOUT AND NOT CONTROLLED_EXIT</formula>
            </scoring_formula>
            <output_checks>
                <compare_check check_type="CONTAINS" name="GOOD-05">
                    <actual encoding="STRING" input_id_ref="SIKULI-GOOD-05" output_type="STANDARD_OUT"></actual>
                    <expected encoding="STRING" type="USE_FILE_CONTENTS">good-05/output.txt</expected>
                </compare_check>
                <simple_check check_type="SPECIAL" encoding="STRING" name="TIMEOUT" type="USE_TEXT">DOES_NOT_RETURN</simple_check>
                <simple_check check_type="SPECIAL" encoding="STRING" name="CONTROLLED_EXIT" type="USE_TEXT">CONTROLLED_EXIT</simple_check>
            </output_checks>
        </iopair>
        <iopair name="C-C089A-WIRE-04-ST03-DT04-DF06-CF23-01-GOOD-06" reset_scheme="NONE" timeout="120" type="GOOD">
            <description>follow a tcp stream
Good inputs: 1) name of country for use in Sql databaseBad inputs:1) SQL argument injection 2) SQL command injection 

</description>
            <technical_impact>NONE</technical_impact>
            <pre_processes scheme="SEQUENCE">
                <process>
                    <script background="false" encoding="STRING" type="USE_TEXT">printf 'env SS_DBMYSQLDATABASE;\n' | tee nginx_conf_env.txt</script>
                </process>
                <process delay_after="0" delay_before="0">
                    <script background="false" encoding="STRING" type="USE_TEXT">$SS_TC_ROOT/scripts/restart_dm.sh</script>
                </process>
                <process>
                    <database database_name="northwind_vvwkvlnypzxnwtws" database_type="MYSQL" encoding="STRING" server="ss-db-mysql" type="USE_FILE_CONTENTS">/opt/stonesoup/workspace/scripts/northwind_create_northwind_vvwkvlnypzxnwtws.sql</database>
                </process>
                <process>
                    <environment_variable encoding="STRING" key="SS_DBMYSQLDATABASE" type="USE_TEXT">northwind_vvwkvlnypzxnwtws</environment_variable>
                </process>
                <process>
                    <script background="false" encoding="STRING" type="USE_TEXT">mkdir $SS_TC_ROOT/logs/execute/lttng</script>
                </process>
                <process>
                    <environment_variable encoding="STRING" key="LTTNG_HOME" type="USE_TEXT">$SS_TC_ROOT/logs/execute/lttng</environment_variable>
                </process>
                <process>
                    <environment_variable encoding="STRING" key="SS_RUN_COMMAND_LD_PRELOAD" type="USE_TEXT">$SS_TC_DEPS/lib64/liblttng-stonesoup-c.so:$SS_TC_DEPS/lib64/liblttng-ust-fork.so</environment_variable>
                </process>
                <process>
                    <script background="false" encoding="STRING" type="USE_TEXT">mkdir -p $SS_TC_DEPS/var/run/lttng</script>
                </process>
                <process>
                    <script background="false" encoding="STRING" type="USE_TEXT">$SS_TC_DEPS/bin/lttng create &amp;&amp; $SS_TC_DEPS/bin/lttng enable-event -u -a &amp;&amp; $SS_TC_DEPS/bin/lttng start</script>
                </process>
                <process>
                    <script background="false" encoding="STRING" type="USE_TEXT">rm -rf $SS_TC_ROOT/lockDir</script>
                </process>
                <process>
                    <script background="false" encoding="STRING" type="USE_TEXT">sleep 2 &amp;&amp; printf &quot;Sleeping to allow DB to be created.&quot;</script>
                </process>
            </pre_processes>
            <run_command encoding="STRING" preprend_runcommand="true" type="USE_TEXT"></run_command>
            <co_processes scheme="PARALLEL">
                <process_group scheme="SEQUENCE">
                    <process delay_after="0" delay_before="0">
                        <script background="false" encoding="STRING" input_id="SIKULI-GOOD-06" type="USE_TEXT">$SS_TC_DEPS/bin/run-sikuli.sh &quot;$SS_TC_ROOT/testData/good-06/WIRESHARK-GOOD-06.sikuli --args $SS_USER_DELAY&quot;
                    </script>
                    </process>
                </process_group>
                <process_group scheme="SEQUENCE">
                    <process>
                        <script background="false" encoding="STRING" input_id="socket_NFfmhieaja" type="USE_TEXT">/opt/stonesoup/workspace/scripts/service_mon.sh ss-localhost 8887 &amp;&amp; curl -v --data-urlencode data=&quot;Finland&quot; --header &quot;If-Match: weak_taint_source_value&quot; --request POST --no-buffer --output /opt/stonesoup/workspace/testData/logfile.txt --silent --show-error http://ss-localhost:8887</script>
                    </process>
                </process_group>
            </co_processes>
            <post_processes scheme="SEQUENCE">
                <process>
                    <database database_name="northwind_vvwkvlnypzxnwtws" database_type="MYSQL" encoding="STRING" server="ss-db-mysql" type="USE_TEXT">DROP DATABASE IF EXISTS $SS_DBMYSQLDATABASE;</database>
                </process>
                <process>
                    <script background="false" encoding="STRING" input_id="lttng_output_xx6zbnfAbr" type="USE_TEXT">$SS_TC_DEPS/bin/lttng stop &amp;&amp; $SS_TC_DEPS/bin/lttng view &amp;&amp; $SS_TC_DEPS/bin/lttng destroy</script>
                </process>
            </post_processes>
            <scoring_formula default="GOOD-06-Default">
                <formula name="GOOD-06-Default">GOOD-06 AND NOT TIMEOUT AND NOT CONTROLLED_EXIT</formula>
            </scoring_formula>
            <output_checks>
                <compare_check check_type="CONTAINS" name="GOOD-06">
                    <actual encoding="STRING" input_id_ref="SIKULI-GOOD-06" output_type="STANDARD_OUT"></actual>
                    <expected encoding="STRING" type="USE_FILE_CONTENTS">good-06/output.txt</expected>
                </compare_check>
                <simple_check check_type="SPECIAL" encoding="STRING" name="TIMEOUT" type="USE_TEXT">DOES_NOT_RETURN</simple_check>
                <simple_check check_type="SPECIAL" encoding="STRING" name="CONTROLLED_EXIT" type="USE_TEXT">CONTROLLED_EXIT</simple_check>
            </output_checks>
        </iopair>
        <iopair name="C-C089A-WIRE-04-ST03-DT04-DF06-CF23-01-GOOD-07" reset_scheme="NONE" timeout="120" type="GOOD">
            <description>run a display filter for http
Good inputs: 1) name of country for use in Sql databaseBad inputs:1) SQL argument injection 2) SQL command injection 

</description>
            <technical_impact>NONE</technical_impact>
            <pre_processes scheme="SEQUENCE">
                <process>
                    <script background="false" encoding="STRING" type="USE_TEXT">printf 'env SS_DBMYSQLDATABASE;\n' | tee nginx_conf_env.txt</script>
                </process>
                <process delay_after="0" delay_before="0">
                    <script background="false" encoding="STRING" type="USE_TEXT">$SS_TC_ROOT/scripts/restart_dm.sh</script>
                </process>
                <process>
                    <database database_name="northwind_bcigxanixjqvmjyz" database_type="MYSQL" encoding="STRING" server="ss-db-mysql" type="USE_FILE_CONTENTS">/opt/stonesoup/workspace/scripts/northwind_create_northwind_bcigxanixjqvmjyz.sql</database>
                </process>
                <process>
                    <environment_variable encoding="STRING" key="SS_DBMYSQLDATABASE" type="USE_TEXT">northwind_bcigxanixjqvmjyz</environment_variable>
                </process>
                <process>
                    <script background="false" encoding="STRING" type="USE_TEXT">mkdir $SS_TC_ROOT/logs/execute/lttng</script>
                </process>
                <process>
                    <environment_variable encoding="STRING" key="LTTNG_HOME" type="USE_TEXT">$SS_TC_ROOT/logs/execute/lttng</environment_variable>
                </process>
                <process>
                    <environment_variable encoding="STRING" key="SS_RUN_COMMAND_LD_PRELOAD" type="USE_TEXT">$SS_TC_DEPS/lib64/liblttng-stonesoup-c.so:$SS_TC_DEPS/lib64/liblttng-ust-fork.so</environment_variable>
                </process>
                <process>
                    <script background="false" encoding="STRING" type="USE_TEXT">mkdir -p $SS_TC_DEPS/var/run/lttng</script>
                </process>
                <process>
                    <script background="false" encoding="STRING" type="USE_TEXT">$SS_TC_DEPS/bin/lttng create &amp;&amp; $SS_TC_DEPS/bin/lttng enable-event -u -a &amp;&amp; $SS_TC_DEPS/bin/lttng start</script>
                </process>
                <process>
                    <script background="false" encoding="STRING" type="USE_TEXT">rm -rf $SS_TC_ROOT/lockDir</script>
                </process>
                <process>
                    <script background="false" encoding="STRING" type="USE_TEXT">sleep 2 &amp;&amp; printf &quot;Sleeping to allow DB to be created.&quot;</script>
                </process>
            </pre_processes>
            <run_command encoding="STRING" preprend_runcommand="true" type="USE_TEXT"></run_command>
            <co_processes scheme="PARALLEL">
                <process_group scheme="SEQUENCE">
                    <process delay_after="0" delay_before="0">
                        <script background="false" encoding="STRING" input_id="SIKULI-GOOD-07" type="USE_TEXT">$SS_TC_DEPS/bin/run-sikuli.sh &quot;$SS_TC_ROOT/testData/good-07/WIRESHARK-GOOD-07.sikuli --args $SS_USER_DELAY&quot;
                    </script>
                    </process>
                </process_group>
                <process_group scheme="SEQUENCE">
                    <process>
                        <script background="false" encoding="STRING" input_id="socket_b4pravx6uN" type="USE_TEXT">/opt/stonesoup/workspace/scripts/service_mon.sh ss-localhost 8887 &amp;&amp; curl -v --data-urlencode data=&quot;USA&quot; --header &quot;If-Match: weak_taint_source_value&quot; --request POST --no-buffer --output /opt/stonesoup/workspace/testData/logfile.txt --silent --show-error http://ss-localhost:8887</script>
                    </process>
                </process_group>
            </co_processes>
            <post_processes scheme="SEQUENCE">
                <process>
                    <database database_name="northwind_bcigxanixjqvmjyz" database_type="MYSQL" encoding="STRING" server="ss-db-mysql" type="USE_TEXT">DROP DATABASE IF EXISTS $SS_DBMYSQLDATABASE;</database>
                </process>
                <process>
                    <script background="false" encoding="STRING" input_id="lttng_output_271zOCozVC" type="USE_TEXT">$SS_TC_DEPS/bin/lttng stop &amp;&amp; $SS_TC_DEPS/bin/lttng view &amp;&amp; $SS_TC_DEPS/bin/lttng destroy</script>
                </process>
            </post_processes>
            <scoring_formula default="GOOD-07-Default">
                <formula name="GOOD-07-Default">GOOD-07 AND NOT TIMEOUT AND NOT CONTROLLED_EXIT</formula>
            </scoring_formula>
            <output_checks>
                <compare_check check_type="CONTAINS" name="GOOD-07">
                    <actual encoding="STRING" input_id_ref="SIKULI-GOOD-07" output_type="STANDARD_OUT"></actual>
                    <expected encoding="STRING" type="USE_FILE_CONTENTS">good-07/output.txt</expected>
                </compare_check>
                <simple_check check_type="SPECIAL" encoding="STRING" name="TIMEOUT" type="USE_TEXT">DOES_NOT_RETURN</simple_check>
                <simple_check check_type="SPECIAL" encoding="STRING" name="CONTROLLED_EXIT" type="USE_TEXT">CONTROLLED_EXIT</simple_check>
            </output_checks>
        </iopair>
        <iopair name="C-C089A-WIRE-04-ST03-DT04-DF06-CF23-01-GOOD-08" reset_scheme="NONE" timeout="120" type="GOOD">
            <description>export a .png from captured http traffic, run an md5, compare with known good
Good inputs: 1) name of country for use in Sql databaseBad inputs:1) SQL argument injection 2) SQL command injection 

</description>
            <technical_impact>NONE</technical_impact>
            <pre_processes scheme="SEQUENCE">
                <process>
                    <script background="false" encoding="STRING" type="USE_TEXT">printf 'env SS_DBMYSQLDATABASE;\n' | tee nginx_conf_env.txt</script>
                </process>
                <process delay_after="0" delay_before="0">
                    <script background="false" encoding="STRING" type="USE_TEXT">$SS_TC_ROOT/scripts/restart_dm.sh</script>
                </process>
                <process>
                    <database database_name="northwind_sjqcmuorqkleeoae" database_type="MYSQL" encoding="STRING" server="ss-db-mysql" type="USE_FILE_CONTENTS">/opt/stonesoup/workspace/scripts/northwind_create_northwind_sjqcmuorqkleeoae.sql</database>
                </process>
                <process>
                    <environment_variable encoding="STRING" key="SS_DBMYSQLDATABASE" type="USE_TEXT">northwind_sjqcmuorqkleeoae</environment_variable>
                </process>
                <process>
                    <script background="false" encoding="STRING" type="USE_TEXT">mkdir $SS_TC_ROOT/logs/execute/lttng</script>
                </process>
                <process>
                    <environment_variable encoding="STRING" key="LTTNG_HOME" type="USE_TEXT">$SS_TC_ROOT/logs/execute/lttng</environment_variable>
                </process>
                <process>
                    <environment_variable encoding="STRING" key="SS_RUN_COMMAND_LD_PRELOAD" type="USE_TEXT">$SS_TC_DEPS/lib64/liblttng-stonesoup-c.so:$SS_TC_DEPS/lib64/liblttng-ust-fork.so</environment_variable>
                </process>
                <process>
                    <script background="false" encoding="STRING" type="USE_TEXT">mkdir -p $SS_TC_DEPS/var/run/lttng</script>
                </process>
                <process>
                    <script background="false" encoding="STRING" type="USE_TEXT">$SS_TC_DEPS/bin/lttng create &amp;&amp; $SS_TC_DEPS/bin/lttng enable-event -u -a &amp;&amp; $SS_TC_DEPS/bin/lttng start</script>
                </process>
                <process>
                    <script background="false" encoding="STRING" type="USE_TEXT">rm -rf $SS_TC_ROOT/lockDir</script>
                </process>
                <process>
                    <script background="false" encoding="STRING" type="USE_TEXT">sleep 2 &amp;&amp; printf &quot;Sleeping to allow DB to be created.&quot;</script>
                </process>
            </pre_processes>
            <run_command encoding="STRING" preprend_runcommand="true" type="USE_TEXT"></run_command>
            <co_processes scheme="PARALLEL">
                <process_group scheme="SEQUENCE">
                    <process delay_after="0" delay_before="0">
                        <script background="false" encoding="STRING" input_id="SIKULI-GOOD-08" type="USE_TEXT">$SS_TC_DEPS/bin/run-sikuli.sh -d &quot;$SS_TC_ROOT/testData/good-08/WIRESHARK-GOOD-08.sikuli --args $SS_USER_DELAY&quot;
                    </script>
                    </process>
                </process_group>
                <process_group scheme="SEQUENCE">
                    <process>
                        <script background="false" encoding="STRING" input_id="socket_Q5XKktCcjl" type="USE_TEXT">/opt/stonesoup/workspace/scripts/service_mon.sh ss-localhost 8887 &amp;&amp; curl -v --data-urlencode data=&quot;Germany&quot; --header &quot;If-Match: weak_taint_source_value&quot; --request POST --no-buffer --output /opt/stonesoup/workspace/testData/logfile.txt --silent --show-error http://ss-localhost:8887</script>
                    </process>
                </process_group>
            </co_processes>
            <post_processes scheme="SEQUENCE">
                <process delay_after="0" delay_before="0">
                    <script background="false" encoding="STRING" input_id="HASH-OUTPUT" type="USE_TEXT">md5sum $SS_TC_ROOT/testOutput/good-08/output.png
                    </script>
                </process>
                <process>
                    <database database_name="northwind_sjqcmuorqkleeoae" database_type="MYSQL" encoding="STRING" server="ss-db-mysql" type="USE_TEXT">DROP DATABASE IF EXISTS $SS_DBMYSQLDATABASE;</database>
                </process>
                <process>
                    <script background="false" encoding="STRING" input_id="lttng_output_5wzY0pA7x1" type="USE_TEXT">$SS_TC_DEPS/bin/lttng stop &amp;&amp; $SS_TC_DEPS/bin/lttng view &amp;&amp; $SS_TC_DEPS/bin/lttng destroy</script>
                </process>
            </post_processes>
            <scoring_formula default="GOOD-08-Default">
                <formula name="GOOD-08-Default">GOOD-08 AND NOT TIMEOUT AND NOT CONTROLLED_EXIT</formula>
            </scoring_formula>
            <output_checks>
                <compare_check check_type="CONTAINS" name="GOOD-08">
                    <actual encoding="STRING" input_id_ref="HASH-OUTPUT" output_type="STANDARD_OUT"></actual>
                    <expected encoding="STRING" type="USE_FILE_CONTENTS">good-08/output.txt</expected>
                </compare_check>
                <simple_check check_type="SPECIAL" encoding="STRING" name="TIMEOUT" type="USE_TEXT">DOES_NOT_RETURN</simple_check>
                <simple_check check_type="SPECIAL" encoding="STRING" name="CONTROLLED_EXIT" type="USE_TEXT">CONTROLLED_EXIT</simple_check>
            </output_checks>
        </iopair>
        <iopair name="C-C089A-WIRE-04-ST03-DT04-DF06-CF23-01-GOOD-09" reset_scheme="NONE" timeout="120" type="GOOD">
            <description>search for a string
Good inputs: 1) name of country for use in Sql databaseBad inputs:1) SQL argument injection 2) SQL command injection 

</description>
            <technical_impact>NONE</technical_impact>
            <pre_processes scheme="SEQUENCE">
                <process>
                    <script background="false" encoding="STRING" type="USE_TEXT">printf 'env SS_DBMYSQLDATABASE;\n' | tee nginx_conf_env.txt</script>
                </process>
                <process delay_after="0" delay_before="0">
                    <script background="false" encoding="STRING" type="USE_TEXT">$SS_TC_ROOT/scripts/restart_dm.sh</script>
                </process>
                <process>
                    <database database_name="northwind_yrysvqjexjapyzie" database_type="MYSQL" encoding="STRING" server="ss-db-mysql" type="USE_FILE_CONTENTS">/opt/stonesoup/workspace/scripts/northwind_create_northwind_yrysvqjexjapyzie.sql</database>
                </process>
                <process>
                    <environment_variable encoding="STRING" key="SS_DBMYSQLDATABASE" type="USE_TEXT">northwind_yrysvqjexjapyzie</environment_variable>
                </process>
                <process>
                    <script background="false" encoding="STRING" type="USE_TEXT">mkdir $SS_TC_ROOT/logs/execute/lttng</script>
                </process>
                <process>
                    <environment_variable encoding="STRING" key="LTTNG_HOME" type="USE_TEXT">$SS_TC_ROOT/logs/execute/lttng</environment_variable>
                </process>
                <process>
                    <environment_variable encoding="STRING" key="SS_RUN_COMMAND_LD_PRELOAD" type="USE_TEXT">$SS_TC_DEPS/lib64/liblttng-stonesoup-c.so:$SS_TC_DEPS/lib64/liblttng-ust-fork.so</environment_variable>
                </process>
                <process>
                    <script background="false" encoding="STRING" type="USE_TEXT">mkdir -p $SS_TC_DEPS/var/run/lttng</script>
                </process>
                <process>
                    <script background="false" encoding="STRING" type="USE_TEXT">$SS_TC_DEPS/bin/lttng create &amp;&amp; $SS_TC_DEPS/bin/lttng enable-event -u -a &amp;&amp; $SS_TC_DEPS/bin/lttng start</script>
                </process>
                <process>
                    <script background="false" encoding="STRING" type="USE_TEXT">rm -rf $SS_TC_ROOT/lockDir</script>
                </process>
                <process>
                    <script background="false" encoding="STRING" type="USE_TEXT">sleep 2 &amp;&amp; printf &quot;Sleeping to allow DB to be created.&quot;</script>
                </process>
            </pre_processes>
            <run_command encoding="STRING" preprend_runcommand="true" type="USE_TEXT"></run_command>
            <co_processes scheme="PARALLEL">
                <process_group scheme="SEQUENCE">
                    <process delay_after="0" delay_before="0">
                        <script background="false" encoding="STRING" input_id="SIKULI-GOOD-09" type="USE_TEXT">$SS_TC_DEPS/bin/run-sikuli.sh &quot;$SS_TC_ROOT/testData/good-09/WIRESHARK-GOOD-09.sikuli --args $SS_USER_DELAY&quot;
                        </script>
                    </process>
                </process_group>
                <process_group scheme="SEQUENCE">
                    <process>
                        <script background="false" encoding="STRING" input_id="socket_0Ala6bMy7a" type="USE_TEXT">/opt/stonesoup/workspace/scripts/service_mon.sh ss-localhost 8887 &amp;&amp; curl -v --data-urlencode data=&quot;Finland&quot; --header &quot;If-Match: weak_taint_source_value&quot; --request POST --no-buffer --output /opt/stonesoup/workspace/testData/logfile.txt --silent --show-error http://ss-localhost:8887</script>
                    </process>
                </process_group>
            </co_processes>
            <post_processes scheme="SEQUENCE">
                <process>
                    <database database_name="northwind_yrysvqjexjapyzie" database_type="MYSQL" encoding="STRING" server="ss-db-mysql" type="USE_TEXT">DROP DATABASE IF EXISTS $SS_DBMYSQLDATABASE;</database>
                </process>
                <process>
                    <script background="false" encoding="STRING" input_id="lttng_output_t4OeDrrO29" type="USE_TEXT">$SS_TC_DEPS/bin/lttng stop &amp;&amp; $SS_TC_DEPS/bin/lttng view &amp;&amp; $SS_TC_DEPS/bin/lttng destroy</script>
                </process>
            </post_processes>
            <scoring_formula default="GOOD-09-Default">
                <formula name="GOOD-09-Default">GOOD-09 AND NOT TIMEOUT AND NOT CONTROLLED_EXIT</formula>
            </scoring_formula>
            <output_checks>
                <compare_check check_type="CONTAINS" name="GOOD-09">
                    <actual encoding="STRING" input_id_ref="SIKULI-GOOD-09" output_type="STANDARD_OUT"></actual>
                    <expected encoding="STRING" type="USE_FILE_CONTENTS">good-09/output.txt</expected>
                </compare_check>
                <simple_check check_type="SPECIAL" encoding="STRING" name="TIMEOUT" type="USE_TEXT">DOES_NOT_RETURN</simple_check>
                <simple_check check_type="SPECIAL" encoding="STRING" name="CONTROLLED_EXIT" type="USE_TEXT">CONTROLLED_EXIT</simple_check>
            </output_checks>
        </iopair>
        <iopair name="C-C089A-WIRE-04-ST03-DT04-DF06-CF23-01-GOOD-10" reset_scheme="NONE" timeout="120" type="GOOD">
            <description>open io graph
Good inputs: 1) name of country for use in Sql databaseBad inputs:1) SQL argument injection 2) SQL command injection 

</description>
            <technical_impact>NONE</technical_impact>
            <pre_processes scheme="SEQUENCE">
                <process>
                    <script background="false" encoding="STRING" type="USE_TEXT">printf 'env SS_DBMYSQLDATABASE;\n' | tee nginx_conf_env.txt</script>
                </process>
                <process delay_after="0" delay_before="0">
                    <script background="false" encoding="STRING" type="USE_TEXT">$SS_TC_ROOT/scripts/restart_dm.sh</script>
                </process>
                <process>
                    <database database_name="northwind_ttznijbzgvcdrokm" database_type="MYSQL" encoding="STRING" server="ss-db-mysql" type="USE_FILE_CONTENTS">/opt/stonesoup/workspace/scripts/northwind_create_northwind_ttznijbzgvcdrokm.sql</database>
                </process>
                <process>
                    <environment_variable encoding="STRING" key="SS_DBMYSQLDATABASE" type="USE_TEXT">northwind_ttznijbzgvcdrokm</environment_variable>
                </process>
                <process>
                    <script background="false" encoding="STRING" type="USE_TEXT">mkdir $SS_TC_ROOT/logs/execute/lttng</script>
                </process>
                <process>
                    <environment_variable encoding="STRING" key="LTTNG_HOME" type="USE_TEXT">$SS_TC_ROOT/logs/execute/lttng</environment_variable>
                </process>
                <process>
                    <environment_variable encoding="STRING" key="SS_RUN_COMMAND_LD_PRELOAD" type="USE_TEXT">$SS_TC_DEPS/lib64/liblttng-stonesoup-c.so:$SS_TC_DEPS/lib64/liblttng-ust-fork.so</environment_variable>
                </process>
                <process>
                    <script background="false" encoding="STRING" type="USE_TEXT">mkdir -p $SS_TC_DEPS/var/run/lttng</script>
                </process>
                <process>
                    <script background="false" encoding="STRING" type="USE_TEXT">$SS_TC_DEPS/bin/lttng create &amp;&amp; $SS_TC_DEPS/bin/lttng enable-event -u -a &amp;&amp; $SS_TC_DEPS/bin/lttng start</script>
                </process>
                <process>
                    <script background="false" encoding="STRING" type="USE_TEXT">rm -rf $SS_TC_ROOT/lockDir</script>
                </process>
                <process>
                    <script background="false" encoding="STRING" type="USE_TEXT">sleep 2 &amp;&amp; printf &quot;Sleeping to allow DB to be created.&quot;</script>
                </process>
            </pre_processes>
            <run_command encoding="STRING" preprend_runcommand="true" type="USE_TEXT"></run_command>
            <co_processes scheme="PARALLEL">
                <process_group scheme="SEQUENCE">
                    <process delay_after="0" delay_before="0">
                        <script background="false" encoding="STRING" input_id="SIKULI-GOOD-10" type="USE_TEXT">$SS_TC_DEPS/bin/run-sikuli.sh &quot;$SS_TC_ROOT/testData/good-10/WIRESHARK-GOOD-10.sikuli --args $SS_USER_DELAY&quot;
                    </script>
                    </process>
                </process_group>
                <process_group scheme="SEQUENCE">
                    <process>
                        <script background="false" encoding="STRING" input_id="socket_3WK3dgmQuQ" type="USE_TEXT">/opt/stonesoup/workspace/scripts/service_mon.sh ss-localhost 8887 &amp;&amp; curl -v --data-urlencode data=&quot;USA&quot; --header &quot;If-Match: weak_taint_source_value&quot; --request POST --no-buffer --output /opt/stonesoup/workspace/testData/logfile.txt --silent --show-error http://ss-localhost:8887</script>
                    </process>
                </process_group>
            </co_processes>
            <post_processes scheme="SEQUENCE">
                <process>
                    <database database_name="northwind_ttznijbzgvcdrokm" database_type="MYSQL" encoding="STRING" server="ss-db-mysql" type="USE_TEXT">DROP DATABASE IF EXISTS $SS_DBMYSQLDATABASE;</database>
                </process>
                <process>
                    <script background="false" encoding="STRING" input_id="lttng_output_ZYSjARYTzW" type="USE_TEXT">$SS_TC_DEPS/bin/lttng stop &amp;&amp; $SS_TC_DEPS/bin/lttng view &amp;&amp; $SS_TC_DEPS/bin/lttng destroy</script>
                </process>
            </post_processes>
            <scoring_formula default="GOOD-10-Default">
                <formula name="GOOD-10-Default">GOOD-10 AND NOT TIMEOUT AND NOT CONTROLLED_EXIT</formula>
            </scoring_formula>
            <output_checks>
                <compare_check check_type="CONTAINS" name="GOOD-10">
                    <actual encoding="STRING" input_id_ref="SIKULI-GOOD-10" output_type="STANDARD_OUT"></actual>
                    <expected encoding="STRING" type="USE_FILE_CONTENTS">good-10/output.txt</expected>
                </compare_check>
                <simple_check check_type="SPECIAL" encoding="STRING" name="TIMEOUT" type="USE_TEXT">DOES_NOT_RETURN</simple_check>
                <simple_check check_type="SPECIAL" encoding="STRING" name="CONTROLLED_EXIT" type="USE_TEXT">CONTROLLED_EXIT</simple_check>
            </output_checks>
        </iopair>
        <iopair name="C-C089A-WIRE-04-ST03-DT04-DF06-CF23-01-BAD-01" reset_scheme="NONE" timeout="120" type="BAD">
            <description>Good inputs: 1) name of country for use in Sql databaseBad inputs:1) SQL argument injection 2) SQL command injection 

</description>
            <technical_impact>EXECUTE_UNAUTHORIZED_CODE</technical_impact>
            <pre_processes scheme="SEQUENCE">
                <process>
                    <script background="false" encoding="STRING" type="USE_TEXT">printf 'env SS_DBMYSQLDATABASE;\n' | tee nginx_conf_env.txt</script>
                </process>
                <process delay_after="0" delay_before="0">
                    <script background="false" encoding="STRING" type="USE_TEXT">$SS_TC_ROOT/scripts/restart_dm.sh</script>
                </process>
                <process>
                    <database database_name="northwind_svwuftzbeeepbgil" database_type="MYSQL" encoding="STRING" server="ss-db-mysql" type="USE_FILE_CONTENTS">/opt/stonesoup/workspace/scripts/northwind_create_northwind_svwuftzbeeepbgil.sql</database>
                </process>
                <process>
                    <environment_variable encoding="STRING" key="SS_DBMYSQLDATABASE" type="USE_TEXT">northwind_svwuftzbeeepbgil</environment_variable>
                </process>
                <process>
                    <script background="false" encoding="STRING" type="USE_TEXT">mkdir $SS_TC_ROOT/logs/execute/lttng</script>
                </process>
                <process>
                    <environment_variable encoding="STRING" key="LTTNG_HOME" type="USE_TEXT">$SS_TC_ROOT/logs/execute/lttng</environment_variable>
                </process>
                <process>
                    <environment_variable encoding="STRING" key="SS_RUN_COMMAND_LD_PRELOAD" type="USE_TEXT">$SS_TC_DEPS/lib64/liblttng-stonesoup-c.so:$SS_TC_DEPS/lib64/liblttng-ust-fork.so</environment_variable>
                </process>
                <process>
                    <script background="false" encoding="STRING" type="USE_TEXT">mkdir -p $SS_TC_DEPS/var/run/lttng</script>
                </process>
                <process>
                    <script background="false" encoding="STRING" type="USE_TEXT">$SS_TC_DEPS/bin/lttng create &amp;&amp; $SS_TC_DEPS/bin/lttng enable-event -u -a &amp;&amp; $SS_TC_DEPS/bin/lttng start</script>
                </process>
                <process>
                    <script background="false" encoding="STRING" type="USE_TEXT">rm -rf $SS_TC_ROOT/lockDir</script>
                </process>
                <process>
                    <script background="false" encoding="STRING" type="USE_TEXT">sleep 2 &amp;&amp; printf &quot;Sleeping to allow DB to be created.&quot;</script>
                </process>
            </pre_processes>
            <run_command encoding="STRING" preprend_runcommand="true" type="USE_TEXT"></run_command>
            <co_processes scheme="PARALLEL">
                <process_group scheme="SEQUENCE">
                    <process delay_after="0" delay_before="0">
                        <script background="false" encoding="STRING" input_id="SIKULI-GOOD-01NRdlWLGHU7" type="USE_TEXT">$SS_TC_DEPS/bin/run-sikuli.sh &quot;$SS_TC_ROOT/testData/good-01/WIRESHARK-GOOD-01.sikuli --args $SS_USER_DELAY&quot;
                    </script>
                    </process>
                </process_group>
                <process_group scheme="SEQUENCE">
                    <process>
                        <script background="false" encoding="STRING" input_id="socket_NbhzlMh43unVQXj3c01q" type="USE_TEXT">/opt/stonesoup/workspace/scripts/service_mon.sh ss-localhost 8887 &amp;&amp; curl -v --data-urlencode data=&quot;x' or 'x'='x&quot; --header &quot;If-Match: weak_taint_source_value&quot; --request POST --no-buffer --output /opt/stonesoup/workspace/testData/logfile.txt --silent --show-error http://ss-localhost:8887</script>
                    </process>
                </process_group>
            </co_processes>
            <post_processes scheme="SEQUENCE">
                <process>
                    <database database_name="northwind_svwuftzbeeepbgil" database_type="MYSQL" encoding="STRING" server="ss-db-mysql" type="USE_TEXT">DROP DATABASE IF EXISTS $SS_DBMYSQLDATABASE;</database>
                </process>
                <process>
                    <script background="false" encoding="STRING" input_id="lttng_output_LEAd3jcRgVM87sYMifGL" type="USE_TEXT">$SS_TC_DEPS/bin/lttng stop &amp;&amp; $SS_TC_DEPS/bin/lttng view &amp;&amp; $SS_TC_DEPS/bin/lttng destroy</script>
                </process>
            </post_processes>
            <scoring_formula default="db_sql_formula_6BD8MExSux">
                <formula name="db_sql_formula_6BD8MExSux">weakness_started_jaMLx33bgH54UqaDz0aV AND ((NOT PERFORMER AND (db_sql_output_A7Yf0E7A7O OR db_sql_output_OKBOkzNkXI) AND NOT timeout_sfXThCAm9G) or (PERFORMER AND NOT ((db_sql_output_A7Yf0E7A7O OR db_sql_output_OKBOkzNkXI) OR timeout_sfXThCAm9G OR controlled_exit_8x6plfwrN2)))</formula>
                <formula name="no_weakness_started_formula_oasj5z5Q2p">(NOT PERFORMER AND (db_sql_output_A7Yf0E7A7O OR db_sql_output_OKBOkzNkXI) AND NOT timeout_sfXThCAm9G) or (PERFORMER AND NOT ((db_sql_output_A7Yf0E7A7O OR db_sql_output_OKBOkzNkXI) OR timeout_sfXThCAm9G OR controlled_exit_8x6plfwrN2))</formula>
            </scoring_formula>
            <output_checks>
                <simple_check check_type="SPECIAL" encoding="STRING" name="timeout_sfXThCAm9G" type="USE_TEXT">DOES_NOT_RETURN</simple_check>
                <simple_check check_type="SPECIAL" encoding="STRING" name="controlled_exit_8x6plfwrN2" type="USE_TEXT">CONTROLLED_EXIT</simple_check>
                <simple_check check_type="SPECIAL" encoding="STRING" name="continued_execution_18yigaVxcb" type="USE_TEXT">CONTINUED_EXECUTION</simple_check>
                <compare_check check_type="CONTAINS" name="db_sql_output_A7Yf0E7A7O">
                    <actual encoding="STRING" output_type="FILE_CONTENTS">logfile.txt</actual>
                    <expected encoding="STRING" type="USE_TEXT">TRADH Tradio Hipermercados Anabela Domingues Sales Representative Av. Ins de Castro, 414 Sao Paulo SP 05634-030 Brazil (11) 555-2167 (11) 555-2168</expected>
                </compare_check>
                <compare_check check_type="CONTAINS" name="db_sql_output_OKBOkzNkXI">
                    <actual encoding="STRING" output_type="FILE_CONTENTS">logfile.txt</actual>
                    <expected encoding="STRING" type="USE_TEXT">BONAP 4 1998-05-06 00:00:00 1998-06-03 00:00:00 NULL 2 38.2800 Bon app- 12, rue des Bouchers Marseille NULL 13008 France</expected>
                </compare_check>
                <compare_check check_type="CONTAINS" name="weakness_started_jaMLx33bgH54UqaDz0aV">
                    <actual encoding="STRING" input_id_ref="lttng_output_LEAd3jcRgVM87sYMifGL" output_type="STANDARD_OUT">None</actual>
                    <expected encoding="STRING" type="USE_TEXT">stonesoup_trace:weakness_start</expected>
                </compare_check>
            </output_checks>
        </iopair>
        <iopair name="C-C089A-WIRE-04-ST03-DT04-DF06-CF23-01-BAD-02" reset_scheme="NONE" timeout="120" type="BAD">
            <description>Good inputs: 1) name of country for use in Sql databaseBad inputs:1) SQL argument injection 2) SQL command injection 

</description>
            <technical_impact>EXECUTE_UNAUTHORIZED_CODE</technical_impact>
            <pre_processes scheme="SEQUENCE">
                <process>
                    <script background="false" encoding="STRING" type="USE_TEXT">printf 'env SS_DBMYSQLDATABASE;\n' | tee nginx_conf_env.txt</script>
                </process>
                <process delay_after="0" delay_before="0">
                    <script background="false" encoding="STRING" type="USE_TEXT">$SS_TC_ROOT/scripts/restart_dm.sh</script>
                </process>
                <process>
                    <database database_name="northwind_qdnkleoiamardwuj" database_type="MYSQL" encoding="STRING" server="ss-db-mysql" type="USE_FILE_CONTENTS">/opt/stonesoup/workspace/scripts/northwind_create_northwind_qdnkleoiamardwuj.sql</database>
                </process>
                <process>
                    <environment_variable encoding="STRING" key="SS_DBMYSQLDATABASE" type="USE_TEXT">northwind_qdnkleoiamardwuj</environment_variable>
                </process>
                <process>
                    <script background="false" encoding="STRING" type="USE_TEXT">mkdir $SS_TC_ROOT/logs/execute/lttng</script>
                </process>
                <process>
                    <environment_variable encoding="STRING" key="LTTNG_HOME" type="USE_TEXT">$SS_TC_ROOT/logs/execute/lttng</environment_variable>
                </process>
                <process>
                    <environment_variable encoding="STRING" key="SS_RUN_COMMAND_LD_PRELOAD" type="USE_TEXT">$SS_TC_DEPS/lib64/liblttng-stonesoup-c.so:$SS_TC_DEPS/lib64/liblttng-ust-fork.so</environment_variable>
                </process>
                <process>
                    <script background="false" encoding="STRING" type="USE_TEXT">mkdir -p $SS_TC_DEPS/var/run/lttng</script>
                </process>
                <process>
                    <script background="false" encoding="STRING" type="USE_TEXT">$SS_TC_DEPS/bin/lttng create &amp;&amp; $SS_TC_DEPS/bin/lttng enable-event -u -a &amp;&amp; $SS_TC_DEPS/bin/lttng start</script>
                </process>
                <process>
                    <script background="false" encoding="STRING" type="USE_TEXT">rm -rf $SS_TC_ROOT/lockDir</script>
                </process>
                <process>
                    <script background="false" encoding="STRING" type="USE_TEXT">sleep 2 &amp;&amp; printf &quot;Sleeping to allow DB to be created.&quot;</script>
                </process>
            </pre_processes>
            <run_command encoding="STRING" preprend_runcommand="true" type="USE_TEXT"></run_command>
            <co_processes scheme="PARALLEL">
                <process_group scheme="SEQUENCE">
                    <process delay_after="0" delay_before="0">
                        <script background="false" encoding="STRING" input_id="SIKULI-GOOD-06OJMZqPZ5Qk" type="USE_TEXT">$SS_TC_DEPS/bin/run-sikuli.sh &quot;$SS_TC_ROOT/testData/good-06/WIRESHARK-GOOD-06.sikuli --args $SS_USER_DELAY&quot;
                    </script>
                    </process>
                </process_group>
                <process_group scheme="SEQUENCE">
                    <process>
                        <script background="false" encoding="STRING" input_id="socket_px753TPQuZSgf0U141dH" type="USE_TEXT">/opt/stonesoup/workspace/scripts/service_mon.sh ss-localhost 8887 &amp;&amp; curl -v --data-urlencode data=&quot;x'; Select * from Orders; -- &quot; --header &quot;If-Match: weak_taint_source_value&quot; --request POST --no-buffer --output /opt/stonesoup/workspace/testData/logfile.txt --silent --show-error http://ss-localhost:8887</script>
                    </process>
                </process_group>
            </co_processes>
            <post_processes scheme="SEQUENCE">
                <process>
                    <database database_name="northwind_qdnkleoiamardwuj" database_type="MYSQL" encoding="STRING" server="ss-db-mysql" type="USE_TEXT">DROP DATABASE IF EXISTS $SS_DBMYSQLDATABASE;</database>
                </process>
                <process>
                    <script background="false" encoding="STRING" input_id="lttng_output_2I17jIWQUeqYUuCeIVQh" type="USE_TEXT">$SS_TC_DEPS/bin/lttng stop &amp;&amp; $SS_TC_DEPS/bin/lttng view &amp;&amp; $SS_TC_DEPS/bin/lttng destroy</script>
                </process>
            </post_processes>
            <scoring_formula default="db_sql_formula_buWL1y0CjM">
                <formula name="db_sql_formula_buWL1y0CjM">weakness_started_rJjJpwNOmSt6SF6Cs3XH AND ((NOT PERFORMER AND (db_sql_output_4MwcBAolN0 OR db_sql_output_VZsYUOUhwe) AND NOT timeout_zVWHH32cPp) or (PERFORMER AND NOT ((db_sql_output_4MwcBAolN0 OR db_sql_output_VZsYUOUhwe) OR timeout_zVWHH32cPp OR controlled_exit_vU8knBxvWW)))</formula>
                <formula name="no_weakness_started_formula_d3bqTzTOQu">(NOT PERFORMER AND (db_sql_output_4MwcBAolN0 OR db_sql_output_VZsYUOUhwe) AND NOT timeout_zVWHH32cPp) or (PERFORMER AND NOT ((db_sql_output_4MwcBAolN0 OR db_sql_output_VZsYUOUhwe) OR timeout_zVWHH32cPp OR controlled_exit_vU8knBxvWW))</formula>
            </scoring_formula>
            <output_checks>
                <simple_check check_type="SPECIAL" encoding="STRING" name="timeout_zVWHH32cPp" type="USE_TEXT">DOES_NOT_RETURN</simple_check>
                <simple_check check_type="SPECIAL" encoding="STRING" name="controlled_exit_vU8knBxvWW" type="USE_TEXT">CONTROLLED_EXIT</simple_check>
                <simple_check check_type="SPECIAL" encoding="STRING" name="continued_execution_qIHXuBp10l" type="USE_TEXT">CONTINUED_EXECUTION</simple_check>
                <compare_check check_type="CONTAINS" name="db_sql_output_4MwcBAolN0">
                    <actual encoding="STRING" output_type="FILE_CONTENTS">logfile.txt</actual>
                    <expected encoding="STRING" type="USE_TEXT">TRADH Tradio Hipermercados Anabela Domingues Sales Representative Av. Ins de Castro, 414 Sao Paulo SP 05634-030 Brazil (11) 555-2167 (11) 555-2168</expected>
                </compare_check>
                <compare_check check_type="CONTAINS" name="db_sql_output_VZsYUOUhwe">
                    <actual encoding="STRING" output_type="FILE_CONTENTS">logfile.txt</actual>
                    <expected encoding="STRING" type="USE_TEXT">BONAP 4 1998-05-06 00:00:00 1998-06-03 00:00:00 NULL 2 38.2800 Bon app- 12, rue des Bouchers Marseille NULL 13008 France</expected>
                </compare_check>
                <compare_check check_type="CONTAINS" name="weakness_started_rJjJpwNOmSt6SF6Cs3XH">
                    <actual encoding="STRING" input_id_ref="lttng_output_2I17jIWQUeqYUuCeIVQh" output_type="STANDARD_OUT">None</actual>
                    <expected encoding="STRING" type="USE_TEXT">stonesoup_trace:weakness_start</expected>
                </compare_check>
            </output_checks>
        </iopair>
    </iopairs>
</project>
