<?xml version="1.0" encoding="utf-8"?>
<project base_program="J-JMET" language="JAVA" name="J-C774B-JMET-01-ST02-DT02-DF11-CF20-01" targeted_architecture="ANY" targeted_os="LINUX" test_case_type="ALL" xmlns="urn:stonesoup:project">
    <description>This test takes in integer n.  The program attempts to open n files. If n is large enough the number of file handles will be exhausted, these files handlers are never closed, and stored in a global arraylist, causing the entire program to fail to open any files from that point on.
</description>
    <additional_information>
        <keyvalue key="kill_command">FALSE</keyvalue>
        <keyvalue key="JAVA_MAIN">org.apache.jmeter.NewDriver</keyvalue>
        <keyvalue key="JAVA_CLASSPATH">$SS_TC_ROOT/$SS_TC_INSTALL/classes/core:$SS_TC_ROOT/$SS_TC_INSTALL/classes/components:$SS_TC_ROOT/$SS_TC_INSTALL/classes/functions:$SS_TC_ROOT/$SS_TC_INSTALL/classes/jorphan:$SS_TC_ROOT/$SS_TC_INSTALL/classes/junit:$SS_TC_ROOT/$SS_TC_INSTALL/classes/monitor:$SS_TC_ROOT/$SS_TC_INSTALL/classes/protocol/ftp:$SS_TC_ROOT/$SS_TC_INSTALL/classes/protocol/http:$SS_TC_ROOT/$SS_TC_INSTALL/classes/protocol/java:$SS_TC_ROOT/$SS_TC_INSTALL/classes/protocol/jdbc:$SS_TC_ROOT/$SS_TC_INSTALL/classes/protocol/jms:$SS_TC_ROOT/$SS_TC_INSTALL/classes/protocol/ldap:$SS_TC_ROOT/$SS_TC_INSTALL/classes/protocol/mail:$SS_TC_ROOT/$SS_TC_INSTALL/classes/protocol/native:$SS_TC_ROOT/$SS_TC_INSTALL/classes/protocol/tcp:$SS_TC_ROOT/$SS_TC_INSTALL/classes/reports:$SS_TC_ROOT/$SS_TC_INSTALL/classes/res:$SS_TC_ROOT/$SS_TC_INSTALL/lib/*:$SS_TC_ROOT/$SS_TC_INSTALL/lib/opt/*:$SS_TC_DEPS/java/stonesoup/lttng/lttng-stonesoup-0.1.jar</keyvalue>
        <keyvalue key="algorithmic_variant_name">UNSPECIFIED</keyvalue>
        <keyvalue key="root_cause">UNSPECIFIED</keyvalue>
    </additional_information>
    <structure install="install" iodata="testData" scoredata="testOutput" scripts="scripts" source="src"/>
    <run_command>java $SS_JAVA_OPTS -Djava.library.path=$SS_TC_DEPS/lib64/ -cp $SS_JAVA_CLASSPATH -Djmeter.home=&quot;$SS_TC_ROOT/$SS_TC_INSTALL&quot; org.apache.jmeter.NewDriver</run_command>
    <weakness generation_method="FAULT_INJECTED">
        <variant cwe="CWE-774" name="CWE-774-B">
            <crossover_point file_name="/tmp/tmpF96HhQ_ss_testcase/src/src/core/org/apache/jmeter/control/GenericController.java" line_number="0">
                <method name="fireIterEvents"/>
            </crossover_point>
            <trigger_point file_name="/tmp/tmpF96HhQ_ss_testcase/src/src/core/org/apache/jmeter/control/GenericController.java" line_number="0">
                <method name="fireIterEvents"/>
            </trigger_point>
        </variant>
        <features>
            <taint_source file_name="/tmp/tmpF96HhQ_ss_testcase/src/src/core/org/apache/jmeter/control/GenericController.java" line_number="0" type="FILE_CONTENTS">
                <method name="fireIterEvents"/>
            </taint_source>
            <data_type file_name="/tmp/tmpF96HhQ_ss_testcase/src/src/core/org/apache/jmeter/control/GenericController.java" line_number="0" type="SIMPLE">
                <method name="fireIterEvents"/>
            </data_type>
            <data_flow file_name="/tmp/tmpF96HhQ_ss_testcase/src/src/core/org/apache/jmeter/control/GenericController.java" line_number="0" type="BASIC">
                <method name="fireIterEvents"/>
            </data_flow>
            <control_flow file_name="/tmp/tmpF96HhQ_ss_testcase/src/src/core/org/apache/jmeter/control/GenericController.java" line_number="0" type="SEQUENCE">
                <method name="fireIterEvents"/>
            </control_flow>
        </features>
    </weakness>
    <build_commands>
        <command>env ANT_HOME=$SS_TC_DEPS/ant ant $SS_ANT_OPTS -Dstonesoup.database.postgres.required=no -Dstonesoup.hibernate.postgres.required=no -Dstonesoup.hibernate.mysql.required=no -Dstonesoup.database.mysql.required=no -Dstonesoup.socket.required=no -lib $SS_TC_DEPS/java/stonesoup/lttng/lttng-stonesoup-0.1.jar -Dstonesoup.socket.lib.dir=&quot;$SS_TC_DEPS/java/stonesoup/socket&quot; -Dstonesoup.hibernate.mysql.lib.dir=&quot;$SS_TC_DEPS/java/stonesoup/hibernate/mysql&quot; -Dstonesoup.hibernate.postgres.lib.dir=&quot;$SS_TC_DEPS/java/stonesoup/hibernate/postgres&quot; -Dstonesoup.database.mysql.lib.dir=&quot;$SS_TC_DEPS/java/stonesoup/database/mysql&quot; -Dstonesoup.database.postgres.lib.dir=&quot;$SS_TC_DEPS/java/stonesoup/database/postgres&quot; -Ddist.dir=&quot;$SS_TC_ROOT/$SS_TC_INSTALL&quot; -Dbuild.dir=&quot;$SS_TC_ROOT/$SS_TC_INSTALL&quot; -Dstonesoup.lttng.lib.dir=&quot;$SS_TC_DEPS/java/stonesoup/lttng&quot; -Dstonesoup.lttng.dummy.lib.dir=&quot;$SS_TC_DEPS/java/stonesoup/lttng-dummy&quot; compile prepare-resources prepare-nonjar-dist -Dbuild.dir=$SS_TC_ROOT/$SS_TC_INSTALL/classes</command>
        <command>cp -r lib $SS_TC_ROOT/$SS_TC_INSTALL</command>
        <command>cp -r bin $SS_TC_ROOT/$SS_TC_INSTALL</command>
    </build_commands>
    <iopairs>
        <iopair name="J-C774B-JMET-01-ST02-DT02-DF11-CF20-01-GOOD-01" reset_scheme="NONE" timeout="300" type="GOOD">
            <description>
Environment variable defining number of files to create.
</description>
            <technical_impact>NONE</technical_impact>
            <pre_processes scheme="SEQUENCE">
                <process>
                    <script background="false" encoding="STRING" type="USE_TEXT">printf 'env UNDERFACULTY_CYTORYCTES;\n' | tee nginx_conf_env.txt</script>
                </process>
                <process delay_after="0" delay_before="0">
                    <environment_variable encoding="STRING" key="JMETER_HOME" type="USE_TEXT">$SS_TC_ROOT/$SS_TC_INSTALL</environment_variable>
                </process>
                <process delay_after="0" delay_before="0">
                    <script background="false" encoding="STRING" input_id="J-MET-GOOD-01-PRE-SCRIPT-1" type="USE_TEXT">mkdir -p good-01</script>
                </process>
                <process>
                    <environment_variable encoding="STRING" key="UNDERFACULTY_CYTORYCTES" type="USE_TEXT">$SS_TC_ROOT/testData/skylook_retreatant.bin</environment_variable>
                </process>
                <process>
                    <file encoding="STRING" path="$SS_TC_ROOT/testData/skylook_retreatant.bin" type="USE_TEXT">5</file>
                </process>
                <process>
                    <script background="false" encoding="STRING" type="USE_TEXT">mkdir $SS_TC_ROOT/logs/execute/lttng</script>
                </process>
                <process>
                    <environment_variable encoding="STRING" key="LTTNG_HOME" type="USE_TEXT">$SS_TC_ROOT/logs/execute/lttng</environment_variable>
                </process>
                <process>
                    <environment_variable encoding="STRING" key="SS_RUN_COMMAND_LD_PRELOAD" type="USE_TEXT">$SS_TC_DEPS/lib64/liblttng-stonesoup-java.so:$SS_TC_DEPS/lib64/liblttng-ust-fork.so</environment_variable>
                </process>
                <process>
                    <script background="false" encoding="STRING" type="USE_TEXT">mkdir -p $SS_TC_DEPS/var/run/lttng</script>
                </process>
                <process>
                    <script background="false" encoding="STRING" type="USE_TEXT">$SS_TC_DEPS/bin/lttng create &amp;&amp; $SS_TC_DEPS/bin/lttng enable-event -u -a &amp;&amp; $SS_TC_DEPS/bin/lttng start</script>
                </process>
                <process>
                    <script background="false" encoding="STRING" type="USE_TEXT">rm -rf $SS_TC_ROOT/lockDir</script>
                </process>
            </pre_processes>
            <run_command encoding="STRING" preprend_runcommand="true" type="USE_TEXT">-n -t good-01/CSVSample.jmx</run_command>
            <post_processes scheme="SEQUENCE">
                <process>
                    <script background="false" encoding="STRING" input_id="lttng_output_WqzPvlvRry" type="USE_TEXT">$SS_TC_DEPS/bin/lttng stop &amp;&amp; $SS_TC_DEPS/bin/lttng view &amp;&amp; $SS_TC_DEPS/bin/lttng destroy</script>
                </process>
            </post_processes>
            <scoring_formula default="GOOD-01-Default">
                <formula name="GOOD-01-Default">STDOUT-01 AND NOT TIMEOUT AND NOT CONTROLLED_EXIT</formula>
            </scoring_formula>
            <output_checks>
                <compare_check check_type="CONTAINS" name="STDOUT-01">
                    <actual output_type="FILE_CONTENTS">good-01/CSVSample.jtl</actual>
                    <expected encoding="STRING" type="USE_TEXT">s=&quot;true&quot; lb=&quot;Login as u1&quot; rc=&quot;200&quot; rm=&quot;OK&quot; tn=&quot;Thread Group 1-1&quot; dt=&quot;text&quot; by=&quot;15&quot;</expected>
                </compare_check>
                <simple_check check_type="SPECIAL" encoding="STRING" name="TIMEOUT" type="USE_TEXT">DOES_NOT_RETURN</simple_check>
                <simple_check check_type="SPECIAL" encoding="STRING" name="CONTROLLED_EXIT" type="USE_TEXT">CONTROLLED_EXIT</simple_check>
            </output_checks>
        </iopair>
        <iopair name="J-C774B-JMET-01-ST02-DT02-DF11-CF20-01-GOOD-02" reset_scheme="NONE" timeout="300" type="GOOD">
            <description>
Environment variable defining number of files to create.
</description>
            <technical_impact>NONE</technical_impact>
            <pre_processes scheme="SEQUENCE">
                <process>
                    <script background="false" encoding="STRING" type="USE_TEXT">printf 'env UNDERFACULTY_CYTORYCTES;\n' | tee nginx_conf_env.txt</script>
                </process>
                <process delay_after="0" delay_before="0">
                    <environment_variable encoding="STRING" key="JMETER_HOME" type="USE_TEXT">$SS_TC_ROOT/$SS_TC_INSTALL</environment_variable>
                </process>
                <process delay_after="0" delay_before="0">
                    <script background="false" encoding="STRING" input_id="J-MET-GOOD-02-PRE-SCRIPT-1" type="USE_TEXT">mkdir -p good-02</script>
                </process>
                <process>
                    <environment_variable encoding="STRING" key="UNDERFACULTY_CYTORYCTES" type="USE_TEXT">$SS_TC_ROOT/testData/skylook_retreatant.bin</environment_variable>
                </process>
                <process>
                    <file encoding="STRING" path="$SS_TC_ROOT/testData/skylook_retreatant.bin" type="USE_TEXT">678</file>
                </process>
                <process>
                    <script background="false" encoding="STRING" type="USE_TEXT">mkdir $SS_TC_ROOT/logs/execute/lttng</script>
                </process>
                <process>
                    <environment_variable encoding="STRING" key="LTTNG_HOME" type="USE_TEXT">$SS_TC_ROOT/logs/execute/lttng</environment_variable>
                </process>
                <process>
                    <environment_variable encoding="STRING" key="SS_RUN_COMMAND_LD_PRELOAD" type="USE_TEXT">$SS_TC_DEPS/lib64/liblttng-stonesoup-java.so:$SS_TC_DEPS/lib64/liblttng-ust-fork.so</environment_variable>
                </process>
                <process>
                    <script background="false" encoding="STRING" type="USE_TEXT">mkdir -p $SS_TC_DEPS/var/run/lttng</script>
                </process>
                <process>
                    <script background="false" encoding="STRING" type="USE_TEXT">$SS_TC_DEPS/bin/lttng create &amp;&amp; $SS_TC_DEPS/bin/lttng enable-event -u -a &amp;&amp; $SS_TC_DEPS/bin/lttng start</script>
                </process>
                <process>
                    <script background="false" encoding="STRING" type="USE_TEXT">rm -rf $SS_TC_ROOT/lockDir</script>
                </process>
            </pre_processes>
            <run_command encoding="STRING" preprend_runcommand="true" type="USE_TEXT">-n -t good-02/http-test.jmx</run_command>
            <post_processes scheme="SEQUENCE">
                <process>
                    <script background="false" encoding="STRING" input_id="lttng_output_NE0ZzcjJi5" type="USE_TEXT">$SS_TC_DEPS/bin/lttng stop &amp;&amp; $SS_TC_DEPS/bin/lttng view &amp;&amp; $SS_TC_DEPS/bin/lttng destroy</script>
                </process>
            </post_processes>
            <scoring_formula default="GOOD-02-Default">
                <formula name="GOOD-02-Default">STDOUT-02 AND NOT TIMEOUT AND NOT CONTROLLED_EXIT</formula>
            </scoring_formula>
            <output_checks>
                <compare_check check_type="CONTAINS" name="STDOUT-02">
                    <actual output_type="FILE_CONTENTS">good-02/http-test.jtl</actual>
                    <expected encoding="STRING" type="USE_FILE_CONTENTS">good-02/http-test.jtl</expected>
                </compare_check>
                <simple_check check_type="SPECIAL" encoding="STRING" name="TIMEOUT" type="USE_TEXT">DOES_NOT_RETURN</simple_check>
                <simple_check check_type="SPECIAL" encoding="STRING" name="CONTROLLED_EXIT" type="USE_TEXT">CONTROLLED_EXIT</simple_check>
            </output_checks>
        </iopair>
        <iopair name="J-C774B-JMET-01-ST02-DT02-DF11-CF20-01-GOOD-03" reset_scheme="NONE" timeout="300" type="GOOD">
            <description>
Environment variable defining number of files to create.
</description>
            <technical_impact>NONE</technical_impact>
            <pre_processes scheme="SEQUENCE">
                <process>
                    <script background="false" encoding="STRING" type="USE_TEXT">printf 'env UNDERFACULTY_CYTORYCTES;\n' | tee nginx_conf_env.txt</script>
                </process>
                <process delay_after="0" delay_before="0">
                    <environment_variable encoding="STRING" key="JMETER_HOME" type="USE_TEXT">$SS_TC_ROOT/$SS_TC_INSTALL</environment_variable>
                </process>
                <process delay_after="0" delay_before="0">
                    <script background="false" encoding="STRING" input_id="J-MET-GOOD-03-PRE-SCRIPT-1" type="USE_TEXT">mkdir -p good-03</script>
                </process>
                <process>
                    <environment_variable encoding="STRING" key="UNDERFACULTY_CYTORYCTES" type="USE_TEXT">$SS_TC_ROOT/testData/skylook_retreatant.bin</environment_variable>
                </process>
                <process>
                    <file encoding="STRING" path="$SS_TC_ROOT/testData/skylook_retreatant.bin" type="USE_TEXT">2500</file>
                </process>
                <process>
                    <script background="false" encoding="STRING" type="USE_TEXT">mkdir $SS_TC_ROOT/logs/execute/lttng</script>
                </process>
                <process>
                    <environment_variable encoding="STRING" key="LTTNG_HOME" type="USE_TEXT">$SS_TC_ROOT/logs/execute/lttng</environment_variable>
                </process>
                <process>
                    <environment_variable encoding="STRING" key="SS_RUN_COMMAND_LD_PRELOAD" type="USE_TEXT">$SS_TC_DEPS/lib64/liblttng-stonesoup-java.so:$SS_TC_DEPS/lib64/liblttng-ust-fork.so</environment_variable>
                </process>
                <process>
                    <script background="false" encoding="STRING" type="USE_TEXT">mkdir -p $SS_TC_DEPS/var/run/lttng</script>
                </process>
                <process>
                    <script background="false" encoding="STRING" type="USE_TEXT">$SS_TC_DEPS/bin/lttng create &amp;&amp; $SS_TC_DEPS/bin/lttng enable-event -u -a &amp;&amp; $SS_TC_DEPS/bin/lttng start</script>
                </process>
                <process>
                    <script background="false" encoding="STRING" type="USE_TEXT">rm -rf $SS_TC_ROOT/lockDir</script>
                </process>
            </pre_processes>
            <run_command encoding="STRING" preprend_runcommand="true" type="USE_TEXT">-n -t good-03/http-test.jmx</run_command>
            <post_processes scheme="SEQUENCE">
                <process>
                    <script background="false" encoding="STRING" input_id="lttng_output_c8nMZXPexY" type="USE_TEXT">$SS_TC_DEPS/bin/lttng stop &amp;&amp; $SS_TC_DEPS/bin/lttng view &amp;&amp; $SS_TC_DEPS/bin/lttng destroy</script>
                </process>
            </post_processes>
            <scoring_formula default="GOOD-03-Default">
                <formula name="GOOD-03-Default">STDOUT-03 AND NOT TIMEOUT AND NOT CONTROLLED_EXIT</formula>
            </scoring_formula>
            <output_checks>
                <compare_check check_type="CONTAINS" name="STDOUT-03">
                    <actual output_type="FILE_CONTENTS">good-03/http-test.jtl</actual>
                    <expected encoding="STRING" type="USE_FILE_CONTENTS">good-03/http-test.jtl</expected>
                </compare_check>
                <simple_check check_type="SPECIAL" encoding="STRING" name="TIMEOUT" type="USE_TEXT">DOES_NOT_RETURN</simple_check>
                <simple_check check_type="SPECIAL" encoding="STRING" name="CONTROLLED_EXIT" type="USE_TEXT">CONTROLLED_EXIT</simple_check>
            </output_checks>
        </iopair>
        <iopair name="J-C774B-JMET-01-ST02-DT02-DF11-CF20-01-GOOD-04" reset_scheme="NONE" timeout="300" type="GOOD">
            <description>
Environment variable defining number of files to create.
</description>
            <technical_impact>NONE</technical_impact>
            <pre_processes scheme="SEQUENCE">
                <process>
                    <script background="false" encoding="STRING" type="USE_TEXT">printf 'env UNDERFACULTY_CYTORYCTES;\n' | tee nginx_conf_env.txt</script>
                </process>
                <process delay_after="0" delay_before="0">
                    <environment_variable encoding="STRING" key="JMETER_HOME" type="USE_TEXT">$SS_TC_ROOT/$SS_TC_INSTALL</environment_variable>
                </process>
                <process delay_after="0" delay_before="0">
                    <script background="false" encoding="STRING" input_id="J-MET-GOOD-04-PRE-SCRIPT-1" type="USE_TEXT">mkdir -p good-04</script>
                </process>
                <process>
                    <environment_variable encoding="STRING" key="UNDERFACULTY_CYTORYCTES" type="USE_TEXT">$SS_TC_ROOT/testData/skylook_retreatant.bin</environment_variable>
                </process>
                <process>
                    <file encoding="STRING" path="$SS_TC_ROOT/testData/skylook_retreatant.bin" type="USE_TEXT">5</file>
                </process>
                <process>
                    <script background="false" encoding="STRING" type="USE_TEXT">mkdir $SS_TC_ROOT/logs/execute/lttng</script>
                </process>
                <process>
                    <environment_variable encoding="STRING" key="LTTNG_HOME" type="USE_TEXT">$SS_TC_ROOT/logs/execute/lttng</environment_variable>
                </process>
                <process>
                    <environment_variable encoding="STRING" key="SS_RUN_COMMAND_LD_PRELOAD" type="USE_TEXT">$SS_TC_DEPS/lib64/liblttng-stonesoup-java.so:$SS_TC_DEPS/lib64/liblttng-ust-fork.so</environment_variable>
                </process>
                <process>
                    <script background="false" encoding="STRING" type="USE_TEXT">mkdir -p $SS_TC_DEPS/var/run/lttng</script>
                </process>
                <process>
                    <script background="false" encoding="STRING" type="USE_TEXT">$SS_TC_DEPS/bin/lttng create &amp;&amp; $SS_TC_DEPS/bin/lttng enable-event -u -a &amp;&amp; $SS_TC_DEPS/bin/lttng start</script>
                </process>
                <process>
                    <script background="false" encoding="STRING" type="USE_TEXT">rm -rf $SS_TC_ROOT/lockDir</script>
                </process>
            </pre_processes>
            <run_command encoding="STRING" preprend_runcommand="true" type="USE_TEXT">-n -t good-04/http-test.jmx</run_command>
            <post_processes scheme="SEQUENCE">
                <process>
                    <script background="false" encoding="STRING" input_id="lttng_output_yIqVHpS6El" type="USE_TEXT">$SS_TC_DEPS/bin/lttng stop &amp;&amp; $SS_TC_DEPS/bin/lttng view &amp;&amp; $SS_TC_DEPS/bin/lttng destroy</script>
                </process>
            </post_processes>
            <scoring_formula default="GOOD-04-Default">
                <formula name="GOOD-04-Default">STATUS-CHECK-01 AND STATUS-CHECK-02 AND NOT TIMEOUT AND NOT CONTROLLED_EXIT</formula>
            </scoring_formula>
            <output_checks>
                <simple_check check_type="SCRIPT" encoding="STRING" name="STATUS-CHECK-01" type="USE_TEXT">bash -c &quot;if [[ $(grep -E '&lt;httpSample s=\&quot;true\&quot; lb=\&quot;Homepage\&quot; rc=\&quot;200\&quot; rm=\&quot;OK\&quot; tn=\&quot;Thread Group 1-[1-5]\&quot; dt=\&quot;text\&quot;/&gt;' ../testData/good-04/http-test.jtl | wc -l) -eq 50 ]]; then true; else false; fi&quot;</simple_check>
                <simple_check check_type="SCRIPT" encoding="STRING" name="STATUS-CHECK-02" type="USE_TEXT">bash -c &quot;if [[ $(grep -E '&lt;httpSample s=\&quot;true\&quot; lb=\&quot;PageOne\&quot; rc=\&quot;200\&quot; rm=\&quot;OK\&quot; tn=\&quot;Thread Group 1-[1-5]\&quot; dt=\&quot;text\&quot;/&gt;' ../testData/good-04/http-test.jtl | wc -l) -eq 50 ]]; then true; else false; fi&quot;</simple_check>
                <simple_check check_type="SPECIAL" encoding="STRING" name="TIMEOUT" type="USE_TEXT">DOES_NOT_RETURN</simple_check>
                <simple_check check_type="SPECIAL" encoding="STRING" name="CONTROLLED_EXIT" type="USE_TEXT">CONTROLLED_EXIT</simple_check>
            </output_checks>
        </iopair>
        <iopair name="J-C774B-JMET-01-ST02-DT02-DF11-CF20-01-GOOD-05" reset_scheme="NONE" timeout="300" type="GOOD">
            <description>
Environment variable defining number of files to create.
</description>
            <technical_impact>NONE</technical_impact>
            <pre_processes scheme="SEQUENCE">
                <process>
                    <script background="false" encoding="STRING" type="USE_TEXT">printf 'env UNDERFACULTY_CYTORYCTES;\n' | tee nginx_conf_env.txt</script>
                </process>
                <process delay_after="0" delay_before="0">
                    <environment_variable encoding="STRING" key="JMETER_HOME" type="USE_TEXT">$SS_TC_ROOT/$SS_TC_INSTALL</environment_variable>
                </process>
                <process delay_after="0" delay_before="0">
                    <script background="false" encoding="STRING" input_id="J-MET-GOOD-05-PRE-SCRIPT-1" type="USE_TEXT">mkdir -p good-05</script>
                </process>
                <process>
                    <environment_variable encoding="STRING" key="UNDERFACULTY_CYTORYCTES" type="USE_TEXT">$SS_TC_ROOT/testData/skylook_retreatant.bin</environment_variable>
                </process>
                <process>
                    <file encoding="STRING" path="$SS_TC_ROOT/testData/skylook_retreatant.bin" type="USE_TEXT">678</file>
                </process>
                <process>
                    <script background="false" encoding="STRING" type="USE_TEXT">mkdir $SS_TC_ROOT/logs/execute/lttng</script>
                </process>
                <process>
                    <environment_variable encoding="STRING" key="LTTNG_HOME" type="USE_TEXT">$SS_TC_ROOT/logs/execute/lttng</environment_variable>
                </process>
                <process>
                    <environment_variable encoding="STRING" key="SS_RUN_COMMAND_LD_PRELOAD" type="USE_TEXT">$SS_TC_DEPS/lib64/liblttng-stonesoup-java.so:$SS_TC_DEPS/lib64/liblttng-ust-fork.so</environment_variable>
                </process>
                <process>
                    <script background="false" encoding="STRING" type="USE_TEXT">mkdir -p $SS_TC_DEPS/var/run/lttng</script>
                </process>
                <process>
                    <script background="false" encoding="STRING" type="USE_TEXT">$SS_TC_DEPS/bin/lttng create &amp;&amp; $SS_TC_DEPS/bin/lttng enable-event -u -a &amp;&amp; $SS_TC_DEPS/bin/lttng start</script>
                </process>
                <process>
                    <script background="false" encoding="STRING" type="USE_TEXT">rm -rf $SS_TC_ROOT/lockDir</script>
                </process>
            </pre_processes>
            <run_command encoding="STRING" preprend_runcommand="true" type="USE_TEXT">-n -t good-05/http-test.jmx</run_command>
            <post_processes scheme="SEQUENCE">
                <process>
                    <script background="false" encoding="STRING" input_id="lttng_output_ntJQXupTl2" type="USE_TEXT">$SS_TC_DEPS/bin/lttng stop &amp;&amp; $SS_TC_DEPS/bin/lttng view &amp;&amp; $SS_TC_DEPS/bin/lttng destroy</script>
                </process>
            </post_processes>
            <scoring_formula default="GOOD-05-Default">
                <formula name="GOOD-05-Default">STDOUT-05 AND GOOD-05-HOSTNAME AND GOOD-05-LS AND GOOD-05-NETSTAT AND NOT TIMEOUT AND NOT CONTROLLED_EXIT</formula>
            </scoring_formula>
            <output_checks>
                <compare_check check_type="CONTAINS" name="STDOUT-05">
                    <actual output_type="FILE_CONTENTS">good-05/http-test.jtl</actual>
                    <expected encoding="STRING" type="USE_FILE_CONTENTS">good-05/http-test.jtl</expected>
                </compare_check>
                <simple_check check_type="SCRIPT" encoding="STRING" name="GOOD-05-HOSTNAME" type="USE_TEXT">if [[ -a good-05/hostname.out ]]; then exit 0; else exit 1; fi;</simple_check>
                <simple_check check_type="SCRIPT" encoding="STRING" name="GOOD-05-LS" type="USE_TEXT">if [[ -a good-05/ls.out ]]; then exit 0; else exit 1; fi;</simple_check>
                <simple_check check_type="SCRIPT" encoding="STRING" name="GOOD-05-NETSTAT" type="USE_TEXT">if [[ -a good-05/netstat.out ]]; then exit 0; else exit 1; fi;</simple_check>
                <simple_check check_type="SPECIAL" encoding="STRING" name="TIMEOUT" type="USE_TEXT">DOES_NOT_RETURN</simple_check>
                <simple_check check_type="SPECIAL" encoding="STRING" name="CONTROLLED_EXIT" type="USE_TEXT">CONTROLLED_EXIT</simple_check>
            </output_checks>
        </iopair>
        <iopair name="J-C774B-JMET-01-ST02-DT02-DF11-CF20-01-BAD-01" reset_scheme="NONE" timeout="300" type="BAD">
            <description>Environment variable defining number of files to create.
</description>
            <technical_impact>DOS_RESOURCE_CONSUMPTION</technical_impact>
            <pre_processes scheme="SEQUENCE">
                <process>
                    <script background="false" encoding="STRING" type="USE_TEXT">printf 'env UNDERFACULTY_CYTORYCTES;\n' | tee nginx_conf_env.txt</script>
                </process>
                <process delay_after="0" delay_before="0">
                    <environment_variable encoding="STRING" key="JMETER_HOME" type="USE_TEXT">$SS_TC_ROOT/$SS_TC_INSTALL</environment_variable>
                </process>
                <process delay_after="0" delay_before="0">
                    <script background="false" encoding="STRING" input_id="J-MET-GOOD-05-PRE-SCRIPT-1dMej39HXAJ" type="USE_TEXT">mkdir -p good-05</script>
                </process>
                <process>
                    <environment_variable encoding="STRING" key="UNDERFACULTY_CYTORYCTES" type="USE_TEXT">$SS_TC_ROOT/testData/skylook_retreatant.bin</environment_variable>
                </process>
                <process>
                    <file encoding="STRING" path="$SS_TC_ROOT/testData/skylook_retreatant.bin" type="USE_TEXT">20000</file>
                </process>
                <process>
                    <script background="false" encoding="STRING" type="USE_TEXT">mkdir $SS_TC_ROOT/logs/execute/lttng</script>
                </process>
                <process>
                    <environment_variable encoding="STRING" key="LTTNG_HOME" type="USE_TEXT">$SS_TC_ROOT/logs/execute/lttng</environment_variable>
                </process>
                <process>
                    <environment_variable encoding="STRING" key="SS_RUN_COMMAND_LD_PRELOAD" type="USE_TEXT">$SS_TC_DEPS/lib64/liblttng-stonesoup-java.so:$SS_TC_DEPS/lib64/liblttng-ust-fork.so</environment_variable>
                </process>
                <process>
                    <script background="false" encoding="STRING" type="USE_TEXT">mkdir -p $SS_TC_DEPS/var/run/lttng</script>
                </process>
                <process>
                    <script background="false" encoding="STRING" type="USE_TEXT">$SS_TC_DEPS/bin/lttng create &amp;&amp; $SS_TC_DEPS/bin/lttng enable-event -u -a &amp;&amp; $SS_TC_DEPS/bin/lttng start</script>
                </process>
                <process>
                    <script background="false" encoding="STRING" type="USE_TEXT">rm -rf $SS_TC_ROOT/lockDir</script>
                </process>
            </pre_processes>
            <run_command encoding="STRING" preprend_runcommand="true" type="USE_TEXT">-n -t good-05/http-test.jmx</run_command>
            <post_processes scheme="SEQUENCE">
                <process>
                    <script background="false" encoding="STRING" input_id="lttng_output_dTqWzEkLHNu1tD2YEotV" type="USE_TEXT">$SS_TC_DEPS/bin/lttng stop &amp;&amp; $SS_TC_DEPS/bin/lttng view &amp;&amp; $SS_TC_DEPS/bin/lttng destroy</script>
                </process>
                <process>
                    <script background="false" encoding="STRING" input_id="log_fail_check_lH7qtDDeEB" type="USE_TEXT">if (( $(pcregrep -Mc &quot;Failed to create new file, moving on\.\n\d+&quot; &quot;logfile.txt&quot;) &gt; 0 )); then echo &quot;FAILED&quot;; else echo &quot;OK&quot;; fi;</script>
                </process>
                <process>
                    <script background="false" encoding="STRING" input_id="logfile_cleanup_pattern_occurrences_qctvw7YU38" type="USE_TEXT">printf &quot;Cleanup pattern repeated $(pcregrep -Mc &quot;&quot;&quot;Failed to create new file, moving on\.\n\d+&quot;&quot;&quot; &quot;logfile.txt&quot;) times\n&quot;</script>
                </process>
                <process>
                    <script background="false" encoding="STRING" input_id="logfile_cleanup_XhG0CEiBSu" type="USE_TEXT">SS_TC_TEMPFILE=&quot;$(mktemp)&quot; &amp;&amp; pcregrep -Mv &quot;Failed to create new file, moving on\.\n\d+&quot; &quot;logfile.txt&quot; &gt; &quot;$SS_TC_TEMPFILE&quot; &amp;&amp; rm &quot;logfile.txt&quot; &amp;&amp; mv &quot;$SS_TC_TEMPFILE&quot; &quot;logfile.txt&quot; &amp;&amp; printf &quot;Cleaned pattern from logfile.\n&quot;</script>
                </process>
            </post_processes>
            <scoring_formula default="file_handles_error_formula_59ohWYic5y">
                <formula name="file_handles_error_formula_59ohWYic5y">weakness_started_qgubWkAbsvu9mLWTPrZd AND ((NOT PERFORMER AND (failed_to_create_file_HHwiQqkigB) AND NOT timeout_4hpagc5lkG) or (PERFORMER AND NOT ((failed_to_create_file_HHwiQqkigB) OR timeout_4hpagc5lkG)))</formula>
            </scoring_formula>
            <output_checks>
                <simple_check check_type="SPECIAL" encoding="STRING" name="timeout_4hpagc5lkG" type="USE_TEXT">DOES_NOT_RETURN</simple_check>
                <simple_check check_type="SPECIAL" encoding="STRING" name="controlled_exit_P0zJwmoowX" type="USE_TEXT">CONTROLLED_EXIT</simple_check>
                <simple_check check_type="SPECIAL" encoding="STRING" name="continued_execution_NQo2cU4774" type="USE_TEXT">CONTINUED_EXECUTION</simple_check>
                <compare_check check_type="CONTAINS" name="failed_to_create_file_HHwiQqkigB">
                    <actual encoding="STRING" input_id_ref="log_fail_check_lH7qtDDeEB" output_type="STANDARD_OUT">None</actual>
                    <expected encoding="STRING" type="USE_TEXT">FAILED</expected>
                </compare_check>
                <compare_check check_type="CONTAINS" name="weakness_started_qgubWkAbsvu9mLWTPrZd">
                    <actual encoding="STRING" input_id_ref="lttng_output_dTqWzEkLHNu1tD2YEotV" output_type="STANDARD_OUT">None</actual>
                    <expected encoding="STRING" type="USE_TEXT">stonesoup_trace:weakness_start</expected>
                </compare_check>
            </output_checks>
        </iopair>
        <iopair name="J-C774B-JMET-01-ST02-DT02-DF11-CF20-01-BAD-02" reset_scheme="NONE" timeout="300" type="BAD">
            <description>Environment variable defining number of files to create.
</description>
            <technical_impact>DOS_RESOURCE_CONSUMPTION</technical_impact>
            <pre_processes scheme="SEQUENCE">
                <process>
                    <script background="false" encoding="STRING" type="USE_TEXT">printf 'env UNDERFACULTY_CYTORYCTES;\n' | tee nginx_conf_env.txt</script>
                </process>
                <process delay_after="0" delay_before="0">
                    <environment_variable encoding="STRING" key="JMETER_HOME" type="USE_TEXT">$SS_TC_ROOT/$SS_TC_INSTALL</environment_variable>
                </process>
                <process delay_after="0" delay_before="0">
                    <script background="false" encoding="STRING" input_id="J-MET-GOOD-04-PRE-SCRIPT-1hcJOdctbs3" type="USE_TEXT">mkdir -p good-04</script>
                </process>
                <process>
                    <environment_variable encoding="STRING" key="UNDERFACULTY_CYTORYCTES" type="USE_TEXT">$SS_TC_ROOT/testData/skylook_retreatant.bin</environment_variable>
                </process>
                <process>
                    <file encoding="STRING" path="$SS_TC_ROOT/testData/skylook_retreatant.bin" type="USE_TEXT">30000</file>
                </process>
                <process>
                    <script background="false" encoding="STRING" type="USE_TEXT">mkdir $SS_TC_ROOT/logs/execute/lttng</script>
                </process>
                <process>
                    <environment_variable encoding="STRING" key="LTTNG_HOME" type="USE_TEXT">$SS_TC_ROOT/logs/execute/lttng</environment_variable>
                </process>
                <process>
                    <environment_variable encoding="STRING" key="SS_RUN_COMMAND_LD_PRELOAD" type="USE_TEXT">$SS_TC_DEPS/lib64/liblttng-stonesoup-java.so:$SS_TC_DEPS/lib64/liblttng-ust-fork.so</environment_variable>
                </process>
                <process>
                    <script background="false" encoding="STRING" type="USE_TEXT">mkdir -p $SS_TC_DEPS/var/run/lttng</script>
                </process>
                <process>
                    <script background="false" encoding="STRING" type="USE_TEXT">$SS_TC_DEPS/bin/lttng create &amp;&amp; $SS_TC_DEPS/bin/lttng enable-event -u -a &amp;&amp; $SS_TC_DEPS/bin/lttng start</script>
                </process>
                <process>
                    <script background="false" encoding="STRING" type="USE_TEXT">rm -rf $SS_TC_ROOT/lockDir</script>
                </process>
            </pre_processes>
            <run_command encoding="STRING" preprend_runcommand="true" type="USE_TEXT">-n -t good-04/http-test.jmx</run_command>
            <post_processes scheme="SEQUENCE">
                <process>
                    <script background="false" encoding="STRING" input_id="lttng_output_aOgrroNLkDQ8TdFXG5fu" type="USE_TEXT">$SS_TC_DEPS/bin/lttng stop &amp;&amp; $SS_TC_DEPS/bin/lttng view &amp;&amp; $SS_TC_DEPS/bin/lttng destroy</script>
                </process>
                <process>
                    <script background="false" encoding="STRING" input_id="log_fail_check_ZdoimDY6SG" type="USE_TEXT">if (( $(pcregrep -Mc &quot;Failed to create new file, moving on\.\n\d+&quot; &quot;logfile.txt&quot;) &gt; 0 )); then echo &quot;FAILED&quot;; else echo &quot;OK&quot;; fi;</script>
                </process>
                <process>
                    <script background="false" encoding="STRING" input_id="logfile_cleanup_pattern_occurrences_su7KnDdCH6" type="USE_TEXT">printf &quot;Cleanup pattern repeated $(pcregrep -Mc &quot;&quot;&quot;Failed to create new file, moving on\.\n\d+&quot;&quot;&quot; &quot;logfile.txt&quot;) times\n&quot;</script>
                </process>
                <process>
                    <script background="false" encoding="STRING" input_id="logfile_cleanup_zKp466ZiuG" type="USE_TEXT">SS_TC_TEMPFILE=&quot;$(mktemp)&quot; &amp;&amp; pcregrep -Mv &quot;Failed to create new file, moving on\.\n\d+&quot; &quot;logfile.txt&quot; &gt; &quot;$SS_TC_TEMPFILE&quot; &amp;&amp; rm &quot;logfile.txt&quot; &amp;&amp; mv &quot;$SS_TC_TEMPFILE&quot; &quot;logfile.txt&quot; &amp;&amp; printf &quot;Cleaned pattern from logfile.\n&quot;</script>
                </process>
            </post_processes>
            <scoring_formula default="file_handles_error_formula_v6mOvTlNI1">
                <formula name="file_handles_error_formula_v6mOvTlNI1">weakness_started_78Wk71ZOPYoK9twxns5D AND ((NOT PERFORMER AND (failed_to_create_file_qGWPQGqaux) AND NOT timeout_DDGneEAuye) or (PERFORMER AND NOT ((failed_to_create_file_qGWPQGqaux) OR timeout_DDGneEAuye)))</formula>
            </scoring_formula>
            <output_checks>
                <simple_check check_type="SPECIAL" encoding="STRING" name="timeout_DDGneEAuye" type="USE_TEXT">DOES_NOT_RETURN</simple_check>
                <simple_check check_type="SPECIAL" encoding="STRING" name="controlled_exit_X1wvCHJLWa" type="USE_TEXT">CONTROLLED_EXIT</simple_check>
                <simple_check check_type="SPECIAL" encoding="STRING" name="continued_execution_quVnSo1dd5" type="USE_TEXT">CONTINUED_EXECUTION</simple_check>
                <compare_check check_type="CONTAINS" name="failed_to_create_file_qGWPQGqaux">
                    <actual encoding="STRING" input_id_ref="log_fail_check_ZdoimDY6SG" output_type="STANDARD_OUT">None</actual>
                    <expected encoding="STRING" type="USE_TEXT">FAILED</expected>
                </compare_check>
                <compare_check check_type="CONTAINS" name="weakness_started_78Wk71ZOPYoK9twxns5D">
                    <actual encoding="STRING" input_id_ref="lttng_output_aOgrroNLkDQ8TdFXG5fu" output_type="STANDARD_OUT">None</actual>
                    <expected encoding="STRING" type="USE_TEXT">stonesoup_trace:weakness_start</expected>
                </compare_check>
            </output_checks>
        </iopair>
    </iopairs>
</project>
