<?xml version="1.0" encoding="utf-8"?>
<project base_program="C-SUBV" language="C" name="C-C761A-SUBV-08-ST03-DT07-DF08-CF20-01" targeted_architecture="ANY" targeted_os="LINUX" test_case_type="ALL" xmlns="urn:stonesoup:project">
    <description>Creating test case using base program.
Added a Socket Server to accept communication from untrusted source.
Completed injection.
</description>
    <additional_information>
        <keyvalue key="kill_command">TRUE</keyvalue>
        <keyvalue key="algorithmic_variant_name">UNSPECIFIED</keyvalue>
        <keyvalue key="root_cause">UNSPECIFIED</keyvalue>
    </additional_information>
    <structure install="install" iodata="testData/run" scoredata="testOutput" scripts="scripts" source="src"/>
    <run_command></run_command>
    <weakness generation_method="FAULT_INJECTED">
        <variant cwe="CWE-761" name="CWE-761-A"/>
        <features>
            <taint_source file_name="/subversion/libsvn_subr/config.c" line_number="0" type="SOCKET">
                <method name="stonesoup_handle_taint"/>
            </taint_source>
            <data_type file_name="/subversion/libsvn_subr/config.c" line_number="0" type="UNION">
                <method name="stonesoup_handle_taint"/>
            </data_type>
            <data_flow file_name="/subversion/libsvn_subr/config.c" line_number="0" type="INDEX_ALIAS_2">
                <method name="stonesoup_handle_taint"/>
            </data_flow>
            <control_flow file_name="/subversion/libsvn_subr/config.c" line_number="0" type="SEQUENCE">
                <method name="stonesoup_handle_taint"/>
            </control_flow>
        </features>
    </weakness>
    <build_commands cppflags="-DSTONESOUP_TRACE=1" libs="-lpthread -l:libmongoose.so.1 -ldl">
        <command>./configure -v --prefix=&quot;$SS_TC_ROOT/$SS_TC_INSTALL&quot; --with-apr=&quot;$SS_TC_DEPS/bin/apr-1-config&quot; --with-apr-util=&quot;$SS_TC_DEPS/bin/apu-1-config&quot; --with-serf --with-sqlite=&quot;$SS_TC_DEPS&quot; --with-sasl --with-libmagic --with-zlib --without-kwallet --without-gnome-keyring --disable-keychain --without-trang --without-doxygen --without-swig --without-jikes --without-ctypesgen --without-junit --without-jdk --without-apxs --with-editor=&quot;/usr/bin/vi&quot; --disable-shared --with-pic=yes</command>
        <command>make VERBOSE=1 CC=&quot;$SS_CC&quot; CCLD=&quot;$SS_LNK&quot;</command>
        <command>make install CC=&quot;$SS_CC&quot; CCLD=&quot;$SS_LNK&quot;</command>
    </build_commands>
    <iopairs>
        <iopair name="C-C761A-SUBV-08-ST03-DT07-DF08-CF20-01-GOOD-01" reset_scheme="NONE" timeout="300" type="GOOD">
            <description>create a repository
Malloc a buffer.  Copy the input string to the buffer.  Search for 'e' in the string.  Upon finding 'e', free the buffer, using a pointer that points to that 'e'.  If 'e' is the first character in the buffer, everything is OK.  However, if e is not the first character in the buffer, this will seg fault.

</description>
            <technical_impact>NONE</technical_impact>
            <pre_processes scheme="SEQUENCE">
                <process>
                    <script background="false" encoding="STRING" type="USE_TEXT">printf '' | tee nginx_conf_env.txt</script>
                </process>
                <process delay_after="0" delay_before="0">
                    <script background="false" encoding="STRING" type="USE_TEXT">killall svnserve</script>
                </process>
                <process delay_after="0" delay_before="0">
                    <script background="false" encoding="STRING" type="USE_TEXT">rm -rf $SS_TC_ROOT/testData/svnrepos</script>
                </process>
                <process delay_after="0" delay_before="0">
                    <script background="false" encoding="STRING" type="USE_TEXT">tar -zxvf $SS_TC_ROOT/testData/good-01/svnrepos.tar.gz -C $SS_TC_ROOT/testData/</script>
                </process>
                <process>
                    <script background="false" encoding="STRING" type="USE_TEXT">mkdir $SS_TC_ROOT/logs/execute/lttng</script>
                </process>
                <process>
                    <environment_variable encoding="STRING" key="LTTNG_HOME" type="USE_TEXT">$SS_TC_ROOT/logs/execute/lttng</environment_variable>
                </process>
                <process>
                    <environment_variable encoding="STRING" key="SS_RUN_COMMAND_LD_PRELOAD" type="USE_TEXT">$SS_TC_DEPS/lib64/liblttng-stonesoup-c.so:$SS_TC_DEPS/lib64/liblttng-ust-fork.so</environment_variable>
                </process>
                <process>
                    <script background="false" encoding="STRING" type="USE_TEXT">mkdir -p $SS_TC_DEPS/var/run/lttng</script>
                </process>
                <process>
                    <script background="false" encoding="STRING" type="USE_TEXT">$SS_TC_DEPS/bin/lttng create &amp;&amp; $SS_TC_DEPS/bin/lttng enable-event -u -a &amp;&amp; $SS_TC_DEPS/bin/lttng start</script>
                </process>
                <process>
                    <script background="false" encoding="STRING" type="USE_TEXT">rm -rf $SS_TC_ROOT/lockDir</script>
                </process>
                <process>
                    <environment_variable encoding="STRING" key="MALLOC_CHECK_" type="USE_TEXT">1</environment_variable>
                </process>
            </pre_processes>
            <run_command encoding="STRING" preprend_runcommand="true" type="USE_TEXT">$SS_TC_ROOT/$SS_TC_INSTALL/bin/svnserve -d --foreground -r $SS_TC_ROOT/testData/svnrepos --pid-file=$SS_TC_ROOT/$SS_TC_INSTALL/svnserve.pid</run_command>
            <co_processes scheme="SEQUENCE">
                <process_group scheme="PARALLEL">
                    <process_group scheme="SEQUENCE">
                        <process delay_after="0" delay_before="0">
                            <script background="false" encoding="STRING" type="USE_TEXT">bash $SS_TC_ROOT/scripts/service_mon.sh ss-localhost 3690</script>
                        </process>
                        <process delay_after="0" delay_before="0">
                            <script background="false" encoding="STRING" input_id="CHECKOUT" type="USE_TEXT">$SS_TC_DEPS/bin/svn checkout svn://ss-localhost/stonesoup
                    </script>
                        </process>
                    </process_group>
                    <process_group scheme="SEQUENCE">
                        <process>
                            <script background="false" encoding="STRING" input_id="socket_qJT7RB6LZu" type="USE_TEXT">/opt/stonesoup/workspace/scripts/service_mon.sh ss-localhost 8887 &amp;&amp; curl -v --data-urlencode data=&quot;eAAA&quot; --header &quot;If-Match: weak_taint_source_value&quot; --request POST --no-buffer --output /opt/stonesoup/workspace/testData/logfile.txt --silent --show-error http://ss-localhost:8887</script>
                        </process>
                    </process_group>
                </process_group>
                <process delay_after="0" delay_before="0">
                    <script background="false" encoding="STRING" type="USE_TEXT">kill -9 $(cat $SS_TC_ROOT/$SS_TC_INSTALL/svnserve.pid)</script>
                </process>
            </co_processes>
            <post_processes scheme="SEQUENCE">
                <process>
                    <script background="false" encoding="STRING" input_id="lttng_output_5KMs4su6nw" type="USE_TEXT">$SS_TC_DEPS/bin/lttng stop &amp;&amp; $SS_TC_DEPS/bin/lttng view &amp;&amp; $SS_TC_DEPS/bin/lttng destroy</script>
                </process>
            </post_processes>
            <scoring_formula default="GOOD-01-Default">
                <formula name="GOOD-01-Default">STDOUT AND NOT TIMEOUT AND NOT CONTROLLED_EXIT</formula>
            </scoring_formula>
            <output_checks>
                <compare_check check_type="CONTAINS" name="STDOUT">
                    <actual input_id_ref="CHECKOUT" output_type="STANDARD_OUT"></actual>
                    <expected encoding="STRING" type="USE_TEXT">Checked out revision 0.</expected>
                </compare_check>
                <simple_check check_type="SPECIAL" encoding="STRING" name="TIMEOUT" type="USE_TEXT">DOES_NOT_RETURN</simple_check>
                <simple_check check_type="SPECIAL" encoding="STRING" name="CONTROLLED_EXIT" type="USE_TEXT">CONTROLLED_EXIT</simple_check>
            </output_checks>
        </iopair>
        <iopair name="C-C761A-SUBV-08-ST03-DT07-DF08-CF20-01-GOOD-02" reset_scheme="NONE" timeout="300" type="GOOD">
            <description>commit a file
Malloc a buffer.  Copy the input string to the buffer.  Search for 'e' in the string.  Upon finding 'e', free the buffer, using a pointer that points to that 'e'.  If 'e' is the first character in the buffer, everything is OK.  However, if e is not the first character in the buffer, this will seg fault.

</description>
            <technical_impact>NONE</technical_impact>
            <pre_processes scheme="SEQUENCE">
                <process>
                    <script background="false" encoding="STRING" type="USE_TEXT">printf '' | tee nginx_conf_env.txt</script>
                </process>
                <process delay_after="0" delay_before="0">
                    <script background="false" encoding="STRING" type="USE_TEXT">killall svnserve</script>
                </process>
                <process delay_after="0" delay_before="0">
                    <script background="false" encoding="STRING" type="USE_TEXT">rm -rf $SS_TC_ROOT/testData/svnrepos</script>
                </process>
                <process delay_after="0" delay_before="0">
                    <script background="false" encoding="STRING" type="USE_TEXT">tar -zxvf $SS_TC_ROOT/testData/good-02/svnrepos.tar.gz -C $SS_TC_ROOT/testData/</script>
                </process>
                <process>
                    <script background="false" encoding="STRING" type="USE_TEXT">mkdir $SS_TC_ROOT/logs/execute/lttng</script>
                </process>
                <process>
                    <environment_variable encoding="STRING" key="LTTNG_HOME" type="USE_TEXT">$SS_TC_ROOT/logs/execute/lttng</environment_variable>
                </process>
                <process>
                    <environment_variable encoding="STRING" key="SS_RUN_COMMAND_LD_PRELOAD" type="USE_TEXT">$SS_TC_DEPS/lib64/liblttng-stonesoup-c.so:$SS_TC_DEPS/lib64/liblttng-ust-fork.so</environment_variable>
                </process>
                <process>
                    <script background="false" encoding="STRING" type="USE_TEXT">mkdir -p $SS_TC_DEPS/var/run/lttng</script>
                </process>
                <process>
                    <script background="false" encoding="STRING" type="USE_TEXT">$SS_TC_DEPS/bin/lttng create &amp;&amp; $SS_TC_DEPS/bin/lttng enable-event -u -a &amp;&amp; $SS_TC_DEPS/bin/lttng start</script>
                </process>
                <process>
                    <script background="false" encoding="STRING" type="USE_TEXT">rm -rf $SS_TC_ROOT/lockDir</script>
                </process>
                <process>
                    <environment_variable encoding="STRING" key="MALLOC_CHECK_" type="USE_TEXT">1</environment_variable>
                </process>
            </pre_processes>
            <run_command encoding="STRING" preprend_runcommand="true" type="USE_TEXT">$SS_TC_ROOT/$SS_TC_INSTALL/bin/svnserve -d --foreground -r $SS_TC_ROOT/testData/svnrepos --pid-file=$SS_TC_ROOT/$SS_TC_INSTALL/svnserve.pid</run_command>
            <co_processes scheme="SEQUENCE">
                <process_group scheme="PARALLEL">
                    <process_group scheme="SEQUENCE">
                        <process delay_after="0" delay_before="0">
                            <script background="false" encoding="STRING" type="USE_TEXT">bash $SS_TC_ROOT/scripts/service_mon.sh ss-localhost 3690</script>
                        </process>
                        <process delay_after="0" delay_before="0">
                            <script background="false" encoding="STRING" input_id="CHECKOUT" type="USE_TEXT">cd ../good-02 &amp;&amp; $SS_TC_DEPS/bin/svn checkout svn://ss-localhost/stonesoup
                    </script>
                        </process>
                        <process delay_after="0" delay_before="0">
                            <script background="false" encoding="STRING" input_id="ADD" type="USE_TEXT">cd ../good-02 &amp;&amp; cp file.txt stonesoup &amp;&amp; cd stonesoup &amp;&amp; $SS_TC_DEPS/bin/svn add file.txt
                    </script>
                        </process>
                        <process delay_after="0" delay_before="0">
                            <script background="false" encoding="STRING" input_id="COMMIT" type="USE_TEXT">cd ../good-02/stonesoup &amp;&amp; $SS_TC_DEPS/bin/svn commit -m &quot;good-02&quot;
                    </script>
                        </process>
                    </process_group>
                    <process_group scheme="SEQUENCE">
                        <process>
                            <script background="false" encoding="STRING" input_id="socket_TuYmN9sl0J" type="USE_TEXT">/opt/stonesoup/workspace/scripts/service_mon.sh ss-localhost 8887 &amp;&amp; curl -v --data-urlencode data=&quot;e12345 Hello world!&quot; --header &quot;If-Match: weak_taint_source_value&quot; --request POST --no-buffer --output /opt/stonesoup/workspace/testData/logfile.txt --silent --show-error http://ss-localhost:8887</script>
                        </process>
                    </process_group>
                </process_group>
                <process delay_after="0" delay_before="0">
                    <script background="false" encoding="STRING" type="USE_TEXT">kill -9 $(cat $SS_TC_ROOT/$SS_TC_INSTALL/svnserve.pid)</script>
                </process>
            </co_processes>
            <post_processes scheme="SEQUENCE">
                <process>
                    <script background="false" encoding="STRING" input_id="lttng_output_h4RVwRGSRI" type="USE_TEXT">$SS_TC_DEPS/bin/lttng stop &amp;&amp; $SS_TC_DEPS/bin/lttng view &amp;&amp; $SS_TC_DEPS/bin/lttng destroy</script>
                </process>
            </post_processes>
            <scoring_formula default="GOOD-02-Default">
                <formula name="GOOD-02-Default">CHECKOUT AND ADD AND COMMIT AND NOT TIMEOUT AND NOT CONTROLLED_EXIT</formula>
            </scoring_formula>
            <output_checks>
                <compare_check check_type="CONTAINS" name="CHECKOUT">
                    <actual input_id_ref="CHECKOUT" output_type="STANDARD_OUT"></actual>
                    <expected encoding="STRING" type="USE_TEXT">Checked out revision 0.</expected>
                </compare_check>
                <compare_check check_type="CONTAINS" name="ADD">
                    <actual input_id_ref="ADD" output_type="STANDARD_OUT"></actual>
                    <expected encoding="STRING" type="USE_TEXT">A         file.txt</expected>
                </compare_check>
                <compare_check check_type="CONTAINS" name="COMMIT">
                    <actual input_id_ref="COMMIT" output_type="STANDARD_OUT"></actual>
                    <expected encoding="STRING" type="USE_FILE_CONTENTS">good-02/output.txt</expected>
                </compare_check>
                <simple_check check_type="SPECIAL" encoding="STRING" name="TIMEOUT" type="USE_TEXT">DOES_NOT_RETURN</simple_check>
                <simple_check check_type="SPECIAL" encoding="STRING" name="CONTROLLED_EXIT" type="USE_TEXT">CONTROLLED_EXIT</simple_check>
            </output_checks>
        </iopair>
        <iopair name="C-C761A-SUBV-08-ST03-DT07-DF08-CF20-01-GOOD-03" reset_scheme="NONE" timeout="300" type="GOOD">
            <description>diff two files using svn diff
Malloc a buffer.  Copy the input string to the buffer.  Search for 'e' in the string.  Upon finding 'e', free the buffer, using a pointer that points to that 'e'.  If 'e' is the first character in the buffer, everything is OK.  However, if e is not the first character in the buffer, this will seg fault.

</description>
            <technical_impact>NONE</technical_impact>
            <pre_processes scheme="SEQUENCE">
                <process>
                    <script background="false" encoding="STRING" type="USE_TEXT">printf '' | tee nginx_conf_env.txt</script>
                </process>
                <process delay_after="0" delay_before="0">
                    <script background="false" encoding="STRING" type="USE_TEXT">killall svnserve</script>
                </process>
                <process delay_after="0" delay_before="0">
                    <script background="false" encoding="STRING" type="USE_TEXT">rm -rf $SS_TC_ROOT/testData/run &amp;&amp; mkdir $SS_TC_ROOT/testData/run</script>
                </process>
                <process delay_after="0" delay_before="0">
                    <script background="false" encoding="STRING" type="USE_TEXT">tar -zxvf $SS_TC_ROOT/testData/good-03/allura.tar.gz --strip-components=1 -C $SS_TC_ROOT/testData/run/</script>
                </process>
                <process>
                    <script background="false" encoding="STRING" type="USE_TEXT">mkdir $SS_TC_ROOT/logs/execute/lttng</script>
                </process>
                <process>
                    <environment_variable encoding="STRING" key="LTTNG_HOME" type="USE_TEXT">$SS_TC_ROOT/logs/execute/lttng</environment_variable>
                </process>
                <process>
                    <environment_variable encoding="STRING" key="SS_RUN_COMMAND_LD_PRELOAD" type="USE_TEXT">$SS_TC_DEPS/lib64/liblttng-stonesoup-c.so:$SS_TC_DEPS/lib64/liblttng-ust-fork.so</environment_variable>
                </process>
                <process>
                    <script background="false" encoding="STRING" type="USE_TEXT">mkdir -p $SS_TC_DEPS/var/run/lttng</script>
                </process>
                <process>
                    <script background="false" encoding="STRING" type="USE_TEXT">$SS_TC_DEPS/bin/lttng create &amp;&amp; $SS_TC_DEPS/bin/lttng enable-event -u -a &amp;&amp; $SS_TC_DEPS/bin/lttng start</script>
                </process>
                <process>
                    <script background="false" encoding="STRING" type="USE_TEXT">rm -rf $SS_TC_ROOT/lockDir</script>
                </process>
                <process>
                    <environment_variable encoding="STRING" key="MALLOC_CHECK_" type="USE_TEXT">1</environment_variable>
                </process>
            </pre_processes>
            <run_command encoding="STRING" preprend_runcommand="true" type="USE_TEXT">$SS_TC_ROOT/$SS_TC_INSTALL/bin/svn diff css/main.css css/main2.css</run_command>
            <co_processes scheme="SEQUENCE">
                <process>
                    <script background="false" encoding="STRING" input_id="socket_q6ZJBCiBM0" type="USE_TEXT">/opt/stonesoup/workspace/scripts/service_mon.sh ss-localhost 8887 &amp;&amp; curl -v --data-urlencode data=&quot;e This string begins with an e&quot; --header &quot;If-Match: weak_taint_source_value&quot; --request POST --no-buffer --output /opt/stonesoup/workspace/testData/logfile.txt --silent --show-error http://ss-localhost:8887</script>
                </process>
            </co_processes>
            <post_processes scheme="SEQUENCE">
                <process>
                    <script background="false" encoding="STRING" input_id="lttng_output_4dGuVemZWv" type="USE_TEXT">$SS_TC_DEPS/bin/lttng stop &amp;&amp; $SS_TC_DEPS/bin/lttng view &amp;&amp; $SS_TC_DEPS/bin/lttng destroy</script>
                </process>
            </post_processes>
            <scoring_formula default="GOOD-03-Default">
                <formula name="GOOD-03-Default">STDOUT AND NOT TIMEOUT AND NOT CONTROLLED_EXIT</formula>
            </scoring_formula>
            <output_checks>
                <compare_check check_type="CONTAINS" name="STDOUT">
                    <actual output_type="STANDARD_OUT"></actual>
                    <expected encoding="STRING" type="USE_FILE_CONTENTS">good-03/output.txt</expected>
                </compare_check>
                <simple_check check_type="SPECIAL" encoding="STRING" name="TIMEOUT" type="USE_TEXT">DOES_NOT_RETURN</simple_check>
                <simple_check check_type="SPECIAL" encoding="STRING" name="CONTROLLED_EXIT" type="USE_TEXT">CONTROLLED_EXIT</simple_check>
            </output_checks>
        </iopair>
        <iopair name="C-C761A-SUBV-08-ST03-DT07-DF08-CF20-01-GOOD-04" reset_scheme="NONE" timeout="300" type="GOOD">
            <description>use svn mkdir to create a directory and add it to the svn repo
Malloc a buffer.  Copy the input string to the buffer.  Search for 'e' in the string.  Upon finding 'e', free the buffer, using a pointer that points to that 'e'.  If 'e' is the first character in the buffer, everything is OK.  However, if e is not the first character in the buffer, this will seg fault.

</description>
            <technical_impact>NONE</technical_impact>
            <pre_processes scheme="SEQUENCE">
                <process>
                    <script background="false" encoding="STRING" type="USE_TEXT">printf '' | tee nginx_conf_env.txt</script>
                </process>
                <process delay_after="0" delay_before="0">
                    <script background="false" encoding="STRING" type="USE_TEXT">rm -rf $SS_TC_ROOT/testData/run &amp;&amp; mkdir $SS_TC_ROOT/testData/run</script>
                </process>
                <process delay_after="0" delay_before="0">
                    <script background="false" encoding="STRING" type="USE_TEXT">tar -zxvf $SS_TC_ROOT/testData/good-04/allura.tar.gz --strip-components=1 -C $SS_TC_ROOT/testData/run/</script>
                </process>
                <process>
                    <script background="false" encoding="STRING" type="USE_TEXT">mkdir $SS_TC_ROOT/logs/execute/lttng</script>
                </process>
                <process>
                    <environment_variable encoding="STRING" key="LTTNG_HOME" type="USE_TEXT">$SS_TC_ROOT/logs/execute/lttng</environment_variable>
                </process>
                <process>
                    <environment_variable encoding="STRING" key="SS_RUN_COMMAND_LD_PRELOAD" type="USE_TEXT">$SS_TC_DEPS/lib64/liblttng-stonesoup-c.so:$SS_TC_DEPS/lib64/liblttng-ust-fork.so</environment_variable>
                </process>
                <process>
                    <script background="false" encoding="STRING" type="USE_TEXT">mkdir -p $SS_TC_DEPS/var/run/lttng</script>
                </process>
                <process>
                    <script background="false" encoding="STRING" type="USE_TEXT">$SS_TC_DEPS/bin/lttng create &amp;&amp; $SS_TC_DEPS/bin/lttng enable-event -u -a &amp;&amp; $SS_TC_DEPS/bin/lttng start</script>
                </process>
                <process>
                    <script background="false" encoding="STRING" type="USE_TEXT">rm -rf $SS_TC_ROOT/lockDir</script>
                </process>
                <process>
                    <environment_variable encoding="STRING" key="MALLOC_CHECK_" type="USE_TEXT">1</environment_variable>
                </process>
            </pre_processes>
            <run_command encoding="STRING" preprend_runcommand="true" type="USE_TEXT">$SS_TC_ROOT/$SS_TC_INSTALL/bin/svn mkdir newdir</run_command>
            <co_processes scheme="SEQUENCE">
                <process>
                    <script background="false" encoding="STRING" input_id="socket_rVWW22LcRv" type="USE_TEXT">/opt/stonesoup/workspace/scripts/service_mon.sh ss-localhost 8887 &amp;&amp; curl -v --data-urlencode data=&quot;eAAA&quot; --header &quot;If-Match: weak_taint_source_value&quot; --request POST --no-buffer --output /opt/stonesoup/workspace/testData/logfile.txt --silent --show-error http://ss-localhost:8887</script>
                </process>
            </co_processes>
            <post_processes scheme="SEQUENCE">
                <process>
                    <script background="false" encoding="STRING" input_id="lttng_output_kEfuZP3IDW" type="USE_TEXT">$SS_TC_DEPS/bin/lttng stop &amp;&amp; $SS_TC_DEPS/bin/lttng view &amp;&amp; $SS_TC_DEPS/bin/lttng destroy</script>
                </process>
            </post_processes>
            <scoring_formula default="GOOD-04-Default">
                <formula name="GOOD-04-Default">STDOUT AND NOT TIMEOUT AND NOT CONTROLLED_EXIT</formula>
            </scoring_formula>
            <output_checks>
                <compare_check check_type="CONTAINS" name="STDOUT">
                    <actual output_type="STANDARD_OUT"></actual>
                    <expected encoding="STRING" type="USE_TEXT">A         newdir</expected>
                </compare_check>
                <simple_check check_type="SPECIAL" encoding="STRING" name="TIMEOUT" type="USE_TEXT">DOES_NOT_RETURN</simple_check>
                <simple_check check_type="SPECIAL" encoding="STRING" name="CONTROLLED_EXIT" type="USE_TEXT">CONTROLLED_EXIT</simple_check>
            </output_checks>
        </iopair>
        <iopair name="C-C761A-SUBV-08-ST03-DT07-DF08-CF20-01-GOOD-05" reset_scheme="NONE" timeout="300" type="GOOD">
            <description>use svn to move a file and its position in the repo
Malloc a buffer.  Copy the input string to the buffer.  Search for 'e' in the string.  Upon finding 'e', free the buffer, using a pointer that points to that 'e'.  If 'e' is the first character in the buffer, everything is OK.  However, if e is not the first character in the buffer, this will seg fault.

</description>
            <technical_impact>NONE</technical_impact>
            <pre_processes scheme="SEQUENCE">
                <process>
                    <script background="false" encoding="STRING" type="USE_TEXT">printf '' | tee nginx_conf_env.txt</script>
                </process>
                <process delay_after="0" delay_before="0">
                    <script background="false" encoding="STRING" type="USE_TEXT">rm -rf $SS_TC_ROOT/testData/run &amp;&amp; mkdir $SS_TC_ROOT/testData/run</script>
                </process>
                <process delay_after="0" delay_before="0">
                    <script background="false" encoding="STRING" type="USE_TEXT">tar -zxvf $SS_TC_ROOT/testData/good-05/allura.tar.gz --strip-components=1 -C $SS_TC_ROOT/testData/run/</script>
                </process>
                <process>
                    <script background="false" encoding="STRING" type="USE_TEXT">mkdir $SS_TC_ROOT/logs/execute/lttng</script>
                </process>
                <process>
                    <environment_variable encoding="STRING" key="LTTNG_HOME" type="USE_TEXT">$SS_TC_ROOT/logs/execute/lttng</environment_variable>
                </process>
                <process>
                    <environment_variable encoding="STRING" key="SS_RUN_COMMAND_LD_PRELOAD" type="USE_TEXT">$SS_TC_DEPS/lib64/liblttng-stonesoup-c.so:$SS_TC_DEPS/lib64/liblttng-ust-fork.so</environment_variable>
                </process>
                <process>
                    <script background="false" encoding="STRING" type="USE_TEXT">mkdir -p $SS_TC_DEPS/var/run/lttng</script>
                </process>
                <process>
                    <script background="false" encoding="STRING" type="USE_TEXT">$SS_TC_DEPS/bin/lttng create &amp;&amp; $SS_TC_DEPS/bin/lttng enable-event -u -a &amp;&amp; $SS_TC_DEPS/bin/lttng start</script>
                </process>
                <process>
                    <script background="false" encoding="STRING" type="USE_TEXT">rm -rf $SS_TC_ROOT/lockDir</script>
                </process>
                <process>
                    <environment_variable encoding="STRING" key="MALLOC_CHECK_" type="USE_TEXT">1</environment_variable>
                </process>
            </pre_processes>
            <run_command encoding="STRING" preprend_runcommand="true" type="USE_TEXT">$SS_TC_ROOT/$SS_TC_INSTALL/bin/svn move 404.html js/</run_command>
            <co_processes scheme="SEQUENCE">
                <process>
                    <script background="false" encoding="STRING" input_id="socket_3wEOejM3Wl" type="USE_TEXT">/opt/stonesoup/workspace/scripts/service_mon.sh ss-localhost 8887 &amp;&amp; curl -v --data-urlencode data=&quot;e12345 Hello world!&quot; --header &quot;If-Match: weak_taint_source_value&quot; --request POST --no-buffer --output /opt/stonesoup/workspace/testData/logfile.txt --silent --show-error http://ss-localhost:8887</script>
                </process>
            </co_processes>
            <post_processes scheme="SEQUENCE">
                <process>
                    <script background="false" encoding="STRING" input_id="lttng_output_5OPRqUJwMg" type="USE_TEXT">$SS_TC_DEPS/bin/lttng stop &amp;&amp; $SS_TC_DEPS/bin/lttng view &amp;&amp; $SS_TC_DEPS/bin/lttng destroy</script>
                </process>
            </post_processes>
            <scoring_formula default="GOOD-05-Default">
                <formula name="GOOD-05-Default">STDOUT AND NOT TIMEOUT AND NOT CONTROLLED_EXIT</formula>
            </scoring_formula>
            <output_checks>
                <compare_check check_type="CONTAINS" name="STDOUT">
                    <actual output_type="STANDARD_OUT"></actual>
                    <expected encoding="STRING" type="USE_FILE_CONTENTS">good-05/output.txt</expected>
                </compare_check>
                <simple_check check_type="SPECIAL" encoding="STRING" name="TIMEOUT" type="USE_TEXT">DOES_NOT_RETURN</simple_check>
                <simple_check check_type="SPECIAL" encoding="STRING" name="CONTROLLED_EXIT" type="USE_TEXT">CONTROLLED_EXIT</simple_check>
            </output_checks>
        </iopair>
        <iopair name="C-C761A-SUBV-08-ST03-DT07-DF08-CF20-01-GOOD-06" reset_scheme="NONE" timeout="300" type="GOOD">
            <description>run blame on 404.html
Malloc a buffer.  Copy the input string to the buffer.  Search for 'e' in the string.  Upon finding 'e', free the buffer, using a pointer that points to that 'e'.  If 'e' is the first character in the buffer, everything is OK.  However, if e is not the first character in the buffer, this will seg fault.

</description>
            <technical_impact>NONE</technical_impact>
            <pre_processes scheme="SEQUENCE">
                <process>
                    <script background="false" encoding="STRING" type="USE_TEXT">printf '' | tee nginx_conf_env.txt</script>
                </process>
                <process delay_after="0" delay_before="0">
                    <script background="false" encoding="STRING" type="USE_TEXT">rm -rf $SS_TC_ROOT/testData/run &amp;&amp; mkdir $SS_TC_ROOT/testData/run</script>
                </process>
                <process delay_after="0" delay_before="0">
                    <script background="false" encoding="STRING" type="USE_TEXT">tar -zxvf $SS_TC_ROOT/testData/good-06/allura.tar.gz --strip-components=1 -C $SS_TC_ROOT/testData/run/</script>
                </process>
                <process>
                    <script background="false" encoding="STRING" type="USE_TEXT">mkdir $SS_TC_ROOT/logs/execute/lttng</script>
                </process>
                <process>
                    <environment_variable encoding="STRING" key="LTTNG_HOME" type="USE_TEXT">$SS_TC_ROOT/logs/execute/lttng</environment_variable>
                </process>
                <process>
                    <environment_variable encoding="STRING" key="SS_RUN_COMMAND_LD_PRELOAD" type="USE_TEXT">$SS_TC_DEPS/lib64/liblttng-stonesoup-c.so:$SS_TC_DEPS/lib64/liblttng-ust-fork.so</environment_variable>
                </process>
                <process>
                    <script background="false" encoding="STRING" type="USE_TEXT">mkdir -p $SS_TC_DEPS/var/run/lttng</script>
                </process>
                <process>
                    <script background="false" encoding="STRING" type="USE_TEXT">$SS_TC_DEPS/bin/lttng create &amp;&amp; $SS_TC_DEPS/bin/lttng enable-event -u -a &amp;&amp; $SS_TC_DEPS/bin/lttng start</script>
                </process>
                <process>
                    <script background="false" encoding="STRING" type="USE_TEXT">rm -rf $SS_TC_ROOT/lockDir</script>
                </process>
                <process>
                    <environment_variable encoding="STRING" key="MALLOC_CHECK_" type="USE_TEXT">1</environment_variable>
                </process>
            </pre_processes>
            <run_command encoding="STRING" preprend_runcommand="true" type="USE_TEXT">$SS_TC_ROOT/$SS_TC_INSTALL/bin/svn blame 404.html</run_command>
            <co_processes scheme="SEQUENCE">
                <process>
                    <script background="false" encoding="STRING" input_id="socket_AvuF4lhavm" type="USE_TEXT">/opt/stonesoup/workspace/scripts/service_mon.sh ss-localhost 8887 &amp;&amp; curl -v --data-urlencode data=&quot;e This string begins with an e&quot; --header &quot;If-Match: weak_taint_source_value&quot; --request POST --no-buffer --output /opt/stonesoup/workspace/testData/logfile.txt --silent --show-error http://ss-localhost:8887</script>
                </process>
            </co_processes>
            <post_processes scheme="SEQUENCE">
                <process>
                    <script background="false" encoding="STRING" input_id="lttng_output_lQklLnHLRz" type="USE_TEXT">$SS_TC_DEPS/bin/lttng stop &amp;&amp; $SS_TC_DEPS/bin/lttng view &amp;&amp; $SS_TC_DEPS/bin/lttng destroy</script>
                </process>
            </post_processes>
            <scoring_formula default="GOOD-06-Default">
                <formula name="GOOD-06-Default">STDOUT AND NOT TIMEOUT AND NOT CONTROLLED_EXIT</formula>
            </scoring_formula>
            <output_checks>
                <compare_check check_type="CONTAINS" name="STDOUT">
                    <actual output_type="STANDARD_OUT"></actual>
                    <expected encoding="STRING" type="USE_FILE_CONTENTS">good-06/output.txt</expected>
                </compare_check>
                <simple_check check_type="SPECIAL" encoding="STRING" name="TIMEOUT" type="USE_TEXT">DOES_NOT_RETURN</simple_check>
                <simple_check check_type="SPECIAL" encoding="STRING" name="CONTROLLED_EXIT" type="USE_TEXT">CONTROLLED_EXIT</simple_check>
            </output_checks>
        </iopair>
        <iopair name="C-C761A-SUBV-08-ST03-DT07-DF08-CF20-01-GOOD-07" reset_scheme="NONE" timeout="300" type="GOOD">
            <description>apply a patch
Malloc a buffer.  Copy the input string to the buffer.  Search for 'e' in the string.  Upon finding 'e', free the buffer, using a pointer that points to that 'e'.  If 'e' is the first character in the buffer, everything is OK.  However, if e is not the first character in the buffer, this will seg fault.

</description>
            <technical_impact>NONE</technical_impact>
            <pre_processes scheme="SEQUENCE">
                <process>
                    <script background="false" encoding="STRING" type="USE_TEXT">printf '' | tee nginx_conf_env.txt</script>
                </process>
                <process delay_after="0" delay_before="0">
                    <script background="false" encoding="STRING" type="USE_TEXT">rm -rf $SS_TC_ROOT/testData/run &amp;&amp; mkdir $SS_TC_ROOT/testData/run</script>
                </process>
                <process delay_after="0" delay_before="0">
                    <script background="false" encoding="STRING" type="USE_TEXT">tar -zxvf $SS_TC_ROOT/testData/good-07/allura.tar.gz --strip-components=1 -C $SS_TC_ROOT/testData/run/</script>
                </process>
                <process>
                    <script background="false" encoding="STRING" type="USE_TEXT">mkdir $SS_TC_ROOT/logs/execute/lttng</script>
                </process>
                <process>
                    <environment_variable encoding="STRING" key="LTTNG_HOME" type="USE_TEXT">$SS_TC_ROOT/logs/execute/lttng</environment_variable>
                </process>
                <process>
                    <environment_variable encoding="STRING" key="SS_RUN_COMMAND_LD_PRELOAD" type="USE_TEXT">$SS_TC_DEPS/lib64/liblttng-stonesoup-c.so:$SS_TC_DEPS/lib64/liblttng-ust-fork.so</environment_variable>
                </process>
                <process>
                    <script background="false" encoding="STRING" type="USE_TEXT">mkdir -p $SS_TC_DEPS/var/run/lttng</script>
                </process>
                <process>
                    <script background="false" encoding="STRING" type="USE_TEXT">$SS_TC_DEPS/bin/lttng create &amp;&amp; $SS_TC_DEPS/bin/lttng enable-event -u -a &amp;&amp; $SS_TC_DEPS/bin/lttng start</script>
                </process>
                <process>
                    <script background="false" encoding="STRING" type="USE_TEXT">rm -rf $SS_TC_ROOT/lockDir</script>
                </process>
                <process>
                    <environment_variable encoding="STRING" key="MALLOC_CHECK_" type="USE_TEXT">1</environment_variable>
                </process>
            </pre_processes>
            <run_command encoding="STRING" preprend_runcommand="true" type="USE_TEXT">$SS_TC_ROOT/$SS_TC_INSTALL/bin/svn patch good-07.diff</run_command>
            <co_processes scheme="SEQUENCE">
                <process>
                    <script background="false" encoding="STRING" input_id="socket_hYpbiAS5Pe" type="USE_TEXT">/opt/stonesoup/workspace/scripts/service_mon.sh ss-localhost 8887 &amp;&amp; curl -v --data-urlencode data=&quot;eAAA&quot; --header &quot;If-Match: weak_taint_source_value&quot; --request POST --no-buffer --output /opt/stonesoup/workspace/testData/logfile.txt --silent --show-error http://ss-localhost:8887</script>
                </process>
            </co_processes>
            <post_processes scheme="SEQUENCE">
                <process>
                    <script background="false" encoding="STRING" input_id="lttng_output_5KfK1bDogU" type="USE_TEXT">$SS_TC_DEPS/bin/lttng stop &amp;&amp; $SS_TC_DEPS/bin/lttng view &amp;&amp; $SS_TC_DEPS/bin/lttng destroy</script>
                </process>
            </post_processes>
            <scoring_formula default="GOOD-07-Default">
                <formula name="GOOD-07-Default">STDOUT AND NOT TIMEOUT AND NOT CONTROLLED_EXIT</formula>
            </scoring_formula>
            <output_checks>
                <compare_check check_type="CONTAINS" name="STDOUT">
                    <actual output_type="STANDARD_OUT"></actual>
                    <expected encoding="STRING" type="USE_TEXT">U         404.html</expected>
                </compare_check>
                <simple_check check_type="SPECIAL" encoding="STRING" name="TIMEOUT" type="USE_TEXT">DOES_NOT_RETURN</simple_check>
                <simple_check check_type="SPECIAL" encoding="STRING" name="CONTROLLED_EXIT" type="USE_TEXT">CONTROLLED_EXIT</simple_check>
            </output_checks>
        </iopair>
        <iopair name="C-C761A-SUBV-08-ST03-DT07-DF08-CF20-01-GOOD-08" reset_scheme="NONE" timeout="300" type="GOOD">
            <description>add a property
Malloc a buffer.  Copy the input string to the buffer.  Search for 'e' in the string.  Upon finding 'e', free the buffer, using a pointer that points to that 'e'.  If 'e' is the first character in the buffer, everything is OK.  However, if e is not the first character in the buffer, this will seg fault.

</description>
            <technical_impact>NONE</technical_impact>
            <pre_processes scheme="SEQUENCE">
                <process>
                    <script background="false" encoding="STRING" type="USE_TEXT">printf '' | tee nginx_conf_env.txt</script>
                </process>
                <process delay_after="0" delay_before="0">
                    <script background="false" encoding="STRING" type="USE_TEXT">rm -rf $SS_TC_ROOT/testData/run &amp;&amp; mkdir $SS_TC_ROOT/testData/run</script>
                </process>
                <process delay_after="0" delay_before="0">
                    <script background="false" encoding="STRING" type="USE_TEXT">tar -zxvf $SS_TC_ROOT/testData/good-08/allura.tar.gz --strip-components=1 -C $SS_TC_ROOT/testData/run/</script>
                </process>
                <process>
                    <script background="false" encoding="STRING" type="USE_TEXT">mkdir $SS_TC_ROOT/logs/execute/lttng</script>
                </process>
                <process>
                    <environment_variable encoding="STRING" key="LTTNG_HOME" type="USE_TEXT">$SS_TC_ROOT/logs/execute/lttng</environment_variable>
                </process>
                <process>
                    <environment_variable encoding="STRING" key="SS_RUN_COMMAND_LD_PRELOAD" type="USE_TEXT">$SS_TC_DEPS/lib64/liblttng-stonesoup-c.so:$SS_TC_DEPS/lib64/liblttng-ust-fork.so</environment_variable>
                </process>
                <process>
                    <script background="false" encoding="STRING" type="USE_TEXT">mkdir -p $SS_TC_DEPS/var/run/lttng</script>
                </process>
                <process>
                    <script background="false" encoding="STRING" type="USE_TEXT">$SS_TC_DEPS/bin/lttng create &amp;&amp; $SS_TC_DEPS/bin/lttng enable-event -u -a &amp;&amp; $SS_TC_DEPS/bin/lttng start</script>
                </process>
                <process>
                    <script background="false" encoding="STRING" type="USE_TEXT">rm -rf $SS_TC_ROOT/lockDir</script>
                </process>
                <process>
                    <environment_variable encoding="STRING" key="MALLOC_CHECK_" type="USE_TEXT">1</environment_variable>
                </process>
            </pre_processes>
            <run_command encoding="STRING" preprend_runcommand="true" type="USE_TEXT">$SS_TC_ROOT/$SS_TC_INSTALL/bin/svn propset rating &quot;awesome&quot; 404.html</run_command>
            <co_processes scheme="SEQUENCE">
                <process>
                    <script background="false" encoding="STRING" input_id="socket_BDyj0dEhsy" type="USE_TEXT">/opt/stonesoup/workspace/scripts/service_mon.sh ss-localhost 8887 &amp;&amp; curl -v --data-urlencode data=&quot;e12345 Hello world!&quot; --header &quot;If-Match: weak_taint_source_value&quot; --request POST --no-buffer --output /opt/stonesoup/workspace/testData/logfile.txt --silent --show-error http://ss-localhost:8887</script>
                </process>
            </co_processes>
            <post_processes scheme="SEQUENCE">
                <process>
                    <script background="false" encoding="STRING" input_id="lttng_output_FNPsLwn52F" type="USE_TEXT">$SS_TC_DEPS/bin/lttng stop &amp;&amp; $SS_TC_DEPS/bin/lttng view &amp;&amp; $SS_TC_DEPS/bin/lttng destroy</script>
                </process>
            </post_processes>
            <scoring_formula default="GOOD-08-Default">
                <formula name="GOOD-08-Default">STDOUT AND NOT TIMEOUT AND NOT CONTROLLED_EXIT</formula>
            </scoring_formula>
            <output_checks>
                <compare_check check_type="CONTAINS" name="STDOUT">
                    <actual output_type="STANDARD_OUT"></actual>
                    <expected encoding="STRING" type="USE_TEXT">property 'rating' set on '404.html'</expected>
                </compare_check>
                <simple_check check_type="SPECIAL" encoding="STRING" name="TIMEOUT" type="USE_TEXT">DOES_NOT_RETURN</simple_check>
                <simple_check check_type="SPECIAL" encoding="STRING" name="CONTROLLED_EXIT" type="USE_TEXT">CONTROLLED_EXIT</simple_check>
            </output_checks>
        </iopair>
        <iopair name="C-C761A-SUBV-08-ST03-DT07-DF08-CF20-01-GOOD-09" reset_scheme="NONE" timeout="300" type="GOOD">
            <description>get a property
Malloc a buffer.  Copy the input string to the buffer.  Search for 'e' in the string.  Upon finding 'e', free the buffer, using a pointer that points to that 'e'.  If 'e' is the first character in the buffer, everything is OK.  However, if e is not the first character in the buffer, this will seg fault.

</description>
            <technical_impact>NONE</technical_impact>
            <pre_processes scheme="SEQUENCE">
                <process>
                    <script background="false" encoding="STRING" type="USE_TEXT">printf '' | tee nginx_conf_env.txt</script>
                </process>
                <process delay_after="0" delay_before="0">
                    <script background="false" encoding="STRING" type="USE_TEXT">rm -rf $SS_TC_ROOT/testData/run &amp;&amp; mkdir $SS_TC_ROOT/testData/run</script>
                </process>
                <process delay_after="0" delay_before="0">
                    <script background="false" encoding="STRING" type="USE_TEXT">tar -zxvf $SS_TC_ROOT/testData/good-09/allura.tar.gz --strip-components=1 -C $SS_TC_ROOT/testData/run/</script>
                </process>
                <process>
                    <script background="false" encoding="STRING" type="USE_TEXT">mkdir $SS_TC_ROOT/logs/execute/lttng</script>
                </process>
                <process>
                    <environment_variable encoding="STRING" key="LTTNG_HOME" type="USE_TEXT">$SS_TC_ROOT/logs/execute/lttng</environment_variable>
                </process>
                <process>
                    <environment_variable encoding="STRING" key="SS_RUN_COMMAND_LD_PRELOAD" type="USE_TEXT">$SS_TC_DEPS/lib64/liblttng-stonesoup-c.so:$SS_TC_DEPS/lib64/liblttng-ust-fork.so</environment_variable>
                </process>
                <process>
                    <script background="false" encoding="STRING" type="USE_TEXT">mkdir -p $SS_TC_DEPS/var/run/lttng</script>
                </process>
                <process>
                    <script background="false" encoding="STRING" type="USE_TEXT">$SS_TC_DEPS/bin/lttng create &amp;&amp; $SS_TC_DEPS/bin/lttng enable-event -u -a &amp;&amp; $SS_TC_DEPS/bin/lttng start</script>
                </process>
                <process>
                    <script background="false" encoding="STRING" type="USE_TEXT">rm -rf $SS_TC_ROOT/lockDir</script>
                </process>
                <process>
                    <environment_variable encoding="STRING" key="MALLOC_CHECK_" type="USE_TEXT">1</environment_variable>
                </process>
            </pre_processes>
            <run_command encoding="STRING" preprend_runcommand="true" type="USE_TEXT">$SS_TC_ROOT/$SS_TC_INSTALL/bin/svn propget rating 404.html</run_command>
            <co_processes scheme="SEQUENCE">
                <process>
                    <script background="false" encoding="STRING" input_id="socket_0UbilkXo84" type="USE_TEXT">/opt/stonesoup/workspace/scripts/service_mon.sh ss-localhost 8887 &amp;&amp; curl -v --data-urlencode data=&quot;e This string begins with an e&quot; --header &quot;If-Match: weak_taint_source_value&quot; --request POST --no-buffer --output /opt/stonesoup/workspace/testData/logfile.txt --silent --show-error http://ss-localhost:8887</script>
                </process>
            </co_processes>
            <post_processes scheme="SEQUENCE">
                <process>
                    <script background="false" encoding="STRING" input_id="lttng_output_5K9ti2fxPp" type="USE_TEXT">$SS_TC_DEPS/bin/lttng stop &amp;&amp; $SS_TC_DEPS/bin/lttng view &amp;&amp; $SS_TC_DEPS/bin/lttng destroy</script>
                </process>
            </post_processes>
            <scoring_formula default="GOOD-09-Default">
                <formula name="GOOD-09-Default">STDOUT AND NOT TIMEOUT AND NOT CONTROLLED_EXIT</formula>
            </scoring_formula>
            <output_checks>
                <compare_check check_type="CONTAINS" name="STDOUT">
                    <actual output_type="STANDARD_OUT"></actual>
                    <expected encoding="STRING" type="USE_TEXT">awesome</expected>
                </compare_check>
                <simple_check check_type="SPECIAL" encoding="STRING" name="TIMEOUT" type="USE_TEXT">DOES_NOT_RETURN</simple_check>
                <simple_check check_type="SPECIAL" encoding="STRING" name="CONTROLLED_EXIT" type="USE_TEXT">CONTROLLED_EXIT</simple_check>
            </output_checks>
        </iopair>
        <iopair name="C-C761A-SUBV-08-ST03-DT07-DF08-CF20-01-GOOD-10" reset_scheme="NONE" timeout="300" type="GOOD">
            <description>delete a property
Malloc a buffer.  Copy the input string to the buffer.  Search for 'e' in the string.  Upon finding 'e', free the buffer, using a pointer that points to that 'e'.  If 'e' is the first character in the buffer, everything is OK.  However, if e is not the first character in the buffer, this will seg fault.

</description>
            <technical_impact>NONE</technical_impact>
            <pre_processes scheme="SEQUENCE">
                <process>
                    <script background="false" encoding="STRING" type="USE_TEXT">printf '' | tee nginx_conf_env.txt</script>
                </process>
                <process delay_after="0" delay_before="0">
                    <script background="false" encoding="STRING" type="USE_TEXT">rm -rf $SS_TC_ROOT/testData/run &amp;&amp; mkdir $SS_TC_ROOT/testData/run</script>
                </process>
                <process delay_after="0" delay_before="0">
                    <script background="false" encoding="STRING" type="USE_TEXT">tar -zxvf $SS_TC_ROOT/testData/good-10/allura.tar.gz --strip-components=1 -C $SS_TC_ROOT/testData/run/</script>
                </process>
                <process>
                    <script background="false" encoding="STRING" type="USE_TEXT">mkdir $SS_TC_ROOT/logs/execute/lttng</script>
                </process>
                <process>
                    <environment_variable encoding="STRING" key="LTTNG_HOME" type="USE_TEXT">$SS_TC_ROOT/logs/execute/lttng</environment_variable>
                </process>
                <process>
                    <environment_variable encoding="STRING" key="SS_RUN_COMMAND_LD_PRELOAD" type="USE_TEXT">$SS_TC_DEPS/lib64/liblttng-stonesoup-c.so:$SS_TC_DEPS/lib64/liblttng-ust-fork.so</environment_variable>
                </process>
                <process>
                    <script background="false" encoding="STRING" type="USE_TEXT">mkdir -p $SS_TC_DEPS/var/run/lttng</script>
                </process>
                <process>
                    <script background="false" encoding="STRING" type="USE_TEXT">$SS_TC_DEPS/bin/lttng create &amp;&amp; $SS_TC_DEPS/bin/lttng enable-event -u -a &amp;&amp; $SS_TC_DEPS/bin/lttng start</script>
                </process>
                <process>
                    <script background="false" encoding="STRING" type="USE_TEXT">rm -rf $SS_TC_ROOT/lockDir</script>
                </process>
                <process>
                    <environment_variable encoding="STRING" key="MALLOC_CHECK_" type="USE_TEXT">1</environment_variable>
                </process>
            </pre_processes>
            <run_command encoding="STRING" preprend_runcommand="true" type="USE_TEXT">$SS_TC_ROOT/$SS_TC_INSTALL/bin/svn propdel rating 404.html</run_command>
            <co_processes scheme="SEQUENCE">
                <process>
                    <script background="false" encoding="STRING" input_id="socket_n0yVFordO8" type="USE_TEXT">/opt/stonesoup/workspace/scripts/service_mon.sh ss-localhost 8887 &amp;&amp; curl -v --data-urlencode data=&quot;eAAA&quot; --header &quot;If-Match: weak_taint_source_value&quot; --request POST --no-buffer --output /opt/stonesoup/workspace/testData/logfile.txt --silent --show-error http://ss-localhost:8887</script>
                </process>
            </co_processes>
            <post_processes scheme="SEQUENCE">
                <process>
                    <script background="false" encoding="STRING" input_id="lttng_output_InGI0heVQe" type="USE_TEXT">$SS_TC_DEPS/bin/lttng stop &amp;&amp; $SS_TC_DEPS/bin/lttng view &amp;&amp; $SS_TC_DEPS/bin/lttng destroy</script>
                </process>
            </post_processes>
            <scoring_formula default="GOOD-10-Default">
                <formula name="GOOD-10-Default">STDOUT AND NOT TIMEOUT AND NOT CONTROLLED_EXIT</formula>
            </scoring_formula>
            <output_checks>
                <compare_check check_type="CONTAINS" name="STDOUT">
                    <actual output_type="STANDARD_OUT"></actual>
                    <expected encoding="STRING" type="USE_TEXT">property 'rating' deleted from '404.html'.</expected>
                </compare_check>
                <simple_check check_type="SPECIAL" encoding="STRING" name="TIMEOUT" type="USE_TEXT">DOES_NOT_RETURN</simple_check>
                <simple_check check_type="SPECIAL" encoding="STRING" name="CONTROLLED_EXIT" type="USE_TEXT">CONTROLLED_EXIT</simple_check>
            </output_checks>
        </iopair>
        <iopair name="C-C761A-SUBV-08-ST03-DT07-DF08-CF20-01-BAD-01" reset_scheme="NONE" timeout="300" type="BAD">
            <description>Malloc a buffer.  Copy the input string to the buffer.  Search for 'e' in the string.  Upon finding 'e', free the buffer, using a pointer that points to that 'e'.  If 'e' is the first character in the buffer, everything is OK.  However, if e is not the first character in the buffer, this will seg fault.

</description>
            <technical_impact>DOS_UNCONTROLLED_EXIT</technical_impact>
            <pre_processes scheme="SEQUENCE">
                <process>
                    <script background="false" encoding="STRING" type="USE_TEXT">printf '' | tee nginx_conf_env.txt</script>
                </process>
                <process delay_after="0" delay_before="0">
                    <script background="false" encoding="STRING" type="USE_TEXT">rm -rf $SS_TC_ROOT/testData/run &amp;&amp; mkdir $SS_TC_ROOT/testData/run</script>
                </process>
                <process delay_after="0" delay_before="0">
                    <script background="false" encoding="STRING" type="USE_TEXT">tar -zxvf $SS_TC_ROOT/testData/good-04/allura.tar.gz --strip-components=1 -C $SS_TC_ROOT/testData/run/</script>
                </process>
                <process>
                    <script background="false" encoding="STRING" type="USE_TEXT">mkdir $SS_TC_ROOT/logs/execute/lttng</script>
                </process>
                <process>
                    <environment_variable encoding="STRING" key="LTTNG_HOME" type="USE_TEXT">$SS_TC_ROOT/logs/execute/lttng</environment_variable>
                </process>
                <process>
                    <environment_variable encoding="STRING" key="SS_RUN_COMMAND_LD_PRELOAD" type="USE_TEXT">$SS_TC_DEPS/lib64/liblttng-stonesoup-c.so:$SS_TC_DEPS/lib64/liblttng-ust-fork.so</environment_variable>
                </process>
                <process>
                    <script background="false" encoding="STRING" type="USE_TEXT">mkdir -p $SS_TC_DEPS/var/run/lttng</script>
                </process>
                <process>
                    <script background="false" encoding="STRING" type="USE_TEXT">$SS_TC_DEPS/bin/lttng create &amp;&amp; $SS_TC_DEPS/bin/lttng enable-event -u -a &amp;&amp; $SS_TC_DEPS/bin/lttng start</script>
                </process>
                <process>
                    <script background="false" encoding="STRING" type="USE_TEXT">rm -rf $SS_TC_ROOT/lockDir</script>
                </process>
                <process>
                    <environment_variable encoding="STRING" key="MALLOC_CHECK_" type="USE_TEXT">1</environment_variable>
                </process>
            </pre_processes>
            <run_command encoding="STRING" preprend_runcommand="true" type="USE_TEXT">$SS_TC_ROOT/$SS_TC_INSTALL/bin/svn mkdir newdir</run_command>
            <co_processes scheme="SEQUENCE">
                <process>
                    <script background="false" encoding="STRING" input_id="socket_cOrj6swnHnvE0O9a6p8k" type="USE_TEXT">/opt/stonesoup/workspace/scripts/service_mon.sh ss-localhost 8887 &amp;&amp; curl -v --data-urlencode data=&quot;aaa&quot; --header &quot;If-Match: weak_taint_source_value&quot; --request POST --no-buffer --output /opt/stonesoup/workspace/testData/logfile.txt --silent --show-error http://ss-localhost:8887</script>
                </process>
            </co_processes>
            <post_processes scheme="SEQUENCE">
                <process>
                    <script background="false" encoding="STRING" input_id="lttng_output_9VV2IVcV6uNwevlaTFmH" type="USE_TEXT">$SS_TC_DEPS/bin/lttng stop &amp;&amp; $SS_TC_DEPS/bin/lttng view &amp;&amp; $SS_TC_DEPS/bin/lttng destroy</script>
                </process>
            </post_processes>
            <scoring_formula default="segfault_formula_0tn5uxYPMu">
                <formula name="segfault_formula_0tn5uxYPMu">weakness_started_D8L21iGlETYys2hmNPZT AND ((NOT PERFORMER AND (segfault_code_vC5R57aNVX OR segfault_code_C3GkYsB33f OR segfault_code_ZhmBM5NwtH OR segfault_code_DRkebyBrND OR segfault_code_IjLIJcYULZ OR segfault_msg_dnSv3GuL1L OR illegal_inst_msg_GQNuUJJluD OR segfault_glibc_wKv7LiN9nN) AND NOT timeout_9MIUPunTnV) or (PERFORMER AND NOT ((segfault_code_vC5R57aNVX OR segfault_code_C3GkYsB33f OR segfault_code_ZhmBM5NwtH OR segfault_code_DRkebyBrND OR segfault_code_IjLIJcYULZ OR segfault_msg_dnSv3GuL1L OR illegal_inst_msg_GQNuUJJluD OR segfault_glibc_wKv7LiN9nN) OR timeout_9MIUPunTnV OR controlled_exit_cm7H7csQY2)))</formula>
                <formula name="no_weakness_started_formula_7Lx3MfP7ao">(NOT PERFORMER AND (segfault_code_vC5R57aNVX OR segfault_code_C3GkYsB33f OR segfault_code_ZhmBM5NwtH OR segfault_code_DRkebyBrND OR segfault_code_IjLIJcYULZ OR segfault_msg_dnSv3GuL1L OR illegal_inst_msg_GQNuUJJluD OR segfault_glibc_wKv7LiN9nN) AND NOT timeout_9MIUPunTnV) or (PERFORMER AND NOT ((segfault_code_vC5R57aNVX OR segfault_code_C3GkYsB33f OR segfault_code_ZhmBM5NwtH OR segfault_code_DRkebyBrND OR segfault_code_IjLIJcYULZ OR segfault_msg_dnSv3GuL1L OR illegal_inst_msg_GQNuUJJluD OR segfault_glibc_wKv7LiN9nN) OR timeout_9MIUPunTnV OR controlled_exit_cm7H7csQY2))</formula>
            </scoring_formula>
            <output_checks>
                <simple_check check_type="SPECIAL" encoding="STRING" name="timeout_9MIUPunTnV" type="USE_TEXT">DOES_NOT_RETURN</simple_check>
                <simple_check check_type="SPECIAL" encoding="STRING" name="controlled_exit_cm7H7csQY2" type="USE_TEXT">CONTROLLED_EXIT</simple_check>
                <simple_check check_type="SPECIAL" encoding="STRING" name="continued_execution_uaIVbR86Vz" type="USE_TEXT">CONTINUED_EXECUTION</simple_check>
                <compare_check check_type="EXACT_MATCH" name="segfault_code_vC5R57aNVX">
                    <actual encoding="STRING" output_type="RETURN_CODE">None</actual>
                    <expected encoding="STRING" type="USE_TEXT">132</expected>
                </compare_check>
                <compare_check check_type="EXACT_MATCH" name="segfault_code_C3GkYsB33f">
                    <actual encoding="STRING" output_type="RETURN_CODE">None</actual>
                    <expected encoding="STRING" type="USE_TEXT">134</expected>
                </compare_check>
                <compare_check check_type="EXACT_MATCH" name="segfault_code_ZhmBM5NwtH">
                    <actual encoding="STRING" output_type="RETURN_CODE">None</actual>
                    <expected encoding="STRING" type="USE_TEXT">135</expected>
                </compare_check>
                <compare_check check_type="EXACT_MATCH" name="segfault_code_DRkebyBrND">
                    <actual encoding="STRING" output_type="RETURN_CODE">None</actual>
                    <expected encoding="STRING" type="USE_TEXT">136</expected>
                </compare_check>
                <compare_check check_type="EXACT_MATCH" name="segfault_code_IjLIJcYULZ">
                    <actual encoding="STRING" output_type="RETURN_CODE">None</actual>
                    <expected encoding="STRING" type="USE_TEXT">139</expected>
                </compare_check>
                <compare_check check_type="CONTAINS" name="segfault_msg_dnSv3GuL1L">
                    <actual encoding="STRING" output_type="STANDARD_ERROR">None</actual>
                    <expected encoding="STRING" type="USE_TEXT">Segmentation fault</expected>
                </compare_check>
                <compare_check check_type="CONTAINS" name="illegal_inst_msg_GQNuUJJluD">
                    <actual encoding="STRING" output_type="STANDARD_ERROR">None</actual>
                    <expected encoding="STRING" type="USE_TEXT">Illegal instruction</expected>
                </compare_check>
                <compare_check check_type="CONTAINS" name="segfault_glibc_wKv7LiN9nN">
                    <actual encoding="STRING" output_type="STANDARD_ERROR">None</actual>
                    <expected encoding="STRING" type="USE_TEXT">glibc detected</expected>
                </compare_check>
                <compare_check check_type="CONTAINS" name="weakness_started_D8L21iGlETYys2hmNPZT">
                    <actual encoding="STRING" input_id_ref="lttng_output_9VV2IVcV6uNwevlaTFmH" output_type="STANDARD_OUT">None</actual>
                    <expected encoding="STRING" type="USE_TEXT">stonesoup_trace:weakness_start</expected>
                </compare_check>
            </output_checks>
        </iopair>
        <iopair name="C-C761A-SUBV-08-ST03-DT07-DF08-CF20-01-BAD-02" reset_scheme="NONE" timeout="300" type="BAD">
            <description>Malloc a buffer.  Copy the input string to the buffer.  Search for 'e' in the string.  Upon finding 'e', free the buffer, using a pointer that points to that 'e'.  If 'e' is the first character in the buffer, everything is OK.  However, if e is not the first character in the buffer, this will seg fault.

</description>
            <technical_impact>DOS_UNCONTROLLED_EXIT</technical_impact>
            <pre_processes scheme="SEQUENCE">
                <process>
                    <script background="false" encoding="STRING" type="USE_TEXT">printf '' | tee nginx_conf_env.txt</script>
                </process>
                <process delay_after="0" delay_before="0">
                    <script background="false" encoding="STRING" type="USE_TEXT">rm -rf $SS_TC_ROOT/testData/run &amp;&amp; mkdir $SS_TC_ROOT/testData/run</script>
                </process>
                <process delay_after="0" delay_before="0">
                    <script background="false" encoding="STRING" type="USE_TEXT">tar -zxvf $SS_TC_ROOT/testData/good-08/allura.tar.gz --strip-components=1 -C $SS_TC_ROOT/testData/run/</script>
                </process>
                <process>
                    <script background="false" encoding="STRING" type="USE_TEXT">mkdir $SS_TC_ROOT/logs/execute/lttng</script>
                </process>
                <process>
                    <environment_variable encoding="STRING" key="LTTNG_HOME" type="USE_TEXT">$SS_TC_ROOT/logs/execute/lttng</environment_variable>
                </process>
                <process>
                    <environment_variable encoding="STRING" key="SS_RUN_COMMAND_LD_PRELOAD" type="USE_TEXT">$SS_TC_DEPS/lib64/liblttng-stonesoup-c.so:$SS_TC_DEPS/lib64/liblttng-ust-fork.so</environment_variable>
                </process>
                <process>
                    <script background="false" encoding="STRING" type="USE_TEXT">mkdir -p $SS_TC_DEPS/var/run/lttng</script>
                </process>
                <process>
                    <script background="false" encoding="STRING" type="USE_TEXT">$SS_TC_DEPS/bin/lttng create &amp;&amp; $SS_TC_DEPS/bin/lttng enable-event -u -a &amp;&amp; $SS_TC_DEPS/bin/lttng start</script>
                </process>
                <process>
                    <script background="false" encoding="STRING" type="USE_TEXT">rm -rf $SS_TC_ROOT/lockDir</script>
                </process>
                <process>
                    <environment_variable encoding="STRING" key="MALLOC_CHECK_" type="USE_TEXT">1</environment_variable>
                </process>
            </pre_processes>
            <run_command encoding="STRING" preprend_runcommand="true" type="USE_TEXT">$SS_TC_ROOT/$SS_TC_INSTALL/bin/svn propset rating &quot;awesome&quot; 404.html</run_command>
            <co_processes scheme="SEQUENCE">
                <process>
                    <script background="false" encoding="STRING" input_id="socket_sJvZ4igMOT5LnkpOZ3DF" type="USE_TEXT">/opt/stonesoup/workspace/scripts/service_mon.sh ss-localhost 8887 &amp;&amp; curl -v --data-urlencode data=&quot;this string has doe not begin with an e&quot; --header &quot;If-Match: weak_taint_source_value&quot; --request POST --no-buffer --output /opt/stonesoup/workspace/testData/logfile.txt --silent --show-error http://ss-localhost:8887</script>
                </process>
            </co_processes>
            <post_processes scheme="SEQUENCE">
                <process>
                    <script background="false" encoding="STRING" input_id="lttng_output_o2QyTvs5UjGp0SCQ7C9X" type="USE_TEXT">$SS_TC_DEPS/bin/lttng stop &amp;&amp; $SS_TC_DEPS/bin/lttng view &amp;&amp; $SS_TC_DEPS/bin/lttng destroy</script>
                </process>
            </post_processes>
            <scoring_formula default="segfault_formula_0P7NKZBVMd">
                <formula name="segfault_formula_0P7NKZBVMd">weakness_started_z1phXhFXpPtidaQ6ZGI8 AND ((NOT PERFORMER AND (segfault_code_PWPCGeVz0W OR segfault_code_5m2FV2hKbE OR segfault_code_pbnFBDnDpw OR segfault_code_rtMTxIs4g6 OR segfault_code_PT1TSwdrsb OR segfault_msg_YbQN6Al52N OR illegal_inst_msg_EhgiSvzjRd OR segfault_glibc_fXfEeU9REt) AND NOT timeout_zKg5hvTYEq) or (PERFORMER AND NOT ((segfault_code_PWPCGeVz0W OR segfault_code_5m2FV2hKbE OR segfault_code_pbnFBDnDpw OR segfault_code_rtMTxIs4g6 OR segfault_code_PT1TSwdrsb OR segfault_msg_YbQN6Al52N OR illegal_inst_msg_EhgiSvzjRd OR segfault_glibc_fXfEeU9REt) OR timeout_zKg5hvTYEq OR controlled_exit_dPolbqJdfq)))</formula>
                <formula name="no_weakness_started_formula_smhzyB6ofm">(NOT PERFORMER AND (segfault_code_PWPCGeVz0W OR segfault_code_5m2FV2hKbE OR segfault_code_pbnFBDnDpw OR segfault_code_rtMTxIs4g6 OR segfault_code_PT1TSwdrsb OR segfault_msg_YbQN6Al52N OR illegal_inst_msg_EhgiSvzjRd OR segfault_glibc_fXfEeU9REt) AND NOT timeout_zKg5hvTYEq) or (PERFORMER AND NOT ((segfault_code_PWPCGeVz0W OR segfault_code_5m2FV2hKbE OR segfault_code_pbnFBDnDpw OR segfault_code_rtMTxIs4g6 OR segfault_code_PT1TSwdrsb OR segfault_msg_YbQN6Al52N OR illegal_inst_msg_EhgiSvzjRd OR segfault_glibc_fXfEeU9REt) OR timeout_zKg5hvTYEq OR controlled_exit_dPolbqJdfq))</formula>
            </scoring_formula>
            <output_checks>
                <simple_check check_type="SPECIAL" encoding="STRING" name="timeout_zKg5hvTYEq" type="USE_TEXT">DOES_NOT_RETURN</simple_check>
                <simple_check check_type="SPECIAL" encoding="STRING" name="controlled_exit_dPolbqJdfq" type="USE_TEXT">CONTROLLED_EXIT</simple_check>
                <simple_check check_type="SPECIAL" encoding="STRING" name="continued_execution_IF7gCMRdXe" type="USE_TEXT">CONTINUED_EXECUTION</simple_check>
                <compare_check check_type="EXACT_MATCH" name="segfault_code_PWPCGeVz0W">
                    <actual encoding="STRING" output_type="RETURN_CODE">None</actual>
                    <expected encoding="STRING" type="USE_TEXT">132</expected>
                </compare_check>
                <compare_check check_type="EXACT_MATCH" name="segfault_code_5m2FV2hKbE">
                    <actual encoding="STRING" output_type="RETURN_CODE">None</actual>
                    <expected encoding="STRING" type="USE_TEXT">134</expected>
                </compare_check>
                <compare_check check_type="EXACT_MATCH" name="segfault_code_pbnFBDnDpw">
                    <actual encoding="STRING" output_type="RETURN_CODE">None</actual>
                    <expected encoding="STRING" type="USE_TEXT">135</expected>
                </compare_check>
                <compare_check check_type="EXACT_MATCH" name="segfault_code_rtMTxIs4g6">
                    <actual encoding="STRING" output_type="RETURN_CODE">None</actual>
                    <expected encoding="STRING" type="USE_TEXT">136</expected>
                </compare_check>
                <compare_check check_type="EXACT_MATCH" name="segfault_code_PT1TSwdrsb">
                    <actual encoding="STRING" output_type="RETURN_CODE">None</actual>
                    <expected encoding="STRING" type="USE_TEXT">139</expected>
                </compare_check>
                <compare_check check_type="CONTAINS" name="segfault_msg_YbQN6Al52N">
                    <actual encoding="STRING" output_type="STANDARD_ERROR">None</actual>
                    <expected encoding="STRING" type="USE_TEXT">Segmentation fault</expected>
                </compare_check>
                <compare_check check_type="CONTAINS" name="illegal_inst_msg_EhgiSvzjRd">
                    <actual encoding="STRING" output_type="STANDARD_ERROR">None</actual>
                    <expected encoding="STRING" type="USE_TEXT">Illegal instruction</expected>
                </compare_check>
                <compare_check check_type="CONTAINS" name="segfault_glibc_fXfEeU9REt">
                    <actual encoding="STRING" output_type="STANDARD_ERROR">None</actual>
                    <expected encoding="STRING" type="USE_TEXT">glibc detected</expected>
                </compare_check>
                <compare_check check_type="CONTAINS" name="weakness_started_z1phXhFXpPtidaQ6ZGI8">
                    <actual encoding="STRING" input_id_ref="lttng_output_o2QyTvs5UjGp0SCQ7C9X" output_type="STANDARD_OUT">None</actual>
                    <expected encoding="STRING" type="USE_TEXT">stonesoup_trace:weakness_start</expected>
                </compare_check>
            </output_checks>
        </iopair>
    </iopairs>
</project>
