<?xml version="1.0" encoding="utf-8"?>
<project base_program="C-TREE" language="C" name="C-C785C-CTRE-01-ST03-DT02-DF11-CF20-01" targeted_architecture="ANY" targeted_os="LINUX" test_case_type="ALL" xmlns="urn:stonesoup:project">
    <description>Creating test case using base program.
Added a Socket Server to accept communication from untrusted source.
Completed injection.
</description>
    <additional_information>
        <keyvalue key="algorithmic_variant_name">UNSPECIFIED</keyvalue>
        <keyvalue key="root_cause">UNSPECIFIED</keyvalue>
    </additional_information>
    <structure install="install" iodata="testData" scoredata="testOutput" scripts="scripts" source="src"/>
    <run_command>$SS_TC_ROOT/$SS_TC_INSTALL/bin/tree</run_command>
    <weakness generation_method="FAULT_INJECTED">
        <variant cwe="CWE-785" name="CWE-785-C"/>
        <features>
            <taint_source file_name="/color.c" line_number="0" type="SOCKET">
                <method name="stonesoup_handle_taint"/>
            </taint_source>
            <data_type file_name="/color.c" line_number="0" type="SIMPLE">
                <method name="stonesoup_handle_taint"/>
            </data_type>
            <data_flow file_name="/color.c" line_number="0" type="BASIC">
                <method name="stonesoup_handle_taint"/>
            </data_flow>
            <control_flow file_name="/color.c" line_number="0" type="SEQUENCE">
                <method name="stonesoup_handle_taint"/>
            </control_flow>
        </features>
    </weakness>
    <build_commands cppflags="-DSTONESOUP_TRACE=1" libs="-lpthread -lmongoose -ldl">
        <command>make install CC=&quot;$SS_CC&quot; LD=&quot;$SS_LNK&quot; CFLAGS=&quot;$CFLAGS&quot; CPPFLAGS=&quot;$CPPFLAGS&quot; LDFLAGS=&quot;$LDFLAGS&quot; prefix=&quot;$SS_TC_ROOT/$SS_TC_INSTALL&quot; LIBS=&quot;$LIBS&quot;</command>
    </build_commands>
    <iopairs>
        <iopair name="C-C785C-CTRE-01-ST03-DT02-DF11-CF20-01-GOOD-01" reset_scheme="NONE" timeout="300" type="GOOD">
            <description>Has a buffer declared on the heap in a struct. malloc(20*sizeOf(char)) If input is resolved to more  than 20 chars it will overflow

</description>
            <technical_impact>NONE</technical_impact>
            <pre_processes scheme="SEQUENCE">
                <process>
                    <script background="false" encoding="STRING" type="USE_TEXT">printf '' | tee nginx_conf_env.txt</script>
                </process>
                <process>
                    <script background="false" encoding="STRING" type="USE_TEXT">mkdir $SS_TC_ROOT/logs/execute/lttng</script>
                </process>
                <process>
                    <environment_variable encoding="STRING" key="LTTNG_HOME" type="USE_TEXT">$SS_TC_ROOT/logs/execute/lttng</environment_variable>
                </process>
                <process>
                    <environment_variable encoding="STRING" key="SS_RUN_COMMAND_LD_PRELOAD" type="USE_TEXT">$SS_TC_DEPS/lib64/liblttng-stonesoup-c.so:$SS_TC_DEPS/lib64/liblttng-ust-fork.so</environment_variable>
                </process>
                <process>
                    <script background="false" encoding="STRING" type="USE_TEXT">mkdir -p $SS_TC_DEPS/var/run/lttng</script>
                </process>
                <process>
                    <script background="false" encoding="STRING" type="USE_TEXT">$SS_TC_DEPS/bin/lttng create &amp;&amp; $SS_TC_DEPS/bin/lttng enable-event -u -a &amp;&amp; $SS_TC_DEPS/bin/lttng start</script>
                </process>
                <process>
                    <script background="false" encoding="STRING" type="USE_TEXT">rm -rf $SS_TC_ROOT/lockDir</script>
                </process>
                <process>
                    <environment_variable encoding="STRING" key="MALLOC_CHECK_" type="USE_TEXT">0</environment_variable>
                </process>
            </pre_processes>
            <run_command encoding="STRING" preprend_runcommand="true" type="USE_TEXT">--charset ASCII --sort=name -n -q input/good-01</run_command>
            <co_processes scheme="SEQUENCE">
                <process>
                    <script background="false" encoding="STRING" input_id="socket_rmapuzvYJ0" type="USE_TEXT">/opt/stonesoup/workspace/scripts/service_mon.sh ss-localhost 8887 &amp;&amp; curl -v --data-urlencode data=&quot;/etc/passwd&quot; --header &quot;If-Match: weak_taint_source_value&quot; --request POST --no-buffer --output /opt/stonesoup/workspace/testData/logfile.txt --silent --show-error http://ss-localhost:8887</script>
                </process>
            </co_processes>
            <post_processes scheme="SEQUENCE">
                <process delay_after="0" delay_before="0">
                    <script background="false" encoding="STRING" input_id="STDOUT-CONTENT-LENGTH-EVAL-01" type="USE_TEXT">if [[ $(wc -c &quot;$SS_LOG_EXECUTE_STDOUT&quot; | cut -d &quot; &quot; -f 1) -eq $(wc -c &quot;$SS_TC_ROOT/$SS_TC_SCORE/good-01/output.txt&quot; | cut -d &quot; &quot; -f 1) ]]; then echo &quot;SIMILAR&quot;; else echo &quot;DIFFERENT&quot;; fi;</script>
                </process>
                <process>
                    <script background="false" encoding="STRING" input_id="lttng_output_SoaDqkzxT3" type="USE_TEXT">$SS_TC_DEPS/bin/lttng stop &amp;&amp; $SS_TC_DEPS/bin/lttng view &amp;&amp; $SS_TC_DEPS/bin/lttng destroy</script>
                </process>
            </post_processes>
            <scoring_formula default="GOOD-01-Default">
                <formula name="GOOD-01-Default">STDOUT-REPORT-01 AND STDOUT-CONTENT-LENGTH-01 AND NOT TIMEOUT AND NOT CONTROLLED_EXIT</formula>
            </scoring_formula>
            <output_checks>
                <compare_check check_type="CONTAINS" name="STDOUT-REPORT-01">
                    <actual output_type="STANDARD_OUT"></actual>
                    <expected encoding="STRING" type="USE_TEXT">5 directories, 10 files</expected>
                </compare_check>
                <compare_check check_type="CONTAINS" name="STDOUT-CONTENT-LENGTH-01">
                    <actual input_id_ref="STDOUT-CONTENT-LENGTH-EVAL-01" output_type="STANDARD_OUT"></actual>
                    <expected encoding="STRING" type="USE_TEXT">SIMILAR</expected>
                </compare_check>
                <simple_check check_type="SPECIAL" encoding="STRING" name="TIMEOUT" type="USE_TEXT">DOES_NOT_RETURN</simple_check>
                <simple_check check_type="SPECIAL" encoding="STRING" name="CONTROLLED_EXIT" type="USE_TEXT">CONTROLLED_EXIT</simple_check>
            </output_checks>
        </iopair>
        <iopair name="C-C785C-CTRE-01-ST03-DT02-DF11-CF20-01-GOOD-02" reset_scheme="NONE" timeout="300" type="GOOD">
            <description>Has a buffer declared on the heap in a struct. malloc(20*sizeOf(char)) If input is resolved to more  than 20 chars it will overflow

</description>
            <technical_impact>NONE</technical_impact>
            <pre_processes scheme="SEQUENCE">
                <process>
                    <script background="false" encoding="STRING" type="USE_TEXT">printf '' | tee nginx_conf_env.txt</script>
                </process>
                <process>
                    <script background="false" encoding="STRING" type="USE_TEXT">mkdir $SS_TC_ROOT/logs/execute/lttng</script>
                </process>
                <process>
                    <environment_variable encoding="STRING" key="LTTNG_HOME" type="USE_TEXT">$SS_TC_ROOT/logs/execute/lttng</environment_variable>
                </process>
                <process>
                    <environment_variable encoding="STRING" key="SS_RUN_COMMAND_LD_PRELOAD" type="USE_TEXT">$SS_TC_DEPS/lib64/liblttng-stonesoup-c.so:$SS_TC_DEPS/lib64/liblttng-ust-fork.so</environment_variable>
                </process>
                <process>
                    <script background="false" encoding="STRING" type="USE_TEXT">mkdir -p $SS_TC_DEPS/var/run/lttng</script>
                </process>
                <process>
                    <script background="false" encoding="STRING" type="USE_TEXT">$SS_TC_DEPS/bin/lttng create &amp;&amp; $SS_TC_DEPS/bin/lttng enable-event -u -a &amp;&amp; $SS_TC_DEPS/bin/lttng start</script>
                </process>
                <process>
                    <script background="false" encoding="STRING" type="USE_TEXT">rm -rf $SS_TC_ROOT/lockDir</script>
                </process>
                <process>
                    <environment_variable encoding="STRING" key="MALLOC_CHECK_" type="USE_TEXT">0</environment_variable>
                </process>
            </pre_processes>
            <run_command encoding="STRING" preprend_runcommand="true" type="USE_TEXT">--charset ASCII --sort=name -n -q -L 2 input/good-02</run_command>
            <co_processes scheme="SEQUENCE">
                <process>
                    <script background="false" encoding="STRING" input_id="socket_H8H7CzepOJ" type="USE_TEXT">/opt/stonesoup/workspace/scripts/service_mon.sh ss-localhost 8887 &amp;&amp; curl -v --data-urlencode data=&quot;/etc/ssh/ssh_config&quot; --header &quot;If-Match: weak_taint_source_value&quot; --request POST --no-buffer --output /opt/stonesoup/workspace/testData/logfile.txt --silent --show-error http://ss-localhost:8887</script>
                </process>
            </co_processes>
            <post_processes scheme="SEQUENCE">
                <process delay_after="0" delay_before="0">
                    <script background="false" encoding="STRING" input_id="STDOUT-CONTENT-LENGTH-EVAL-02" type="USE_TEXT">if [[ $(wc -c &quot;$SS_LOG_EXECUTE_STDOUT&quot; | cut -d &quot; &quot; -f 1) -eq $(wc -c &quot;$SS_TC_ROOT/$SS_TC_SCORE/good-02/output.txt&quot; | cut -d &quot; &quot; -f 1) ]]; then echo &quot;SIMILAR&quot;; else echo &quot;DIFFERENT&quot;; fi;</script>
                </process>
                <process>
                    <script background="false" encoding="STRING" input_id="lttng_output_oS9KoaV2Na" type="USE_TEXT">$SS_TC_DEPS/bin/lttng stop &amp;&amp; $SS_TC_DEPS/bin/lttng view &amp;&amp; $SS_TC_DEPS/bin/lttng destroy</script>
                </process>
            </post_processes>
            <scoring_formula default="GOOD-02-Default">
                <formula name="GOOD-02-Default">STDOUT-REPORT-02 AND STDOUT-CONTENT-LENGTH-02 AND NOT TIMEOUT AND NOT CONTROLLED_EXIT</formula>
            </scoring_formula>
            <output_checks>
                <compare_check check_type="CONTAINS" name="STDOUT-REPORT-02">
                    <actual output_type="STANDARD_OUT"></actual>
                    <expected encoding="STRING" type="USE_TEXT">5 directories, 4 files</expected>
                </compare_check>
                <compare_check check_type="CONTAINS" name="STDOUT-CONTENT-LENGTH-02">
                    <actual input_id_ref="STDOUT-CONTENT-LENGTH-EVAL-02" output_type="STANDARD_OUT"></actual>
                    <expected encoding="STRING" type="USE_TEXT">SIMILAR</expected>
                </compare_check>
                <simple_check check_type="SPECIAL" encoding="STRING" name="TIMEOUT" type="USE_TEXT">DOES_NOT_RETURN</simple_check>
                <simple_check check_type="SPECIAL" encoding="STRING" name="CONTROLLED_EXIT" type="USE_TEXT">CONTROLLED_EXIT</simple_check>
            </output_checks>
        </iopair>
        <iopair name="C-C785C-CTRE-01-ST03-DT02-DF11-CF20-01-GOOD-03" reset_scheme="NONE" timeout="300" type="GOOD">
            <description>Has a buffer declared on the heap in a struct. malloc(20*sizeOf(char)) If input is resolved to more  than 20 chars it will overflow

</description>
            <technical_impact>NONE</technical_impact>
            <pre_processes scheme="SEQUENCE">
                <process>
                    <script background="false" encoding="STRING" type="USE_TEXT">printf '' | tee nginx_conf_env.txt</script>
                </process>
                <process>
                    <script background="false" encoding="STRING" type="USE_TEXT">mkdir $SS_TC_ROOT/logs/execute/lttng</script>
                </process>
                <process>
                    <environment_variable encoding="STRING" key="LTTNG_HOME" type="USE_TEXT">$SS_TC_ROOT/logs/execute/lttng</environment_variable>
                </process>
                <process>
                    <environment_variable encoding="STRING" key="SS_RUN_COMMAND_LD_PRELOAD" type="USE_TEXT">$SS_TC_DEPS/lib64/liblttng-stonesoup-c.so:$SS_TC_DEPS/lib64/liblttng-ust-fork.so</environment_variable>
                </process>
                <process>
                    <script background="false" encoding="STRING" type="USE_TEXT">mkdir -p $SS_TC_DEPS/var/run/lttng</script>
                </process>
                <process>
                    <script background="false" encoding="STRING" type="USE_TEXT">$SS_TC_DEPS/bin/lttng create &amp;&amp; $SS_TC_DEPS/bin/lttng enable-event -u -a &amp;&amp; $SS_TC_DEPS/bin/lttng start</script>
                </process>
                <process>
                    <script background="false" encoding="STRING" type="USE_TEXT">rm -rf $SS_TC_ROOT/lockDir</script>
                </process>
                <process>
                    <environment_variable encoding="STRING" key="MALLOC_CHECK_" type="USE_TEXT">0</environment_variable>
                </process>
            </pre_processes>
            <run_command encoding="STRING" preprend_runcommand="true" type="USE_TEXT">--charset ASCII --sort=name -n -q -J input/good-03</run_command>
            <co_processes scheme="SEQUENCE">
                <process>
                    <script background="false" encoding="STRING" input_id="socket_qZlLpoXtQU" type="USE_TEXT">/opt/stonesoup/workspace/scripts/service_mon.sh ss-localhost 8887 &amp;&amp; curl -v --data-urlencode data=&quot;/usr/bin/gcc&quot; --header &quot;If-Match: weak_taint_source_value&quot; --request POST --no-buffer --output /opt/stonesoup/workspace/testData/logfile.txt --silent --show-error http://ss-localhost:8887</script>
                </process>
            </co_processes>
            <post_processes scheme="SEQUENCE">
                <process delay_after="0" delay_before="0">
                    <script background="false" encoding="STRING" input_id="STDOUT-CONTENT-LENGTH-EVAL-03" type="USE_TEXT">if [[ $(wc -c &quot;$SS_LOG_EXECUTE_STDOUT&quot; | cut -d &quot; &quot; -f 1) -eq $(wc -c &quot;$SS_TC_ROOT/$SS_TC_SCORE/good-03/output.txt&quot; | cut -d &quot; &quot; -f 1) ]]; then echo &quot;SIMILAR&quot;; else echo &quot;DIFFERENT&quot;; fi;</script>
                </process>
                <process>
                    <script background="false" encoding="STRING" input_id="lttng_output_IrJmDVZ56g" type="USE_TEXT">$SS_TC_DEPS/bin/lttng stop &amp;&amp; $SS_TC_DEPS/bin/lttng view &amp;&amp; $SS_TC_DEPS/bin/lttng destroy</script>
                </process>
            </post_processes>
            <scoring_formula default="GOOD-03-Default">
                <formula name="GOOD-03-Default">STDOUT-REPORT-03 AND STDOUT-CONTENT-LENGTH-03 AND NOT TIMEOUT AND NOT CONTROLLED_EXIT</formula>
            </scoring_formula>
            <output_checks>
                <compare_check check_type="CONTAINS" name="STDOUT-REPORT-03">
                    <actual output_type="STANDARD_OUT"></actual>
                    <expected encoding="STRING" type="USE_TEXT">{&quot;type&quot;:&quot;report&quot;,&quot;directories&quot;:7,&quot;files&quot;:367}</expected>
                </compare_check>
                <compare_check check_type="CONTAINS" name="STDOUT-CONTENT-LENGTH-03">
                    <actual input_id_ref="STDOUT-CONTENT-LENGTH-EVAL-03" output_type="STANDARD_OUT"></actual>
                    <expected encoding="STRING" type="USE_TEXT">SIMILAR</expected>
                </compare_check>
                <simple_check check_type="SPECIAL" encoding="STRING" name="TIMEOUT" type="USE_TEXT">DOES_NOT_RETURN</simple_check>
                <simple_check check_type="SPECIAL" encoding="STRING" name="CONTROLLED_EXIT" type="USE_TEXT">CONTROLLED_EXIT</simple_check>
            </output_checks>
        </iopair>
        <iopair name="C-C785C-CTRE-01-ST03-DT02-DF11-CF20-01-GOOD-04" reset_scheme="NONE" timeout="300" type="GOOD">
            <description>Has a buffer declared on the heap in a struct. malloc(20*sizeOf(char)) If input is resolved to more  than 20 chars it will overflow

</description>
            <technical_impact>NONE</technical_impact>
            <pre_processes scheme="SEQUENCE">
                <process>
                    <script background="false" encoding="STRING" type="USE_TEXT">printf '' | tee nginx_conf_env.txt</script>
                </process>
                <process>
                    <script background="false" encoding="STRING" type="USE_TEXT">mkdir $SS_TC_ROOT/logs/execute/lttng</script>
                </process>
                <process>
                    <environment_variable encoding="STRING" key="LTTNG_HOME" type="USE_TEXT">$SS_TC_ROOT/logs/execute/lttng</environment_variable>
                </process>
                <process>
                    <environment_variable encoding="STRING" key="SS_RUN_COMMAND_LD_PRELOAD" type="USE_TEXT">$SS_TC_DEPS/lib64/liblttng-stonesoup-c.so:$SS_TC_DEPS/lib64/liblttng-ust-fork.so</environment_variable>
                </process>
                <process>
                    <script background="false" encoding="STRING" type="USE_TEXT">mkdir -p $SS_TC_DEPS/var/run/lttng</script>
                </process>
                <process>
                    <script background="false" encoding="STRING" type="USE_TEXT">$SS_TC_DEPS/bin/lttng create &amp;&amp; $SS_TC_DEPS/bin/lttng enable-event -u -a &amp;&amp; $SS_TC_DEPS/bin/lttng start</script>
                </process>
                <process>
                    <script background="false" encoding="STRING" type="USE_TEXT">rm -rf $SS_TC_ROOT/lockDir</script>
                </process>
                <process>
                    <environment_variable encoding="STRING" key="MALLOC_CHECK_" type="USE_TEXT">0</environment_variable>
                </process>
            </pre_processes>
            <run_command encoding="STRING" preprend_runcommand="true" type="USE_TEXT">--charset ASCII --sort=name -n -q -P &quot;test*&quot; -F input/good-03</run_command>
            <co_processes scheme="SEQUENCE">
                <process>
                    <script background="false" encoding="STRING" input_id="socket_t8e62aHhok" type="USE_TEXT">/opt/stonesoup/workspace/scripts/service_mon.sh ss-localhost 8887 &amp;&amp; curl -v --data-urlencode data=&quot;/etc/passwd&quot; --header &quot;If-Match: weak_taint_source_value&quot; --request POST --no-buffer --output /opt/stonesoup/workspace/testData/logfile.txt --silent --show-error http://ss-localhost:8887</script>
                </process>
            </co_processes>
            <post_processes scheme="SEQUENCE">
                <process delay_after="0" delay_before="0">
                    <script background="false" encoding="STRING" input_id="STDOUT-CONTENT-LENGTH-EVAL-04" type="USE_TEXT">if [[ $(wc -c &quot;$SS_LOG_EXECUTE_STDOUT&quot; | cut -d &quot; &quot; -f 1) -eq $(wc -c &quot;$SS_TC_ROOT/$SS_TC_SCORE/good-04/output.txt&quot; | cut -d &quot; &quot; -f 1) ]]; then echo &quot;SIMILAR&quot;; else echo &quot;DIFFERENT&quot;; fi;</script>
                </process>
                <process>
                    <script background="false" encoding="STRING" input_id="lttng_output_q81Xq88dR6" type="USE_TEXT">$SS_TC_DEPS/bin/lttng stop &amp;&amp; $SS_TC_DEPS/bin/lttng view &amp;&amp; $SS_TC_DEPS/bin/lttng destroy</script>
                </process>
            </post_processes>
            <scoring_formula default="GOOD-04-Default">
                <formula name="GOOD-04-Default">STDOUT-REPORT-04 AND STDOUT-CONTENT-LENGTH-04 AND NOT TIMEOUT AND NOT CONTROLLED_EXIT</formula>
            </scoring_formula>
            <output_checks>
                <compare_check check_type="CONTAINS" name="STDOUT-REPORT-04">
                    <actual output_type="STANDARD_OUT"></actual>
                    <expected encoding="STRING" type="USE_TEXT">7 directories, 62 files</expected>
                </compare_check>
                <compare_check check_type="CONTAINS" name="STDOUT-CONTENT-LENGTH-04">
                    <actual input_id_ref="STDOUT-CONTENT-LENGTH-EVAL-04" output_type="STANDARD_OUT"></actual>
                    <expected encoding="STRING" type="USE_TEXT">SIMILAR</expected>
                </compare_check>
                <simple_check check_type="SPECIAL" encoding="STRING" name="TIMEOUT" type="USE_TEXT">DOES_NOT_RETURN</simple_check>
                <simple_check check_type="SPECIAL" encoding="STRING" name="CONTROLLED_EXIT" type="USE_TEXT">CONTROLLED_EXIT</simple_check>
            </output_checks>
        </iopair>
        <iopair name="C-C785C-CTRE-01-ST03-DT02-DF11-CF20-01-GOOD-05" reset_scheme="NONE" timeout="300" type="GOOD">
            <description>Has a buffer declared on the heap in a struct. malloc(20*sizeOf(char)) If input is resolved to more  than 20 chars it will overflow

</description>
            <technical_impact>NONE</technical_impact>
            <pre_processes scheme="SEQUENCE">
                <process>
                    <script background="false" encoding="STRING" type="USE_TEXT">printf '' | tee nginx_conf_env.txt</script>
                </process>
                <process>
                    <script background="false" encoding="STRING" type="USE_TEXT">mkdir $SS_TC_ROOT/logs/execute/lttng</script>
                </process>
                <process>
                    <environment_variable encoding="STRING" key="LTTNG_HOME" type="USE_TEXT">$SS_TC_ROOT/logs/execute/lttng</environment_variable>
                </process>
                <process>
                    <environment_variable encoding="STRING" key="SS_RUN_COMMAND_LD_PRELOAD" type="USE_TEXT">$SS_TC_DEPS/lib64/liblttng-stonesoup-c.so:$SS_TC_DEPS/lib64/liblttng-ust-fork.so</environment_variable>
                </process>
                <process>
                    <script background="false" encoding="STRING" type="USE_TEXT">mkdir -p $SS_TC_DEPS/var/run/lttng</script>
                </process>
                <process>
                    <script background="false" encoding="STRING" type="USE_TEXT">$SS_TC_DEPS/bin/lttng create &amp;&amp; $SS_TC_DEPS/bin/lttng enable-event -u -a &amp;&amp; $SS_TC_DEPS/bin/lttng start</script>
                </process>
                <process>
                    <script background="false" encoding="STRING" type="USE_TEXT">rm -rf $SS_TC_ROOT/lockDir</script>
                </process>
                <process>
                    <environment_variable encoding="STRING" key="MALLOC_CHECK_" type="USE_TEXT">0</environment_variable>
                </process>
            </pre_processes>
            <run_command encoding="STRING" preprend_runcommand="true" type="USE_TEXT">--charset ASCII --sort=name -n -q -H &quot;&quot; input/good-01</run_command>
            <co_processes scheme="SEQUENCE">
                <process>
                    <script background="false" encoding="STRING" input_id="socket_nAbbalTffM" type="USE_TEXT">/opt/stonesoup/workspace/scripts/service_mon.sh ss-localhost 8887 &amp;&amp; curl -v --data-urlencode data=&quot;/etc/ssh/ssh_config&quot; --header &quot;If-Match: weak_taint_source_value&quot; --request POST --no-buffer --output /opt/stonesoup/workspace/testData/logfile.txt --silent --show-error http://ss-localhost:8887</script>
                </process>
            </co_processes>
            <post_processes scheme="SEQUENCE">
                <process delay_after="0" delay_before="0">
                    <script background="false" encoding="STRING" input_id="STDOUT-CONTENT-LENGTH-EVAL-05" type="USE_TEXT">if [[ $(wc -c &quot;$SS_LOG_EXECUTE_STDOUT&quot; | cut -d &quot; &quot; -f 1) -eq $(wc -c &quot;$SS_TC_ROOT/$SS_TC_SCORE/good-05/output.txt&quot; | cut -d &quot; &quot; -f 1) ]]; then echo &quot;SIMILAR&quot;; else echo &quot;DIFFERENT&quot;; fi;</script>
                </process>
                <process>
                    <script background="false" encoding="STRING" input_id="lttng_output_qAhTXbXRVY" type="USE_TEXT">$SS_TC_DEPS/bin/lttng stop &amp;&amp; $SS_TC_DEPS/bin/lttng view &amp;&amp; $SS_TC_DEPS/bin/lttng destroy</script>
                </process>
            </post_processes>
            <scoring_formula default="GOOD-05-Default">
                <formula name="GOOD-05-Default">STDOUT-REPORT-05 AND STDOUT-CONTENT-LENGTH-05 AND NOT TIMEOUT AND NOT CONTROLLED_EXIT</formula>
            </scoring_formula>
            <output_checks>
                <compare_check check_type="CONTAINS" name="STDOUT-REPORT-05">
                    <actual output_type="STANDARD_OUT"></actual>
                    <expected encoding="STRING" type="USE_TEXT">5 directories, 10 files</expected>
                </compare_check>
                <compare_check check_type="CONTAINS" name="STDOUT-CONTENT-LENGTH-05">
                    <actual input_id_ref="STDOUT-CONTENT-LENGTH-EVAL-05" output_type="STANDARD_OUT"></actual>
                    <expected encoding="STRING" type="USE_TEXT">SIMILAR</expected>
                </compare_check>
                <simple_check check_type="SPECIAL" encoding="STRING" name="TIMEOUT" type="USE_TEXT">DOES_NOT_RETURN</simple_check>
                <simple_check check_type="SPECIAL" encoding="STRING" name="CONTROLLED_EXIT" type="USE_TEXT">CONTROLLED_EXIT</simple_check>
            </output_checks>
        </iopair>
        <iopair name="C-C785C-CTRE-01-ST03-DT02-DF11-CF20-01-BAD-01" reset_scheme="NONE" timeout="300" type="BAD">
            <description>Has a buffer declared on the heap in a struct. malloc(20*sizeOf(char)) If input is resolved to more  than 20 chars it will overflow

</description>
            <technical_impact>DOS_UNCONTROLLED_EXIT</technical_impact>
            <pre_processes scheme="SEQUENCE">
                <process>
                    <script background="false" encoding="STRING" type="USE_TEXT">printf '' | tee nginx_conf_env.txt</script>
                </process>
                <process>
                    <script background="false" encoding="STRING" type="USE_TEXT">mkdir $SS_TC_ROOT/logs/execute/lttng</script>
                </process>
                <process>
                    <environment_variable encoding="STRING" key="LTTNG_HOME" type="USE_TEXT">$SS_TC_ROOT/logs/execute/lttng</environment_variable>
                </process>
                <process>
                    <environment_variable encoding="STRING" key="SS_RUN_COMMAND_LD_PRELOAD" type="USE_TEXT">$SS_TC_DEPS/lib64/liblttng-stonesoup-c.so:$SS_TC_DEPS/lib64/liblttng-ust-fork.so</environment_variable>
                </process>
                <process>
                    <script background="false" encoding="STRING" type="USE_TEXT">mkdir -p $SS_TC_DEPS/var/run/lttng</script>
                </process>
                <process>
                    <script background="false" encoding="STRING" type="USE_TEXT">$SS_TC_DEPS/bin/lttng create &amp;&amp; $SS_TC_DEPS/bin/lttng enable-event -u -a &amp;&amp; $SS_TC_DEPS/bin/lttng start</script>
                </process>
                <process>
                    <script background="false" encoding="STRING" type="USE_TEXT">rm -rf $SS_TC_ROOT/lockDir</script>
                </process>
                <process>
                    <environment_variable encoding="STRING" key="MALLOC_CHECK_" type="USE_TEXT">0</environment_variable>
                </process>
            </pre_processes>
            <run_command encoding="STRING" preprend_runcommand="true" type="USE_TEXT">--charset ASCII --sort=name -n -q input/good-01</run_command>
            <co_processes scheme="SEQUENCE">
                <process>
                    <script background="false" encoding="STRING" input_id="socket_tW69FPYMyl6laEyKH26x" type="USE_TEXT">/opt/stonesoup/workspace/scripts/service_mon.sh ss-localhost 8887 &amp;&amp; curl -v --data-urlencode data=&quot;../testData&quot; --header &quot;If-Match: weak_taint_source_value&quot; --request POST --no-buffer --output /opt/stonesoup/workspace/testData/logfile.txt --silent --show-error http://ss-localhost:8887</script>
                </process>
            </co_processes>
            <post_processes scheme="SEQUENCE">
                <process delay_after="0" delay_before="0">
                    <script background="false" encoding="STRING" input_id="STDOUT-CONTENT-LENGTH-EVAL-01cMjMmNixZR" type="USE_TEXT">if [[ $(wc -c &quot;$SS_LOG_EXECUTE_STDOUT&quot; | cut -d &quot; &quot; -f 1) -eq $(wc -c &quot;$SS_TC_ROOT/$SS_TC_SCORE/good-01/output.txt&quot; | cut -d &quot; &quot; -f 1) ]]; then echo &quot;SIMILAR&quot;; else echo &quot;DIFFERENT&quot;; fi;</script>
                </process>
                <process>
                    <script background="false" encoding="STRING" input_id="lttng_output_YoK73TbGSzyXOKFQmX1n" type="USE_TEXT">$SS_TC_DEPS/bin/lttng stop &amp;&amp; $SS_TC_DEPS/bin/lttng view &amp;&amp; $SS_TC_DEPS/bin/lttng destroy</script>
                </process>
            </post_processes>
            <scoring_formula default="segfault_formula_WWLD0LgjKn">
                <formula name="segfault_formula_WWLD0LgjKn">weakness_started_RwO9XTgHVCJxnpM8mJGN AND ((NOT PERFORMER AND (segfault_code_fqvIhOuKGc OR segfault_code_wxzsB7bKeJ OR segfault_code_pmXePcok8R OR segfault_code_DDiRVOEhOX OR segfault_code_kEwJ6oEhli OR segfault_msg_qFrKq85gRF OR illegal_inst_msg_BxN1imyraR) AND NOT timeout_QvVl4GlIWI) or (PERFORMER AND NOT ((segfault_code_fqvIhOuKGc OR segfault_code_wxzsB7bKeJ OR segfault_code_pmXePcok8R OR segfault_code_DDiRVOEhOX OR segfault_code_kEwJ6oEhli OR segfault_msg_qFrKq85gRF OR illegal_inst_msg_BxN1imyraR) OR timeout_QvVl4GlIWI OR controlled_exit_SHoDK7EdVi)))</formula>
                <formula name="no_weakness_started_formula_5PSLxkoh34">(NOT PERFORMER AND (segfault_code_fqvIhOuKGc OR segfault_code_wxzsB7bKeJ OR segfault_code_pmXePcok8R OR segfault_code_DDiRVOEhOX OR segfault_code_kEwJ6oEhli OR segfault_msg_qFrKq85gRF OR illegal_inst_msg_BxN1imyraR) AND NOT timeout_QvVl4GlIWI) or (PERFORMER AND NOT ((segfault_code_fqvIhOuKGc OR segfault_code_wxzsB7bKeJ OR segfault_code_pmXePcok8R OR segfault_code_DDiRVOEhOX OR segfault_code_kEwJ6oEhli OR segfault_msg_qFrKq85gRF OR illegal_inst_msg_BxN1imyraR) OR timeout_QvVl4GlIWI OR controlled_exit_SHoDK7EdVi))</formula>
            </scoring_formula>
            <output_checks>
                <simple_check check_type="SPECIAL" encoding="STRING" name="timeout_QvVl4GlIWI" type="USE_TEXT">DOES_NOT_RETURN</simple_check>
                <simple_check check_type="SPECIAL" encoding="STRING" name="controlled_exit_SHoDK7EdVi" type="USE_TEXT">CONTROLLED_EXIT</simple_check>
                <simple_check check_type="SPECIAL" encoding="STRING" name="continued_execution_emFew6xD47" type="USE_TEXT">CONTINUED_EXECUTION</simple_check>
                <compare_check check_type="EXACT_MATCH" name="segfault_code_fqvIhOuKGc">
                    <actual encoding="STRING" output_type="RETURN_CODE">None</actual>
                    <expected encoding="STRING" type="USE_TEXT">132</expected>
                </compare_check>
                <compare_check check_type="EXACT_MATCH" name="segfault_code_wxzsB7bKeJ">
                    <actual encoding="STRING" output_type="RETURN_CODE">None</actual>
                    <expected encoding="STRING" type="USE_TEXT">134</expected>
                </compare_check>
                <compare_check check_type="EXACT_MATCH" name="segfault_code_pmXePcok8R">
                    <actual encoding="STRING" output_type="RETURN_CODE">None</actual>
                    <expected encoding="STRING" type="USE_TEXT">135</expected>
                </compare_check>
                <compare_check check_type="EXACT_MATCH" name="segfault_code_DDiRVOEhOX">
                    <actual encoding="STRING" output_type="RETURN_CODE">None</actual>
                    <expected encoding="STRING" type="USE_TEXT">136</expected>
                </compare_check>
                <compare_check check_type="EXACT_MATCH" name="segfault_code_kEwJ6oEhli">
                    <actual encoding="STRING" output_type="RETURN_CODE">None</actual>
                    <expected encoding="STRING" type="USE_TEXT">139</expected>
                </compare_check>
                <compare_check check_type="CONTAINS" name="segfault_msg_qFrKq85gRF">
                    <actual encoding="STRING" output_type="STANDARD_ERROR">None</actual>
                    <expected encoding="STRING" type="USE_TEXT">Segmentation fault</expected>
                </compare_check>
                <compare_check check_type="CONTAINS" name="illegal_inst_msg_BxN1imyraR">
                    <actual encoding="STRING" output_type="STANDARD_ERROR">None</actual>
                    <expected encoding="STRING" type="USE_TEXT">Illegal instruction</expected>
                </compare_check>
                <compare_check check_type="CONTAINS" name="weakness_started_RwO9XTgHVCJxnpM8mJGN">
                    <actual encoding="STRING" input_id_ref="lttng_output_YoK73TbGSzyXOKFQmX1n" output_type="STANDARD_OUT">None</actual>
                    <expected encoding="STRING" type="USE_TEXT">stonesoup_trace:weakness_start</expected>
                </compare_check>
            </output_checks>
        </iopair>
        <iopair name="C-C785C-CTRE-01-ST03-DT02-DF11-CF20-01-BAD-02" reset_scheme="NONE" timeout="300" type="BAD">
            <description>Has a buffer declared on the heap in a struct. malloc(20*sizeOf(char)) If input is resolved to more  than 20 chars it will overflow

</description>
            <technical_impact>DOS_UNCONTROLLED_EXIT</technical_impact>
            <pre_processes scheme="SEQUENCE">
                <process>
                    <script background="false" encoding="STRING" type="USE_TEXT">printf '' | tee nginx_conf_env.txt</script>
                </process>
                <process>
                    <script background="false" encoding="STRING" type="USE_TEXT">mkdir $SS_TC_ROOT/logs/execute/lttng</script>
                </process>
                <process>
                    <environment_variable encoding="STRING" key="LTTNG_HOME" type="USE_TEXT">$SS_TC_ROOT/logs/execute/lttng</environment_variable>
                </process>
                <process>
                    <environment_variable encoding="STRING" key="SS_RUN_COMMAND_LD_PRELOAD" type="USE_TEXT">$SS_TC_DEPS/lib64/liblttng-stonesoup-c.so:$SS_TC_DEPS/lib64/liblttng-ust-fork.so</environment_variable>
                </process>
                <process>
                    <script background="false" encoding="STRING" type="USE_TEXT">mkdir -p $SS_TC_DEPS/var/run/lttng</script>
                </process>
                <process>
                    <script background="false" encoding="STRING" type="USE_TEXT">$SS_TC_DEPS/bin/lttng create &amp;&amp; $SS_TC_DEPS/bin/lttng enable-event -u -a &amp;&amp; $SS_TC_DEPS/bin/lttng start</script>
                </process>
                <process>
                    <script background="false" encoding="STRING" type="USE_TEXT">rm -rf $SS_TC_ROOT/lockDir</script>
                </process>
                <process>
                    <environment_variable encoding="STRING" key="MALLOC_CHECK_" type="USE_TEXT">0</environment_variable>
                </process>
            </pre_processes>
            <run_command encoding="STRING" preprend_runcommand="true" type="USE_TEXT">--charset ASCII --sort=name -n -q -P &quot;test*&quot; -F input/good-03</run_command>
            <co_processes scheme="SEQUENCE">
                <process>
                    <script background="false" encoding="STRING" input_id="socket_DhaLaxMVe1tCK8cYESGI" type="USE_TEXT">/opt/stonesoup/workspace/scripts/service_mon.sh ss-localhost 8887 &amp;&amp; curl -v --data-urlencode data=&quot;../testOutput&quot; --header &quot;If-Match: weak_taint_source_value&quot; --request POST --no-buffer --output /opt/stonesoup/workspace/testData/logfile.txt --silent --show-error http://ss-localhost:8887</script>
                </process>
            </co_processes>
            <post_processes scheme="SEQUENCE">
                <process delay_after="0" delay_before="0">
                    <script background="false" encoding="STRING" input_id="STDOUT-CONTENT-LENGTH-EVAL-0497Lcpm0fUB" type="USE_TEXT">if [[ $(wc -c &quot;$SS_LOG_EXECUTE_STDOUT&quot; | cut -d &quot; &quot; -f 1) -eq $(wc -c &quot;$SS_TC_ROOT/$SS_TC_SCORE/good-04/output.txt&quot; | cut -d &quot; &quot; -f 1) ]]; then echo &quot;SIMILAR&quot;; else echo &quot;DIFFERENT&quot;; fi;</script>
                </process>
                <process>
                    <script background="false" encoding="STRING" input_id="lttng_output_2cbWFMIdHXQBD2QyceFI" type="USE_TEXT">$SS_TC_DEPS/bin/lttng stop &amp;&amp; $SS_TC_DEPS/bin/lttng view &amp;&amp; $SS_TC_DEPS/bin/lttng destroy</script>
                </process>
            </post_processes>
            <scoring_formula default="segfault_formula_BuXy2m1x1U">
                <formula name="segfault_formula_BuXy2m1x1U">weakness_started_M1WEJTbYUQER9UT5UaeU AND ((NOT PERFORMER AND (segfault_code_cR9KMHmUR5 OR segfault_code_Bu5C0z73MU OR segfault_code_qTMhrnzw0H OR segfault_code_k8OsxluzcM OR segfault_code_3lrKKyEV8M OR segfault_msg_75i9wVrUK2 OR illegal_inst_msg_vuQwj9ySTc) AND NOT timeout_DRArgcHPj0) or (PERFORMER AND NOT ((segfault_code_cR9KMHmUR5 OR segfault_code_Bu5C0z73MU OR segfault_code_qTMhrnzw0H OR segfault_code_k8OsxluzcM OR segfault_code_3lrKKyEV8M OR segfault_msg_75i9wVrUK2 OR illegal_inst_msg_vuQwj9ySTc) OR timeout_DRArgcHPj0 OR controlled_exit_Lc6speRXEs)))</formula>
                <formula name="no_weakness_started_formula_uQrny25Ws3">(NOT PERFORMER AND (segfault_code_cR9KMHmUR5 OR segfault_code_Bu5C0z73MU OR segfault_code_qTMhrnzw0H OR segfault_code_k8OsxluzcM OR segfault_code_3lrKKyEV8M OR segfault_msg_75i9wVrUK2 OR illegal_inst_msg_vuQwj9ySTc) AND NOT timeout_DRArgcHPj0) or (PERFORMER AND NOT ((segfault_code_cR9KMHmUR5 OR segfault_code_Bu5C0z73MU OR segfault_code_qTMhrnzw0H OR segfault_code_k8OsxluzcM OR segfault_code_3lrKKyEV8M OR segfault_msg_75i9wVrUK2 OR illegal_inst_msg_vuQwj9ySTc) OR timeout_DRArgcHPj0 OR controlled_exit_Lc6speRXEs))</formula>
            </scoring_formula>
            <output_checks>
                <simple_check check_type="SPECIAL" encoding="STRING" name="timeout_DRArgcHPj0" type="USE_TEXT">DOES_NOT_RETURN</simple_check>
                <simple_check check_type="SPECIAL" encoding="STRING" name="controlled_exit_Lc6speRXEs" type="USE_TEXT">CONTROLLED_EXIT</simple_check>
                <simple_check check_type="SPECIAL" encoding="STRING" name="continued_execution_EsoCod6VUY" type="USE_TEXT">CONTINUED_EXECUTION</simple_check>
                <compare_check check_type="EXACT_MATCH" name="segfault_code_cR9KMHmUR5">
                    <actual encoding="STRING" output_type="RETURN_CODE">None</actual>
                    <expected encoding="STRING" type="USE_TEXT">132</expected>
                </compare_check>
                <compare_check check_type="EXACT_MATCH" name="segfault_code_Bu5C0z73MU">
                    <actual encoding="STRING" output_type="RETURN_CODE">None</actual>
                    <expected encoding="STRING" type="USE_TEXT">134</expected>
                </compare_check>
                <compare_check check_type="EXACT_MATCH" name="segfault_code_qTMhrnzw0H">
                    <actual encoding="STRING" output_type="RETURN_CODE">None</actual>
                    <expected encoding="STRING" type="USE_TEXT">135</expected>
                </compare_check>
                <compare_check check_type="EXACT_MATCH" name="segfault_code_k8OsxluzcM">
                    <actual encoding="STRING" output_type="RETURN_CODE">None</actual>
                    <expected encoding="STRING" type="USE_TEXT">136</expected>
                </compare_check>
                <compare_check check_type="EXACT_MATCH" name="segfault_code_3lrKKyEV8M">
                    <actual encoding="STRING" output_type="RETURN_CODE">None</actual>
                    <expected encoding="STRING" type="USE_TEXT">139</expected>
                </compare_check>
                <compare_check check_type="CONTAINS" name="segfault_msg_75i9wVrUK2">
                    <actual encoding="STRING" output_type="STANDARD_ERROR">None</actual>
                    <expected encoding="STRING" type="USE_TEXT">Segmentation fault</expected>
                </compare_check>
                <compare_check check_type="CONTAINS" name="illegal_inst_msg_vuQwj9ySTc">
                    <actual encoding="STRING" output_type="STANDARD_ERROR">None</actual>
                    <expected encoding="STRING" type="USE_TEXT">Illegal instruction</expected>
                </compare_check>
                <compare_check check_type="CONTAINS" name="weakness_started_M1WEJTbYUQER9UT5UaeU">
                    <actual encoding="STRING" input_id_ref="lttng_output_2cbWFMIdHXQBD2QyceFI" output_type="STANDARD_OUT">None</actual>
                    <expected encoding="STRING" type="USE_TEXT">stonesoup_trace:weakness_start</expected>
                </compare_check>
            </output_checks>
        </iopair>
    </iopairs>
</project>
