<?xml version="1.0" encoding="utf-8"?>
<project base_program="C-SUBV" language="C" name="C-C089C-SUBV-01-ST01-DT04-DF16-CF02-01" targeted_architecture="ANY" targeted_os="LINUX" test_case_type="ALL" xmlns="urn:stonesoup:project">
    <description>Creating test case using base program.
Added an environment variable read to the function definition.
Completed injection.
</description>
    <additional_information>
        <keyvalue key="kill_command">TRUE</keyvalue>
        <keyvalue key="algorithmic_variant_name">UNSPECIFIED</keyvalue>
        <keyvalue key="root_cause">UNSPECIFIED</keyvalue>
    </additional_information>
    <structure install="install" iodata="testData/run" scoredata="testOutput" scripts="scripts" source="src"/>
    <run_command></run_command>
    <weakness generation_method="FAULT_INJECTED">
        <variant cwe="CWE-89" name="CWE-89-C"/>
        <features>
            <taint_source file_name="/subversion/libsvn_subr/dirent_uri.c" line_number="0" type="ENVIRONMENT_VARIABLE">
                <method name="internal_style"/>
            </taint_source>
            <data_type file_name="/subversion/libsvn_subr/dirent_uri.c" line_number="0" type="HEAP_POINTER">
                <method name="internal_style"/>
            </data_type>
            <data_flow file_name="/subversion/libsvn_subr/dirent_uri.c" line_number="0" type="BUFFER_ADDRESS_ARRAY_INDEX">
                <method name="internal_style"/>
            </data_flow>
            <control_flow file_name="/subversion/libsvn_subr/dirent_uri.c" line_number="0" type="INDIRECTLY_RECURSIVE">
                <method name="internal_style"/>
            </control_flow>
        </features>
    </weakness>
    <build_commands cppflags="-DSTONESOUP_TRACE=1" libs="-lmysqlclient -lssl -ldl">
        <command>./configure -v --prefix=&quot;$SS_TC_ROOT/$SS_TC_INSTALL&quot; --with-apr=&quot;$SS_TC_DEPS/bin/apr-1-config&quot; --with-apr-util=&quot;$SS_TC_DEPS/bin/apu-1-config&quot; --with-serf --with-sqlite=&quot;$SS_TC_DEPS&quot; --with-sasl --with-libmagic --with-zlib --without-kwallet --without-gnome-keyring --disable-keychain --without-trang --without-doxygen --without-swig --without-jikes --without-ctypesgen --without-junit --without-jdk --without-apxs --with-editor=&quot;/usr/bin/vi&quot; --disable-shared --with-pic=yes</command>
        <command>make VERBOSE=1 CC=&quot;$SS_CC&quot; CCLD=&quot;$SS_LNK&quot;</command>
        <command>make install CC=&quot;$SS_CC&quot; CCLD=&quot;$SS_LNK&quot;</command>
    </build_commands>
    <iopairs>
        <iopair name="C-C089C-SUBV-01-ST01-DT04-DF16-CF02-01-GOOD-01" reset_scheme="NONE" timeout="300" type="GOOD">
            <description>create a repository
Good inputs: 1) name of shipper for use in Sql databaseBad inputs:SQL argument injection 

</description>
            <technical_impact>NONE</technical_impact>
            <pre_processes scheme="SEQUENCE">
                <process>
                    <script background="false" encoding="STRING" type="USE_TEXT">printf 'env LEGITIM_SLUDDERY;\nenv SS_DBMYSQLDATABASE;\n' | tee nginx_conf_env.txt</script>
                </process>
                <process delay_after="0" delay_before="0">
                    <script background="false" encoding="STRING" type="USE_TEXT">killall svnserve</script>
                </process>
                <process delay_after="0" delay_before="0">
                    <script background="false" encoding="STRING" type="USE_TEXT">rm -rf $SS_TC_ROOT/testData/svnrepos</script>
                </process>
                <process delay_after="0" delay_before="0">
                    <script background="false" encoding="STRING" type="USE_TEXT">tar -zxvf $SS_TC_ROOT/testData/good-01/svnrepos.tar.gz -C $SS_TC_ROOT/testData/</script>
                </process>
                <process>
                    <environment_variable encoding="STRING" key="LEGITIM_SLUDDERY" type="USE_TEXT">shipper1</environment_variable>
                </process>
                <process>
                    <database database_name="northwind_vwemcyjbvztzlhdj" database_type="MYSQL" encoding="STRING" server="ss-db-mysql" type="USE_FILE_CONTENTS">/opt/stonesoup/workspace/scripts/northwind_create_northwind_vwemcyjbvztzlhdj.sql</database>
                </process>
                <process>
                    <environment_variable encoding="STRING" key="SS_DBMYSQLDATABASE" type="USE_TEXT">northwind_vwemcyjbvztzlhdj</environment_variable>
                </process>
                <process>
                    <script background="false" encoding="STRING" type="USE_TEXT">mkdir $SS_TC_ROOT/logs/execute/lttng</script>
                </process>
                <process>
                    <environment_variable encoding="STRING" key="LTTNG_HOME" type="USE_TEXT">$SS_TC_ROOT/logs/execute/lttng</environment_variable>
                </process>
                <process>
                    <environment_variable encoding="STRING" key="SS_RUN_COMMAND_LD_PRELOAD" type="USE_TEXT">$SS_TC_DEPS/lib64/liblttng-stonesoup-c.so:$SS_TC_DEPS/lib64/liblttng-ust-fork.so</environment_variable>
                </process>
                <process>
                    <script background="false" encoding="STRING" type="USE_TEXT">mkdir -p $SS_TC_DEPS/var/run/lttng</script>
                </process>
                <process>
                    <script background="false" encoding="STRING" type="USE_TEXT">$SS_TC_DEPS/bin/lttng create &amp;&amp; $SS_TC_DEPS/bin/lttng enable-event -u -a &amp;&amp; $SS_TC_DEPS/bin/lttng start</script>
                </process>
                <process>
                    <script background="false" encoding="STRING" type="USE_TEXT">rm -rf $SS_TC_ROOT/lockDir</script>
                </process>
                <process>
                    <script background="false" encoding="STRING" type="USE_TEXT">sleep 2 &amp;&amp; printf &quot;Sleeping to allow DB to be created.&quot;</script>
                </process>
            </pre_processes>
            <run_command encoding="STRING" preprend_runcommand="true" type="USE_TEXT">$SS_TC_ROOT/$SS_TC_INSTALL/bin/svnserve -d --foreground -r $SS_TC_ROOT/testData/svnrepos --pid-file=$SS_TC_ROOT/$SS_TC_INSTALL/svnserve.pid</run_command>
            <co_processes scheme="SEQUENCE">
                <process_group scheme="PARALLEL">
                    <process_group scheme="SEQUENCE">
                        <process delay_after="0" delay_before="0">
                            <script background="false" encoding="STRING" type="USE_TEXT">bash $SS_TC_ROOT/scripts/service_mon.sh ss-localhost 3690</script>
                        </process>
                        <process delay_after="0" delay_before="0">
                            <script background="false" encoding="STRING" input_id="CHECKOUT" type="USE_TEXT">$SS_TC_DEPS/bin/svn checkout svn://ss-localhost/stonesoup
                    </script>
                        </process>
                    </process_group>
                    <process_group scheme="SEQUENCE"/>
                </process_group>
                <process delay_after="0" delay_before="0">
                    <script background="false" encoding="STRING" type="USE_TEXT">kill -9 $(cat $SS_TC_ROOT/$SS_TC_INSTALL/svnserve.pid)</script>
                </process>
            </co_processes>
            <post_processes scheme="SEQUENCE">
                <process>
                    <database database_name="northwind_vwemcyjbvztzlhdj" database_type="MYSQL" encoding="STRING" server="ss-db-mysql" type="USE_TEXT">DROP DATABASE IF EXISTS $SS_DBMYSQLDATABASE;</database>
                </process>
                <process>
                    <script background="false" encoding="STRING" input_id="lttng_output_NKbPn69kHa" type="USE_TEXT">$SS_TC_DEPS/bin/lttng stop &amp;&amp; $SS_TC_DEPS/bin/lttng view &amp;&amp; $SS_TC_DEPS/bin/lttng destroy</script>
                </process>
            </post_processes>
            <scoring_formula default="GOOD-01-Default">
                <formula name="GOOD-01-Default">STDOUT AND NOT TIMEOUT AND NOT CONTROLLED_EXIT</formula>
            </scoring_formula>
            <output_checks>
                <compare_check check_type="CONTAINS" name="STDOUT">
                    <actual input_id_ref="CHECKOUT" output_type="STANDARD_OUT"></actual>
                    <expected encoding="STRING" type="USE_TEXT">Checked out revision 0.</expected>
                </compare_check>
                <simple_check check_type="SPECIAL" encoding="STRING" name="TIMEOUT" type="USE_TEXT">DOES_NOT_RETURN</simple_check>
                <simple_check check_type="SPECIAL" encoding="STRING" name="CONTROLLED_EXIT" type="USE_TEXT">CONTROLLED_EXIT</simple_check>
            </output_checks>
        </iopair>
        <iopair name="C-C089C-SUBV-01-ST01-DT04-DF16-CF02-01-GOOD-02" reset_scheme="NONE" timeout="300" type="GOOD">
            <description>commit a file
Good inputs: 1) name of shipper for use in Sql databaseBad inputs:SQL argument injection 

</description>
            <technical_impact>NONE</technical_impact>
            <pre_processes scheme="SEQUENCE">
                <process>
                    <script background="false" encoding="STRING" type="USE_TEXT">printf 'env LEGITIM_SLUDDERY;\nenv SS_DBMYSQLDATABASE;\n' | tee nginx_conf_env.txt</script>
                </process>
                <process delay_after="0" delay_before="0">
                    <script background="false" encoding="STRING" type="USE_TEXT">killall svnserve</script>
                </process>
                <process delay_after="0" delay_before="0">
                    <script background="false" encoding="STRING" type="USE_TEXT">rm -rf $SS_TC_ROOT/testData/svnrepos</script>
                </process>
                <process delay_after="0" delay_before="0">
                    <script background="false" encoding="STRING" type="USE_TEXT">tar -zxvf $SS_TC_ROOT/testData/good-02/svnrepos.tar.gz -C $SS_TC_ROOT/testData/</script>
                </process>
                <process>
                    <environment_variable encoding="STRING" key="LEGITIM_SLUDDERY" type="USE_TEXT">NewShipper</environment_variable>
                </process>
                <process>
                    <database database_name="northwind_twogizefpapeplyb" database_type="MYSQL" encoding="STRING" server="ss-db-mysql" type="USE_FILE_CONTENTS">/opt/stonesoup/workspace/scripts/northwind_create_northwind_twogizefpapeplyb.sql</database>
                </process>
                <process>
                    <environment_variable encoding="STRING" key="SS_DBMYSQLDATABASE" type="USE_TEXT">northwind_twogizefpapeplyb</environment_variable>
                </process>
                <process>
                    <script background="false" encoding="STRING" type="USE_TEXT">mkdir $SS_TC_ROOT/logs/execute/lttng</script>
                </process>
                <process>
                    <environment_variable encoding="STRING" key="LTTNG_HOME" type="USE_TEXT">$SS_TC_ROOT/logs/execute/lttng</environment_variable>
                </process>
                <process>
                    <environment_variable encoding="STRING" key="SS_RUN_COMMAND_LD_PRELOAD" type="USE_TEXT">$SS_TC_DEPS/lib64/liblttng-stonesoup-c.so:$SS_TC_DEPS/lib64/liblttng-ust-fork.so</environment_variable>
                </process>
                <process>
                    <script background="false" encoding="STRING" type="USE_TEXT">mkdir -p $SS_TC_DEPS/var/run/lttng</script>
                </process>
                <process>
                    <script background="false" encoding="STRING" type="USE_TEXT">$SS_TC_DEPS/bin/lttng create &amp;&amp; $SS_TC_DEPS/bin/lttng enable-event -u -a &amp;&amp; $SS_TC_DEPS/bin/lttng start</script>
                </process>
                <process>
                    <script background="false" encoding="STRING" type="USE_TEXT">rm -rf $SS_TC_ROOT/lockDir</script>
                </process>
                <process>
                    <script background="false" encoding="STRING" type="USE_TEXT">sleep 2 &amp;&amp; printf &quot;Sleeping to allow DB to be created.&quot;</script>
                </process>
            </pre_processes>
            <run_command encoding="STRING" preprend_runcommand="true" type="USE_TEXT">$SS_TC_ROOT/$SS_TC_INSTALL/bin/svnserve -d --foreground -r $SS_TC_ROOT/testData/svnrepos --pid-file=$SS_TC_ROOT/$SS_TC_INSTALL/svnserve.pid</run_command>
            <co_processes scheme="SEQUENCE">
                <process_group scheme="PARALLEL">
                    <process_group scheme="SEQUENCE">
                        <process delay_after="0" delay_before="0">
                            <script background="false" encoding="STRING" type="USE_TEXT">bash $SS_TC_ROOT/scripts/service_mon.sh ss-localhost 3690</script>
                        </process>
                        <process delay_after="0" delay_before="0">
                            <script background="false" encoding="STRING" input_id="CHECKOUT" type="USE_TEXT">cd ../good-02 &amp;&amp; $SS_TC_DEPS/bin/svn checkout svn://ss-localhost/stonesoup
                    </script>
                        </process>
                        <process delay_after="0" delay_before="0">
                            <script background="false" encoding="STRING" input_id="ADD" type="USE_TEXT">cd ../good-02 &amp;&amp; cp file.txt stonesoup &amp;&amp; cd stonesoup &amp;&amp; $SS_TC_DEPS/bin/svn add file.txt
                    </script>
                        </process>
                        <process delay_after="0" delay_before="0">
                            <script background="false" encoding="STRING" input_id="COMMIT" type="USE_TEXT">cd ../good-02/stonesoup &amp;&amp; $SS_TC_DEPS/bin/svn commit -m &quot;good-02&quot;
                    </script>
                        </process>
                    </process_group>
                    <process_group scheme="SEQUENCE"/>
                </process_group>
                <process delay_after="0" delay_before="0">
                    <script background="false" encoding="STRING" type="USE_TEXT">kill -9 $(cat $SS_TC_ROOT/$SS_TC_INSTALL/svnserve.pid)</script>
                </process>
            </co_processes>
            <post_processes scheme="SEQUENCE">
                <process>
                    <database database_name="northwind_twogizefpapeplyb" database_type="MYSQL" encoding="STRING" server="ss-db-mysql" type="USE_TEXT">DROP DATABASE IF EXISTS $SS_DBMYSQLDATABASE;</database>
                </process>
                <process>
                    <script background="false" encoding="STRING" input_id="lttng_output_ibr4Cr7k5j" type="USE_TEXT">$SS_TC_DEPS/bin/lttng stop &amp;&amp; $SS_TC_DEPS/bin/lttng view &amp;&amp; $SS_TC_DEPS/bin/lttng destroy</script>
                </process>
            </post_processes>
            <scoring_formula default="GOOD-02-Default">
                <formula name="GOOD-02-Default">CHECKOUT AND ADD AND COMMIT AND NOT TIMEOUT AND NOT CONTROLLED_EXIT</formula>
            </scoring_formula>
            <output_checks>
                <compare_check check_type="CONTAINS" name="CHECKOUT">
                    <actual input_id_ref="CHECKOUT" output_type="STANDARD_OUT"></actual>
                    <expected encoding="STRING" type="USE_TEXT">Checked out revision 0.</expected>
                </compare_check>
                <compare_check check_type="CONTAINS" name="ADD">
                    <actual input_id_ref="ADD" output_type="STANDARD_OUT"></actual>
                    <expected encoding="STRING" type="USE_TEXT">A         file.txt</expected>
                </compare_check>
                <compare_check check_type="CONTAINS" name="COMMIT">
                    <actual input_id_ref="COMMIT" output_type="STANDARD_OUT"></actual>
                    <expected encoding="STRING" type="USE_FILE_CONTENTS">good-02/output.txt</expected>
                </compare_check>
                <simple_check check_type="SPECIAL" encoding="STRING" name="TIMEOUT" type="USE_TEXT">DOES_NOT_RETURN</simple_check>
                <simple_check check_type="SPECIAL" encoding="STRING" name="CONTROLLED_EXIT" type="USE_TEXT">CONTROLLED_EXIT</simple_check>
            </output_checks>
        </iopair>
        <iopair name="C-C089C-SUBV-01-ST01-DT04-DF16-CF02-01-GOOD-03" reset_scheme="NONE" timeout="300" type="GOOD">
            <description>diff two files using svn diff
Good inputs: 1) name of shipper for use in Sql databaseBad inputs:SQL argument injection 

</description>
            <technical_impact>NONE</technical_impact>
            <pre_processes scheme="SEQUENCE">
                <process>
                    <script background="false" encoding="STRING" type="USE_TEXT">printf 'env LEGITIM_SLUDDERY;\nenv SS_DBMYSQLDATABASE;\n' | tee nginx_conf_env.txt</script>
                </process>
                <process delay_after="0" delay_before="0">
                    <script background="false" encoding="STRING" type="USE_TEXT">killall svnserve</script>
                </process>
                <process delay_after="0" delay_before="0">
                    <script background="false" encoding="STRING" type="USE_TEXT">rm -rf $SS_TC_ROOT/testData/run &amp;&amp; mkdir $SS_TC_ROOT/testData/run</script>
                </process>
                <process delay_after="0" delay_before="0">
                    <script background="false" encoding="STRING" type="USE_TEXT">tar -zxvf $SS_TC_ROOT/testData/good-03/allura.tar.gz --strip-components=1 -C $SS_TC_ROOT/testData/run/</script>
                </process>
                <process>
                    <environment_variable encoding="STRING" key="LEGITIM_SLUDDERY" type="USE_TEXT">ShippingCompany</environment_variable>
                </process>
                <process>
                    <database database_name="northwind_ladtlvgudvnvdfdy" database_type="MYSQL" encoding="STRING" server="ss-db-mysql" type="USE_FILE_CONTENTS">/opt/stonesoup/workspace/scripts/northwind_create_northwind_ladtlvgudvnvdfdy.sql</database>
                </process>
                <process>
                    <environment_variable encoding="STRING" key="SS_DBMYSQLDATABASE" type="USE_TEXT">northwind_ladtlvgudvnvdfdy</environment_variable>
                </process>
                <process>
                    <script background="false" encoding="STRING" type="USE_TEXT">mkdir $SS_TC_ROOT/logs/execute/lttng</script>
                </process>
                <process>
                    <environment_variable encoding="STRING" key="LTTNG_HOME" type="USE_TEXT">$SS_TC_ROOT/logs/execute/lttng</environment_variable>
                </process>
                <process>
                    <environment_variable encoding="STRING" key="SS_RUN_COMMAND_LD_PRELOAD" type="USE_TEXT">$SS_TC_DEPS/lib64/liblttng-stonesoup-c.so:$SS_TC_DEPS/lib64/liblttng-ust-fork.so</environment_variable>
                </process>
                <process>
                    <script background="false" encoding="STRING" type="USE_TEXT">mkdir -p $SS_TC_DEPS/var/run/lttng</script>
                </process>
                <process>
                    <script background="false" encoding="STRING" type="USE_TEXT">$SS_TC_DEPS/bin/lttng create &amp;&amp; $SS_TC_DEPS/bin/lttng enable-event -u -a &amp;&amp; $SS_TC_DEPS/bin/lttng start</script>
                </process>
                <process>
                    <script background="false" encoding="STRING" type="USE_TEXT">rm -rf $SS_TC_ROOT/lockDir</script>
                </process>
                <process>
                    <script background="false" encoding="STRING" type="USE_TEXT">sleep 2 &amp;&amp; printf &quot;Sleeping to allow DB to be created.&quot;</script>
                </process>
            </pre_processes>
            <run_command encoding="STRING" preprend_runcommand="true" type="USE_TEXT">$SS_TC_ROOT/$SS_TC_INSTALL/bin/svn diff css/main.css css/main2.css</run_command>
            <post_processes scheme="SEQUENCE">
                <process>
                    <database database_name="northwind_ladtlvgudvnvdfdy" database_type="MYSQL" encoding="STRING" server="ss-db-mysql" type="USE_TEXT">DROP DATABASE IF EXISTS $SS_DBMYSQLDATABASE;</database>
                </process>
                <process>
                    <script background="false" encoding="STRING" input_id="lttng_output_LMTUO9BX2i" type="USE_TEXT">$SS_TC_DEPS/bin/lttng stop &amp;&amp; $SS_TC_DEPS/bin/lttng view &amp;&amp; $SS_TC_DEPS/bin/lttng destroy</script>
                </process>
            </post_processes>
            <scoring_formula default="GOOD-03-Default">
                <formula name="GOOD-03-Default">STDOUT AND NOT TIMEOUT AND NOT CONTROLLED_EXIT</formula>
            </scoring_formula>
            <output_checks>
                <compare_check check_type="CONTAINS" name="STDOUT">
                    <actual output_type="STANDARD_OUT"></actual>
                    <expected encoding="STRING" type="USE_FILE_CONTENTS">good-03/output.txt</expected>
                </compare_check>
                <simple_check check_type="SPECIAL" encoding="STRING" name="TIMEOUT" type="USE_TEXT">DOES_NOT_RETURN</simple_check>
                <simple_check check_type="SPECIAL" encoding="STRING" name="CONTROLLED_EXIT" type="USE_TEXT">CONTROLLED_EXIT</simple_check>
            </output_checks>
        </iopair>
        <iopair name="C-C089C-SUBV-01-ST01-DT04-DF16-CF02-01-GOOD-04" reset_scheme="NONE" timeout="300" type="GOOD">
            <description>use svn mkdir to create a directory and add it to the svn repo
Good inputs: 1) name of shipper for use in Sql databaseBad inputs:SQL argument injection 

</description>
            <technical_impact>NONE</technical_impact>
            <pre_processes scheme="SEQUENCE">
                <process>
                    <script background="false" encoding="STRING" type="USE_TEXT">printf 'env LEGITIM_SLUDDERY;\nenv SS_DBMYSQLDATABASE;\n' | tee nginx_conf_env.txt</script>
                </process>
                <process delay_after="0" delay_before="0">
                    <script background="false" encoding="STRING" type="USE_TEXT">rm -rf $SS_TC_ROOT/testData/run &amp;&amp; mkdir $SS_TC_ROOT/testData/run</script>
                </process>
                <process delay_after="0" delay_before="0">
                    <script background="false" encoding="STRING" type="USE_TEXT">tar -zxvf $SS_TC_ROOT/testData/good-04/allura.tar.gz --strip-components=1 -C $SS_TC_ROOT/testData/run/</script>
                </process>
                <process>
                    <environment_variable encoding="STRING" key="LEGITIM_SLUDDERY" type="USE_TEXT">shipper1</environment_variable>
                </process>
                <process>
                    <database database_name="northwind_xjmzklszjncdwtwv" database_type="MYSQL" encoding="STRING" server="ss-db-mysql" type="USE_FILE_CONTENTS">/opt/stonesoup/workspace/scripts/northwind_create_northwind_xjmzklszjncdwtwv.sql</database>
                </process>
                <process>
                    <environment_variable encoding="STRING" key="SS_DBMYSQLDATABASE" type="USE_TEXT">northwind_xjmzklszjncdwtwv</environment_variable>
                </process>
                <process>
                    <script background="false" encoding="STRING" type="USE_TEXT">mkdir $SS_TC_ROOT/logs/execute/lttng</script>
                </process>
                <process>
                    <environment_variable encoding="STRING" key="LTTNG_HOME" type="USE_TEXT">$SS_TC_ROOT/logs/execute/lttng</environment_variable>
                </process>
                <process>
                    <environment_variable encoding="STRING" key="SS_RUN_COMMAND_LD_PRELOAD" type="USE_TEXT">$SS_TC_DEPS/lib64/liblttng-stonesoup-c.so:$SS_TC_DEPS/lib64/liblttng-ust-fork.so</environment_variable>
                </process>
                <process>
                    <script background="false" encoding="STRING" type="USE_TEXT">mkdir -p $SS_TC_DEPS/var/run/lttng</script>
                </process>
                <process>
                    <script background="false" encoding="STRING" type="USE_TEXT">$SS_TC_DEPS/bin/lttng create &amp;&amp; $SS_TC_DEPS/bin/lttng enable-event -u -a &amp;&amp; $SS_TC_DEPS/bin/lttng start</script>
                </process>
                <process>
                    <script background="false" encoding="STRING" type="USE_TEXT">rm -rf $SS_TC_ROOT/lockDir</script>
                </process>
                <process>
                    <script background="false" encoding="STRING" type="USE_TEXT">sleep 2 &amp;&amp; printf &quot;Sleeping to allow DB to be created.&quot;</script>
                </process>
            </pre_processes>
            <run_command encoding="STRING" preprend_runcommand="true" type="USE_TEXT">$SS_TC_ROOT/$SS_TC_INSTALL/bin/svn mkdir newdir</run_command>
            <post_processes scheme="SEQUENCE">
                <process>
                    <database database_name="northwind_xjmzklszjncdwtwv" database_type="MYSQL" encoding="STRING" server="ss-db-mysql" type="USE_TEXT">DROP DATABASE IF EXISTS $SS_DBMYSQLDATABASE;</database>
                </process>
                <process>
                    <script background="false" encoding="STRING" input_id="lttng_output_JR1456vhBu" type="USE_TEXT">$SS_TC_DEPS/bin/lttng stop &amp;&amp; $SS_TC_DEPS/bin/lttng view &amp;&amp; $SS_TC_DEPS/bin/lttng destroy</script>
                </process>
            </post_processes>
            <scoring_formula default="GOOD-04-Default">
                <formula name="GOOD-04-Default">STDOUT AND NOT TIMEOUT AND NOT CONTROLLED_EXIT</formula>
            </scoring_formula>
            <output_checks>
                <compare_check check_type="CONTAINS" name="STDOUT">
                    <actual output_type="STANDARD_OUT"></actual>
                    <expected encoding="STRING" type="USE_TEXT">A         newdir</expected>
                </compare_check>
                <simple_check check_type="SPECIAL" encoding="STRING" name="TIMEOUT" type="USE_TEXT">DOES_NOT_RETURN</simple_check>
                <simple_check check_type="SPECIAL" encoding="STRING" name="CONTROLLED_EXIT" type="USE_TEXT">CONTROLLED_EXIT</simple_check>
            </output_checks>
        </iopair>
        <iopair name="C-C089C-SUBV-01-ST01-DT04-DF16-CF02-01-GOOD-05" reset_scheme="NONE" timeout="300" type="GOOD">
            <description>use svn to move a file and its position in the repo
Good inputs: 1) name of shipper for use in Sql databaseBad inputs:SQL argument injection 

</description>
            <technical_impact>NONE</technical_impact>
            <pre_processes scheme="SEQUENCE">
                <process>
                    <script background="false" encoding="STRING" type="USE_TEXT">printf 'env LEGITIM_SLUDDERY;\nenv SS_DBMYSQLDATABASE;\n' | tee nginx_conf_env.txt</script>
                </process>
                <process delay_after="0" delay_before="0">
                    <script background="false" encoding="STRING" type="USE_TEXT">rm -rf $SS_TC_ROOT/testData/run &amp;&amp; mkdir $SS_TC_ROOT/testData/run</script>
                </process>
                <process delay_after="0" delay_before="0">
                    <script background="false" encoding="STRING" type="USE_TEXT">tar -zxvf $SS_TC_ROOT/testData/good-05/allura.tar.gz --strip-components=1 -C $SS_TC_ROOT/testData/run/</script>
                </process>
                <process>
                    <environment_variable encoding="STRING" key="LEGITIM_SLUDDERY" type="USE_TEXT">NewShipper</environment_variable>
                </process>
                <process>
                    <database database_name="northwind_harkrssnpqpqntke" database_type="MYSQL" encoding="STRING" server="ss-db-mysql" type="USE_FILE_CONTENTS">/opt/stonesoup/workspace/scripts/northwind_create_northwind_harkrssnpqpqntke.sql</database>
                </process>
                <process>
                    <environment_variable encoding="STRING" key="SS_DBMYSQLDATABASE" type="USE_TEXT">northwind_harkrssnpqpqntke</environment_variable>
                </process>
                <process>
                    <script background="false" encoding="STRING" type="USE_TEXT">mkdir $SS_TC_ROOT/logs/execute/lttng</script>
                </process>
                <process>
                    <environment_variable encoding="STRING" key="LTTNG_HOME" type="USE_TEXT">$SS_TC_ROOT/logs/execute/lttng</environment_variable>
                </process>
                <process>
                    <environment_variable encoding="STRING" key="SS_RUN_COMMAND_LD_PRELOAD" type="USE_TEXT">$SS_TC_DEPS/lib64/liblttng-stonesoup-c.so:$SS_TC_DEPS/lib64/liblttng-ust-fork.so</environment_variable>
                </process>
                <process>
                    <script background="false" encoding="STRING" type="USE_TEXT">mkdir -p $SS_TC_DEPS/var/run/lttng</script>
                </process>
                <process>
                    <script background="false" encoding="STRING" type="USE_TEXT">$SS_TC_DEPS/bin/lttng create &amp;&amp; $SS_TC_DEPS/bin/lttng enable-event -u -a &amp;&amp; $SS_TC_DEPS/bin/lttng start</script>
                </process>
                <process>
                    <script background="false" encoding="STRING" type="USE_TEXT">rm -rf $SS_TC_ROOT/lockDir</script>
                </process>
                <process>
                    <script background="false" encoding="STRING" type="USE_TEXT">sleep 2 &amp;&amp; printf &quot;Sleeping to allow DB to be created.&quot;</script>
                </process>
            </pre_processes>
            <run_command encoding="STRING" preprend_runcommand="true" type="USE_TEXT">$SS_TC_ROOT/$SS_TC_INSTALL/bin/svn move 404.html js/</run_command>
            <post_processes scheme="SEQUENCE">
                <process>
                    <database database_name="northwind_harkrssnpqpqntke" database_type="MYSQL" encoding="STRING" server="ss-db-mysql" type="USE_TEXT">DROP DATABASE IF EXISTS $SS_DBMYSQLDATABASE;</database>
                </process>
                <process>
                    <script background="false" encoding="STRING" input_id="lttng_output_cvkPe3D85Y" type="USE_TEXT">$SS_TC_DEPS/bin/lttng stop &amp;&amp; $SS_TC_DEPS/bin/lttng view &amp;&amp; $SS_TC_DEPS/bin/lttng destroy</script>
                </process>
            </post_processes>
            <scoring_formula default="GOOD-05-Default">
                <formula name="GOOD-05-Default">STDOUT AND NOT TIMEOUT AND NOT CONTROLLED_EXIT</formula>
            </scoring_formula>
            <output_checks>
                <compare_check check_type="CONTAINS" name="STDOUT">
                    <actual output_type="STANDARD_OUT"></actual>
                    <expected encoding="STRING" type="USE_FILE_CONTENTS">good-05/output.txt</expected>
                </compare_check>
                <simple_check check_type="SPECIAL" encoding="STRING" name="TIMEOUT" type="USE_TEXT">DOES_NOT_RETURN</simple_check>
                <simple_check check_type="SPECIAL" encoding="STRING" name="CONTROLLED_EXIT" type="USE_TEXT">CONTROLLED_EXIT</simple_check>
            </output_checks>
        </iopair>
        <iopair name="C-C089C-SUBV-01-ST01-DT04-DF16-CF02-01-GOOD-06" reset_scheme="NONE" timeout="300" type="GOOD">
            <description>run blame on 404.html
Good inputs: 1) name of shipper for use in Sql databaseBad inputs:SQL argument injection 

</description>
            <technical_impact>NONE</technical_impact>
            <pre_processes scheme="SEQUENCE">
                <process>
                    <script background="false" encoding="STRING" type="USE_TEXT">printf 'env LEGITIM_SLUDDERY;\nenv SS_DBMYSQLDATABASE;\n' | tee nginx_conf_env.txt</script>
                </process>
                <process delay_after="0" delay_before="0">
                    <script background="false" encoding="STRING" type="USE_TEXT">rm -rf $SS_TC_ROOT/testData/run &amp;&amp; mkdir $SS_TC_ROOT/testData/run</script>
                </process>
                <process delay_after="0" delay_before="0">
                    <script background="false" encoding="STRING" type="USE_TEXT">tar -zxvf $SS_TC_ROOT/testData/good-06/allura.tar.gz --strip-components=1 -C $SS_TC_ROOT/testData/run/</script>
                </process>
                <process>
                    <environment_variable encoding="STRING" key="LEGITIM_SLUDDERY" type="USE_TEXT">ShippingCompany</environment_variable>
                </process>
                <process>
                    <database database_name="northwind_rlpxcavchtlkxiqw" database_type="MYSQL" encoding="STRING" server="ss-db-mysql" type="USE_FILE_CONTENTS">/opt/stonesoup/workspace/scripts/northwind_create_northwind_rlpxcavchtlkxiqw.sql</database>
                </process>
                <process>
                    <environment_variable encoding="STRING" key="SS_DBMYSQLDATABASE" type="USE_TEXT">northwind_rlpxcavchtlkxiqw</environment_variable>
                </process>
                <process>
                    <script background="false" encoding="STRING" type="USE_TEXT">mkdir $SS_TC_ROOT/logs/execute/lttng</script>
                </process>
                <process>
                    <environment_variable encoding="STRING" key="LTTNG_HOME" type="USE_TEXT">$SS_TC_ROOT/logs/execute/lttng</environment_variable>
                </process>
                <process>
                    <environment_variable encoding="STRING" key="SS_RUN_COMMAND_LD_PRELOAD" type="USE_TEXT">$SS_TC_DEPS/lib64/liblttng-stonesoup-c.so:$SS_TC_DEPS/lib64/liblttng-ust-fork.so</environment_variable>
                </process>
                <process>
                    <script background="false" encoding="STRING" type="USE_TEXT">mkdir -p $SS_TC_DEPS/var/run/lttng</script>
                </process>
                <process>
                    <script background="false" encoding="STRING" type="USE_TEXT">$SS_TC_DEPS/bin/lttng create &amp;&amp; $SS_TC_DEPS/bin/lttng enable-event -u -a &amp;&amp; $SS_TC_DEPS/bin/lttng start</script>
                </process>
                <process>
                    <script background="false" encoding="STRING" type="USE_TEXT">rm -rf $SS_TC_ROOT/lockDir</script>
                </process>
                <process>
                    <script background="false" encoding="STRING" type="USE_TEXT">sleep 2 &amp;&amp; printf &quot;Sleeping to allow DB to be created.&quot;</script>
                </process>
            </pre_processes>
            <run_command encoding="STRING" preprend_runcommand="true" type="USE_TEXT">$SS_TC_ROOT/$SS_TC_INSTALL/bin/svn blame 404.html</run_command>
            <post_processes scheme="SEQUENCE">
                <process>
                    <database database_name="northwind_rlpxcavchtlkxiqw" database_type="MYSQL" encoding="STRING" server="ss-db-mysql" type="USE_TEXT">DROP DATABASE IF EXISTS $SS_DBMYSQLDATABASE;</database>
                </process>
                <process>
                    <script background="false" encoding="STRING" input_id="lttng_output_lwL0D6wZKT" type="USE_TEXT">$SS_TC_DEPS/bin/lttng stop &amp;&amp; $SS_TC_DEPS/bin/lttng view &amp;&amp; $SS_TC_DEPS/bin/lttng destroy</script>
                </process>
            </post_processes>
            <scoring_formula default="GOOD-06-Default">
                <formula name="GOOD-06-Default">STDOUT AND NOT TIMEOUT AND NOT CONTROLLED_EXIT</formula>
            </scoring_formula>
            <output_checks>
                <compare_check check_type="CONTAINS" name="STDOUT">
                    <actual output_type="STANDARD_OUT"></actual>
                    <expected encoding="STRING" type="USE_FILE_CONTENTS">good-06/output.txt</expected>
                </compare_check>
                <simple_check check_type="SPECIAL" encoding="STRING" name="TIMEOUT" type="USE_TEXT">DOES_NOT_RETURN</simple_check>
                <simple_check check_type="SPECIAL" encoding="STRING" name="CONTROLLED_EXIT" type="USE_TEXT">CONTROLLED_EXIT</simple_check>
            </output_checks>
        </iopair>
        <iopair name="C-C089C-SUBV-01-ST01-DT04-DF16-CF02-01-GOOD-07" reset_scheme="NONE" timeout="300" type="GOOD">
            <description>apply a patch
Good inputs: 1) name of shipper for use in Sql databaseBad inputs:SQL argument injection 

</description>
            <technical_impact>NONE</technical_impact>
            <pre_processes scheme="SEQUENCE">
                <process>
                    <script background="false" encoding="STRING" type="USE_TEXT">printf 'env LEGITIM_SLUDDERY;\nenv SS_DBMYSQLDATABASE;\n' | tee nginx_conf_env.txt</script>
                </process>
                <process delay_after="0" delay_before="0">
                    <script background="false" encoding="STRING" type="USE_TEXT">rm -rf $SS_TC_ROOT/testData/run &amp;&amp; mkdir $SS_TC_ROOT/testData/run</script>
                </process>
                <process delay_after="0" delay_before="0">
                    <script background="false" encoding="STRING" type="USE_TEXT">tar -zxvf $SS_TC_ROOT/testData/good-07/allura.tar.gz --strip-components=1 -C $SS_TC_ROOT/testData/run/</script>
                </process>
                <process>
                    <environment_variable encoding="STRING" key="LEGITIM_SLUDDERY" type="USE_TEXT">shipper1</environment_variable>
                </process>
                <process>
                    <database database_name="northwind_anguayffmkdognmw" database_type="MYSQL" encoding="STRING" server="ss-db-mysql" type="USE_FILE_CONTENTS">/opt/stonesoup/workspace/scripts/northwind_create_northwind_anguayffmkdognmw.sql</database>
                </process>
                <process>
                    <environment_variable encoding="STRING" key="SS_DBMYSQLDATABASE" type="USE_TEXT">northwind_anguayffmkdognmw</environment_variable>
                </process>
                <process>
                    <script background="false" encoding="STRING" type="USE_TEXT">mkdir $SS_TC_ROOT/logs/execute/lttng</script>
                </process>
                <process>
                    <environment_variable encoding="STRING" key="LTTNG_HOME" type="USE_TEXT">$SS_TC_ROOT/logs/execute/lttng</environment_variable>
                </process>
                <process>
                    <environment_variable encoding="STRING" key="SS_RUN_COMMAND_LD_PRELOAD" type="USE_TEXT">$SS_TC_DEPS/lib64/liblttng-stonesoup-c.so:$SS_TC_DEPS/lib64/liblttng-ust-fork.so</environment_variable>
                </process>
                <process>
                    <script background="false" encoding="STRING" type="USE_TEXT">mkdir -p $SS_TC_DEPS/var/run/lttng</script>
                </process>
                <process>
                    <script background="false" encoding="STRING" type="USE_TEXT">$SS_TC_DEPS/bin/lttng create &amp;&amp; $SS_TC_DEPS/bin/lttng enable-event -u -a &amp;&amp; $SS_TC_DEPS/bin/lttng start</script>
                </process>
                <process>
                    <script background="false" encoding="STRING" type="USE_TEXT">rm -rf $SS_TC_ROOT/lockDir</script>
                </process>
                <process>
                    <script background="false" encoding="STRING" type="USE_TEXT">sleep 2 &amp;&amp; printf &quot;Sleeping to allow DB to be created.&quot;</script>
                </process>
            </pre_processes>
            <run_command encoding="STRING" preprend_runcommand="true" type="USE_TEXT">$SS_TC_ROOT/$SS_TC_INSTALL/bin/svn patch good-07.diff</run_command>
            <post_processes scheme="SEQUENCE">
                <process>
                    <database database_name="northwind_anguayffmkdognmw" database_type="MYSQL" encoding="STRING" server="ss-db-mysql" type="USE_TEXT">DROP DATABASE IF EXISTS $SS_DBMYSQLDATABASE;</database>
                </process>
                <process>
                    <script background="false" encoding="STRING" input_id="lttng_output_fInD38ZwQN" type="USE_TEXT">$SS_TC_DEPS/bin/lttng stop &amp;&amp; $SS_TC_DEPS/bin/lttng view &amp;&amp; $SS_TC_DEPS/bin/lttng destroy</script>
                </process>
            </post_processes>
            <scoring_formula default="GOOD-07-Default">
                <formula name="GOOD-07-Default">STDOUT AND NOT TIMEOUT AND NOT CONTROLLED_EXIT</formula>
            </scoring_formula>
            <output_checks>
                <compare_check check_type="CONTAINS" name="STDOUT">
                    <actual output_type="STANDARD_OUT"></actual>
                    <expected encoding="STRING" type="USE_TEXT">U         404.html</expected>
                </compare_check>
                <simple_check check_type="SPECIAL" encoding="STRING" name="TIMEOUT" type="USE_TEXT">DOES_NOT_RETURN</simple_check>
                <simple_check check_type="SPECIAL" encoding="STRING" name="CONTROLLED_EXIT" type="USE_TEXT">CONTROLLED_EXIT</simple_check>
            </output_checks>
        </iopair>
        <iopair name="C-C089C-SUBV-01-ST01-DT04-DF16-CF02-01-GOOD-08" reset_scheme="NONE" timeout="300" type="GOOD">
            <description>add a property
Good inputs: 1) name of shipper for use in Sql databaseBad inputs:SQL argument injection 

</description>
            <technical_impact>NONE</technical_impact>
            <pre_processes scheme="SEQUENCE">
                <process>
                    <script background="false" encoding="STRING" type="USE_TEXT">printf 'env LEGITIM_SLUDDERY;\nenv SS_DBMYSQLDATABASE;\n' | tee nginx_conf_env.txt</script>
                </process>
                <process delay_after="0" delay_before="0">
                    <script background="false" encoding="STRING" type="USE_TEXT">rm -rf $SS_TC_ROOT/testData/run &amp;&amp; mkdir $SS_TC_ROOT/testData/run</script>
                </process>
                <process delay_after="0" delay_before="0">
                    <script background="false" encoding="STRING" type="USE_TEXT">tar -zxvf $SS_TC_ROOT/testData/good-08/allura.tar.gz --strip-components=1 -C $SS_TC_ROOT/testData/run/</script>
                </process>
                <process>
                    <environment_variable encoding="STRING" key="LEGITIM_SLUDDERY" type="USE_TEXT">NewShipper</environment_variable>
                </process>
                <process>
                    <database database_name="northwind_grtgzyccmedsccyb" database_type="MYSQL" encoding="STRING" server="ss-db-mysql" type="USE_FILE_CONTENTS">/opt/stonesoup/workspace/scripts/northwind_create_northwind_grtgzyccmedsccyb.sql</database>
                </process>
                <process>
                    <environment_variable encoding="STRING" key="SS_DBMYSQLDATABASE" type="USE_TEXT">northwind_grtgzyccmedsccyb</environment_variable>
                </process>
                <process>
                    <script background="false" encoding="STRING" type="USE_TEXT">mkdir $SS_TC_ROOT/logs/execute/lttng</script>
                </process>
                <process>
                    <environment_variable encoding="STRING" key="LTTNG_HOME" type="USE_TEXT">$SS_TC_ROOT/logs/execute/lttng</environment_variable>
                </process>
                <process>
                    <environment_variable encoding="STRING" key="SS_RUN_COMMAND_LD_PRELOAD" type="USE_TEXT">$SS_TC_DEPS/lib64/liblttng-stonesoup-c.so:$SS_TC_DEPS/lib64/liblttng-ust-fork.so</environment_variable>
                </process>
                <process>
                    <script background="false" encoding="STRING" type="USE_TEXT">mkdir -p $SS_TC_DEPS/var/run/lttng</script>
                </process>
                <process>
                    <script background="false" encoding="STRING" type="USE_TEXT">$SS_TC_DEPS/bin/lttng create &amp;&amp; $SS_TC_DEPS/bin/lttng enable-event -u -a &amp;&amp; $SS_TC_DEPS/bin/lttng start</script>
                </process>
                <process>
                    <script background="false" encoding="STRING" type="USE_TEXT">rm -rf $SS_TC_ROOT/lockDir</script>
                </process>
                <process>
                    <script background="false" encoding="STRING" type="USE_TEXT">sleep 2 &amp;&amp; printf &quot;Sleeping to allow DB to be created.&quot;</script>
                </process>
            </pre_processes>
            <run_command encoding="STRING" preprend_runcommand="true" type="USE_TEXT">$SS_TC_ROOT/$SS_TC_INSTALL/bin/svn propset rating &quot;awesome&quot; 404.html</run_command>
            <post_processes scheme="SEQUENCE">
                <process>
                    <database database_name="northwind_grtgzyccmedsccyb" database_type="MYSQL" encoding="STRING" server="ss-db-mysql" type="USE_TEXT">DROP DATABASE IF EXISTS $SS_DBMYSQLDATABASE;</database>
                </process>
                <process>
                    <script background="false" encoding="STRING" input_id="lttng_output_y9a53OU5kr" type="USE_TEXT">$SS_TC_DEPS/bin/lttng stop &amp;&amp; $SS_TC_DEPS/bin/lttng view &amp;&amp; $SS_TC_DEPS/bin/lttng destroy</script>
                </process>
            </post_processes>
            <scoring_formula default="GOOD-08-Default">
                <formula name="GOOD-08-Default">STDOUT AND NOT TIMEOUT AND NOT CONTROLLED_EXIT</formula>
            </scoring_formula>
            <output_checks>
                <compare_check check_type="CONTAINS" name="STDOUT">
                    <actual output_type="STANDARD_OUT"></actual>
                    <expected encoding="STRING" type="USE_TEXT">property 'rating' set on '404.html'</expected>
                </compare_check>
                <simple_check check_type="SPECIAL" encoding="STRING" name="TIMEOUT" type="USE_TEXT">DOES_NOT_RETURN</simple_check>
                <simple_check check_type="SPECIAL" encoding="STRING" name="CONTROLLED_EXIT" type="USE_TEXT">CONTROLLED_EXIT</simple_check>
            </output_checks>
        </iopair>
        <iopair name="C-C089C-SUBV-01-ST01-DT04-DF16-CF02-01-GOOD-09" reset_scheme="NONE" timeout="300" type="GOOD">
            <description>get a property
Good inputs: 1) name of shipper for use in Sql databaseBad inputs:SQL argument injection 

</description>
            <technical_impact>NONE</technical_impact>
            <pre_processes scheme="SEQUENCE">
                <process>
                    <script background="false" encoding="STRING" type="USE_TEXT">printf 'env LEGITIM_SLUDDERY;\nenv SS_DBMYSQLDATABASE;\n' | tee nginx_conf_env.txt</script>
                </process>
                <process delay_after="0" delay_before="0">
                    <script background="false" encoding="STRING" type="USE_TEXT">rm -rf $SS_TC_ROOT/testData/run &amp;&amp; mkdir $SS_TC_ROOT/testData/run</script>
                </process>
                <process delay_after="0" delay_before="0">
                    <script background="false" encoding="STRING" type="USE_TEXT">tar -zxvf $SS_TC_ROOT/testData/good-09/allura.tar.gz --strip-components=1 -C $SS_TC_ROOT/testData/run/</script>
                </process>
                <process>
                    <environment_variable encoding="STRING" key="LEGITIM_SLUDDERY" type="USE_TEXT">ShippingCompany</environment_variable>
                </process>
                <process>
                    <database database_name="northwind_ponbgmddnjdblihi" database_type="MYSQL" encoding="STRING" server="ss-db-mysql" type="USE_FILE_CONTENTS">/opt/stonesoup/workspace/scripts/northwind_create_northwind_ponbgmddnjdblihi.sql</database>
                </process>
                <process>
                    <environment_variable encoding="STRING" key="SS_DBMYSQLDATABASE" type="USE_TEXT">northwind_ponbgmddnjdblihi</environment_variable>
                </process>
                <process>
                    <script background="false" encoding="STRING" type="USE_TEXT">mkdir $SS_TC_ROOT/logs/execute/lttng</script>
                </process>
                <process>
                    <environment_variable encoding="STRING" key="LTTNG_HOME" type="USE_TEXT">$SS_TC_ROOT/logs/execute/lttng</environment_variable>
                </process>
                <process>
                    <environment_variable encoding="STRING" key="SS_RUN_COMMAND_LD_PRELOAD" type="USE_TEXT">$SS_TC_DEPS/lib64/liblttng-stonesoup-c.so:$SS_TC_DEPS/lib64/liblttng-ust-fork.so</environment_variable>
                </process>
                <process>
                    <script background="false" encoding="STRING" type="USE_TEXT">mkdir -p $SS_TC_DEPS/var/run/lttng</script>
                </process>
                <process>
                    <script background="false" encoding="STRING" type="USE_TEXT">$SS_TC_DEPS/bin/lttng create &amp;&amp; $SS_TC_DEPS/bin/lttng enable-event -u -a &amp;&amp; $SS_TC_DEPS/bin/lttng start</script>
                </process>
                <process>
                    <script background="false" encoding="STRING" type="USE_TEXT">rm -rf $SS_TC_ROOT/lockDir</script>
                </process>
                <process>
                    <script background="false" encoding="STRING" type="USE_TEXT">sleep 2 &amp;&amp; printf &quot;Sleeping to allow DB to be created.&quot;</script>
                </process>
            </pre_processes>
            <run_command encoding="STRING" preprend_runcommand="true" type="USE_TEXT">$SS_TC_ROOT/$SS_TC_INSTALL/bin/svn propget rating 404.html</run_command>
            <post_processes scheme="SEQUENCE">
                <process>
                    <database database_name="northwind_ponbgmddnjdblihi" database_type="MYSQL" encoding="STRING" server="ss-db-mysql" type="USE_TEXT">DROP DATABASE IF EXISTS $SS_DBMYSQLDATABASE;</database>
                </process>
                <process>
                    <script background="false" encoding="STRING" input_id="lttng_output_B2I9AZCffV" type="USE_TEXT">$SS_TC_DEPS/bin/lttng stop &amp;&amp; $SS_TC_DEPS/bin/lttng view &amp;&amp; $SS_TC_DEPS/bin/lttng destroy</script>
                </process>
            </post_processes>
            <scoring_formula default="GOOD-09-Default">
                <formula name="GOOD-09-Default">STDOUT AND NOT TIMEOUT AND NOT CONTROLLED_EXIT</formula>
            </scoring_formula>
            <output_checks>
                <compare_check check_type="CONTAINS" name="STDOUT">
                    <actual output_type="STANDARD_OUT"></actual>
                    <expected encoding="STRING" type="USE_TEXT">awesome</expected>
                </compare_check>
                <simple_check check_type="SPECIAL" encoding="STRING" name="TIMEOUT" type="USE_TEXT">DOES_NOT_RETURN</simple_check>
                <simple_check check_type="SPECIAL" encoding="STRING" name="CONTROLLED_EXIT" type="USE_TEXT">CONTROLLED_EXIT</simple_check>
            </output_checks>
        </iopair>
        <iopair name="C-C089C-SUBV-01-ST01-DT04-DF16-CF02-01-GOOD-10" reset_scheme="NONE" timeout="300" type="GOOD">
            <description>delete a property
Good inputs: 1) name of shipper for use in Sql databaseBad inputs:SQL argument injection 

</description>
            <technical_impact>NONE</technical_impact>
            <pre_processes scheme="SEQUENCE">
                <process>
                    <script background="false" encoding="STRING" type="USE_TEXT">printf 'env LEGITIM_SLUDDERY;\nenv SS_DBMYSQLDATABASE;\n' | tee nginx_conf_env.txt</script>
                </process>
                <process delay_after="0" delay_before="0">
                    <script background="false" encoding="STRING" type="USE_TEXT">rm -rf $SS_TC_ROOT/testData/run &amp;&amp; mkdir $SS_TC_ROOT/testData/run</script>
                </process>
                <process delay_after="0" delay_before="0">
                    <script background="false" encoding="STRING" type="USE_TEXT">tar -zxvf $SS_TC_ROOT/testData/good-10/allura.tar.gz --strip-components=1 -C $SS_TC_ROOT/testData/run/</script>
                </process>
                <process>
                    <environment_variable encoding="STRING" key="LEGITIM_SLUDDERY" type="USE_TEXT">shipper1</environment_variable>
                </process>
                <process>
                    <database database_name="northwind_ehfygzsjvpkxuayq" database_type="MYSQL" encoding="STRING" server="ss-db-mysql" type="USE_FILE_CONTENTS">/opt/stonesoup/workspace/scripts/northwind_create_northwind_ehfygzsjvpkxuayq.sql</database>
                </process>
                <process>
                    <environment_variable encoding="STRING" key="SS_DBMYSQLDATABASE" type="USE_TEXT">northwind_ehfygzsjvpkxuayq</environment_variable>
                </process>
                <process>
                    <script background="false" encoding="STRING" type="USE_TEXT">mkdir $SS_TC_ROOT/logs/execute/lttng</script>
                </process>
                <process>
                    <environment_variable encoding="STRING" key="LTTNG_HOME" type="USE_TEXT">$SS_TC_ROOT/logs/execute/lttng</environment_variable>
                </process>
                <process>
                    <environment_variable encoding="STRING" key="SS_RUN_COMMAND_LD_PRELOAD" type="USE_TEXT">$SS_TC_DEPS/lib64/liblttng-stonesoup-c.so:$SS_TC_DEPS/lib64/liblttng-ust-fork.so</environment_variable>
                </process>
                <process>
                    <script background="false" encoding="STRING" type="USE_TEXT">mkdir -p $SS_TC_DEPS/var/run/lttng</script>
                </process>
                <process>
                    <script background="false" encoding="STRING" type="USE_TEXT">$SS_TC_DEPS/bin/lttng create &amp;&amp; $SS_TC_DEPS/bin/lttng enable-event -u -a &amp;&amp; $SS_TC_DEPS/bin/lttng start</script>
                </process>
                <process>
                    <script background="false" encoding="STRING" type="USE_TEXT">rm -rf $SS_TC_ROOT/lockDir</script>
                </process>
                <process>
                    <script background="false" encoding="STRING" type="USE_TEXT">sleep 2 &amp;&amp; printf &quot;Sleeping to allow DB to be created.&quot;</script>
                </process>
            </pre_processes>
            <run_command encoding="STRING" preprend_runcommand="true" type="USE_TEXT">$SS_TC_ROOT/$SS_TC_INSTALL/bin/svn propdel rating 404.html</run_command>
            <post_processes scheme="SEQUENCE">
                <process>
                    <database database_name="northwind_ehfygzsjvpkxuayq" database_type="MYSQL" encoding="STRING" server="ss-db-mysql" type="USE_TEXT">DROP DATABASE IF EXISTS $SS_DBMYSQLDATABASE;</database>
                </process>
                <process>
                    <script background="false" encoding="STRING" input_id="lttng_output_HGdLFdulDf" type="USE_TEXT">$SS_TC_DEPS/bin/lttng stop &amp;&amp; $SS_TC_DEPS/bin/lttng view &amp;&amp; $SS_TC_DEPS/bin/lttng destroy</script>
                </process>
            </post_processes>
            <scoring_formula default="GOOD-10-Default">
                <formula name="GOOD-10-Default">STDOUT AND NOT TIMEOUT AND NOT CONTROLLED_EXIT</formula>
            </scoring_formula>
            <output_checks>
                <compare_check check_type="CONTAINS" name="STDOUT">
                    <actual output_type="STANDARD_OUT"></actual>
                    <expected encoding="STRING" type="USE_TEXT">property 'rating' deleted from '404.html'.</expected>
                </compare_check>
                <simple_check check_type="SPECIAL" encoding="STRING" name="TIMEOUT" type="USE_TEXT">DOES_NOT_RETURN</simple_check>
                <simple_check check_type="SPECIAL" encoding="STRING" name="CONTROLLED_EXIT" type="USE_TEXT">CONTROLLED_EXIT</simple_check>
            </output_checks>
        </iopair>
        <iopair name="C-C089C-SUBV-01-ST01-DT04-DF16-CF02-01-BAD-01" reset_scheme="NONE" timeout="300" type="BAD">
            <description>Good inputs: 1) name of shipper for use in Sql databaseBad inputs:SQL argument injection 

</description>
            <technical_impact>EXECUTE_UNAUTHORIZED_CODE</technical_impact>
            <pre_processes scheme="SEQUENCE">
                <process>
                    <script background="false" encoding="STRING" type="USE_TEXT">printf 'env LEGITIM_SLUDDERY;\nenv SS_DBMYSQLDATABASE;\n' | tee nginx_conf_env.txt</script>
                </process>
                <process delay_after="0" delay_before="0">
                    <script background="false" encoding="STRING" type="USE_TEXT">killall svnserve</script>
                </process>
                <process delay_after="0" delay_before="0">
                    <script background="false" encoding="STRING" type="USE_TEXT">rm -rf $SS_TC_ROOT/testData/run &amp;&amp; mkdir $SS_TC_ROOT/testData/run</script>
                </process>
                <process delay_after="0" delay_before="0">
                    <script background="false" encoding="STRING" type="USE_TEXT">tar -zxvf $SS_TC_ROOT/testData/good-03/allura.tar.gz --strip-components=1 -C $SS_TC_ROOT/testData/run/</script>
                </process>
                <process>
                    <environment_variable encoding="STRING" key="LEGITIM_SLUDDERY" type="USE_TEXT">BadShipper'), ('80','BadShipper2</environment_variable>
                </process>
                <process>
                    <database database_name="northwind_rkthxjedkkvddvcw" database_type="MYSQL" encoding="STRING" server="ss-db-mysql" type="USE_FILE_CONTENTS">/opt/stonesoup/workspace/scripts/northwind_create_northwind_rkthxjedkkvddvcw.sql</database>
                </process>
                <process>
                    <environment_variable encoding="STRING" key="SS_DBMYSQLDATABASE" type="USE_TEXT">northwind_rkthxjedkkvddvcw</environment_variable>
                </process>
                <process>
                    <script background="false" encoding="STRING" type="USE_TEXT">mkdir $SS_TC_ROOT/logs/execute/lttng</script>
                </process>
                <process>
                    <environment_variable encoding="STRING" key="LTTNG_HOME" type="USE_TEXT">$SS_TC_ROOT/logs/execute/lttng</environment_variable>
                </process>
                <process>
                    <environment_variable encoding="STRING" key="SS_RUN_COMMAND_LD_PRELOAD" type="USE_TEXT">$SS_TC_DEPS/lib64/liblttng-stonesoup-c.so:$SS_TC_DEPS/lib64/liblttng-ust-fork.so</environment_variable>
                </process>
                <process>
                    <script background="false" encoding="STRING" type="USE_TEXT">mkdir -p $SS_TC_DEPS/var/run/lttng</script>
                </process>
                <process>
                    <script background="false" encoding="STRING" type="USE_TEXT">$SS_TC_DEPS/bin/lttng create &amp;&amp; $SS_TC_DEPS/bin/lttng enable-event -u -a &amp;&amp; $SS_TC_DEPS/bin/lttng start</script>
                </process>
                <process>
                    <script background="false" encoding="STRING" type="USE_TEXT">rm -rf $SS_TC_ROOT/lockDir</script>
                </process>
                <process>
                    <script background="false" encoding="STRING" type="USE_TEXT">sleep 2 &amp;&amp; printf &quot;Sleeping to allow DB to be created.&quot;</script>
                </process>
            </pre_processes>
            <run_command encoding="STRING" preprend_runcommand="true" type="USE_TEXT">$SS_TC_ROOT/$SS_TC_INSTALL/bin/svn diff css/main.css css/main2.css</run_command>
            <post_processes scheme="SEQUENCE">
                <process>
                    <database database_name="northwind_rkthxjedkkvddvcw" database_type="MYSQL" encoding="STRING" server="ss-db-mysql" type="USE_TEXT">DROP DATABASE IF EXISTS $SS_DBMYSQLDATABASE;</database>
                </process>
                <process>
                    <script background="false" encoding="STRING" input_id="lttng_output_Bv3C96BOnWFuUdrp4uQH" type="USE_TEXT">$SS_TC_DEPS/bin/lttng stop &amp;&amp; $SS_TC_DEPS/bin/lttng view &amp;&amp; $SS_TC_DEPS/bin/lttng destroy</script>
                </process>
            </post_processes>
            <scoring_formula default="db_sql_formula_MzOwrUdsRt">
                <formula name="db_sql_formula_MzOwrUdsRt">weakness_started_aeetKyaPUUI62AsYLONF AND ((NOT PERFORMER AND (db_sql_output_rblwYnCfAe OR db_sql_output_SfAxs1L1S9 OR database_insert_check_UDCIrhb25k) AND NOT timeout_F0NjtnYfp3) or (PERFORMER AND NOT ((db_sql_output_rblwYnCfAe OR db_sql_output_SfAxs1L1S9 OR database_insert_check_UDCIrhb25k) OR timeout_F0NjtnYfp3)))</formula>
                <formula name="no_weakness_started_formula_Mz1ua6qbSP">(NOT PERFORMER AND (db_sql_output_rblwYnCfAe OR db_sql_output_SfAxs1L1S9 OR database_insert_check_UDCIrhb25k) AND NOT timeout_F0NjtnYfp3) or (PERFORMER AND NOT ((db_sql_output_rblwYnCfAe OR db_sql_output_SfAxs1L1S9 OR database_insert_check_UDCIrhb25k) OR timeout_F0NjtnYfp3))</formula>
            </scoring_formula>
            <output_checks>
                <simple_check check_type="SPECIAL" encoding="STRING" name="timeout_F0NjtnYfp3" type="USE_TEXT">DOES_NOT_RETURN</simple_check>
                <simple_check check_type="SPECIAL" encoding="STRING" name="controlled_exit_O0TWoA6Ll5" type="USE_TEXT">CONTROLLED_EXIT</simple_check>
                <simple_check check_type="SPECIAL" encoding="STRING" name="continued_execution_NvRsTSXr4Z" type="USE_TEXT">CONTINUED_EXECUTION</simple_check>
                <compare_check check_type="CONTAINS" name="db_sql_output_rblwYnCfAe">
                    <actual encoding="STRING" output_type="FILE_CONTENTS">../logfile.txt</actual>
                    <expected encoding="STRING" type="USE_TEXT">Number of Rows Affected: 2</expected>
                </compare_check>
                <compare_check check_type="CONTAINS" name="db_sql_output_SfAxs1L1S9">
                    <actual encoding="STRING" output_type="FILE_CONTENTS">../logfile.txt</actual>
                    <expected encoding="STRING" type="USE_TEXT">Number of Rows Affected: 4</expected>
                </compare_check>
                <simple_check check_type="SCRIPT" encoding="STRING" name="database_insert_check_UDCIrhb25k" type="USE_TEXT">if `mysql -u $DBMYSQLUSER --password=$DBMYSQLPASSWORD -h $DBMYSQLHOST -D $SS_DBMYSQLDATABASE -e &quot;select * from Shippers;&quot; | grep -q &quot;BadShipper2\|ShipAttack&quot;`; then true; else false; fi;</simple_check>
                <compare_check check_type="CONTAINS" name="weakness_started_aeetKyaPUUI62AsYLONF">
                    <actual encoding="STRING" input_id_ref="lttng_output_Bv3C96BOnWFuUdrp4uQH" output_type="STANDARD_OUT">None</actual>
                    <expected encoding="STRING" type="USE_TEXT">stonesoup_trace:weakness_start</expected>
                </compare_check>
            </output_checks>
        </iopair>
        <iopair name="C-C089C-SUBV-01-ST01-DT04-DF16-CF02-01-BAD-02" reset_scheme="NONE" timeout="300" type="BAD">
            <description>Good inputs: 1) name of shipper for use in Sql databaseBad inputs:SQL argument injection 

</description>
            <technical_impact>EXECUTE_UNAUTHORIZED_CODE</technical_impact>
            <pre_processes scheme="SEQUENCE">
                <process>
                    <script background="false" encoding="STRING" type="USE_TEXT">printf 'env LEGITIM_SLUDDERY;\nenv SS_DBMYSQLDATABASE;\n' | tee nginx_conf_env.txt</script>
                </process>
                <process delay_after="0" delay_before="0">
                    <script background="false" encoding="STRING" type="USE_TEXT">rm -rf $SS_TC_ROOT/testData/run &amp;&amp; mkdir $SS_TC_ROOT/testData/run</script>
                </process>
                <process delay_after="0" delay_before="0">
                    <script background="false" encoding="STRING" type="USE_TEXT">tar -zxvf $SS_TC_ROOT/testData/good-05/allura.tar.gz --strip-components=1 -C $SS_TC_ROOT/testData/run/</script>
                </process>
                <process>
                    <environment_variable encoding="STRING" key="LEGITIM_SLUDDERY" type="USE_TEXT">ShippersRUs'), ('20','BadShips'), ('65','ShipAttack'), ('45', 'MultiShip</environment_variable>
                </process>
                <process>
                    <database database_name="northwind_izgdkzrfufxrqbuf" database_type="MYSQL" encoding="STRING" server="ss-db-mysql" type="USE_FILE_CONTENTS">/opt/stonesoup/workspace/scripts/northwind_create_northwind_izgdkzrfufxrqbuf.sql</database>
                </process>
                <process>
                    <environment_variable encoding="STRING" key="SS_DBMYSQLDATABASE" type="USE_TEXT">northwind_izgdkzrfufxrqbuf</environment_variable>
                </process>
                <process>
                    <script background="false" encoding="STRING" type="USE_TEXT">mkdir $SS_TC_ROOT/logs/execute/lttng</script>
                </process>
                <process>
                    <environment_variable encoding="STRING" key="LTTNG_HOME" type="USE_TEXT">$SS_TC_ROOT/logs/execute/lttng</environment_variable>
                </process>
                <process>
                    <environment_variable encoding="STRING" key="SS_RUN_COMMAND_LD_PRELOAD" type="USE_TEXT">$SS_TC_DEPS/lib64/liblttng-stonesoup-c.so:$SS_TC_DEPS/lib64/liblttng-ust-fork.so</environment_variable>
                </process>
                <process>
                    <script background="false" encoding="STRING" type="USE_TEXT">mkdir -p $SS_TC_DEPS/var/run/lttng</script>
                </process>
                <process>
                    <script background="false" encoding="STRING" type="USE_TEXT">$SS_TC_DEPS/bin/lttng create &amp;&amp; $SS_TC_DEPS/bin/lttng enable-event -u -a &amp;&amp; $SS_TC_DEPS/bin/lttng start</script>
                </process>
                <process>
                    <script background="false" encoding="STRING" type="USE_TEXT">rm -rf $SS_TC_ROOT/lockDir</script>
                </process>
                <process>
                    <script background="false" encoding="STRING" type="USE_TEXT">sleep 2 &amp;&amp; printf &quot;Sleeping to allow DB to be created.&quot;</script>
                </process>
            </pre_processes>
            <run_command encoding="STRING" preprend_runcommand="true" type="USE_TEXT">$SS_TC_ROOT/$SS_TC_INSTALL/bin/svn move 404.html js/</run_command>
            <post_processes scheme="SEQUENCE">
                <process>
                    <database database_name="northwind_izgdkzrfufxrqbuf" database_type="MYSQL" encoding="STRING" server="ss-db-mysql" type="USE_TEXT">DROP DATABASE IF EXISTS $SS_DBMYSQLDATABASE;</database>
                </process>
                <process>
                    <script background="false" encoding="STRING" input_id="lttng_output_6TDMQkoKFIpESlMubXXb" type="USE_TEXT">$SS_TC_DEPS/bin/lttng stop &amp;&amp; $SS_TC_DEPS/bin/lttng view &amp;&amp; $SS_TC_DEPS/bin/lttng destroy</script>
                </process>
            </post_processes>
            <scoring_formula default="db_sql_formula_ZWAzYxihJ8">
                <formula name="db_sql_formula_ZWAzYxihJ8">weakness_started_dMJKjaJOoSC4xWjSfWc7 AND ((NOT PERFORMER AND (db_sql_output_Q5cJeiM7ip OR db_sql_output_F0D60LHIuL OR database_insert_check_B4o5P5hCmz) AND NOT timeout_Bu7U1B4zps) or (PERFORMER AND NOT ((db_sql_output_Q5cJeiM7ip OR db_sql_output_F0D60LHIuL OR database_insert_check_B4o5P5hCmz) OR timeout_Bu7U1B4zps)))</formula>
                <formula name="no_weakness_started_formula_ZDEOKAD268">(NOT PERFORMER AND (db_sql_output_Q5cJeiM7ip OR db_sql_output_F0D60LHIuL OR database_insert_check_B4o5P5hCmz) AND NOT timeout_Bu7U1B4zps) or (PERFORMER AND NOT ((db_sql_output_Q5cJeiM7ip OR db_sql_output_F0D60LHIuL OR database_insert_check_B4o5P5hCmz) OR timeout_Bu7U1B4zps))</formula>
            </scoring_formula>
            <output_checks>
                <simple_check check_type="SPECIAL" encoding="STRING" name="timeout_Bu7U1B4zps" type="USE_TEXT">DOES_NOT_RETURN</simple_check>
                <simple_check check_type="SPECIAL" encoding="STRING" name="controlled_exit_S3t87CRRtK" type="USE_TEXT">CONTROLLED_EXIT</simple_check>
                <simple_check check_type="SPECIAL" encoding="STRING" name="continued_execution_dSzl0HVKSH" type="USE_TEXT">CONTINUED_EXECUTION</simple_check>
                <compare_check check_type="CONTAINS" name="db_sql_output_Q5cJeiM7ip">
                    <actual encoding="STRING" output_type="FILE_CONTENTS">../logfile.txt</actual>
                    <expected encoding="STRING" type="USE_TEXT">Number of Rows Affected: 2</expected>
                </compare_check>
                <compare_check check_type="CONTAINS" name="db_sql_output_F0D60LHIuL">
                    <actual encoding="STRING" output_type="FILE_CONTENTS">../logfile.txt</actual>
                    <expected encoding="STRING" type="USE_TEXT">Number of Rows Affected: 4</expected>
                </compare_check>
                <simple_check check_type="SCRIPT" encoding="STRING" name="database_insert_check_B4o5P5hCmz" type="USE_TEXT">if `mysql -u $DBMYSQLUSER --password=$DBMYSQLPASSWORD -h $DBMYSQLHOST -D $SS_DBMYSQLDATABASE -e &quot;select * from Shippers;&quot; | grep -q &quot;BadShipper2\|ShipAttack&quot;`; then true; else false; fi;</simple_check>
                <compare_check check_type="CONTAINS" name="weakness_started_dMJKjaJOoSC4xWjSfWc7">
                    <actual encoding="STRING" input_id_ref="lttng_output_6TDMQkoKFIpESlMubXXb" output_type="STANDARD_OUT">None</actual>
                    <expected encoding="STRING" type="USE_TEXT">stonesoup_trace:weakness_start</expected>
                </compare_check>
            </output_checks>
        </iopair>
    </iopairs>
</project>
