<?xml version="1.0" encoding="utf-8"?>
<project base_program="J-POIX" language="C" name="J-C400A-POIX-05-ST01-DT03-DF05-CF17-01" targeted_architecture="ANY" targeted_os="LINUX" test_case_type="ALL" xmlns="urn:stonesoup:project">
    <description>This test takes in an integer n. The integer represents the number of buffers to allocate.  For a large n an OutOfMemoryError will be generated.  This error is caught and the program will continually try to request memory
</description>
    <additional_information>
        <keyvalue key="JAVA_MAIN">org.apache.poi.hwpf.converter.WordToHtmlConverter:org.apache.poi.hslf.extractor.QuickButCruddyTextExtractor:org.apache.poi.hpbf.extractor.PublisherTextExtractor:org.apache.poi.hwpf.extractor.WordExtractor:org.apache.poi.hssf.converter.ExcelToHtmlConverter:org.apache.poi.hpsf.examples.ReadTitle:org.apache.poi.hssf.extractor.ExcelExtractorPassworded:org.apache.poi.hdgf.extractor.VisioTextExtractor:org.apache.poi.hssf.extractor.ExcelExtractor:org.apache.poi.ss.examples.ToCSV</keyvalue>
        <keyvalue key="JAVA_CLASSPATH">$SS_TC_DEPS/java/poi/*:$SS_TC_ROOT/$SS_TC_INSTALL:$SS_TC_DEPS/java/stonesoup/lttng/lttng-stonesoup-0.1.jar</keyvalue>
        <keyvalue key="algorithmic_variant_name">UNSPECIFIED</keyvalue>
        <keyvalue key="root_cause">UNSPECIFIED</keyvalue>
    </additional_information>
    <structure install="install" iodata="testData" scoredata="testOutput" scripts="scripts" source="src"/>
    <run_command>java $SS_JAVA_OPTS -Djava.library.path=$SS_TC_DEPS/lib64/ -cp &quot;$SS_JAVA_CLASSPATH&quot;</run_command>
    <weakness generation_method="FAULT_INJECTED">
        <variant cwe="CWE-400" name="CWE-400-A">
            <crossover_point file_name="/tmp/tmp2F0AeB_ss_testcase/src/src/java/org/apache/poi/poifs/property/Property.java" line_number="0">
                <method name="setPropertyType"/>
            </crossover_point>
        </variant>
        <features>
            <taint_source file_name="/tmp/tmp2F0AeB_ss_testcase/src/src/java/org/apache/poi/poifs/property/Property.java" line_number="0" type="ENVIRONMENT_VARIABLE">
                <method name="setPropertyType"/>
            </taint_source>
            <data_type file_name="/tmp/tmp2F0AeB_ss_testcase/src/src/java/org/apache/poi/poifs/property/Property.java" line_number="0" type="VOID_POINTER">
                <method name="setPropertyType"/>
            </data_type>
            <data_flow file_name="/tmp/tmp2F0AeB_ss_testcase/src/src/java/org/apache/poi/poifs/property/Property.java" line_number="0" type="ADDRESS_AS_CONSTANT">
                <method name="setPropertyType"/>
            </data_flow>
            <control_flow file_name="/tmp/tmp2F0AeB_ss_testcase/src/src/java/org/apache/poi/poifs/property/Property.java" line_number="0" type="INTERRUPT_CONTINUE">
                <method name="setPropertyType"/>
            </control_flow>
        </features>
    </weakness>
    <build_commands>
        <command>env ANT_HOME=$SS_TC_DEPS/ant ant $SS_ANT_OPTS -Dstonesoup.database.postgres.required=no -Dstonesoup.hibernate.postgres.required=no -Dstonesoup.hibernate.mysql.required=no -Dstonesoup.database.mysql.required=no -Dstonesoup.socket.required=no -lib $SS_TC_DEPS/java/stonesoup/lttng/lttng-stonesoup-0.1.jar -Dmaven.repo.local=&quot;$SS_TC_DEPS/java/poi&quot; -Dstonesoup.socket.lib.dir=&quot;$SS_TC_DEPS/java/stonesoup/socket&quot; -Dstonesoup.hibernate.mysql.lib.dir=&quot;$SS_TC_DEPS/java/stonesoup/hibernate/mysql&quot; -Dstonesoup.hibernate.postgres.lib.dir=&quot;$SS_TC_DEPS/java/stonesoup/hibernate/postgres&quot; -Dstonesoup.database.mysql.lib.dir=&quot;$SS_TC_DEPS/java/stonesoup/database/mysql&quot; -Dstonesoup.database.postgres.lib.dir=&quot;$SS_TC_DEPS/java/stonesoup/database/postgres&quot; -Dmain.output.dir=$SS_TC_ROOT/$SS_TC_INSTALL -Dscratchpad.output.dir=$SS_TC_ROOT/$SS_TC_INSTALL -Dooxml.output.dir=$SS_TC_ROOT/$SS_TC_INSTALL -Dexcelant.output.dir=$SS_TC_ROOT/$SS_TC_INSTALL -Ddisconnected=true -Dmain.lib=&quot;$SS_TC_DEPS/java/poi/&quot; -Dooxml.lib=&quot;$SS_TC_DEPS/java/poi&quot; -DDSTAMP=CURRENT -Dstonesoup.lttng.lib.dir=&quot;$SS_TC_DEPS/java/stonesoup/lttng&quot; -Dstonesoup.lttng.dummy.lib.dir=&quot;$SS_TC_DEPS/java/stonesoup/lttng-dummy&quot; jar</command>
        <command>cp -r $SS_TC_ROOT/src/build/examples-classes/org/apache/poi/* $SS_TC_ROOT/$SS_TC_INSTALL/org/apache/poi</command>
    </build_commands>
    <iopairs>
        <iopair name="J-C400A-POIX-05-ST01-DT03-DF05-CF17-01-GOOD-01" reset_scheme="NONE" timeout="300" type="GOOD">
            <description>convert a .doc to HTML
Environment variable defining size value.
</description>
            <technical_impact>NONE</technical_impact>
            <pre_processes scheme="SEQUENCE">
                <process>
                    <script background="false" encoding="STRING" type="USE_TEXT">printf 'env UNCREATURELY_TUZA;\n' | tee nginx_conf_env.txt</script>
                </process>
                <process>
                    <environment_variable encoding="STRING" key="UNCREATURELY_TUZA" type="USE_TEXT">10</environment_variable>
                </process>
                <process>
                    <script background="false" encoding="STRING" type="USE_TEXT">mkdir $SS_TC_ROOT/logs/execute/lttng</script>
                </process>
                <process>
                    <environment_variable encoding="STRING" key="LTTNG_HOME" type="USE_TEXT">$SS_TC_ROOT/logs/execute/lttng</environment_variable>
                </process>
                <process>
                    <environment_variable encoding="STRING" key="SS_RUN_COMMAND_LD_PRELOAD" type="USE_TEXT">$SS_TC_DEPS/lib64/liblttng-stonesoup-java.so:$SS_TC_DEPS/lib64/liblttng-ust-fork.so</environment_variable>
                </process>
                <process>
                    <script background="false" encoding="STRING" type="USE_TEXT">mkdir -p $SS_TC_DEPS/var/run/lttng</script>
                </process>
                <process>
                    <script background="false" encoding="STRING" type="USE_TEXT">$SS_TC_DEPS/bin/lttng create &amp;&amp; $SS_TC_DEPS/bin/lttng enable-event -u -a &amp;&amp; $SS_TC_DEPS/bin/lttng start</script>
                </process>
                <process>
                    <script background="false" encoding="STRING" type="USE_TEXT">rm -rf $SS_TC_ROOT/lockDir</script>
                </process>
            </pre_processes>
            <run_command encoding="STRING" preprend_runcommand="true" type="USE_TEXT">org.apache.poi.hwpf.converter.WordToHtmlConverter $SS_TC_ROOT/testData/good-01/ss-word.doc $SS_TC_ROOT/testData/good-01/ss-word.html</run_command>
            <post_processes scheme="SEQUENCE">
                <process>
                    <script background="false" encoding="STRING" input_id="lttng_output_55L5O7HE6T" type="USE_TEXT">$SS_TC_DEPS/bin/lttng stop &amp;&amp; $SS_TC_DEPS/bin/lttng view &amp;&amp; $SS_TC_DEPS/bin/lttng destroy</script>
                </process>
            </post_processes>
            <scoring_formula default="GOOD-01-Default">
                <formula name="GOOD-01-Default">GOOD-01-FILE</formula>
            </scoring_formula>
            <output_checks>
                <compare_check check_type="CONTAINS" name="GOOD-01-FILE">
                    <actual output_type="FILE_CONTENTS">good-01/ss-word.html</actual>
                    <expected encoding="STRING" type="USE_FILE_CONTENTS">good-01/ss-word.html</expected>
                </compare_check>
            </output_checks>
        </iopair>
        <iopair name="J-C400A-POIX-05-ST01-DT03-DF05-CF17-01-GOOD-02" reset_scheme="NONE" timeout="300" type="GOOD">
            <description>extract a PPT file
Environment variable defining size value.
</description>
            <technical_impact>NONE</technical_impact>
            <pre_processes scheme="SEQUENCE">
                <process>
                    <script background="false" encoding="STRING" type="USE_TEXT">printf 'env UNCREATURELY_TUZA;\n' | tee nginx_conf_env.txt</script>
                </process>
                <process>
                    <environment_variable encoding="STRING" key="UNCREATURELY_TUZA" type="USE_TEXT">42</environment_variable>
                </process>
                <process>
                    <script background="false" encoding="STRING" type="USE_TEXT">mkdir $SS_TC_ROOT/logs/execute/lttng</script>
                </process>
                <process>
                    <environment_variable encoding="STRING" key="LTTNG_HOME" type="USE_TEXT">$SS_TC_ROOT/logs/execute/lttng</environment_variable>
                </process>
                <process>
                    <environment_variable encoding="STRING" key="SS_RUN_COMMAND_LD_PRELOAD" type="USE_TEXT">$SS_TC_DEPS/lib64/liblttng-stonesoup-java.so:$SS_TC_DEPS/lib64/liblttng-ust-fork.so</environment_variable>
                </process>
                <process>
                    <script background="false" encoding="STRING" type="USE_TEXT">mkdir -p $SS_TC_DEPS/var/run/lttng</script>
                </process>
                <process>
                    <script background="false" encoding="STRING" type="USE_TEXT">$SS_TC_DEPS/bin/lttng create &amp;&amp; $SS_TC_DEPS/bin/lttng enable-event -u -a &amp;&amp; $SS_TC_DEPS/bin/lttng start</script>
                </process>
                <process>
                    <script background="false" encoding="STRING" type="USE_TEXT">rm -rf $SS_TC_ROOT/lockDir</script>
                </process>
            </pre_processes>
            <run_command encoding="STRING" preprend_runcommand="true" type="USE_TEXT">org.apache.poi.hslf.extractor.QuickButCruddyTextExtractor $SS_TC_ROOT/testData/good-02/examplePPT.ppt</run_command>
            <post_processes scheme="SEQUENCE">
                <process>
                    <script background="false" encoding="STRING" input_id="lttng_output_IFTd84eXHZ" type="USE_TEXT">$SS_TC_DEPS/bin/lttng stop &amp;&amp; $SS_TC_DEPS/bin/lttng view &amp;&amp; $SS_TC_DEPS/bin/lttng destroy</script>
                </process>
            </post_processes>
            <scoring_formula default="GOOD-02-Default">
                <formula name="GOOD-02-Default">GOOD-02-STDOUT</formula>
            </scoring_formula>
            <output_checks>
                <compare_check check_type="CONTAINS" name="GOOD-02-STDOUT">
                    <actual output_type="STANDARD_OUT"></actual>
                    <expected encoding="STRING" type="USE_FILE_CONTENTS">good-02/output.txt</expected>
                </compare_check>
            </output_checks>
        </iopair>
        <iopair name="J-C400A-POIX-05-ST01-DT03-DF05-CF17-01-GOOD-03" reset_scheme="NONE" timeout="300" type="GOOD">
            <description>extract a .pub (Publisher) file
Environment variable defining size value.
</description>
            <technical_impact>NONE</technical_impact>
            <pre_processes scheme="SEQUENCE">
                <process>
                    <script background="false" encoding="STRING" type="USE_TEXT">printf 'env UNCREATURELY_TUZA;\n' | tee nginx_conf_env.txt</script>
                </process>
                <process>
                    <environment_variable encoding="STRING" key="UNCREATURELY_TUZA" type="USE_TEXT">37</environment_variable>
                </process>
                <process>
                    <script background="false" encoding="STRING" type="USE_TEXT">mkdir $SS_TC_ROOT/logs/execute/lttng</script>
                </process>
                <process>
                    <environment_variable encoding="STRING" key="LTTNG_HOME" type="USE_TEXT">$SS_TC_ROOT/logs/execute/lttng</environment_variable>
                </process>
                <process>
                    <environment_variable encoding="STRING" key="SS_RUN_COMMAND_LD_PRELOAD" type="USE_TEXT">$SS_TC_DEPS/lib64/liblttng-stonesoup-java.so:$SS_TC_DEPS/lib64/liblttng-ust-fork.so</environment_variable>
                </process>
                <process>
                    <script background="false" encoding="STRING" type="USE_TEXT">mkdir -p $SS_TC_DEPS/var/run/lttng</script>
                </process>
                <process>
                    <script background="false" encoding="STRING" type="USE_TEXT">$SS_TC_DEPS/bin/lttng create &amp;&amp; $SS_TC_DEPS/bin/lttng enable-event -u -a &amp;&amp; $SS_TC_DEPS/bin/lttng start</script>
                </process>
                <process>
                    <script background="false" encoding="STRING" type="USE_TEXT">rm -rf $SS_TC_ROOT/lockDir</script>
                </process>
            </pre_processes>
            <run_command encoding="STRING" preprend_runcommand="true" type="USE_TEXT">org.apache.poi.hpbf.extractor.PublisherTextExtractor $SS_TC_ROOT/testData/good-03/ss-pub.pub </run_command>
            <post_processes scheme="SEQUENCE">
                <process>
                    <script background="false" encoding="STRING" input_id="lttng_output_cv83qrsUgB" type="USE_TEXT">$SS_TC_DEPS/bin/lttng stop &amp;&amp; $SS_TC_DEPS/bin/lttng view &amp;&amp; $SS_TC_DEPS/bin/lttng destroy</script>
                </process>
            </post_processes>
            <scoring_formula default="GOOD-03-Default">
                <formula name="GOOD-03-Default">GOOD-03-STDOUT</formula>
            </scoring_formula>
            <output_checks>
                <compare_check check_type="CONTAINS" name="GOOD-03-STDOUT">
                    <actual output_type="STANDARD_OUT"></actual>
                    <expected encoding="STRING" type="USE_FILE_CONTENTS">good-03/output.txt</expected>
                </compare_check>
            </output_checks>
        </iopair>
        <iopair name="J-C400A-POIX-05-ST01-DT03-DF05-CF17-01-GOOD-04" reset_scheme="NONE" timeout="300" type="GOOD">
            <description>extract a .doc file
Environment variable defining size value.
</description>
            <technical_impact>NONE</technical_impact>
            <pre_processes scheme="SEQUENCE">
                <process>
                    <script background="false" encoding="STRING" type="USE_TEXT">printf 'env UNCREATURELY_TUZA;\n' | tee nginx_conf_env.txt</script>
                </process>
                <process>
                    <environment_variable encoding="STRING" key="UNCREATURELY_TUZA" type="USE_TEXT">10</environment_variable>
                </process>
                <process>
                    <script background="false" encoding="STRING" type="USE_TEXT">mkdir $SS_TC_ROOT/logs/execute/lttng</script>
                </process>
                <process>
                    <environment_variable encoding="STRING" key="LTTNG_HOME" type="USE_TEXT">$SS_TC_ROOT/logs/execute/lttng</environment_variable>
                </process>
                <process>
                    <environment_variable encoding="STRING" key="SS_RUN_COMMAND_LD_PRELOAD" type="USE_TEXT">$SS_TC_DEPS/lib64/liblttng-stonesoup-java.so:$SS_TC_DEPS/lib64/liblttng-ust-fork.so</environment_variable>
                </process>
                <process>
                    <script background="false" encoding="STRING" type="USE_TEXT">mkdir -p $SS_TC_DEPS/var/run/lttng</script>
                </process>
                <process>
                    <script background="false" encoding="STRING" type="USE_TEXT">$SS_TC_DEPS/bin/lttng create &amp;&amp; $SS_TC_DEPS/bin/lttng enable-event -u -a &amp;&amp; $SS_TC_DEPS/bin/lttng start</script>
                </process>
                <process>
                    <script background="false" encoding="STRING" type="USE_TEXT">rm -rf $SS_TC_ROOT/lockDir</script>
                </process>
            </pre_processes>
            <run_command encoding="STRING" preprend_runcommand="true" type="USE_TEXT">org.apache.poi.hwpf.extractor.WordExtractor $SS_TC_ROOT/testData/good-04/ss-word.doc</run_command>
            <post_processes scheme="SEQUENCE">
                <process>
                    <script background="false" encoding="STRING" input_id="lttng_output_fKocNZeK35" type="USE_TEXT">$SS_TC_DEPS/bin/lttng stop &amp;&amp; $SS_TC_DEPS/bin/lttng view &amp;&amp; $SS_TC_DEPS/bin/lttng destroy</script>
                </process>
            </post_processes>
            <scoring_formula default="GOOD-04-Default">
                <formula name="GOOD-04-Default">GOOD-04-STDOUT</formula>
            </scoring_formula>
            <output_checks>
                <compare_check check_type="CONTAINS" name="GOOD-04-STDOUT">
                    <actual output_type="STANDARD_OUT"></actual>
                    <expected encoding="STRING" type="USE_FILE_CONTENTS">good-04/output.txt</expected>
                </compare_check>
            </output_checks>
        </iopair>
        <iopair name="J-C400A-POIX-05-ST01-DT03-DF05-CF17-01-GOOD-05" reset_scheme="NONE" timeout="300" type="GOOD">
            <description>convert .xls file to html
Environment variable defining size value.
</description>
            <technical_impact>NONE</technical_impact>
            <pre_processes scheme="SEQUENCE">
                <process>
                    <script background="false" encoding="STRING" type="USE_TEXT">printf 'env UNCREATURELY_TUZA;\n' | tee nginx_conf_env.txt</script>
                </process>
                <process>
                    <environment_variable encoding="STRING" key="UNCREATURELY_TUZA" type="USE_TEXT">42</environment_variable>
                </process>
                <process>
                    <script background="false" encoding="STRING" type="USE_TEXT">mkdir $SS_TC_ROOT/logs/execute/lttng</script>
                </process>
                <process>
                    <environment_variable encoding="STRING" key="LTTNG_HOME" type="USE_TEXT">$SS_TC_ROOT/logs/execute/lttng</environment_variable>
                </process>
                <process>
                    <environment_variable encoding="STRING" key="SS_RUN_COMMAND_LD_PRELOAD" type="USE_TEXT">$SS_TC_DEPS/lib64/liblttng-stonesoup-java.so:$SS_TC_DEPS/lib64/liblttng-ust-fork.so</environment_variable>
                </process>
                <process>
                    <script background="false" encoding="STRING" type="USE_TEXT">mkdir -p $SS_TC_DEPS/var/run/lttng</script>
                </process>
                <process>
                    <script background="false" encoding="STRING" type="USE_TEXT">$SS_TC_DEPS/bin/lttng create &amp;&amp; $SS_TC_DEPS/bin/lttng enable-event -u -a &amp;&amp; $SS_TC_DEPS/bin/lttng start</script>
                </process>
                <process>
                    <script background="false" encoding="STRING" type="USE_TEXT">rm -rf $SS_TC_ROOT/lockDir</script>
                </process>
            </pre_processes>
            <run_command encoding="STRING" preprend_runcommand="true" type="USE_TEXT">org.apache.poi.hssf.converter.ExcelToHtmlConverter $SS_TC_ROOT/testData/good-05/ss-excel.xls $SS_TC_ROOT/testData/good-05/ss-excel.html</run_command>
            <post_processes scheme="SEQUENCE">
                <process>
                    <script background="false" encoding="STRING" input_id="lttng_output_zUkW0a3DVG" type="USE_TEXT">$SS_TC_DEPS/bin/lttng stop &amp;&amp; $SS_TC_DEPS/bin/lttng view &amp;&amp; $SS_TC_DEPS/bin/lttng destroy</script>
                </process>
            </post_processes>
            <scoring_formula default="GOOD-05-Default">
                <formula name="GOOD-05-Default">GOOD-05-STDOUT AND GOOD-05-FILE</formula>
            </scoring_formula>
            <output_checks>
                <compare_check check_type="CONTAINS" name="GOOD-05-STDOUT">
                    <actual output_type="STANDARD_OUT"></actual>
                    <expected encoding="STRING" type="USE_FILE_CONTENTS">good-05/output.txt</expected>
                </compare_check>
                <compare_check check_type="CONTAINS" name="GOOD-05-FILE">
                    <actual output_type="FILE_CONTENTS">good-05/ss-excel.html</actual>
                    <expected encoding="STRING" type="USE_FILE_CONTENTS">good-05/ss-excel.html</expected>
                </compare_check>
            </output_checks>
        </iopair>
        <iopair name="J-C400A-POIX-05-ST01-DT03-DF05-CF17-01-GOOD-06" reset_scheme="NONE" timeout="300" type="GOOD">
            <description>read title metadata from .xls file
Environment variable defining size value.
</description>
            <technical_impact>NONE</technical_impact>
            <pre_processes scheme="SEQUENCE">
                <process>
                    <script background="false" encoding="STRING" type="USE_TEXT">printf 'env UNCREATURELY_TUZA;\n' | tee nginx_conf_env.txt</script>
                </process>
                <process>
                    <environment_variable encoding="STRING" key="UNCREATURELY_TUZA" type="USE_TEXT">37</environment_variable>
                </process>
                <process>
                    <script background="false" encoding="STRING" type="USE_TEXT">mkdir $SS_TC_ROOT/logs/execute/lttng</script>
                </process>
                <process>
                    <environment_variable encoding="STRING" key="LTTNG_HOME" type="USE_TEXT">$SS_TC_ROOT/logs/execute/lttng</environment_variable>
                </process>
                <process>
                    <environment_variable encoding="STRING" key="SS_RUN_COMMAND_LD_PRELOAD" type="USE_TEXT">$SS_TC_DEPS/lib64/liblttng-stonesoup-java.so:$SS_TC_DEPS/lib64/liblttng-ust-fork.so</environment_variable>
                </process>
                <process>
                    <script background="false" encoding="STRING" type="USE_TEXT">mkdir -p $SS_TC_DEPS/var/run/lttng</script>
                </process>
                <process>
                    <script background="false" encoding="STRING" type="USE_TEXT">$SS_TC_DEPS/bin/lttng create &amp;&amp; $SS_TC_DEPS/bin/lttng enable-event -u -a &amp;&amp; $SS_TC_DEPS/bin/lttng start</script>
                </process>
                <process>
                    <script background="false" encoding="STRING" type="USE_TEXT">rm -rf $SS_TC_ROOT/lockDir</script>
                </process>
            </pre_processes>
            <run_command encoding="STRING" preprend_runcommand="true" type="USE_TEXT"> org.apache.poi.hpsf.examples.ReadTitle good-06/ss-excel.xls</run_command>
            <post_processes scheme="SEQUENCE">
                <process>
                    <script background="false" encoding="STRING" input_id="lttng_output_5qfeAZNyW7" type="USE_TEXT">$SS_TC_DEPS/bin/lttng stop &amp;&amp; $SS_TC_DEPS/bin/lttng view &amp;&amp; $SS_TC_DEPS/bin/lttng destroy</script>
                </process>
            </post_processes>
            <scoring_formula default="GOOD-06-Default">
                <formula name="GOOD-06-Default">GOOD-06-STDOUT</formula>
            </scoring_formula>
            <output_checks>
                <compare_check check_type="CONTAINS" name="GOOD-06-STDOUT">
                    <actual output_type="STANDARD_OUT"></actual>
                    <expected encoding="STRING" type="USE_FILE_CONTENTS">good-06/output.txt</expected>
                </compare_check>
            </output_checks>
        </iopair>
        <iopair name="J-C400A-POIX-05-ST01-DT03-DF05-CF17-01-GOOD-07" reset_scheme="NONE" timeout="300" type="GOOD">
            <description>extract a password-protected .xls file
Environment variable defining size value.
</description>
            <technical_impact>NONE</technical_impact>
            <pre_processes scheme="SEQUENCE">
                <process>
                    <script background="false" encoding="STRING" type="USE_TEXT">printf 'env UNCREATURELY_TUZA;\n' | tee nginx_conf_env.txt</script>
                </process>
                <process>
                    <environment_variable encoding="STRING" key="UNCREATURELY_TUZA" type="USE_TEXT">10</environment_variable>
                </process>
                <process>
                    <script background="false" encoding="STRING" type="USE_TEXT">mkdir $SS_TC_ROOT/logs/execute/lttng</script>
                </process>
                <process>
                    <environment_variable encoding="STRING" key="LTTNG_HOME" type="USE_TEXT">$SS_TC_ROOT/logs/execute/lttng</environment_variable>
                </process>
                <process>
                    <environment_variable encoding="STRING" key="SS_RUN_COMMAND_LD_PRELOAD" type="USE_TEXT">$SS_TC_DEPS/lib64/liblttng-stonesoup-java.so:$SS_TC_DEPS/lib64/liblttng-ust-fork.so</environment_variable>
                </process>
                <process>
                    <script background="false" encoding="STRING" type="USE_TEXT">mkdir -p $SS_TC_DEPS/var/run/lttng</script>
                </process>
                <process>
                    <script background="false" encoding="STRING" type="USE_TEXT">$SS_TC_DEPS/bin/lttng create &amp;&amp; $SS_TC_DEPS/bin/lttng enable-event -u -a &amp;&amp; $SS_TC_DEPS/bin/lttng start</script>
                </process>
                <process>
                    <script background="false" encoding="STRING" type="USE_TEXT">rm -rf $SS_TC_ROOT/lockDir</script>
                </process>
            </pre_processes>
            <run_command encoding="STRING" preprend_runcommand="true" type="USE_TEXT">org.apache.poi.hssf.extractor.ExcelExtractorPassworded -i good-07/ss-excel-passworded.xls</run_command>
            <post_processes scheme="SEQUENCE">
                <process>
                    <script background="false" encoding="STRING" input_id="lttng_output_z74FgKmS6i" type="USE_TEXT">$SS_TC_DEPS/bin/lttng stop &amp;&amp; $SS_TC_DEPS/bin/lttng view &amp;&amp; $SS_TC_DEPS/bin/lttng destroy</script>
                </process>
            </post_processes>
            <scoring_formula default="GOOD-07-Default">
                <formula name="GOOD-07-Default">GOOD-07-STDOUT</formula>
            </scoring_formula>
            <output_checks>
                <compare_check check_type="CONTAINS" name="GOOD-07-STDOUT">
                    <actual output_type="STANDARD_OUT"></actual>
                    <expected encoding="STRING" type="USE_FILE_CONTENTS">good-07/output.txt</expected>
                </compare_check>
            </output_checks>
        </iopair>
        <iopair name="J-C400A-POIX-05-ST01-DT03-DF05-CF17-01-GOOD-08" reset_scheme="NONE" timeout="300" type="GOOD">
            <description>extract text from a .vsd file (Visio)
Environment variable defining size value.
</description>
            <technical_impact>NONE</technical_impact>
            <pre_processes scheme="SEQUENCE">
                <process>
                    <script background="false" encoding="STRING" type="USE_TEXT">printf 'env UNCREATURELY_TUZA;\n' | tee nginx_conf_env.txt</script>
                </process>
                <process>
                    <environment_variable encoding="STRING" key="UNCREATURELY_TUZA" type="USE_TEXT">42</environment_variable>
                </process>
                <process>
                    <script background="false" encoding="STRING" type="USE_TEXT">mkdir $SS_TC_ROOT/logs/execute/lttng</script>
                </process>
                <process>
                    <environment_variable encoding="STRING" key="LTTNG_HOME" type="USE_TEXT">$SS_TC_ROOT/logs/execute/lttng</environment_variable>
                </process>
                <process>
                    <environment_variable encoding="STRING" key="SS_RUN_COMMAND_LD_PRELOAD" type="USE_TEXT">$SS_TC_DEPS/lib64/liblttng-stonesoup-java.so:$SS_TC_DEPS/lib64/liblttng-ust-fork.so</environment_variable>
                </process>
                <process>
                    <script background="false" encoding="STRING" type="USE_TEXT">mkdir -p $SS_TC_DEPS/var/run/lttng</script>
                </process>
                <process>
                    <script background="false" encoding="STRING" type="USE_TEXT">$SS_TC_DEPS/bin/lttng create &amp;&amp; $SS_TC_DEPS/bin/lttng enable-event -u -a &amp;&amp; $SS_TC_DEPS/bin/lttng start</script>
                </process>
                <process>
                    <script background="false" encoding="STRING" type="USE_TEXT">rm -rf $SS_TC_ROOT/lockDir</script>
                </process>
            </pre_processes>
            <run_command encoding="STRING" preprend_runcommand="true" type="USE_TEXT">org.apache.poi.hdgf.extractor.VisioTextExtractor good-08/BlkDia.vsd</run_command>
            <post_processes scheme="SEQUENCE">
                <process>
                    <script background="false" encoding="STRING" input_id="lttng_output_xw75c4anOj" type="USE_TEXT">$SS_TC_DEPS/bin/lttng stop &amp;&amp; $SS_TC_DEPS/bin/lttng view &amp;&amp; $SS_TC_DEPS/bin/lttng destroy</script>
                </process>
            </post_processes>
            <scoring_formula default="GOOD-08-Default">
                <formula name="GOOD-08-Default">GOOD-08-STDOUT</formula>
            </scoring_formula>
            <output_checks>
                <compare_check check_type="CONTAINS" name="GOOD-08-STDOUT">
                    <actual output_type="STANDARD_OUT"></actual>
                    <expected encoding="STRING" type="USE_FILE_CONTENTS">good-08/output.txt</expected>
                </compare_check>
            </output_checks>
        </iopair>
        <iopair name="J-C400A-POIX-05-ST01-DT03-DF05-CF17-01-GOOD-09" reset_scheme="NONE" timeout="300" type="GOOD">
            <description>extract a xls file
Environment variable defining size value.
</description>
            <technical_impact>NONE</technical_impact>
            <pre_processes scheme="SEQUENCE">
                <process>
                    <script background="false" encoding="STRING" type="USE_TEXT">printf 'env UNCREATURELY_TUZA;\n' | tee nginx_conf_env.txt</script>
                </process>
                <process>
                    <environment_variable encoding="STRING" key="UNCREATURELY_TUZA" type="USE_TEXT">37</environment_variable>
                </process>
                <process>
                    <script background="false" encoding="STRING" type="USE_TEXT">mkdir $SS_TC_ROOT/logs/execute/lttng</script>
                </process>
                <process>
                    <environment_variable encoding="STRING" key="LTTNG_HOME" type="USE_TEXT">$SS_TC_ROOT/logs/execute/lttng</environment_variable>
                </process>
                <process>
                    <environment_variable encoding="STRING" key="SS_RUN_COMMAND_LD_PRELOAD" type="USE_TEXT">$SS_TC_DEPS/lib64/liblttng-stonesoup-java.so:$SS_TC_DEPS/lib64/liblttng-ust-fork.so</environment_variable>
                </process>
                <process>
                    <script background="false" encoding="STRING" type="USE_TEXT">mkdir -p $SS_TC_DEPS/var/run/lttng</script>
                </process>
                <process>
                    <script background="false" encoding="STRING" type="USE_TEXT">$SS_TC_DEPS/bin/lttng create &amp;&amp; $SS_TC_DEPS/bin/lttng enable-event -u -a &amp;&amp; $SS_TC_DEPS/bin/lttng start</script>
                </process>
                <process>
                    <script background="false" encoding="STRING" type="USE_TEXT">rm -rf $SS_TC_ROOT/lockDir</script>
                </process>
            </pre_processes>
            <run_command encoding="STRING" preprend_runcommand="true" type="USE_TEXT">org.apache.poi.hssf.extractor.ExcelExtractor -i good-09/ss-excel.xls</run_command>
            <post_processes scheme="SEQUENCE">
                <process>
                    <script background="false" encoding="STRING" input_id="lttng_output_6C1QyCcUK2" type="USE_TEXT">$SS_TC_DEPS/bin/lttng stop &amp;&amp; $SS_TC_DEPS/bin/lttng view &amp;&amp; $SS_TC_DEPS/bin/lttng destroy</script>
                </process>
            </post_processes>
            <scoring_formula default="GOOD-09-Default">
                <formula name="GOOD-09-Default">GOOD-09-STDOUT</formula>
            </scoring_formula>
            <output_checks>
                <compare_check check_type="CONTAINS" name="GOOD-09-STDOUT">
                    <actual output_type="STANDARD_OUT"></actual>
                    <expected encoding="STRING" type="USE_FILE_CONTENTS">good-09/output.txt</expected>
                </compare_check>
            </output_checks>
        </iopair>
        <iopair name="J-C400A-POIX-05-ST01-DT03-DF05-CF17-01-GOOD-10" reset_scheme="NONE" timeout="300" type="GOOD">
            <description>extract a .xls file to csv
Environment variable defining size value.
</description>
            <technical_impact>NONE</technical_impact>
            <pre_processes scheme="SEQUENCE">
                <process>
                    <script background="false" encoding="STRING" type="USE_TEXT">printf 'env UNCREATURELY_TUZA;\n' | tee nginx_conf_env.txt</script>
                </process>
                <process>
                    <environment_variable encoding="STRING" key="UNCREATURELY_TUZA" type="USE_TEXT">10</environment_variable>
                </process>
                <process>
                    <script background="false" encoding="STRING" type="USE_TEXT">mkdir $SS_TC_ROOT/logs/execute/lttng</script>
                </process>
                <process>
                    <environment_variable encoding="STRING" key="LTTNG_HOME" type="USE_TEXT">$SS_TC_ROOT/logs/execute/lttng</environment_variable>
                </process>
                <process>
                    <environment_variable encoding="STRING" key="SS_RUN_COMMAND_LD_PRELOAD" type="USE_TEXT">$SS_TC_DEPS/lib64/liblttng-stonesoup-java.so:$SS_TC_DEPS/lib64/liblttng-ust-fork.so</environment_variable>
                </process>
                <process>
                    <script background="false" encoding="STRING" type="USE_TEXT">mkdir -p $SS_TC_DEPS/var/run/lttng</script>
                </process>
                <process>
                    <script background="false" encoding="STRING" type="USE_TEXT">$SS_TC_DEPS/bin/lttng create &amp;&amp; $SS_TC_DEPS/bin/lttng enable-event -u -a &amp;&amp; $SS_TC_DEPS/bin/lttng start</script>
                </process>
                <process>
                    <script background="false" encoding="STRING" type="USE_TEXT">rm -rf $SS_TC_ROOT/lockDir</script>
                </process>
            </pre_processes>
            <run_command encoding="STRING" preprend_runcommand="true" type="USE_TEXT">org.apache.poi.ss.examples.ToCSV good-10/ss-excel.xls good-10/</run_command>
            <post_processes scheme="SEQUENCE">
                <process>
                    <script background="false" encoding="STRING" input_id="lttng_output_pi5UHH28Ty" type="USE_TEXT">$SS_TC_DEPS/bin/lttng stop &amp;&amp; $SS_TC_DEPS/bin/lttng view &amp;&amp; $SS_TC_DEPS/bin/lttng destroy</script>
                </process>
            </post_processes>
            <scoring_formula default="GOOD-10-Default">
                <formula name="GOOD-10-Default">GOOD-10-FILE</formula>
            </scoring_formula>
            <output_checks>
                <compare_check check_type="CONTAINS" name="GOOD-10-FILE">
                    <actual output_type="FILE_CONTENTS">good-10/ss-excel.csv</actual>
                    <expected encoding="STRING" type="USE_FILE_CONTENTS">good-10/ss-excel.csv</expected>
                </compare_check>
            </output_checks>
        </iopair>
        <iopair name="J-C400A-POIX-05-ST01-DT03-DF05-CF17-01-BAD-01" reset_scheme="NONE" timeout="300" type="BAD">
            <description>Environment variable defining size value.
</description>
            <technical_impact>DOS_BLOCKING</technical_impact>
            <pre_processes scheme="SEQUENCE">
                <process>
                    <script background="false" encoding="STRING" type="USE_TEXT">printf 'env UNCREATURELY_TUZA;\n' | tee nginx_conf_env.txt</script>
                </process>
                <process>
                    <environment_variable encoding="STRING" key="UNCREATURELY_TUZA" type="USE_TEXT">8785856</environment_variable>
                </process>
                <process>
                    <script background="false" encoding="STRING" type="USE_TEXT">mkdir $SS_TC_ROOT/logs/execute/lttng</script>
                </process>
                <process>
                    <environment_variable encoding="STRING" key="LTTNG_HOME" type="USE_TEXT">$SS_TC_ROOT/logs/execute/lttng</environment_variable>
                </process>
                <process>
                    <environment_variable encoding="STRING" key="SS_RUN_COMMAND_LD_PRELOAD" type="USE_TEXT">$SS_TC_DEPS/lib64/liblttng-stonesoup-java.so:$SS_TC_DEPS/lib64/liblttng-ust-fork.so</environment_variable>
                </process>
                <process>
                    <script background="false" encoding="STRING" type="USE_TEXT">mkdir -p $SS_TC_DEPS/var/run/lttng</script>
                </process>
                <process>
                    <script background="false" encoding="STRING" type="USE_TEXT">$SS_TC_DEPS/bin/lttng create &amp;&amp; $SS_TC_DEPS/bin/lttng enable-event -u -a &amp;&amp; $SS_TC_DEPS/bin/lttng start</script>
                </process>
                <process>
                    <script background="false" encoding="STRING" type="USE_TEXT">rm -rf $SS_TC_ROOT/lockDir</script>
                </process>
            </pre_processes>
            <run_command encoding="STRING" preprend_runcommand="true" type="USE_TEXT">org.apache.poi.hpbf.extractor.PublisherTextExtractor $SS_TC_ROOT/testData/good-03/ss-pub.pub </run_command>
            <post_processes scheme="SEQUENCE">
                <process>
                    <script background="false" encoding="STRING" input_id="lttng_output_s4Db02B4Wz1pFcWgSlOn" type="USE_TEXT">$SS_TC_DEPS/bin/lttng stop &amp;&amp; $SS_TC_DEPS/bin/lttng view &amp;&amp; $SS_TC_DEPS/bin/lttng destroy</script>
                </process>
            </post_processes>
            <scoring_formula default="infinite_loop_formula_aJMDDZjDaz">
                <formula name="infinite_loop_formula_aJMDDZjDaz">weakness_started_MHt87qR6oiEntoa4PyIJ AND ((NOT PERFORMER AND (timeout_bGlnNZsdMx OR (NOT memory_alloc_HJWkwdkXhC))) or (PERFORMER AND NOT ((timeout_bGlnNZsdMx OR (NOT memory_alloc_HJWkwdkXhC)))))</formula>
                <formula name="no_weakness_started_formula_bu81ap1Co7">(NOT PERFORMER AND (timeout_bGlnNZsdMx OR (NOT memory_alloc_HJWkwdkXhC))) or (PERFORMER AND NOT ((timeout_bGlnNZsdMx OR (NOT memory_alloc_HJWkwdkXhC))))</formula>
            </scoring_formula>
            <output_checks>
                <simple_check check_type="SPECIAL" encoding="STRING" name="timeout_bGlnNZsdMx" type="USE_TEXT">DOES_NOT_RETURN</simple_check>
                <simple_check check_type="SPECIAL" encoding="STRING" name="controlled_exit_ujJiGncUft" type="USE_TEXT">CONTROLLED_EXIT</simple_check>
                <simple_check check_type="SPECIAL" encoding="STRING" name="continued_execution_TBmlAPdFS8" type="USE_TEXT">CONTINUED_EXECUTION</simple_check>
                <compare_check check_type="CONTAINS" name="memory_alloc_HJWkwdkXhC">
                    <actual encoding="STRING" output_type="FILE_CONTENTS">logfile.txt</actual>
                    <expected encoding="STRING" type="USE_TEXT">Allocated all the memory requested</expected>
                </compare_check>
                <compare_check check_type="CONTAINS" name="weakness_started_MHt87qR6oiEntoa4PyIJ">
                    <actual encoding="STRING" input_id_ref="lttng_output_s4Db02B4Wz1pFcWgSlOn" output_type="STANDARD_OUT">None</actual>
                    <expected encoding="STRING" type="USE_TEXT">stonesoup_trace:weakness_start</expected>
                </compare_check>
            </output_checks>
        </iopair>
        <iopair name="J-C400A-POIX-05-ST01-DT03-DF05-CF17-01-BAD-02" reset_scheme="NONE" timeout="300" type="BAD">
            <description>Environment variable defining size value.
</description>
            <technical_impact>DOS_BLOCKING</technical_impact>
            <pre_processes scheme="SEQUENCE">
                <process>
                    <script background="false" encoding="STRING" type="USE_TEXT">printf 'env UNCREATURELY_TUZA;\n' | tee nginx_conf_env.txt</script>
                </process>
                <process>
                    <environment_variable encoding="STRING" key="UNCREATURELY_TUZA" type="USE_TEXT">8785860</environment_variable>
                </process>
                <process>
                    <script background="false" encoding="STRING" type="USE_TEXT">mkdir $SS_TC_ROOT/logs/execute/lttng</script>
                </process>
                <process>
                    <environment_variable encoding="STRING" key="LTTNG_HOME" type="USE_TEXT">$SS_TC_ROOT/logs/execute/lttng</environment_variable>
                </process>
                <process>
                    <environment_variable encoding="STRING" key="SS_RUN_COMMAND_LD_PRELOAD" type="USE_TEXT">$SS_TC_DEPS/lib64/liblttng-stonesoup-java.so:$SS_TC_DEPS/lib64/liblttng-ust-fork.so</environment_variable>
                </process>
                <process>
                    <script background="false" encoding="STRING" type="USE_TEXT">mkdir -p $SS_TC_DEPS/var/run/lttng</script>
                </process>
                <process>
                    <script background="false" encoding="STRING" type="USE_TEXT">$SS_TC_DEPS/bin/lttng create &amp;&amp; $SS_TC_DEPS/bin/lttng enable-event -u -a &amp;&amp; $SS_TC_DEPS/bin/lttng start</script>
                </process>
                <process>
                    <script background="false" encoding="STRING" type="USE_TEXT">rm -rf $SS_TC_ROOT/lockDir</script>
                </process>
            </pre_processes>
            <run_command encoding="STRING" preprend_runcommand="true" type="USE_TEXT">org.apache.poi.hpbf.extractor.PublisherTextExtractor $SS_TC_ROOT/testData/good-03/ss-pub.pub </run_command>
            <post_processes scheme="SEQUENCE">
                <process>
                    <script background="false" encoding="STRING" input_id="lttng_output_JaQIPtrhNiDLfb1jI6YR" type="USE_TEXT">$SS_TC_DEPS/bin/lttng stop &amp;&amp; $SS_TC_DEPS/bin/lttng view &amp;&amp; $SS_TC_DEPS/bin/lttng destroy</script>
                </process>
            </post_processes>
            <scoring_formula default="infinite_loop_formula_fgs4l0XyNC">
                <formula name="infinite_loop_formula_fgs4l0XyNC">weakness_started_pMgCn6Fm8dywVbZHQYpI AND ((NOT PERFORMER AND (timeout_rHBJhBVnT6 OR (NOT memory_alloc_mwX0Wviaq2))) or (PERFORMER AND NOT ((timeout_rHBJhBVnT6 OR (NOT memory_alloc_mwX0Wviaq2)))))</formula>
                <formula name="no_weakness_started_formula_qAdSx5CMOJ">(NOT PERFORMER AND (timeout_rHBJhBVnT6 OR (NOT memory_alloc_mwX0Wviaq2))) or (PERFORMER AND NOT ((timeout_rHBJhBVnT6 OR (NOT memory_alloc_mwX0Wviaq2))))</formula>
            </scoring_formula>
            <output_checks>
                <simple_check check_type="SPECIAL" encoding="STRING" name="timeout_rHBJhBVnT6" type="USE_TEXT">DOES_NOT_RETURN</simple_check>
                <simple_check check_type="SPECIAL" encoding="STRING" name="controlled_exit_4HoiSg9nDH" type="USE_TEXT">CONTROLLED_EXIT</simple_check>
                <simple_check check_type="SPECIAL" encoding="STRING" name="continued_execution_vQlH59OS6z" type="USE_TEXT">CONTINUED_EXECUTION</simple_check>
                <compare_check check_type="CONTAINS" name="memory_alloc_mwX0Wviaq2">
                    <actual encoding="STRING" output_type="FILE_CONTENTS">logfile.txt</actual>
                    <expected encoding="STRING" type="USE_TEXT">Allocated all the memory requested</expected>
                </compare_check>
                <compare_check check_type="CONTAINS" name="weakness_started_pMgCn6Fm8dywVbZHQYpI">
                    <actual encoding="STRING" input_id_ref="lttng_output_JaQIPtrhNiDLfb1jI6YR" output_type="STANDARD_OUT">None</actual>
                    <expected encoding="STRING" type="USE_TEXT">stonesoup_trace:weakness_start</expected>
                </compare_check>
            </output_checks>
        </iopair>
    </iopairs>
</project>
