<?xml version="1.0" encoding="utf-8"?>
<project base_program="C-WIRE" language="C" name="C-C089B-WIRE-07-ST01-DT02-DF11-CF24-01" targeted_architecture="ANY" targeted_os="LINUX" test_case_type="ALL" xmlns="urn:stonesoup:project">
    <description>Creating test case using base program.
Added an environment variable read to the function definition.
Completed injection.
</description>
    <additional_information>
        <keyvalue key="algorithmic_variant_name">UNSPECIFIED</keyvalue>
        <keyvalue key="root_cause">UNSPECIFIED</keyvalue>
    </additional_information>
    <structure install="install" iodata="testData" scoredata="testOutput" scripts="scripts" source="src"/>
    <run_command>$SS_TC_ROOT/$SS_TC_INSTALL/bin/wireshark $SS_TC_ROOT/testData/input.pcap</run_command>
    <weakness generation_method="FAULT_INJECTED">
        <variant cwe="CWE-89" name="CWE-89-B"/>
        <features>
            <taint_source file_name="/epan/conversation.c" line_number="0" type="ENVIRONMENT_VARIABLE">
                <method name="conversation_hash_no_addr2_or_port2"/>
            </taint_source>
            <data_type file_name="/epan/conversation.c" line_number="0" type="SIMPLE">
                <method name="conversation_hash_no_addr2_or_port2"/>
            </data_type>
            <data_flow file_name="/epan/conversation.c" line_number="0" type="BASIC">
                <method name="conversation_hash_no_addr2_or_port2"/>
            </data_flow>
            <control_flow file_name="/epan/conversation.c" line_number="0" type="UNCONDITIONAL_JUMP">
                <method name="conversation_hash_no_addr2_or_port2"/>
            </control_flow>
        </features>
    </weakness>
    <build_commands cppflags="-DSTONESOUP_TRACE=1" libs="-lssl -lpq -ldl">
        <command>./configure --prefix=&quot;$SS_TC_ROOT/$SS_TC_INSTALL&quot; --enable-wireshark --with-gtk3=yes --without-lua --without-qt --with-gcrypt --with-gnutls --with-libsmi --with-pcap --with-zlib --without-portaudio --without-libcap --without-krb5 --with-cres --with-adns --with-geoip</command>
        <command>make V=1 CC=&quot;$SS_CC&quot;</command>
        <command>make install V=1</command>
    </build_commands>
    <iopairs>
        <iopair name="C-C089B-WIRE-07-ST01-DT02-DF11-CF24-01-GOOD-01" reset_scheme="NONE" timeout="120" type="GOOD">
            <description>Open saved .pcap file
Good inputs: 1) name of country for use in Sql databaseBad inputs:1) SQL argument injection 2) SQL command injection 

</description>
            <technical_impact>NONE</technical_impact>
            <pre_processes scheme="SEQUENCE">
                <process>
                    <script background="false" encoding="STRING" type="USE_TEXT">printf 'env SS_DBPGDATABASE;\nenv GANGMASTER_JUBLILATIONS;\n' | tee nginx_conf_env.txt</script>
                </process>
                <process delay_after="0" delay_before="0">
                    <script background="false" encoding="STRING" type="USE_TEXT">$SS_TC_ROOT/scripts/restart_dm.sh</script>
                </process>
                <process>
                    <environment_variable encoding="STRING" key="GANGMASTER_JUBLILATIONS" type="USE_TEXT">USA</environment_variable>
                </process>
                <process>
                    <database database_name="northwind_ldlulxrhlwceghhk" database_type="POSTGRESQL" encoding="STRING" server="ss-db-postgres" type="USE_FILE_CONTENTS">/opt/stonesoup/workspace/scripts/northwind_create_northwind_ldlulxrhlwceghhk.sql</database>
                </process>
                <process>
                    <environment_variable encoding="STRING" key="SS_DBPGDATABASE" type="USE_TEXT">northwind_ldlulxrhlwceghhk</environment_variable>
                </process>
                <process>
                    <script background="false" encoding="STRING" type="USE_TEXT">mkdir $SS_TC_ROOT/logs/execute/lttng</script>
                </process>
                <process>
                    <environment_variable encoding="STRING" key="LTTNG_HOME" type="USE_TEXT">$SS_TC_ROOT/logs/execute/lttng</environment_variable>
                </process>
                <process>
                    <environment_variable encoding="STRING" key="SS_RUN_COMMAND_LD_PRELOAD" type="USE_TEXT">$SS_TC_DEPS/lib64/liblttng-stonesoup-c.so:$SS_TC_DEPS/lib64/liblttng-ust-fork.so</environment_variable>
                </process>
                <process>
                    <script background="false" encoding="STRING" type="USE_TEXT">mkdir -p $SS_TC_DEPS/var/run/lttng</script>
                </process>
                <process>
                    <script background="false" encoding="STRING" type="USE_TEXT">$SS_TC_DEPS/bin/lttng create &amp;&amp; $SS_TC_DEPS/bin/lttng enable-event -u -a &amp;&amp; $SS_TC_DEPS/bin/lttng start</script>
                </process>
                <process>
                    <script background="false" encoding="STRING" type="USE_TEXT">rm -rf $SS_TC_ROOT/lockDir</script>
                </process>
                <process>
                    <script background="false" encoding="STRING" type="USE_TEXT">sleep 2 &amp;&amp; printf &quot;Sleeping to allow DB to be created.&quot;</script>
                </process>
            </pre_processes>
            <run_command encoding="STRING" preprend_runcommand="true" type="USE_TEXT"></run_command>
            <co_processes scheme="PARALLEL">
                <process_group scheme="SEQUENCE">
                    <process delay_after="0" delay_before="0">
                        <script background="false" encoding="STRING" input_id="SIKULI-GOOD-01" type="USE_TEXT">$SS_TC_DEPS/bin/run-sikuli.sh &quot;$SS_TC_ROOT/testData/good-01/WIRESHARK-GOOD-01.sikuli --args $SS_USER_DELAY&quot;
                    </script>
                    </process>
                </process_group>
                <process_group scheme="SEQUENCE"/>
            </co_processes>
            <post_processes scheme="SEQUENCE">
                <process>
                    <database database_name="northwind_ldlulxrhlwceghhk" database_type="POSTGRESQL" encoding="STRING" server="ss-db-postgres" type="USE_TEXT">DROP DATABASE IF EXISTS &quot;$SS_DBPGDATABASE;&quot;</database>
                </process>
                <process>
                    <script background="false" encoding="STRING" input_id="lttng_output_JURvF7qUW9" type="USE_TEXT">$SS_TC_DEPS/bin/lttng stop &amp;&amp; $SS_TC_DEPS/bin/lttng view &amp;&amp; $SS_TC_DEPS/bin/lttng destroy</script>
                </process>
            </post_processes>
            <scoring_formula default="GOOD-01-Default">
                <formula name="GOOD-01-Default">GOOD-01 AND NOT TIMEOUT AND NOT CONTROLLED_EXIT</formula>
            </scoring_formula>
            <output_checks>
                <compare_check check_type="CONTAINS" name="GOOD-01">
                    <actual encoding="STRING" input_id_ref="SIKULI-GOOD-01" output_type="STANDARD_OUT"></actual>
                    <expected encoding="STRING" type="USE_FILE_CONTENTS">good-01/output.txt</expected>
                </compare_check>
                <simple_check check_type="SPECIAL" encoding="STRING" name="TIMEOUT" type="USE_TEXT">DOES_NOT_RETURN</simple_check>
                <simple_check check_type="SPECIAL" encoding="STRING" name="CONTROLLED_EXIT" type="USE_TEXT">CONTROLLED_EXIT</simple_check>
            </output_checks>
        </iopair>
        <iopair name="C-C089B-WIRE-07-ST01-DT02-DF11-CF24-01-GOOD-02" reset_scheme="NONE" timeout="120" type="GOOD">
            <description>export first 50 packets from saved pcap, run md5sum on newly created pcap
Good inputs: 1) name of country for use in Sql databaseBad inputs:1) SQL argument injection 2) SQL command injection 

</description>
            <technical_impact>NONE</technical_impact>
            <pre_processes scheme="SEQUENCE">
                <process>
                    <script background="false" encoding="STRING" type="USE_TEXT">printf 'env SS_DBPGDATABASE;\nenv GANGMASTER_JUBLILATIONS;\n' | tee nginx_conf_env.txt</script>
                </process>
                <process delay_after="0" delay_before="0">
                    <script background="false" encoding="STRING" type="USE_TEXT">$SS_TC_ROOT/scripts/restart_dm.sh</script>
                </process>
                <process>
                    <environment_variable encoding="STRING" key="GANGMASTER_JUBLILATIONS" type="USE_TEXT">Germany</environment_variable>
                </process>
                <process>
                    <database database_name="northwind_zghovutvdkeblgvr" database_type="POSTGRESQL" encoding="STRING" server="ss-db-postgres" type="USE_FILE_CONTENTS">/opt/stonesoup/workspace/scripts/northwind_create_northwind_zghovutvdkeblgvr.sql</database>
                </process>
                <process>
                    <environment_variable encoding="STRING" key="SS_DBPGDATABASE" type="USE_TEXT">northwind_zghovutvdkeblgvr</environment_variable>
                </process>
                <process>
                    <script background="false" encoding="STRING" type="USE_TEXT">mkdir $SS_TC_ROOT/logs/execute/lttng</script>
                </process>
                <process>
                    <environment_variable encoding="STRING" key="LTTNG_HOME" type="USE_TEXT">$SS_TC_ROOT/logs/execute/lttng</environment_variable>
                </process>
                <process>
                    <environment_variable encoding="STRING" key="SS_RUN_COMMAND_LD_PRELOAD" type="USE_TEXT">$SS_TC_DEPS/lib64/liblttng-stonesoup-c.so:$SS_TC_DEPS/lib64/liblttng-ust-fork.so</environment_variable>
                </process>
                <process>
                    <script background="false" encoding="STRING" type="USE_TEXT">mkdir -p $SS_TC_DEPS/var/run/lttng</script>
                </process>
                <process>
                    <script background="false" encoding="STRING" type="USE_TEXT">$SS_TC_DEPS/bin/lttng create &amp;&amp; $SS_TC_DEPS/bin/lttng enable-event -u -a &amp;&amp; $SS_TC_DEPS/bin/lttng start</script>
                </process>
                <process>
                    <script background="false" encoding="STRING" type="USE_TEXT">rm -rf $SS_TC_ROOT/lockDir</script>
                </process>
                <process>
                    <script background="false" encoding="STRING" type="USE_TEXT">sleep 2 &amp;&amp; printf &quot;Sleeping to allow DB to be created.&quot;</script>
                </process>
            </pre_processes>
            <run_command encoding="STRING" preprend_runcommand="true" type="USE_TEXT"></run_command>
            <co_processes scheme="PARALLEL">
                <process_group scheme="SEQUENCE">
                    <process delay_after="0" delay_before="0">
                        <script background="false" encoding="STRING" input_id="SIKULI-GOOD-02" type="USE_TEXT">$SS_TC_DEPS/bin/run-sikuli.sh &quot;$SS_TC_ROOT/testData/good-02/WIRESHARK-GOOD-02.sikuli --args $SS_USER_DELAY&quot;
                    </script>
                    </process>
                </process_group>
                <process_group scheme="SEQUENCE"/>
            </co_processes>
            <post_processes scheme="SEQUENCE">
                <process delay_after="0" delay_before="0">
                    <script background="false" encoding="STRING" input_id="HASH-OUTPUT" type="USE_TEXT">md5sum $SS_TC_ROOT/testOutput/good-02/output.pcap
                    </script>
                </process>
                <process>
                    <database database_name="northwind_zghovutvdkeblgvr" database_type="POSTGRESQL" encoding="STRING" server="ss-db-postgres" type="USE_TEXT">DROP DATABASE IF EXISTS &quot;$SS_DBPGDATABASE;&quot;</database>
                </process>
                <process>
                    <script background="false" encoding="STRING" input_id="lttng_output_h492YEP5dy" type="USE_TEXT">$SS_TC_DEPS/bin/lttng stop &amp;&amp; $SS_TC_DEPS/bin/lttng view &amp;&amp; $SS_TC_DEPS/bin/lttng destroy</script>
                </process>
            </post_processes>
            <scoring_formula default="GOOD-02-Default">
                <formula name="GOOD-02-Default">GOOD-02 AND NOT TIMEOUT AND NOT CONTROLLED_EXIT</formula>
            </scoring_formula>
            <output_checks>
                <compare_check check_type="CONTAINS" name="GOOD-02">
                    <actual encoding="STRING" input_id_ref="HASH-OUTPUT" output_type="STANDARD_OUT"></actual>
                    <expected encoding="STRING" type="USE_FILE_CONTENTS">good-02/output.txt</expected>
                </compare_check>
                <simple_check check_type="SPECIAL" encoding="STRING" name="TIMEOUT" type="USE_TEXT">DOES_NOT_RETURN</simple_check>
                <simple_check check_type="SPECIAL" encoding="STRING" name="CONTROLLED_EXIT" type="USE_TEXT">CONTROLLED_EXIT</simple_check>
            </output_checks>
        </iopair>
        <iopair name="C-C089B-WIRE-07-ST01-DT02-DF11-CF24-01-GOOD-03" reset_scheme="NONE" timeout="120" type="GOOD">
            <description>jump to packet 10
Good inputs: 1) name of country for use in Sql databaseBad inputs:1) SQL argument injection 2) SQL command injection 

</description>
            <technical_impact>NONE</technical_impact>
            <pre_processes scheme="SEQUENCE">
                <process>
                    <script background="false" encoding="STRING" type="USE_TEXT">printf 'env SS_DBPGDATABASE;\nenv GANGMASTER_JUBLILATIONS;\n' | tee nginx_conf_env.txt</script>
                </process>
                <process delay_after="0" delay_before="0">
                    <script background="false" encoding="STRING" type="USE_TEXT">$SS_TC_ROOT/scripts/restart_dm.sh</script>
                </process>
                <process>
                    <environment_variable encoding="STRING" key="GANGMASTER_JUBLILATIONS" type="USE_TEXT">Finland</environment_variable>
                </process>
                <process>
                    <database database_name="northwind_lqeysufapbuefrmq" database_type="POSTGRESQL" encoding="STRING" server="ss-db-postgres" type="USE_FILE_CONTENTS">/opt/stonesoup/workspace/scripts/northwind_create_northwind_lqeysufapbuefrmq.sql</database>
                </process>
                <process>
                    <environment_variable encoding="STRING" key="SS_DBPGDATABASE" type="USE_TEXT">northwind_lqeysufapbuefrmq</environment_variable>
                </process>
                <process>
                    <script background="false" encoding="STRING" type="USE_TEXT">mkdir $SS_TC_ROOT/logs/execute/lttng</script>
                </process>
                <process>
                    <environment_variable encoding="STRING" key="LTTNG_HOME" type="USE_TEXT">$SS_TC_ROOT/logs/execute/lttng</environment_variable>
                </process>
                <process>
                    <environment_variable encoding="STRING" key="SS_RUN_COMMAND_LD_PRELOAD" type="USE_TEXT">$SS_TC_DEPS/lib64/liblttng-stonesoup-c.so:$SS_TC_DEPS/lib64/liblttng-ust-fork.so</environment_variable>
                </process>
                <process>
                    <script background="false" encoding="STRING" type="USE_TEXT">mkdir -p $SS_TC_DEPS/var/run/lttng</script>
                </process>
                <process>
                    <script background="false" encoding="STRING" type="USE_TEXT">$SS_TC_DEPS/bin/lttng create &amp;&amp; $SS_TC_DEPS/bin/lttng enable-event -u -a &amp;&amp; $SS_TC_DEPS/bin/lttng start</script>
                </process>
                <process>
                    <script background="false" encoding="STRING" type="USE_TEXT">rm -rf $SS_TC_ROOT/lockDir</script>
                </process>
                <process>
                    <script background="false" encoding="STRING" type="USE_TEXT">sleep 2 &amp;&amp; printf &quot;Sleeping to allow DB to be created.&quot;</script>
                </process>
            </pre_processes>
            <run_command encoding="STRING" preprend_runcommand="true" type="USE_TEXT"></run_command>
            <co_processes scheme="PARALLEL">
                <process_group scheme="SEQUENCE">
                    <process delay_after="0" delay_before="0">
                        <script background="false" encoding="STRING" input_id="SIKULI-GOOD-03" type="USE_TEXT">$SS_TC_DEPS/bin/run-sikuli.sh &quot;$SS_TC_ROOT/testData/good-03/WIRESHARK-GOOD-03.sikuli --args $SS_USER_DELAY&quot;
                    </script>
                    </process>
                </process_group>
                <process_group scheme="SEQUENCE"/>
            </co_processes>
            <post_processes scheme="SEQUENCE">
                <process>
                    <database database_name="northwind_lqeysufapbuefrmq" database_type="POSTGRESQL" encoding="STRING" server="ss-db-postgres" type="USE_TEXT">DROP DATABASE IF EXISTS &quot;$SS_DBPGDATABASE;&quot;</database>
                </process>
                <process>
                    <script background="false" encoding="STRING" input_id="lttng_output_HhcziJme8o" type="USE_TEXT">$SS_TC_DEPS/bin/lttng stop &amp;&amp; $SS_TC_DEPS/bin/lttng view &amp;&amp; $SS_TC_DEPS/bin/lttng destroy</script>
                </process>
            </post_processes>
            <scoring_formula default="GOOD-03-Default">
                <formula name="GOOD-03-Default">GOOD-03 AND NOT TIMEOUT AND NOT CONTROLLED_EXIT</formula>
            </scoring_formula>
            <output_checks>
                <compare_check check_type="CONTAINS" name="GOOD-03">
                    <actual encoding="STRING" input_id_ref="SIKULI-GOOD-03" output_type="STANDARD_OUT"></actual>
                    <expected encoding="STRING" type="USE_FILE_CONTENTS">good-03/output.txt</expected>
                </compare_check>
                <simple_check check_type="SPECIAL" encoding="STRING" name="TIMEOUT" type="USE_TEXT">DOES_NOT_RETURN</simple_check>
                <simple_check check_type="SPECIAL" encoding="STRING" name="CONTROLLED_EXIT" type="USE_TEXT">CONTROLLED_EXIT</simple_check>
            </output_checks>
        </iopair>
        <iopair name="C-C089B-WIRE-07-ST01-DT02-DF11-CF24-01-GOOD-04" reset_scheme="NONE" timeout="120" type="GOOD">
            <description>open statistical summary
Good inputs: 1) name of country for use in Sql databaseBad inputs:1) SQL argument injection 2) SQL command injection 

</description>
            <technical_impact>NONE</technical_impact>
            <pre_processes scheme="SEQUENCE">
                <process>
                    <script background="false" encoding="STRING" type="USE_TEXT">printf 'env SS_DBPGDATABASE;\nenv GANGMASTER_JUBLILATIONS;\n' | tee nginx_conf_env.txt</script>
                </process>
                <process delay_after="0" delay_before="0">
                    <script background="false" encoding="STRING" type="USE_TEXT">$SS_TC_ROOT/scripts/restart_dm.sh</script>
                </process>
                <process>
                    <environment_variable encoding="STRING" key="GANGMASTER_JUBLILATIONS" type="USE_TEXT">USA</environment_variable>
                </process>
                <process>
                    <database database_name="northwind_tmquubrlqtmkuuqu" database_type="POSTGRESQL" encoding="STRING" server="ss-db-postgres" type="USE_FILE_CONTENTS">/opt/stonesoup/workspace/scripts/northwind_create_northwind_tmquubrlqtmkuuqu.sql</database>
                </process>
                <process>
                    <environment_variable encoding="STRING" key="SS_DBPGDATABASE" type="USE_TEXT">northwind_tmquubrlqtmkuuqu</environment_variable>
                </process>
                <process>
                    <script background="false" encoding="STRING" type="USE_TEXT">mkdir $SS_TC_ROOT/logs/execute/lttng</script>
                </process>
                <process>
                    <environment_variable encoding="STRING" key="LTTNG_HOME" type="USE_TEXT">$SS_TC_ROOT/logs/execute/lttng</environment_variable>
                </process>
                <process>
                    <environment_variable encoding="STRING" key="SS_RUN_COMMAND_LD_PRELOAD" type="USE_TEXT">$SS_TC_DEPS/lib64/liblttng-stonesoup-c.so:$SS_TC_DEPS/lib64/liblttng-ust-fork.so</environment_variable>
                </process>
                <process>
                    <script background="false" encoding="STRING" type="USE_TEXT">mkdir -p $SS_TC_DEPS/var/run/lttng</script>
                </process>
                <process>
                    <script background="false" encoding="STRING" type="USE_TEXT">$SS_TC_DEPS/bin/lttng create &amp;&amp; $SS_TC_DEPS/bin/lttng enable-event -u -a &amp;&amp; $SS_TC_DEPS/bin/lttng start</script>
                </process>
                <process>
                    <script background="false" encoding="STRING" type="USE_TEXT">rm -rf $SS_TC_ROOT/lockDir</script>
                </process>
                <process>
                    <script background="false" encoding="STRING" type="USE_TEXT">sleep 2 &amp;&amp; printf &quot;Sleeping to allow DB to be created.&quot;</script>
                </process>
            </pre_processes>
            <run_command encoding="STRING" preprend_runcommand="true" type="USE_TEXT"></run_command>
            <co_processes scheme="PARALLEL">
                <process_group scheme="SEQUENCE">
                    <process delay_after="0" delay_before="0">
                        <script background="false" encoding="STRING" input_id="SIKULI-GOOD-04" type="USE_TEXT">$SS_TC_DEPS/bin/run-sikuli.sh -d &quot;$SS_TC_ROOT/testData/good-04/WIRESHARK-GOOD-04.sikuli --args $SS_USER_DELAY&quot;
                    </script>
                    </process>
                </process_group>
                <process_group scheme="SEQUENCE"/>
            </co_processes>
            <post_processes scheme="SEQUENCE">
                <process>
                    <database database_name="northwind_tmquubrlqtmkuuqu" database_type="POSTGRESQL" encoding="STRING" server="ss-db-postgres" type="USE_TEXT">DROP DATABASE IF EXISTS &quot;$SS_DBPGDATABASE;&quot;</database>
                </process>
                <process>
                    <script background="false" encoding="STRING" input_id="lttng_output_2hhTAMp33N" type="USE_TEXT">$SS_TC_DEPS/bin/lttng stop &amp;&amp; $SS_TC_DEPS/bin/lttng view &amp;&amp; $SS_TC_DEPS/bin/lttng destroy</script>
                </process>
            </post_processes>
            <scoring_formula default="GOOD-04-Default">
                <formula name="GOOD-04-Default">GOOD-04 AND NOT TIMEOUT AND NOT CONTROLLED_EXIT</formula>
            </scoring_formula>
            <output_checks>
                <compare_check check_type="CONTAINS" name="GOOD-04">
                    <actual encoding="STRING" input_id_ref="SIKULI-GOOD-04" output_type="STANDARD_OUT"></actual>
                    <expected encoding="STRING" type="USE_FILE_CONTENTS">good-04/output.txt</expected>
                </compare_check>
                <simple_check check_type="SPECIAL" encoding="STRING" name="TIMEOUT" type="USE_TEXT">DOES_NOT_RETURN</simple_check>
                <simple_check check_type="SPECIAL" encoding="STRING" name="CONTROLLED_EXIT" type="USE_TEXT">CONTROLLED_EXIT</simple_check>
            </output_checks>
        </iopair>
        <iopair name="C-C089B-WIRE-07-ST01-DT02-DF11-CF24-01-GOOD-05" reset_scheme="NONE" timeout="120" type="GOOD">
            <description>open protocol hierarchy
Good inputs: 1) name of country for use in Sql databaseBad inputs:1) SQL argument injection 2) SQL command injection 

</description>
            <technical_impact>NONE</technical_impact>
            <pre_processes scheme="SEQUENCE">
                <process>
                    <script background="false" encoding="STRING" type="USE_TEXT">printf 'env SS_DBPGDATABASE;\nenv GANGMASTER_JUBLILATIONS;\n' | tee nginx_conf_env.txt</script>
                </process>
                <process delay_after="0" delay_before="0">
                    <script background="false" encoding="STRING" type="USE_TEXT">$SS_TC_ROOT/scripts/restart_dm.sh</script>
                </process>
                <process>
                    <environment_variable encoding="STRING" key="GANGMASTER_JUBLILATIONS" type="USE_TEXT">Germany</environment_variable>
                </process>
                <process>
                    <database database_name="northwind_njgdmjpjrfkremel" database_type="POSTGRESQL" encoding="STRING" server="ss-db-postgres" type="USE_FILE_CONTENTS">/opt/stonesoup/workspace/scripts/northwind_create_northwind_njgdmjpjrfkremel.sql</database>
                </process>
                <process>
                    <environment_variable encoding="STRING" key="SS_DBPGDATABASE" type="USE_TEXT">northwind_njgdmjpjrfkremel</environment_variable>
                </process>
                <process>
                    <script background="false" encoding="STRING" type="USE_TEXT">mkdir $SS_TC_ROOT/logs/execute/lttng</script>
                </process>
                <process>
                    <environment_variable encoding="STRING" key="LTTNG_HOME" type="USE_TEXT">$SS_TC_ROOT/logs/execute/lttng</environment_variable>
                </process>
                <process>
                    <environment_variable encoding="STRING" key="SS_RUN_COMMAND_LD_PRELOAD" type="USE_TEXT">$SS_TC_DEPS/lib64/liblttng-stonesoup-c.so:$SS_TC_DEPS/lib64/liblttng-ust-fork.so</environment_variable>
                </process>
                <process>
                    <script background="false" encoding="STRING" type="USE_TEXT">mkdir -p $SS_TC_DEPS/var/run/lttng</script>
                </process>
                <process>
                    <script background="false" encoding="STRING" type="USE_TEXT">$SS_TC_DEPS/bin/lttng create &amp;&amp; $SS_TC_DEPS/bin/lttng enable-event -u -a &amp;&amp; $SS_TC_DEPS/bin/lttng start</script>
                </process>
                <process>
                    <script background="false" encoding="STRING" type="USE_TEXT">rm -rf $SS_TC_ROOT/lockDir</script>
                </process>
                <process>
                    <script background="false" encoding="STRING" type="USE_TEXT">sleep 2 &amp;&amp; printf &quot;Sleeping to allow DB to be created.&quot;</script>
                </process>
            </pre_processes>
            <run_command encoding="STRING" preprend_runcommand="true" type="USE_TEXT"></run_command>
            <co_processes scheme="PARALLEL">
                <process_group scheme="SEQUENCE">
                    <process delay_after="0" delay_before="0">
                        <script background="false" encoding="STRING" input_id="SIKULI-GOOD-05" type="USE_TEXT">$SS_TC_DEPS/bin/run-sikuli.sh -d &quot;$SS_TC_ROOT/testData/good-05/WIRESHARK-GOOD-05.sikuli --args $SS_USER_DELAY&quot;
                    </script>
                    </process>
                </process_group>
                <process_group scheme="SEQUENCE"/>
            </co_processes>
            <post_processes scheme="SEQUENCE">
                <process>
                    <database database_name="northwind_njgdmjpjrfkremel" database_type="POSTGRESQL" encoding="STRING" server="ss-db-postgres" type="USE_TEXT">DROP DATABASE IF EXISTS &quot;$SS_DBPGDATABASE;&quot;</database>
                </process>
                <process>
                    <script background="false" encoding="STRING" input_id="lttng_output_7oieuPvMnR" type="USE_TEXT">$SS_TC_DEPS/bin/lttng stop &amp;&amp; $SS_TC_DEPS/bin/lttng view &amp;&amp; $SS_TC_DEPS/bin/lttng destroy</script>
                </process>
            </post_processes>
            <scoring_formula default="GOOD-05-Default">
                <formula name="GOOD-05-Default">GOOD-05 AND NOT TIMEOUT AND NOT CONTROLLED_EXIT</formula>
            </scoring_formula>
            <output_checks>
                <compare_check check_type="CONTAINS" name="GOOD-05">
                    <actual encoding="STRING" input_id_ref="SIKULI-GOOD-05" output_type="STANDARD_OUT"></actual>
                    <expected encoding="STRING" type="USE_FILE_CONTENTS">good-05/output.txt</expected>
                </compare_check>
                <simple_check check_type="SPECIAL" encoding="STRING" name="TIMEOUT" type="USE_TEXT">DOES_NOT_RETURN</simple_check>
                <simple_check check_type="SPECIAL" encoding="STRING" name="CONTROLLED_EXIT" type="USE_TEXT">CONTROLLED_EXIT</simple_check>
            </output_checks>
        </iopair>
        <iopair name="C-C089B-WIRE-07-ST01-DT02-DF11-CF24-01-GOOD-06" reset_scheme="NONE" timeout="120" type="GOOD">
            <description>follow a tcp stream
Good inputs: 1) name of country for use in Sql databaseBad inputs:1) SQL argument injection 2) SQL command injection 

</description>
            <technical_impact>NONE</technical_impact>
            <pre_processes scheme="SEQUENCE">
                <process>
                    <script background="false" encoding="STRING" type="USE_TEXT">printf 'env SS_DBPGDATABASE;\nenv GANGMASTER_JUBLILATIONS;\n' | tee nginx_conf_env.txt</script>
                </process>
                <process delay_after="0" delay_before="0">
                    <script background="false" encoding="STRING" type="USE_TEXT">$SS_TC_ROOT/scripts/restart_dm.sh</script>
                </process>
                <process>
                    <environment_variable encoding="STRING" key="GANGMASTER_JUBLILATIONS" type="USE_TEXT">Finland</environment_variable>
                </process>
                <process>
                    <database database_name="northwind_wurnhtnwobqjlsou" database_type="POSTGRESQL" encoding="STRING" server="ss-db-postgres" type="USE_FILE_CONTENTS">/opt/stonesoup/workspace/scripts/northwind_create_northwind_wurnhtnwobqjlsou.sql</database>
                </process>
                <process>
                    <environment_variable encoding="STRING" key="SS_DBPGDATABASE" type="USE_TEXT">northwind_wurnhtnwobqjlsou</environment_variable>
                </process>
                <process>
                    <script background="false" encoding="STRING" type="USE_TEXT">mkdir $SS_TC_ROOT/logs/execute/lttng</script>
                </process>
                <process>
                    <environment_variable encoding="STRING" key="LTTNG_HOME" type="USE_TEXT">$SS_TC_ROOT/logs/execute/lttng</environment_variable>
                </process>
                <process>
                    <environment_variable encoding="STRING" key="SS_RUN_COMMAND_LD_PRELOAD" type="USE_TEXT">$SS_TC_DEPS/lib64/liblttng-stonesoup-c.so:$SS_TC_DEPS/lib64/liblttng-ust-fork.so</environment_variable>
                </process>
                <process>
                    <script background="false" encoding="STRING" type="USE_TEXT">mkdir -p $SS_TC_DEPS/var/run/lttng</script>
                </process>
                <process>
                    <script background="false" encoding="STRING" type="USE_TEXT">$SS_TC_DEPS/bin/lttng create &amp;&amp; $SS_TC_DEPS/bin/lttng enable-event -u -a &amp;&amp; $SS_TC_DEPS/bin/lttng start</script>
                </process>
                <process>
                    <script background="false" encoding="STRING" type="USE_TEXT">rm -rf $SS_TC_ROOT/lockDir</script>
                </process>
                <process>
                    <script background="false" encoding="STRING" type="USE_TEXT">sleep 2 &amp;&amp; printf &quot;Sleeping to allow DB to be created.&quot;</script>
                </process>
            </pre_processes>
            <run_command encoding="STRING" preprend_runcommand="true" type="USE_TEXT"></run_command>
            <co_processes scheme="PARALLEL">
                <process_group scheme="SEQUENCE">
                    <process delay_after="0" delay_before="0">
                        <script background="false" encoding="STRING" input_id="SIKULI-GOOD-06" type="USE_TEXT">$SS_TC_DEPS/bin/run-sikuli.sh &quot;$SS_TC_ROOT/testData/good-06/WIRESHARK-GOOD-06.sikuli --args $SS_USER_DELAY&quot;
                    </script>
                    </process>
                </process_group>
                <process_group scheme="SEQUENCE"/>
            </co_processes>
            <post_processes scheme="SEQUENCE">
                <process>
                    <database database_name="northwind_wurnhtnwobqjlsou" database_type="POSTGRESQL" encoding="STRING" server="ss-db-postgres" type="USE_TEXT">DROP DATABASE IF EXISTS &quot;$SS_DBPGDATABASE;&quot;</database>
                </process>
                <process>
                    <script background="false" encoding="STRING" input_id="lttng_output_ofRImQG4Xg" type="USE_TEXT">$SS_TC_DEPS/bin/lttng stop &amp;&amp; $SS_TC_DEPS/bin/lttng view &amp;&amp; $SS_TC_DEPS/bin/lttng destroy</script>
                </process>
            </post_processes>
            <scoring_formula default="GOOD-06-Default">
                <formula name="GOOD-06-Default">GOOD-06 AND NOT TIMEOUT AND NOT CONTROLLED_EXIT</formula>
            </scoring_formula>
            <output_checks>
                <compare_check check_type="CONTAINS" name="GOOD-06">
                    <actual encoding="STRING" input_id_ref="SIKULI-GOOD-06" output_type="STANDARD_OUT"></actual>
                    <expected encoding="STRING" type="USE_FILE_CONTENTS">good-06/output.txt</expected>
                </compare_check>
                <simple_check check_type="SPECIAL" encoding="STRING" name="TIMEOUT" type="USE_TEXT">DOES_NOT_RETURN</simple_check>
                <simple_check check_type="SPECIAL" encoding="STRING" name="CONTROLLED_EXIT" type="USE_TEXT">CONTROLLED_EXIT</simple_check>
            </output_checks>
        </iopair>
        <iopair name="C-C089B-WIRE-07-ST01-DT02-DF11-CF24-01-GOOD-07" reset_scheme="NONE" timeout="120" type="GOOD">
            <description>run a display filter for http
Good inputs: 1) name of country for use in Sql databaseBad inputs:1) SQL argument injection 2) SQL command injection 

</description>
            <technical_impact>NONE</technical_impact>
            <pre_processes scheme="SEQUENCE">
                <process>
                    <script background="false" encoding="STRING" type="USE_TEXT">printf 'env SS_DBPGDATABASE;\nenv GANGMASTER_JUBLILATIONS;\n' | tee nginx_conf_env.txt</script>
                </process>
                <process delay_after="0" delay_before="0">
                    <script background="false" encoding="STRING" type="USE_TEXT">$SS_TC_ROOT/scripts/restart_dm.sh</script>
                </process>
                <process>
                    <environment_variable encoding="STRING" key="GANGMASTER_JUBLILATIONS" type="USE_TEXT">USA</environment_variable>
                </process>
                <process>
                    <database database_name="northwind_irqwtnwwzxgyqlzh" database_type="POSTGRESQL" encoding="STRING" server="ss-db-postgres" type="USE_FILE_CONTENTS">/opt/stonesoup/workspace/scripts/northwind_create_northwind_irqwtnwwzxgyqlzh.sql</database>
                </process>
                <process>
                    <environment_variable encoding="STRING" key="SS_DBPGDATABASE" type="USE_TEXT">northwind_irqwtnwwzxgyqlzh</environment_variable>
                </process>
                <process>
                    <script background="false" encoding="STRING" type="USE_TEXT">mkdir $SS_TC_ROOT/logs/execute/lttng</script>
                </process>
                <process>
                    <environment_variable encoding="STRING" key="LTTNG_HOME" type="USE_TEXT">$SS_TC_ROOT/logs/execute/lttng</environment_variable>
                </process>
                <process>
                    <environment_variable encoding="STRING" key="SS_RUN_COMMAND_LD_PRELOAD" type="USE_TEXT">$SS_TC_DEPS/lib64/liblttng-stonesoup-c.so:$SS_TC_DEPS/lib64/liblttng-ust-fork.so</environment_variable>
                </process>
                <process>
                    <script background="false" encoding="STRING" type="USE_TEXT">mkdir -p $SS_TC_DEPS/var/run/lttng</script>
                </process>
                <process>
                    <script background="false" encoding="STRING" type="USE_TEXT">$SS_TC_DEPS/bin/lttng create &amp;&amp; $SS_TC_DEPS/bin/lttng enable-event -u -a &amp;&amp; $SS_TC_DEPS/bin/lttng start</script>
                </process>
                <process>
                    <script background="false" encoding="STRING" type="USE_TEXT">rm -rf $SS_TC_ROOT/lockDir</script>
                </process>
                <process>
                    <script background="false" encoding="STRING" type="USE_TEXT">sleep 2 &amp;&amp; printf &quot;Sleeping to allow DB to be created.&quot;</script>
                </process>
            </pre_processes>
            <run_command encoding="STRING" preprend_runcommand="true" type="USE_TEXT"></run_command>
            <co_processes scheme="PARALLEL">
                <process_group scheme="SEQUENCE">
                    <process delay_after="0" delay_before="0">
                        <script background="false" encoding="STRING" input_id="SIKULI-GOOD-07" type="USE_TEXT">$SS_TC_DEPS/bin/run-sikuli.sh &quot;$SS_TC_ROOT/testData/good-07/WIRESHARK-GOOD-07.sikuli --args $SS_USER_DELAY&quot;
                    </script>
                    </process>
                </process_group>
                <process_group scheme="SEQUENCE"/>
            </co_processes>
            <post_processes scheme="SEQUENCE">
                <process>
                    <database database_name="northwind_irqwtnwwzxgyqlzh" database_type="POSTGRESQL" encoding="STRING" server="ss-db-postgres" type="USE_TEXT">DROP DATABASE IF EXISTS &quot;$SS_DBPGDATABASE;&quot;</database>
                </process>
                <process>
                    <script background="false" encoding="STRING" input_id="lttng_output_TXyAsqtPYD" type="USE_TEXT">$SS_TC_DEPS/bin/lttng stop &amp;&amp; $SS_TC_DEPS/bin/lttng view &amp;&amp; $SS_TC_DEPS/bin/lttng destroy</script>
                </process>
            </post_processes>
            <scoring_formula default="GOOD-07-Default">
                <formula name="GOOD-07-Default">GOOD-07 AND NOT TIMEOUT AND NOT CONTROLLED_EXIT</formula>
            </scoring_formula>
            <output_checks>
                <compare_check check_type="CONTAINS" name="GOOD-07">
                    <actual encoding="STRING" input_id_ref="SIKULI-GOOD-07" output_type="STANDARD_OUT"></actual>
                    <expected encoding="STRING" type="USE_FILE_CONTENTS">good-07/output.txt</expected>
                </compare_check>
                <simple_check check_type="SPECIAL" encoding="STRING" name="TIMEOUT" type="USE_TEXT">DOES_NOT_RETURN</simple_check>
                <simple_check check_type="SPECIAL" encoding="STRING" name="CONTROLLED_EXIT" type="USE_TEXT">CONTROLLED_EXIT</simple_check>
            </output_checks>
        </iopair>
        <iopair name="C-C089B-WIRE-07-ST01-DT02-DF11-CF24-01-GOOD-08" reset_scheme="NONE" timeout="120" type="GOOD">
            <description>export a .png from captured http traffic, run an md5, compare with known good
Good inputs: 1) name of country for use in Sql databaseBad inputs:1) SQL argument injection 2) SQL command injection 

</description>
            <technical_impact>NONE</technical_impact>
            <pre_processes scheme="SEQUENCE">
                <process>
                    <script background="false" encoding="STRING" type="USE_TEXT">printf 'env SS_DBPGDATABASE;\nenv GANGMASTER_JUBLILATIONS;\n' | tee nginx_conf_env.txt</script>
                </process>
                <process delay_after="0" delay_before="0">
                    <script background="false" encoding="STRING" type="USE_TEXT">$SS_TC_ROOT/scripts/restart_dm.sh</script>
                </process>
                <process>
                    <environment_variable encoding="STRING" key="GANGMASTER_JUBLILATIONS" type="USE_TEXT">Germany</environment_variable>
                </process>
                <process>
                    <database database_name="northwind_aezsdukvcelpuefi" database_type="POSTGRESQL" encoding="STRING" server="ss-db-postgres" type="USE_FILE_CONTENTS">/opt/stonesoup/workspace/scripts/northwind_create_northwind_aezsdukvcelpuefi.sql</database>
                </process>
                <process>
                    <environment_variable encoding="STRING" key="SS_DBPGDATABASE" type="USE_TEXT">northwind_aezsdukvcelpuefi</environment_variable>
                </process>
                <process>
                    <script background="false" encoding="STRING" type="USE_TEXT">mkdir $SS_TC_ROOT/logs/execute/lttng</script>
                </process>
                <process>
                    <environment_variable encoding="STRING" key="LTTNG_HOME" type="USE_TEXT">$SS_TC_ROOT/logs/execute/lttng</environment_variable>
                </process>
                <process>
                    <environment_variable encoding="STRING" key="SS_RUN_COMMAND_LD_PRELOAD" type="USE_TEXT">$SS_TC_DEPS/lib64/liblttng-stonesoup-c.so:$SS_TC_DEPS/lib64/liblttng-ust-fork.so</environment_variable>
                </process>
                <process>
                    <script background="false" encoding="STRING" type="USE_TEXT">mkdir -p $SS_TC_DEPS/var/run/lttng</script>
                </process>
                <process>
                    <script background="false" encoding="STRING" type="USE_TEXT">$SS_TC_DEPS/bin/lttng create &amp;&amp; $SS_TC_DEPS/bin/lttng enable-event -u -a &amp;&amp; $SS_TC_DEPS/bin/lttng start</script>
                </process>
                <process>
                    <script background="false" encoding="STRING" type="USE_TEXT">rm -rf $SS_TC_ROOT/lockDir</script>
                </process>
                <process>
                    <script background="false" encoding="STRING" type="USE_TEXT">sleep 2 &amp;&amp; printf &quot;Sleeping to allow DB to be created.&quot;</script>
                </process>
            </pre_processes>
            <run_command encoding="STRING" preprend_runcommand="true" type="USE_TEXT"></run_command>
            <co_processes scheme="PARALLEL">
                <process_group scheme="SEQUENCE">
                    <process delay_after="0" delay_before="0">
                        <script background="false" encoding="STRING" input_id="SIKULI-GOOD-08" type="USE_TEXT">$SS_TC_DEPS/bin/run-sikuli.sh -d &quot;$SS_TC_ROOT/testData/good-08/WIRESHARK-GOOD-08.sikuli --args $SS_USER_DELAY&quot;
                    </script>
                    </process>
                </process_group>
                <process_group scheme="SEQUENCE"/>
            </co_processes>
            <post_processes scheme="SEQUENCE">
                <process delay_after="0" delay_before="0">
                    <script background="false" encoding="STRING" input_id="HASH-OUTPUT" type="USE_TEXT">md5sum $SS_TC_ROOT/testOutput/good-08/output.png
                    </script>
                </process>
                <process>
                    <database database_name="northwind_aezsdukvcelpuefi" database_type="POSTGRESQL" encoding="STRING" server="ss-db-postgres" type="USE_TEXT">DROP DATABASE IF EXISTS &quot;$SS_DBPGDATABASE;&quot;</database>
                </process>
                <process>
                    <script background="false" encoding="STRING" input_id="lttng_output_CSUz4Wttry" type="USE_TEXT">$SS_TC_DEPS/bin/lttng stop &amp;&amp; $SS_TC_DEPS/bin/lttng view &amp;&amp; $SS_TC_DEPS/bin/lttng destroy</script>
                </process>
            </post_processes>
            <scoring_formula default="GOOD-08-Default">
                <formula name="GOOD-08-Default">GOOD-08 AND NOT TIMEOUT AND NOT CONTROLLED_EXIT</formula>
            </scoring_formula>
            <output_checks>
                <compare_check check_type="CONTAINS" name="GOOD-08">
                    <actual encoding="STRING" input_id_ref="HASH-OUTPUT" output_type="STANDARD_OUT"></actual>
                    <expected encoding="STRING" type="USE_FILE_CONTENTS">good-08/output.txt</expected>
                </compare_check>
                <simple_check check_type="SPECIAL" encoding="STRING" name="TIMEOUT" type="USE_TEXT">DOES_NOT_RETURN</simple_check>
                <simple_check check_type="SPECIAL" encoding="STRING" name="CONTROLLED_EXIT" type="USE_TEXT">CONTROLLED_EXIT</simple_check>
            </output_checks>
        </iopair>
        <iopair name="C-C089B-WIRE-07-ST01-DT02-DF11-CF24-01-GOOD-09" reset_scheme="NONE" timeout="120" type="GOOD">
            <description>search for a string
Good inputs: 1) name of country for use in Sql databaseBad inputs:1) SQL argument injection 2) SQL command injection 

</description>
            <technical_impact>NONE</technical_impact>
            <pre_processes scheme="SEQUENCE">
                <process>
                    <script background="false" encoding="STRING" type="USE_TEXT">printf 'env SS_DBPGDATABASE;\nenv GANGMASTER_JUBLILATIONS;\n' | tee nginx_conf_env.txt</script>
                </process>
                <process delay_after="0" delay_before="0">
                    <script background="false" encoding="STRING" type="USE_TEXT">$SS_TC_ROOT/scripts/restart_dm.sh</script>
                </process>
                <process>
                    <environment_variable encoding="STRING" key="GANGMASTER_JUBLILATIONS" type="USE_TEXT">Finland</environment_variable>
                </process>
                <process>
                    <database database_name="northwind_zfnkqconuisxwjmm" database_type="POSTGRESQL" encoding="STRING" server="ss-db-postgres" type="USE_FILE_CONTENTS">/opt/stonesoup/workspace/scripts/northwind_create_northwind_zfnkqconuisxwjmm.sql</database>
                </process>
                <process>
                    <environment_variable encoding="STRING" key="SS_DBPGDATABASE" type="USE_TEXT">northwind_zfnkqconuisxwjmm</environment_variable>
                </process>
                <process>
                    <script background="false" encoding="STRING" type="USE_TEXT">mkdir $SS_TC_ROOT/logs/execute/lttng</script>
                </process>
                <process>
                    <environment_variable encoding="STRING" key="LTTNG_HOME" type="USE_TEXT">$SS_TC_ROOT/logs/execute/lttng</environment_variable>
                </process>
                <process>
                    <environment_variable encoding="STRING" key="SS_RUN_COMMAND_LD_PRELOAD" type="USE_TEXT">$SS_TC_DEPS/lib64/liblttng-stonesoup-c.so:$SS_TC_DEPS/lib64/liblttng-ust-fork.so</environment_variable>
                </process>
                <process>
                    <script background="false" encoding="STRING" type="USE_TEXT">mkdir -p $SS_TC_DEPS/var/run/lttng</script>
                </process>
                <process>
                    <script background="false" encoding="STRING" type="USE_TEXT">$SS_TC_DEPS/bin/lttng create &amp;&amp; $SS_TC_DEPS/bin/lttng enable-event -u -a &amp;&amp; $SS_TC_DEPS/bin/lttng start</script>
                </process>
                <process>
                    <script background="false" encoding="STRING" type="USE_TEXT">rm -rf $SS_TC_ROOT/lockDir</script>
                </process>
                <process>
                    <script background="false" encoding="STRING" type="USE_TEXT">sleep 2 &amp;&amp; printf &quot;Sleeping to allow DB to be created.&quot;</script>
                </process>
            </pre_processes>
            <run_command encoding="STRING" preprend_runcommand="true" type="USE_TEXT"></run_command>
            <co_processes scheme="PARALLEL">
                <process_group scheme="SEQUENCE">
                    <process delay_after="0" delay_before="0">
                        <script background="false" encoding="STRING" input_id="SIKULI-GOOD-09" type="USE_TEXT">$SS_TC_DEPS/bin/run-sikuli.sh &quot;$SS_TC_ROOT/testData/good-09/WIRESHARK-GOOD-09.sikuli --args $SS_USER_DELAY&quot;
                        </script>
                    </process>
                </process_group>
                <process_group scheme="SEQUENCE"/>
            </co_processes>
            <post_processes scheme="SEQUENCE">
                <process>
                    <database database_name="northwind_zfnkqconuisxwjmm" database_type="POSTGRESQL" encoding="STRING" server="ss-db-postgres" type="USE_TEXT">DROP DATABASE IF EXISTS &quot;$SS_DBPGDATABASE;&quot;</database>
                </process>
                <process>
                    <script background="false" encoding="STRING" input_id="lttng_output_48LHWNmtSj" type="USE_TEXT">$SS_TC_DEPS/bin/lttng stop &amp;&amp; $SS_TC_DEPS/bin/lttng view &amp;&amp; $SS_TC_DEPS/bin/lttng destroy</script>
                </process>
            </post_processes>
            <scoring_formula default="GOOD-09-Default">
                <formula name="GOOD-09-Default">GOOD-09 AND NOT TIMEOUT AND NOT CONTROLLED_EXIT</formula>
            </scoring_formula>
            <output_checks>
                <compare_check check_type="CONTAINS" name="GOOD-09">
                    <actual encoding="STRING" input_id_ref="SIKULI-GOOD-09" output_type="STANDARD_OUT"></actual>
                    <expected encoding="STRING" type="USE_FILE_CONTENTS">good-09/output.txt</expected>
                </compare_check>
                <simple_check check_type="SPECIAL" encoding="STRING" name="TIMEOUT" type="USE_TEXT">DOES_NOT_RETURN</simple_check>
                <simple_check check_type="SPECIAL" encoding="STRING" name="CONTROLLED_EXIT" type="USE_TEXT">CONTROLLED_EXIT</simple_check>
            </output_checks>
        </iopair>
        <iopair name="C-C089B-WIRE-07-ST01-DT02-DF11-CF24-01-GOOD-10" reset_scheme="NONE" timeout="120" type="GOOD">
            <description>open io graph
Good inputs: 1) name of country for use in Sql databaseBad inputs:1) SQL argument injection 2) SQL command injection 

</description>
            <technical_impact>NONE</technical_impact>
            <pre_processes scheme="SEQUENCE">
                <process>
                    <script background="false" encoding="STRING" type="USE_TEXT">printf 'env SS_DBPGDATABASE;\nenv GANGMASTER_JUBLILATIONS;\n' | tee nginx_conf_env.txt</script>
                </process>
                <process delay_after="0" delay_before="0">
                    <script background="false" encoding="STRING" type="USE_TEXT">$SS_TC_ROOT/scripts/restart_dm.sh</script>
                </process>
                <process>
                    <environment_variable encoding="STRING" key="GANGMASTER_JUBLILATIONS" type="USE_TEXT">USA</environment_variable>
                </process>
                <process>
                    <database database_name="northwind_fpepwqkxbeuerbel" database_type="POSTGRESQL" encoding="STRING" server="ss-db-postgres" type="USE_FILE_CONTENTS">/opt/stonesoup/workspace/scripts/northwind_create_northwind_fpepwqkxbeuerbel.sql</database>
                </process>
                <process>
                    <environment_variable encoding="STRING" key="SS_DBPGDATABASE" type="USE_TEXT">northwind_fpepwqkxbeuerbel</environment_variable>
                </process>
                <process>
                    <script background="false" encoding="STRING" type="USE_TEXT">mkdir $SS_TC_ROOT/logs/execute/lttng</script>
                </process>
                <process>
                    <environment_variable encoding="STRING" key="LTTNG_HOME" type="USE_TEXT">$SS_TC_ROOT/logs/execute/lttng</environment_variable>
                </process>
                <process>
                    <environment_variable encoding="STRING" key="SS_RUN_COMMAND_LD_PRELOAD" type="USE_TEXT">$SS_TC_DEPS/lib64/liblttng-stonesoup-c.so:$SS_TC_DEPS/lib64/liblttng-ust-fork.so</environment_variable>
                </process>
                <process>
                    <script background="false" encoding="STRING" type="USE_TEXT">mkdir -p $SS_TC_DEPS/var/run/lttng</script>
                </process>
                <process>
                    <script background="false" encoding="STRING" type="USE_TEXT">$SS_TC_DEPS/bin/lttng create &amp;&amp; $SS_TC_DEPS/bin/lttng enable-event -u -a &amp;&amp; $SS_TC_DEPS/bin/lttng start</script>
                </process>
                <process>
                    <script background="false" encoding="STRING" type="USE_TEXT">rm -rf $SS_TC_ROOT/lockDir</script>
                </process>
                <process>
                    <script background="false" encoding="STRING" type="USE_TEXT">sleep 2 &amp;&amp; printf &quot;Sleeping to allow DB to be created.&quot;</script>
                </process>
            </pre_processes>
            <run_command encoding="STRING" preprend_runcommand="true" type="USE_TEXT"></run_command>
            <co_processes scheme="PARALLEL">
                <process_group scheme="SEQUENCE">
                    <process delay_after="0" delay_before="0">
                        <script background="false" encoding="STRING" input_id="SIKULI-GOOD-10" type="USE_TEXT">$SS_TC_DEPS/bin/run-sikuli.sh &quot;$SS_TC_ROOT/testData/good-10/WIRESHARK-GOOD-10.sikuli --args $SS_USER_DELAY&quot;
                    </script>
                    </process>
                </process_group>
                <process_group scheme="SEQUENCE"/>
            </co_processes>
            <post_processes scheme="SEQUENCE">
                <process>
                    <database database_name="northwind_fpepwqkxbeuerbel" database_type="POSTGRESQL" encoding="STRING" server="ss-db-postgres" type="USE_TEXT">DROP DATABASE IF EXISTS &quot;$SS_DBPGDATABASE;&quot;</database>
                </process>
                <process>
                    <script background="false" encoding="STRING" input_id="lttng_output_jlk9HJfve1" type="USE_TEXT">$SS_TC_DEPS/bin/lttng stop &amp;&amp; $SS_TC_DEPS/bin/lttng view &amp;&amp; $SS_TC_DEPS/bin/lttng destroy</script>
                </process>
            </post_processes>
            <scoring_formula default="GOOD-10-Default">
                <formula name="GOOD-10-Default">GOOD-10 AND NOT TIMEOUT AND NOT CONTROLLED_EXIT</formula>
            </scoring_formula>
            <output_checks>
                <compare_check check_type="CONTAINS" name="GOOD-10">
                    <actual encoding="STRING" input_id_ref="SIKULI-GOOD-10" output_type="STANDARD_OUT"></actual>
                    <expected encoding="STRING" type="USE_FILE_CONTENTS">good-10/output.txt</expected>
                </compare_check>
                <simple_check check_type="SPECIAL" encoding="STRING" name="TIMEOUT" type="USE_TEXT">DOES_NOT_RETURN</simple_check>
                <simple_check check_type="SPECIAL" encoding="STRING" name="CONTROLLED_EXIT" type="USE_TEXT">CONTROLLED_EXIT</simple_check>
            </output_checks>
        </iopair>
        <iopair name="C-C089B-WIRE-07-ST01-DT02-DF11-CF24-01-BAD-01" reset_scheme="NONE" timeout="120" type="BAD">
            <description>Good inputs: 1) name of country for use in Sql databaseBad inputs:1) SQL argument injection 2) SQL command injection 

</description>
            <technical_impact>EXECUTE_UNAUTHORIZED_CODE</technical_impact>
            <pre_processes scheme="SEQUENCE">
                <process>
                    <script background="false" encoding="STRING" type="USE_TEXT">printf 'env SS_DBPGDATABASE;\nenv GANGMASTER_JUBLILATIONS;\n' | tee nginx_conf_env.txt</script>
                </process>
                <process delay_after="0" delay_before="0">
                    <script background="false" encoding="STRING" type="USE_TEXT">$SS_TC_ROOT/scripts/restart_dm.sh</script>
                </process>
                <process>
                    <environment_variable encoding="STRING" key="GANGMASTER_JUBLILATIONS" type="USE_TEXT">x' or 'x'='x</environment_variable>
                </process>
                <process>
                    <database database_name="northwind_qroptdypslwgvehi" database_type="POSTGRESQL" encoding="STRING" server="ss-db-postgres" type="USE_FILE_CONTENTS">/opt/stonesoup/workspace/scripts/northwind_create_northwind_qroptdypslwgvehi.sql</database>
                </process>
                <process>
                    <environment_variable encoding="STRING" key="SS_DBPGDATABASE" type="USE_TEXT">northwind_qroptdypslwgvehi</environment_variable>
                </process>
                <process>
                    <script background="false" encoding="STRING" type="USE_TEXT">mkdir $SS_TC_ROOT/logs/execute/lttng</script>
                </process>
                <process>
                    <environment_variable encoding="STRING" key="LTTNG_HOME" type="USE_TEXT">$SS_TC_ROOT/logs/execute/lttng</environment_variable>
                </process>
                <process>
                    <environment_variable encoding="STRING" key="SS_RUN_COMMAND_LD_PRELOAD" type="USE_TEXT">$SS_TC_DEPS/lib64/liblttng-stonesoup-c.so:$SS_TC_DEPS/lib64/liblttng-ust-fork.so</environment_variable>
                </process>
                <process>
                    <script background="false" encoding="STRING" type="USE_TEXT">mkdir -p $SS_TC_DEPS/var/run/lttng</script>
                </process>
                <process>
                    <script background="false" encoding="STRING" type="USE_TEXT">$SS_TC_DEPS/bin/lttng create &amp;&amp; $SS_TC_DEPS/bin/lttng enable-event -u -a &amp;&amp; $SS_TC_DEPS/bin/lttng start</script>
                </process>
                <process>
                    <script background="false" encoding="STRING" type="USE_TEXT">rm -rf $SS_TC_ROOT/lockDir</script>
                </process>
                <process>
                    <script background="false" encoding="STRING" type="USE_TEXT">sleep 2 &amp;&amp; printf &quot;Sleeping to allow DB to be created.&quot;</script>
                </process>
            </pre_processes>
            <run_command encoding="STRING" preprend_runcommand="true" type="USE_TEXT"></run_command>
            <co_processes scheme="SEQUENCE">
                <process delay_after="0" delay_before="0">
                    <script background="false" encoding="STRING" input_id="SIKULI-GOOD-01jMA60tfpyM" type="USE_TEXT">$SS_TC_DEPS/bin/run-sikuli.sh &quot;$SS_TC_ROOT/testData/good-01/WIRESHARK-GOOD-01.sikuli --args $SS_USER_DELAY&quot;
                    </script>
                </process>
            </co_processes>
            <post_processes scheme="SEQUENCE">
                <process>
                    <database database_name="northwind_qroptdypslwgvehi" database_type="POSTGRESQL" encoding="STRING" server="ss-db-postgres" type="USE_TEXT">DROP DATABASE IF EXISTS &quot;$SS_DBPGDATABASE;&quot;</database>
                </process>
                <process>
                    <script background="false" encoding="STRING" input_id="lttng_output_Qge23SPyz26bzO5XtY8w" type="USE_TEXT">$SS_TC_DEPS/bin/lttng stop &amp;&amp; $SS_TC_DEPS/bin/lttng view &amp;&amp; $SS_TC_DEPS/bin/lttng destroy</script>
                </process>
            </post_processes>
            <scoring_formula default="db_sql_formula_sCyn3IyhLe">
                <formula name="db_sql_formula_sCyn3IyhLe">weakness_started_Qf2h0ZTbjPjbEd9roraI AND ((NOT PERFORMER AND (db_sql_output_YsOIZhdicC OR db_sql_output_KBEqq2pbQS) AND NOT timeout_cILAmekFMP) or (PERFORMER AND NOT ((db_sql_output_YsOIZhdicC OR db_sql_output_KBEqq2pbQS) OR timeout_cILAmekFMP)))</formula>
                <formula name="no_weakness_started_formula_jibDwSUCr4">(NOT PERFORMER AND (db_sql_output_YsOIZhdicC OR db_sql_output_KBEqq2pbQS) AND NOT timeout_cILAmekFMP) or (PERFORMER AND NOT ((db_sql_output_YsOIZhdicC OR db_sql_output_KBEqq2pbQS) OR timeout_cILAmekFMP))</formula>
            </scoring_formula>
            <output_checks>
                <simple_check check_type="SPECIAL" encoding="STRING" name="timeout_cILAmekFMP" type="USE_TEXT">DOES_NOT_RETURN</simple_check>
                <simple_check check_type="SPECIAL" encoding="STRING" name="controlled_exit_aXTWj4c8b8" type="USE_TEXT">CONTROLLED_EXIT</simple_check>
                <simple_check check_type="SPECIAL" encoding="STRING" name="continued_execution_s4eiq3e4Mm" type="USE_TEXT">CONTINUED_EXECUTION</simple_check>
                <compare_check check_type="CONTAINS" name="db_sql_output_YsOIZhdicC">
                    <actual encoding="STRING" output_type="FILE_CONTENTS">logfile.txt</actual>
                    <expected encoding="STRING" type="USE_TEXT">THEBI          The Big Cheese Liz Nixon      Marketing Manager89 Jefferson Way Suite 2Portland       OR             97201          USA            (503) 555-3612</expected>
                </compare_check>
                <compare_check check_type="CONTAINS" name="db_sql_output_KBEqq2pbQS">
                    <actual encoding="STRING" output_type="FILE_CONTENTS">logfile.txt</actual>
                    <expected encoding="STRING" type="USE_TEXT">WHITC          7              1998-05-01     1998-05-29     1998-05-04     2              44.72          White Clover Markets1029 - 12th Ave. S.Seattle        WA             98124          USA</expected>
                </compare_check>
                <compare_check check_type="CONTAINS" name="weakness_started_Qf2h0ZTbjPjbEd9roraI">
                    <actual encoding="STRING" input_id_ref="lttng_output_Qge23SPyz26bzO5XtY8w" output_type="STANDARD_OUT">None</actual>
                    <expected encoding="STRING" type="USE_TEXT">stonesoup_trace:weakness_start</expected>
                </compare_check>
            </output_checks>
        </iopair>
        <iopair name="C-C089B-WIRE-07-ST01-DT02-DF11-CF24-01-BAD-02" reset_scheme="NONE" timeout="120" type="BAD">
            <description>Good inputs: 1) name of country for use in Sql databaseBad inputs:1) SQL argument injection 2) SQL command injection 

</description>
            <technical_impact>EXECUTE_UNAUTHORIZED_CODE</technical_impact>
            <pre_processes scheme="SEQUENCE">
                <process>
                    <script background="false" encoding="STRING" type="USE_TEXT">printf 'env SS_DBPGDATABASE;\nenv GANGMASTER_JUBLILATIONS;\n' | tee nginx_conf_env.txt</script>
                </process>
                <process delay_after="0" delay_before="0">
                    <script background="false" encoding="STRING" type="USE_TEXT">$SS_TC_ROOT/scripts/restart_dm.sh</script>
                </process>
                <process>
                    <environment_variable encoding="STRING" key="GANGMASTER_JUBLILATIONS" type="USE_TEXT">x'; SELECT * FROM Orders; -- </environment_variable>
                </process>
                <process>
                    <database database_name="northwind_ljbgdnivzyyumqas" database_type="POSTGRESQL" encoding="STRING" server="ss-db-postgres" type="USE_FILE_CONTENTS">/opt/stonesoup/workspace/scripts/northwind_create_northwind_ljbgdnivzyyumqas.sql</database>
                </process>
                <process>
                    <environment_variable encoding="STRING" key="SS_DBPGDATABASE" type="USE_TEXT">northwind_ljbgdnivzyyumqas</environment_variable>
                </process>
                <process>
                    <script background="false" encoding="STRING" type="USE_TEXT">mkdir $SS_TC_ROOT/logs/execute/lttng</script>
                </process>
                <process>
                    <environment_variable encoding="STRING" key="LTTNG_HOME" type="USE_TEXT">$SS_TC_ROOT/logs/execute/lttng</environment_variable>
                </process>
                <process>
                    <environment_variable encoding="STRING" key="SS_RUN_COMMAND_LD_PRELOAD" type="USE_TEXT">$SS_TC_DEPS/lib64/liblttng-stonesoup-c.so:$SS_TC_DEPS/lib64/liblttng-ust-fork.so</environment_variable>
                </process>
                <process>
                    <script background="false" encoding="STRING" type="USE_TEXT">mkdir -p $SS_TC_DEPS/var/run/lttng</script>
                </process>
                <process>
                    <script background="false" encoding="STRING" type="USE_TEXT">$SS_TC_DEPS/bin/lttng create &amp;&amp; $SS_TC_DEPS/bin/lttng enable-event -u -a &amp;&amp; $SS_TC_DEPS/bin/lttng start</script>
                </process>
                <process>
                    <script background="false" encoding="STRING" type="USE_TEXT">rm -rf $SS_TC_ROOT/lockDir</script>
                </process>
                <process>
                    <script background="false" encoding="STRING" type="USE_TEXT">sleep 2 &amp;&amp; printf &quot;Sleeping to allow DB to be created.&quot;</script>
                </process>
            </pre_processes>
            <run_command encoding="STRING" preprend_runcommand="true" type="USE_TEXT"></run_command>
            <co_processes scheme="SEQUENCE">
                <process delay_after="0" delay_before="0">
                    <script background="false" encoding="STRING" input_id="SIKULI-GOOD-01Ut0H3tcPGk" type="USE_TEXT">$SS_TC_DEPS/bin/run-sikuli.sh &quot;$SS_TC_ROOT/testData/good-01/WIRESHARK-GOOD-01.sikuli --args $SS_USER_DELAY&quot;
                    </script>
                </process>
            </co_processes>
            <post_processes scheme="SEQUENCE">
                <process>
                    <database database_name="northwind_ljbgdnivzyyumqas" database_type="POSTGRESQL" encoding="STRING" server="ss-db-postgres" type="USE_TEXT">DROP DATABASE IF EXISTS &quot;$SS_DBPGDATABASE;&quot;</database>
                </process>
                <process>
                    <script background="false" encoding="STRING" input_id="lttng_output_MeUsnqT6gqHTZloXiCHI" type="USE_TEXT">$SS_TC_DEPS/bin/lttng stop &amp;&amp; $SS_TC_DEPS/bin/lttng view &amp;&amp; $SS_TC_DEPS/bin/lttng destroy</script>
                </process>
            </post_processes>
            <scoring_formula default="db_sql_formula_KNA93lxXEu">
                <formula name="db_sql_formula_KNA93lxXEu">weakness_started_ObGbktswRxHNgwtIFjgD AND ((NOT PERFORMER AND (db_sql_output_VqxSdUWprs OR db_sql_output_nRljHAKKOH) AND NOT timeout_6Dm49IojaZ) or (PERFORMER AND NOT ((db_sql_output_VqxSdUWprs OR db_sql_output_nRljHAKKOH) OR timeout_6Dm49IojaZ)))</formula>
                <formula name="no_weakness_started_formula_Vkd0zzAUur">(NOT PERFORMER AND (db_sql_output_VqxSdUWprs OR db_sql_output_nRljHAKKOH) AND NOT timeout_6Dm49IojaZ) or (PERFORMER AND NOT ((db_sql_output_VqxSdUWprs OR db_sql_output_nRljHAKKOH) OR timeout_6Dm49IojaZ))</formula>
            </scoring_formula>
            <output_checks>
                <simple_check check_type="SPECIAL" encoding="STRING" name="timeout_6Dm49IojaZ" type="USE_TEXT">DOES_NOT_RETURN</simple_check>
                <simple_check check_type="SPECIAL" encoding="STRING" name="controlled_exit_jeWPSg4oyi" type="USE_TEXT">CONTROLLED_EXIT</simple_check>
                <simple_check check_type="SPECIAL" encoding="STRING" name="continued_execution_9Aw31CHZ8e" type="USE_TEXT">CONTINUED_EXECUTION</simple_check>
                <compare_check check_type="CONTAINS" name="db_sql_output_VqxSdUWprs">
                    <actual encoding="STRING" output_type="FILE_CONTENTS">logfile.txt</actual>
                    <expected encoding="STRING" type="USE_TEXT">THEBI          The Big Cheese Liz Nixon      Marketing Manager89 Jefferson Way Suite 2Portland       OR             97201          USA            (503) 555-3612</expected>
                </compare_check>
                <compare_check check_type="CONTAINS" name="db_sql_output_nRljHAKKOH">
                    <actual encoding="STRING" output_type="FILE_CONTENTS">logfile.txt</actual>
                    <expected encoding="STRING" type="USE_TEXT">WHITC          7              1998-05-01     1998-05-29     1998-05-04     2              44.72          White Clover Markets1029 - 12th Ave. S.Seattle        WA             98124          USA</expected>
                </compare_check>
                <compare_check check_type="CONTAINS" name="weakness_started_ObGbktswRxHNgwtIFjgD">
                    <actual encoding="STRING" input_id_ref="lttng_output_MeUsnqT6gqHTZloXiCHI" output_type="STANDARD_OUT">None</actual>
                    <expected encoding="STRING" type="USE_TEXT">stonesoup_trace:weakness_start</expected>
                </compare_check>
            </output_checks>
        </iopair>
    </iopairs>
</project>
