<?xml version="1.0" encoding="utf-8"?>
<project base_program="C-OSSL" language="C" name="C-C089D-OSSL-01-ST04-DT01-DF05-CF01-01" targeted_architecture="ANY" targeted_os="LINUX" test_case_type="ALL" xmlns="urn:stonesoup:project">
    <description>Creating test case using base program.
Added an environment variable read to get a key in order to read in data from shared memory.
Completed injection.
</description>
    <additional_information>
        <keyvalue key="algorithmic_variant_name">UNSPECIFIED</keyvalue>
        <keyvalue key="root_cause">UNSPECIFIED</keyvalue>
    </additional_information>
    <structure install="install" iodata="testData" scoredata="testOutput" scripts="scripts" source="src"/>
    <run_command>$SS_TC_ROOT/$SS_TC_INSTALL/bin/openssl</run_command>
    <weakness generation_method="FAULT_INJECTED">
        <variant cwe="CWE-89" name="CWE-89-D"/>
        <features>
            <taint_source file_name="/crypto/evp/e_camellia.c" line_number="0" type="SHARED_MEMORY">
                <method name="vent_bicuspidate"/>
            </taint_source>
            <control_flow file_name="/crypto/evp/e_camellia.c" line_number="0" type="CALLBACK">
                <method name="EVP_camellia_192_cbc"/>
            </control_flow>
            <data_flow file_name="/crypto/evp/e_camellia.c" line_number="0" type="ADDRESS_AS_CONSTANT">
                <method name="uncomplex_questor"/>
            </data_flow>
            <data_type file_name="/crypto/evp/e_camellia.c" line_number="0" type="ARRAY">
                <method name="scissoring_intercollegiate"/>
            </data_type>
        </features>
    </weakness>
    <build_commands cppflags="-DSTONESOUP_TRACE=1" ldflags="-ldl" libs="-lpq -ldl">
        <command>CFLAG=&quot;-O $CFLAGS&quot; EX_LIBS=&quot;$LDFLAGS $LIBS&quot; ./config --prefix=&quot;$SS_TC_ROOT/$SS_TC_INSTALL&quot; shared</command>
        <command>make CC=&quot;$SS_CC&quot; CCLD=&quot;$SS_LNK&quot; EX_LIBS=&quot;$LDFLAGS $LIBS&quot;</command>
        <command>make install_sw CC=&quot;$SS_CC&quot; CCLD=&quot;$SS_LNK&quot; EX_LIBS=&quot;$LDFLAGS $SS_LDFLAGS $LIBS&quot;</command>
    </build_commands>
    <iopairs>
        <iopair name="C-C089D-OSSL-01-ST04-DT01-DF05-CF01-01-GOOD-01" reset_scheme="NONE" timeout="300" type="GOOD">
            <description>Generate an RSA private key
Good inputs: 1) name of shipper for use in Sql databaseBad inputs:SQL argument injection 

</description>
            <technical_impact>NONE</technical_impact>
            <pre_processes scheme="SEQUENCE">
                <process>
                    <script background="false" encoding="STRING" type="USE_TEXT">gcc -o &quot;$SS_TC_ROOT/scripts/shm_setup&quot; &quot;$SS_TC_ROOT/scripts/shm_setup.c&quot;</script>
                </process>
                <process>
                    <script background="false" encoding="STRING" type="USE_TEXT">printf 'env SS_DBPGDATABASE;\n' | tee nginx_conf_env.txt</script>
                </process>
                <process delay_after="2">
                    <script background="false" encoding="STRING" type="USE_TEXT">nohup shm_setup -k 4011 -s 73 -m &quot;shipper1&quot; -o /opt/stonesoup/workspace/inputDaemons/shared_memory_01.id &gt; /opt/stonesoup/workspace/inputDaemons/shared_memory_01.out 2&gt;&amp;1 &amp; echo $! &gt; /opt/stonesoup/workspace/inputDaemons/shared_memory_01.pid &amp;&amp; echo &quot;Shared memory created&quot;</script>
                </process>
                <process>
                    <database database_name="northwind_pnlucndvatlmfbst" database_type="POSTGRESQL" encoding="STRING" server="ss-db-postgres" type="USE_FILE_CONTENTS">/opt/stonesoup/workspace/scripts/northwind_create_northwind_pnlucndvatlmfbst.sql</database>
                </process>
                <process>
                    <environment_variable encoding="STRING" key="SS_DBPGDATABASE" type="USE_TEXT">northwind_pnlucndvatlmfbst</environment_variable>
                </process>
                <process>
                    <script background="false" encoding="STRING" type="USE_TEXT">mkdir $SS_TC_ROOT/logs/execute/lttng</script>
                </process>
                <process>
                    <environment_variable encoding="STRING" key="LTTNG_HOME" type="USE_TEXT">$SS_TC_ROOT/logs/execute/lttng</environment_variable>
                </process>
                <process>
                    <environment_variable encoding="STRING" key="SS_RUN_COMMAND_LD_PRELOAD" type="USE_TEXT">$SS_TC_DEPS/lib64/liblttng-stonesoup-c.so:$SS_TC_DEPS/lib64/liblttng-ust-fork.so</environment_variable>
                </process>
                <process>
                    <script background="false" encoding="STRING" type="USE_TEXT">mkdir -p $SS_TC_DEPS/var/run/lttng</script>
                </process>
                <process>
                    <script background="false" encoding="STRING" type="USE_TEXT">$SS_TC_DEPS/bin/lttng create &amp;&amp; $SS_TC_DEPS/bin/lttng enable-event -u -a &amp;&amp; $SS_TC_DEPS/bin/lttng start</script>
                </process>
                <process>
                    <script background="false" encoding="STRING" type="USE_TEXT">rm -rf $SS_TC_ROOT/lockDir</script>
                </process>
                <process>
                    <script background="false" encoding="STRING" type="USE_TEXT">sleep 2 &amp;&amp; printf &quot;Sleeping to allow DB to be created.&quot;</script>
                </process>
            </pre_processes>
            <run_command encoding="STRING" preprend_runcommand="true" type="USE_TEXT">genpkey -out $SS_TC_ROOT/testOutput/good-01/key.pem -algorithm RSA</run_command>
            <post_processes scheme="SEQUENCE">
                <process>
                    <database database_name="northwind_pnlucndvatlmfbst" database_type="POSTGRESQL" encoding="STRING" server="ss-db-postgres" type="USE_TEXT">DROP DATABASE IF EXISTS &quot;$SS_DBPGDATABASE;&quot;</database>
                </process>
                <process delay_after="2">
                    <script background="false" encoding="STRING" type="USE_TEXT">if [[ -f &quot;/opt/stonesoup/workspace/inputDaemons/shared_memory_01.pid&quot; ]]; then killtree.sh -s 9 -p $(cat &quot;/opt/stonesoup/workspace/inputDaemons/shared_memory_01.pid&quot;) &amp;&amp; echo &quot;Killed shared memory server.&quot;; else echo &quot;Failed: Shared memory server PID file does not exist.&quot;; fi</script>
                </process>
                <process>
                    <script background="false" encoding="STRING" type="USE_TEXT">if [[ -f &quot;/opt/stonesoup/workspace/inputDaemons/shared_memory_01.id&quot; ]]; then ipcrm -m $(cat &quot;/opt/stonesoup/workspace/inputDaemons/shared_memory_01.id&quot;) &amp;&amp; echo &quot;Deleted shared memory segment.&quot;; else echo &quot;Failed: Shared memory ID file does not exist.&quot;; fi</script>
                </process>
                <process>
                    <script background="false" encoding="STRING" input_id="lttng_output_w4swnI6Rik" type="USE_TEXT">$SS_TC_DEPS/bin/lttng stop &amp;&amp; $SS_TC_DEPS/bin/lttng view &amp;&amp; $SS_TC_DEPS/bin/lttng destroy</script>
                </process>
            </post_processes>
            <scoring_formula default="GOOD-01-Default">
                <formula name="GOOD-01-Default">GOOD-01 AND NOT TIMEOUT AND NOT CONTROLLED_EXIT</formula>
            </scoring_formula>
            <output_checks>
                <compare_check check_type="CONTAINS" name="GOOD-01">
                    <actual encoding="STRING" output_type="FILE_CONTENTS">../testOutput/good-01/key.pem</actual>
                    <expected encoding="STRING" type="USE_TEXT">-----END PRIVATE KEY-----</expected>
                </compare_check>
                <simple_check check_type="SPECIAL" encoding="STRING" name="TIMEOUT" type="USE_TEXT">DOES_NOT_RETURN</simple_check>
                <simple_check check_type="SPECIAL" encoding="STRING" name="CONTROLLED_EXIT" type="USE_TEXT">CONTROLLED_EXIT</simple_check>
            </output_checks>
        </iopair>
        <iopair name="C-C089D-OSSL-01-ST04-DT01-DF05-CF01-01-GOOD-02" reset_scheme="NONE" timeout="300" type="GOOD">
            <description>Create a password hash using crypt, and salt of &quot;xx&quot;
Good inputs: 1) name of shipper for use in Sql databaseBad inputs:SQL argument injection 

</description>
            <technical_impact>NONE</technical_impact>
            <pre_processes scheme="SEQUENCE">
                <process>
                    <script background="false" encoding="STRING" type="USE_TEXT">gcc -o &quot;$SS_TC_ROOT/scripts/shm_setup&quot; &quot;$SS_TC_ROOT/scripts/shm_setup.c&quot;</script>
                </process>
                <process>
                    <script background="false" encoding="STRING" type="USE_TEXT">printf 'env SS_DBPGDATABASE;\n' | tee nginx_conf_env.txt</script>
                </process>
                <process delay_after="2">
                    <script background="false" encoding="STRING" type="USE_TEXT">nohup shm_setup -k 4011 -s 73 -m &quot;NewShipper&quot; -o /opt/stonesoup/workspace/inputDaemons/shared_memory_01.id &gt; /opt/stonesoup/workspace/inputDaemons/shared_memory_01.out 2&gt;&amp;1 &amp; echo $! &gt; /opt/stonesoup/workspace/inputDaemons/shared_memory_01.pid &amp;&amp; echo &quot;Shared memory created&quot;</script>
                </process>
                <process>
                    <database database_name="northwind_clvsnonuteeqgjis" database_type="POSTGRESQL" encoding="STRING" server="ss-db-postgres" type="USE_FILE_CONTENTS">/opt/stonesoup/workspace/scripts/northwind_create_northwind_clvsnonuteeqgjis.sql</database>
                </process>
                <process>
                    <environment_variable encoding="STRING" key="SS_DBPGDATABASE" type="USE_TEXT">northwind_clvsnonuteeqgjis</environment_variable>
                </process>
                <process>
                    <script background="false" encoding="STRING" type="USE_TEXT">mkdir $SS_TC_ROOT/logs/execute/lttng</script>
                </process>
                <process>
                    <environment_variable encoding="STRING" key="LTTNG_HOME" type="USE_TEXT">$SS_TC_ROOT/logs/execute/lttng</environment_variable>
                </process>
                <process>
                    <environment_variable encoding="STRING" key="SS_RUN_COMMAND_LD_PRELOAD" type="USE_TEXT">$SS_TC_DEPS/lib64/liblttng-stonesoup-c.so:$SS_TC_DEPS/lib64/liblttng-ust-fork.so</environment_variable>
                </process>
                <process>
                    <script background="false" encoding="STRING" type="USE_TEXT">mkdir -p $SS_TC_DEPS/var/run/lttng</script>
                </process>
                <process>
                    <script background="false" encoding="STRING" type="USE_TEXT">$SS_TC_DEPS/bin/lttng create &amp;&amp; $SS_TC_DEPS/bin/lttng enable-event -u -a &amp;&amp; $SS_TC_DEPS/bin/lttng start</script>
                </process>
                <process>
                    <script background="false" encoding="STRING" type="USE_TEXT">rm -rf $SS_TC_ROOT/lockDir</script>
                </process>
                <process>
                    <script background="false" encoding="STRING" type="USE_TEXT">sleep 2 &amp;&amp; printf &quot;Sleeping to allow DB to be created.&quot;</script>
                </process>
            </pre_processes>
            <run_command encoding="STRING" preprend_runcommand="true" type="USE_TEXT">passwd -crypt -salt xx password</run_command>
            <post_processes scheme="SEQUENCE">
                <process>
                    <database database_name="northwind_clvsnonuteeqgjis" database_type="POSTGRESQL" encoding="STRING" server="ss-db-postgres" type="USE_TEXT">DROP DATABASE IF EXISTS &quot;$SS_DBPGDATABASE;&quot;</database>
                </process>
                <process delay_after="2">
                    <script background="false" encoding="STRING" type="USE_TEXT">if [[ -f &quot;/opt/stonesoup/workspace/inputDaemons/shared_memory_01.pid&quot; ]]; then killtree.sh -s 9 -p $(cat &quot;/opt/stonesoup/workspace/inputDaemons/shared_memory_01.pid&quot;) &amp;&amp; echo &quot;Killed shared memory server.&quot;; else echo &quot;Failed: Shared memory server PID file does not exist.&quot;; fi</script>
                </process>
                <process>
                    <script background="false" encoding="STRING" type="USE_TEXT">if [[ -f &quot;/opt/stonesoup/workspace/inputDaemons/shared_memory_01.id&quot; ]]; then ipcrm -m $(cat &quot;/opt/stonesoup/workspace/inputDaemons/shared_memory_01.id&quot;) &amp;&amp; echo &quot;Deleted shared memory segment.&quot;; else echo &quot;Failed: Shared memory ID file does not exist.&quot;; fi</script>
                </process>
                <process>
                    <script background="false" encoding="STRING" input_id="lttng_output_KZtX5kmdKS" type="USE_TEXT">$SS_TC_DEPS/bin/lttng stop &amp;&amp; $SS_TC_DEPS/bin/lttng view &amp;&amp; $SS_TC_DEPS/bin/lttng destroy</script>
                </process>
            </post_processes>
            <scoring_formula default="GOOD-02-Default">
                <formula name="GOOD-02-Default">GOOD-02 AND NOT TIMEOUT AND NOT CONTROLLED_EXIT</formula>
            </scoring_formula>
            <output_checks>
                <compare_check check_type="CONTAINS" name="GOOD-02">
                    <actual encoding="STRING" output_type="STANDARD_OUT"></actual>
                    <expected encoding="STRING" type="USE_TEXT">xxj31ZMTZzkVA</expected>
                </compare_check>
                <simple_check check_type="SPECIAL" encoding="STRING" name="TIMEOUT" type="USE_TEXT">DOES_NOT_RETURN</simple_check>
                <simple_check check_type="SPECIAL" encoding="STRING" name="CONTROLLED_EXIT" type="USE_TEXT">CONTROLLED_EXIT</simple_check>
            </output_checks>
        </iopair>
        <iopair name="C-C089D-OSSL-01-ST04-DT01-DF05-CF01-01-GOOD-03" reset_scheme="NONE" timeout="300" type="GOOD">
            <description>Encrypt a file with DES3 using salt and key of &quot;stonesoup&quot;
Good inputs: 1) name of shipper for use in Sql databaseBad inputs:SQL argument injection 

</description>
            <technical_impact>NONE</technical_impact>
            <pre_processes scheme="SEQUENCE">
                <process>
                    <script background="false" encoding="STRING" type="USE_TEXT">gcc -o &quot;$SS_TC_ROOT/scripts/shm_setup&quot; &quot;$SS_TC_ROOT/scripts/shm_setup.c&quot;</script>
                </process>
                <process>
                    <script background="false" encoding="STRING" type="USE_TEXT">printf 'env SS_DBPGDATABASE;\n' | tee nginx_conf_env.txt</script>
                </process>
                <process delay_after="2">
                    <script background="false" encoding="STRING" type="USE_TEXT">nohup shm_setup -k 4011 -s 73 -m &quot;ShippingCompany&quot; -o /opt/stonesoup/workspace/inputDaemons/shared_memory_01.id &gt; /opt/stonesoup/workspace/inputDaemons/shared_memory_01.out 2&gt;&amp;1 &amp; echo $! &gt; /opt/stonesoup/workspace/inputDaemons/shared_memory_01.pid &amp;&amp; echo &quot;Shared memory created&quot;</script>
                </process>
                <process>
                    <database database_name="northwind_hzdgfanzrvpuwtws" database_type="POSTGRESQL" encoding="STRING" server="ss-db-postgres" type="USE_FILE_CONTENTS">/opt/stonesoup/workspace/scripts/northwind_create_northwind_hzdgfanzrvpuwtws.sql</database>
                </process>
                <process>
                    <environment_variable encoding="STRING" key="SS_DBPGDATABASE" type="USE_TEXT">northwind_hzdgfanzrvpuwtws</environment_variable>
                </process>
                <process>
                    <script background="false" encoding="STRING" type="USE_TEXT">mkdir $SS_TC_ROOT/logs/execute/lttng</script>
                </process>
                <process>
                    <environment_variable encoding="STRING" key="LTTNG_HOME" type="USE_TEXT">$SS_TC_ROOT/logs/execute/lttng</environment_variable>
                </process>
                <process>
                    <environment_variable encoding="STRING" key="SS_RUN_COMMAND_LD_PRELOAD" type="USE_TEXT">$SS_TC_DEPS/lib64/liblttng-stonesoup-c.so:$SS_TC_DEPS/lib64/liblttng-ust-fork.so</environment_variable>
                </process>
                <process>
                    <script background="false" encoding="STRING" type="USE_TEXT">mkdir -p $SS_TC_DEPS/var/run/lttng</script>
                </process>
                <process>
                    <script background="false" encoding="STRING" type="USE_TEXT">$SS_TC_DEPS/bin/lttng create &amp;&amp; $SS_TC_DEPS/bin/lttng enable-event -u -a &amp;&amp; $SS_TC_DEPS/bin/lttng start</script>
                </process>
                <process>
                    <script background="false" encoding="STRING" type="USE_TEXT">rm -rf $SS_TC_ROOT/lockDir</script>
                </process>
                <process>
                    <script background="false" encoding="STRING" type="USE_TEXT">sleep 2 &amp;&amp; printf &quot;Sleeping to allow DB to be created.&quot;</script>
                </process>
            </pre_processes>
            <run_command encoding="STRING" preprend_runcommand="true" type="USE_TEXT">des3 -salt -in good-03/file.txt -out $SS_TC_ROOT/testOutput/good-03/file.des3 -k &quot;stonesoup&quot;</run_command>
            <post_processes scheme="SEQUENCE">
                <process>
                    <database database_name="northwind_hzdgfanzrvpuwtws" database_type="POSTGRESQL" encoding="STRING" server="ss-db-postgres" type="USE_TEXT">DROP DATABASE IF EXISTS &quot;$SS_DBPGDATABASE;&quot;</database>
                </process>
                <process delay_after="2">
                    <script background="false" encoding="STRING" type="USE_TEXT">if [[ -f &quot;/opt/stonesoup/workspace/inputDaemons/shared_memory_01.pid&quot; ]]; then killtree.sh -s 9 -p $(cat &quot;/opt/stonesoup/workspace/inputDaemons/shared_memory_01.pid&quot;) &amp;&amp; echo &quot;Killed shared memory server.&quot;; else echo &quot;Failed: Shared memory server PID file does not exist.&quot;; fi</script>
                </process>
                <process>
                    <script background="false" encoding="STRING" type="USE_TEXT">if [[ -f &quot;/opt/stonesoup/workspace/inputDaemons/shared_memory_01.id&quot; ]]; then ipcrm -m $(cat &quot;/opt/stonesoup/workspace/inputDaemons/shared_memory_01.id&quot;) &amp;&amp; echo &quot;Deleted shared memory segment.&quot;; else echo &quot;Failed: Shared memory ID file does not exist.&quot;; fi</script>
                </process>
                <process>
                    <script background="false" encoding="STRING" input_id="lttng_output_zBKWkMorZG" type="USE_TEXT">$SS_TC_DEPS/bin/lttng stop &amp;&amp; $SS_TC_DEPS/bin/lttng view &amp;&amp; $SS_TC_DEPS/bin/lttng destroy</script>
                </process>
            </post_processes>
            <scoring_formula default="GOOD-03-Default">
                <formula name="GOOD-03-Default">GOOD-03 AND NOT TIMEOUT AND NOT CONTROLLED_EXIT</formula>
            </scoring_formula>
            <output_checks>
                <compare_check check_type="CONTAINS" name="GOOD-03">
                    <actual encoding="STRING" output_type="FILE_CONTENTS">../testOutput/good-03/file.des3</actual>
                    <expected encoding="STRING" type="USE_TEXT">Salted__</expected>
                </compare_check>
                <simple_check check_type="SPECIAL" encoding="STRING" name="TIMEOUT" type="USE_TEXT">DOES_NOT_RETURN</simple_check>
                <simple_check check_type="SPECIAL" encoding="STRING" name="CONTROLLED_EXIT" type="USE_TEXT">CONTROLLED_EXIT</simple_check>
            </output_checks>
        </iopair>
        <iopair name="C-C089D-OSSL-01-ST04-DT01-DF05-CF01-01-GOOD-04" reset_scheme="NONE" timeout="300" type="GOOD">
            <description>parse ASN1 structure
Good inputs: 1) name of shipper for use in Sql databaseBad inputs:SQL argument injection 

</description>
            <technical_impact>NONE</technical_impact>
            <pre_processes scheme="SEQUENCE">
                <process>
                    <script background="false" encoding="STRING" type="USE_TEXT">gcc -o &quot;$SS_TC_ROOT/scripts/shm_setup&quot; &quot;$SS_TC_ROOT/scripts/shm_setup.c&quot;</script>
                </process>
                <process>
                    <script background="false" encoding="STRING" type="USE_TEXT">printf 'env SS_DBPGDATABASE;\n' | tee nginx_conf_env.txt</script>
                </process>
                <process delay_after="2">
                    <script background="false" encoding="STRING" type="USE_TEXT">nohup shm_setup -k 4011 -s 73 -m &quot;shipper1&quot; -o /opt/stonesoup/workspace/inputDaemons/shared_memory_01.id &gt; /opt/stonesoup/workspace/inputDaemons/shared_memory_01.out 2&gt;&amp;1 &amp; echo $! &gt; /opt/stonesoup/workspace/inputDaemons/shared_memory_01.pid &amp;&amp; echo &quot;Shared memory created&quot;</script>
                </process>
                <process>
                    <database database_name="northwind_ywkvpsyxywnttgep" database_type="POSTGRESQL" encoding="STRING" server="ss-db-postgres" type="USE_FILE_CONTENTS">/opt/stonesoup/workspace/scripts/northwind_create_northwind_ywkvpsyxywnttgep.sql</database>
                </process>
                <process>
                    <environment_variable encoding="STRING" key="SS_DBPGDATABASE" type="USE_TEXT">northwind_ywkvpsyxywnttgep</environment_variable>
                </process>
                <process>
                    <script background="false" encoding="STRING" type="USE_TEXT">mkdir $SS_TC_ROOT/logs/execute/lttng</script>
                </process>
                <process>
                    <environment_variable encoding="STRING" key="LTTNG_HOME" type="USE_TEXT">$SS_TC_ROOT/logs/execute/lttng</environment_variable>
                </process>
                <process>
                    <environment_variable encoding="STRING" key="SS_RUN_COMMAND_LD_PRELOAD" type="USE_TEXT">$SS_TC_DEPS/lib64/liblttng-stonesoup-c.so:$SS_TC_DEPS/lib64/liblttng-ust-fork.so</environment_variable>
                </process>
                <process>
                    <script background="false" encoding="STRING" type="USE_TEXT">mkdir -p $SS_TC_DEPS/var/run/lttng</script>
                </process>
                <process>
                    <script background="false" encoding="STRING" type="USE_TEXT">$SS_TC_DEPS/bin/lttng create &amp;&amp; $SS_TC_DEPS/bin/lttng enable-event -u -a &amp;&amp; $SS_TC_DEPS/bin/lttng start</script>
                </process>
                <process>
                    <script background="false" encoding="STRING" type="USE_TEXT">rm -rf $SS_TC_ROOT/lockDir</script>
                </process>
                <process>
                    <script background="false" encoding="STRING" type="USE_TEXT">sleep 2 &amp;&amp; printf &quot;Sleeping to allow DB to be created.&quot;</script>
                </process>
            </pre_processes>
            <run_command encoding="STRING" preprend_runcommand="true" type="USE_TEXT">asn1parse -genstr 'UTF8:Hello World'</run_command>
            <post_processes scheme="SEQUENCE">
                <process>
                    <database database_name="northwind_ywkvpsyxywnttgep" database_type="POSTGRESQL" encoding="STRING" server="ss-db-postgres" type="USE_TEXT">DROP DATABASE IF EXISTS &quot;$SS_DBPGDATABASE;&quot;</database>
                </process>
                <process delay_after="2">
                    <script background="false" encoding="STRING" type="USE_TEXT">if [[ -f &quot;/opt/stonesoup/workspace/inputDaemons/shared_memory_01.pid&quot; ]]; then killtree.sh -s 9 -p $(cat &quot;/opt/stonesoup/workspace/inputDaemons/shared_memory_01.pid&quot;) &amp;&amp; echo &quot;Killed shared memory server.&quot;; else echo &quot;Failed: Shared memory server PID file does not exist.&quot;; fi</script>
                </process>
                <process>
                    <script background="false" encoding="STRING" type="USE_TEXT">if [[ -f &quot;/opt/stonesoup/workspace/inputDaemons/shared_memory_01.id&quot; ]]; then ipcrm -m $(cat &quot;/opt/stonesoup/workspace/inputDaemons/shared_memory_01.id&quot;) &amp;&amp; echo &quot;Deleted shared memory segment.&quot;; else echo &quot;Failed: Shared memory ID file does not exist.&quot;; fi</script>
                </process>
                <process>
                    <script background="false" encoding="STRING" input_id="lttng_output_vVE9y3nwp2" type="USE_TEXT">$SS_TC_DEPS/bin/lttng stop &amp;&amp; $SS_TC_DEPS/bin/lttng view &amp;&amp; $SS_TC_DEPS/bin/lttng destroy</script>
                </process>
            </post_processes>
            <scoring_formula default="GOOD-04-Default">
                <formula name="GOOD-04-Default">GOOD-04 AND NOT TIMEOUT AND NOT CONTROLLED_EXIT</formula>
            </scoring_formula>
            <output_checks>
                <compare_check check_type="CONTAINS" name="GOOD-04">
                    <actual encoding="STRING" output_type="STANDARD_OUT"></actual>
                    <expected encoding="STRING" type="USE_TEXT">    0:d=0  hl=2 l=  11 prim: UTF8STRING        :Hello World</expected>
                </compare_check>
                <simple_check check_type="SPECIAL" encoding="STRING" name="TIMEOUT" type="USE_TEXT">DOES_NOT_RETURN</simple_check>
                <simple_check check_type="SPECIAL" encoding="STRING" name="CONTROLLED_EXIT" type="USE_TEXT">CONTROLLED_EXIT</simple_check>
            </output_checks>
        </iopair>
        <iopair name="C-C089D-OSSL-01-ST04-DT01-DF05-CF01-01-GOOD-05" reset_scheme="NONE" timeout="300" type="GOOD">
            <description>create Netscape certficiate from PEM
Good inputs: 1) name of shipper for use in Sql databaseBad inputs:SQL argument injection 

</description>
            <technical_impact>NONE</technical_impact>
            <pre_processes scheme="SEQUENCE">
                <process>
                    <script background="false" encoding="STRING" type="USE_TEXT">gcc -o &quot;$SS_TC_ROOT/scripts/shm_setup&quot; &quot;$SS_TC_ROOT/scripts/shm_setup.c&quot;</script>
                </process>
                <process>
                    <script background="false" encoding="STRING" type="USE_TEXT">printf 'env SS_DBPGDATABASE;\n' | tee nginx_conf_env.txt</script>
                </process>
                <process delay_after="2">
                    <script background="false" encoding="STRING" type="USE_TEXT">nohup shm_setup -k 4011 -s 73 -m &quot;NewShipper&quot; -o /opt/stonesoup/workspace/inputDaemons/shared_memory_01.id &gt; /opt/stonesoup/workspace/inputDaemons/shared_memory_01.out 2&gt;&amp;1 &amp; echo $! &gt; /opt/stonesoup/workspace/inputDaemons/shared_memory_01.pid &amp;&amp; echo &quot;Shared memory created&quot;</script>
                </process>
                <process>
                    <database database_name="northwind_iutumxxotwuvdzns" database_type="POSTGRESQL" encoding="STRING" server="ss-db-postgres" type="USE_FILE_CONTENTS">/opt/stonesoup/workspace/scripts/northwind_create_northwind_iutumxxotwuvdzns.sql</database>
                </process>
                <process>
                    <environment_variable encoding="STRING" key="SS_DBPGDATABASE" type="USE_TEXT">northwind_iutumxxotwuvdzns</environment_variable>
                </process>
                <process>
                    <script background="false" encoding="STRING" type="USE_TEXT">mkdir $SS_TC_ROOT/logs/execute/lttng</script>
                </process>
                <process>
                    <environment_variable encoding="STRING" key="LTTNG_HOME" type="USE_TEXT">$SS_TC_ROOT/logs/execute/lttng</environment_variable>
                </process>
                <process>
                    <environment_variable encoding="STRING" key="SS_RUN_COMMAND_LD_PRELOAD" type="USE_TEXT">$SS_TC_DEPS/lib64/liblttng-stonesoup-c.so:$SS_TC_DEPS/lib64/liblttng-ust-fork.so</environment_variable>
                </process>
                <process>
                    <script background="false" encoding="STRING" type="USE_TEXT">mkdir -p $SS_TC_DEPS/var/run/lttng</script>
                </process>
                <process>
                    <script background="false" encoding="STRING" type="USE_TEXT">$SS_TC_DEPS/bin/lttng create &amp;&amp; $SS_TC_DEPS/bin/lttng enable-event -u -a &amp;&amp; $SS_TC_DEPS/bin/lttng start</script>
                </process>
                <process>
                    <script background="false" encoding="STRING" type="USE_TEXT">rm -rf $SS_TC_ROOT/lockDir</script>
                </process>
                <process>
                    <script background="false" encoding="STRING" type="USE_TEXT">sleep 2 &amp;&amp; printf &quot;Sleeping to allow DB to be created.&quot;</script>
                </process>
            </pre_processes>
            <run_command encoding="STRING" preprend_runcommand="true" type="USE_TEXT">nseq -in good-05/cert.pem -toseq -out $SS_TC_ROOT/testOutput/good-05/nseq.pem</run_command>
            <post_processes scheme="SEQUENCE">
                <process>
                    <database database_name="northwind_iutumxxotwuvdzns" database_type="POSTGRESQL" encoding="STRING" server="ss-db-postgres" type="USE_TEXT">DROP DATABASE IF EXISTS &quot;$SS_DBPGDATABASE;&quot;</database>
                </process>
                <process delay_after="2">
                    <script background="false" encoding="STRING" type="USE_TEXT">if [[ -f &quot;/opt/stonesoup/workspace/inputDaemons/shared_memory_01.pid&quot; ]]; then killtree.sh -s 9 -p $(cat &quot;/opt/stonesoup/workspace/inputDaemons/shared_memory_01.pid&quot;) &amp;&amp; echo &quot;Killed shared memory server.&quot;; else echo &quot;Failed: Shared memory server PID file does not exist.&quot;; fi</script>
                </process>
                <process>
                    <script background="false" encoding="STRING" type="USE_TEXT">if [[ -f &quot;/opt/stonesoup/workspace/inputDaemons/shared_memory_01.id&quot; ]]; then ipcrm -m $(cat &quot;/opt/stonesoup/workspace/inputDaemons/shared_memory_01.id&quot;) &amp;&amp; echo &quot;Deleted shared memory segment.&quot;; else echo &quot;Failed: Shared memory ID file does not exist.&quot;; fi</script>
                </process>
                <process>
                    <script background="false" encoding="STRING" input_id="lttng_output_GVKlSDotpU" type="USE_TEXT">$SS_TC_DEPS/bin/lttng stop &amp;&amp; $SS_TC_DEPS/bin/lttng view &amp;&amp; $SS_TC_DEPS/bin/lttng destroy</script>
                </process>
            </post_processes>
            <scoring_formula default="GOOD-05-Default">
                <formula name="GOOD-05-Default">GOOD-05 AND NOT TIMEOUT AND NOT CONTROLLED_EXIT</formula>
            </scoring_formula>
            <output_checks>
                <compare_check check_type="CONTAINS" name="GOOD-05">
                    <actual encoding="STRING" output_type="FILE_CONTENTS">../testOutput/good-05/nseq.pem</actual>
                    <expected encoding="STRING" type="USE_TEXT">-----END CERTIFICATE-----</expected>
                </compare_check>
                <simple_check check_type="SPECIAL" encoding="STRING" name="TIMEOUT" type="USE_TEXT">DOES_NOT_RETURN</simple_check>
                <simple_check check_type="SPECIAL" encoding="STRING" name="CONTROLLED_EXIT" type="USE_TEXT">CONTROLLED_EXIT</simple_check>
            </output_checks>
        </iopair>
        <iopair name="C-C089D-OSSL-01-ST04-DT01-DF05-CF01-01-GOOD-06" reset_scheme="NONE" timeout="300" type="GOOD">
            <description>generate MIME content from text file, encrypting with x509 cert
Good inputs: 1) name of shipper for use in Sql databaseBad inputs:SQL argument injection 

</description>
            <technical_impact>NONE</technical_impact>
            <pre_processes scheme="SEQUENCE">
                <process>
                    <script background="false" encoding="STRING" type="USE_TEXT">gcc -o &quot;$SS_TC_ROOT/scripts/shm_setup&quot; &quot;$SS_TC_ROOT/scripts/shm_setup.c&quot;</script>
                </process>
                <process>
                    <script background="false" encoding="STRING" type="USE_TEXT">printf 'env SS_DBPGDATABASE;\n' | tee nginx_conf_env.txt</script>
                </process>
                <process delay_after="2">
                    <script background="false" encoding="STRING" type="USE_TEXT">nohup shm_setup -k 4011 -s 73 -m &quot;ShippingCompany&quot; -o /opt/stonesoup/workspace/inputDaemons/shared_memory_01.id &gt; /opt/stonesoup/workspace/inputDaemons/shared_memory_01.out 2&gt;&amp;1 &amp; echo $! &gt; /opt/stonesoup/workspace/inputDaemons/shared_memory_01.pid &amp;&amp; echo &quot;Shared memory created&quot;</script>
                </process>
                <process>
                    <database database_name="northwind_rpuphotasvujgywt" database_type="POSTGRESQL" encoding="STRING" server="ss-db-postgres" type="USE_FILE_CONTENTS">/opt/stonesoup/workspace/scripts/northwind_create_northwind_rpuphotasvujgywt.sql</database>
                </process>
                <process>
                    <environment_variable encoding="STRING" key="SS_DBPGDATABASE" type="USE_TEXT">northwind_rpuphotasvujgywt</environment_variable>
                </process>
                <process>
                    <script background="false" encoding="STRING" type="USE_TEXT">mkdir $SS_TC_ROOT/logs/execute/lttng</script>
                </process>
                <process>
                    <environment_variable encoding="STRING" key="LTTNG_HOME" type="USE_TEXT">$SS_TC_ROOT/logs/execute/lttng</environment_variable>
                </process>
                <process>
                    <environment_variable encoding="STRING" key="SS_RUN_COMMAND_LD_PRELOAD" type="USE_TEXT">$SS_TC_DEPS/lib64/liblttng-stonesoup-c.so:$SS_TC_DEPS/lib64/liblttng-ust-fork.so</environment_variable>
                </process>
                <process>
                    <script background="false" encoding="STRING" type="USE_TEXT">mkdir -p $SS_TC_DEPS/var/run/lttng</script>
                </process>
                <process>
                    <script background="false" encoding="STRING" type="USE_TEXT">$SS_TC_DEPS/bin/lttng create &amp;&amp; $SS_TC_DEPS/bin/lttng enable-event -u -a &amp;&amp; $SS_TC_DEPS/bin/lttng start</script>
                </process>
                <process>
                    <script background="false" encoding="STRING" type="USE_TEXT">rm -rf $SS_TC_ROOT/lockDir</script>
                </process>
                <process>
                    <script background="false" encoding="STRING" type="USE_TEXT">sleep 2 &amp;&amp; printf &quot;Sleeping to allow DB to be created.&quot;</script>
                </process>
            </pre_processes>
            <run_command encoding="STRING" preprend_runcommand="true" type="USE_TEXT">smime -in good-06/secretemail.txt -encrypt good-06/x509.pem</run_command>
            <post_processes scheme="SEQUENCE">
                <process>
                    <database database_name="northwind_rpuphotasvujgywt" database_type="POSTGRESQL" encoding="STRING" server="ss-db-postgres" type="USE_TEXT">DROP DATABASE IF EXISTS &quot;$SS_DBPGDATABASE;&quot;</database>
                </process>
                <process delay_after="2">
                    <script background="false" encoding="STRING" type="USE_TEXT">if [[ -f &quot;/opt/stonesoup/workspace/inputDaemons/shared_memory_01.pid&quot; ]]; then killtree.sh -s 9 -p $(cat &quot;/opt/stonesoup/workspace/inputDaemons/shared_memory_01.pid&quot;) &amp;&amp; echo &quot;Killed shared memory server.&quot;; else echo &quot;Failed: Shared memory server PID file does not exist.&quot;; fi</script>
                </process>
                <process>
                    <script background="false" encoding="STRING" type="USE_TEXT">if [[ -f &quot;/opt/stonesoup/workspace/inputDaemons/shared_memory_01.id&quot; ]]; then ipcrm -m $(cat &quot;/opt/stonesoup/workspace/inputDaemons/shared_memory_01.id&quot;) &amp;&amp; echo &quot;Deleted shared memory segment.&quot;; else echo &quot;Failed: Shared memory ID file does not exist.&quot;; fi</script>
                </process>
                <process>
                    <script background="false" encoding="STRING" input_id="lttng_output_avaegw8hXr" type="USE_TEXT">$SS_TC_DEPS/bin/lttng stop &amp;&amp; $SS_TC_DEPS/bin/lttng view &amp;&amp; $SS_TC_DEPS/bin/lttng destroy</script>
                </process>
            </post_processes>
            <scoring_formula default="GOOD-06-Default">
                <formula name="GOOD-06-Default">GOOD-06 AND NOT TIMEOUT AND NOT CONTROLLED_EXIT</formula>
            </scoring_formula>
            <output_checks>
                <compare_check check_type="CONTAINS" name="GOOD-06">
                    <actual encoding="STRING" output_type="STANDARD_OUT"></actual>
                    <expected encoding="STRING" type="USE_FILE_CONTENTS">good-06/output.txt</expected>
                </compare_check>
                <simple_check check_type="SPECIAL" encoding="STRING" name="TIMEOUT" type="USE_TEXT">DOES_NOT_RETURN</simple_check>
                <simple_check check_type="SPECIAL" encoding="STRING" name="CONTROLLED_EXIT" type="USE_TEXT">CONTROLLED_EXIT</simple_check>
            </output_checks>
        </iopair>
        <iopair name="C-C089D-OSSL-01-ST04-DT01-DF05-CF01-01-GOOD-07" reset_scheme="NONE" timeout="300" type="GOOD">
            <description>check primality of number
Good inputs: 1) name of shipper for use in Sql databaseBad inputs:SQL argument injection 

</description>
            <technical_impact>NONE</technical_impact>
            <pre_processes scheme="SEQUENCE">
                <process>
                    <script background="false" encoding="STRING" type="USE_TEXT">gcc -o &quot;$SS_TC_ROOT/scripts/shm_setup&quot; &quot;$SS_TC_ROOT/scripts/shm_setup.c&quot;</script>
                </process>
                <process>
                    <script background="false" encoding="STRING" type="USE_TEXT">printf 'env SS_DBPGDATABASE;\n' | tee nginx_conf_env.txt</script>
                </process>
                <process delay_after="2">
                    <script background="false" encoding="STRING" type="USE_TEXT">nohup shm_setup -k 4011 -s 73 -m &quot;shipper1&quot; -o /opt/stonesoup/workspace/inputDaemons/shared_memory_01.id &gt; /opt/stonesoup/workspace/inputDaemons/shared_memory_01.out 2&gt;&amp;1 &amp; echo $! &gt; /opt/stonesoup/workspace/inputDaemons/shared_memory_01.pid &amp;&amp; echo &quot;Shared memory created&quot;</script>
                </process>
                <process>
                    <database database_name="northwind_ulakotfhbxjrpowy" database_type="POSTGRESQL" encoding="STRING" server="ss-db-postgres" type="USE_FILE_CONTENTS">/opt/stonesoup/workspace/scripts/northwind_create_northwind_ulakotfhbxjrpowy.sql</database>
                </process>
                <process>
                    <environment_variable encoding="STRING" key="SS_DBPGDATABASE" type="USE_TEXT">northwind_ulakotfhbxjrpowy</environment_variable>
                </process>
                <process>
                    <script background="false" encoding="STRING" type="USE_TEXT">mkdir $SS_TC_ROOT/logs/execute/lttng</script>
                </process>
                <process>
                    <environment_variable encoding="STRING" key="LTTNG_HOME" type="USE_TEXT">$SS_TC_ROOT/logs/execute/lttng</environment_variable>
                </process>
                <process>
                    <environment_variable encoding="STRING" key="SS_RUN_COMMAND_LD_PRELOAD" type="USE_TEXT">$SS_TC_DEPS/lib64/liblttng-stonesoup-c.so:$SS_TC_DEPS/lib64/liblttng-ust-fork.so</environment_variable>
                </process>
                <process>
                    <script background="false" encoding="STRING" type="USE_TEXT">mkdir -p $SS_TC_DEPS/var/run/lttng</script>
                </process>
                <process>
                    <script background="false" encoding="STRING" type="USE_TEXT">$SS_TC_DEPS/bin/lttng create &amp;&amp; $SS_TC_DEPS/bin/lttng enable-event -u -a &amp;&amp; $SS_TC_DEPS/bin/lttng start</script>
                </process>
                <process>
                    <script background="false" encoding="STRING" type="USE_TEXT">rm -rf $SS_TC_ROOT/lockDir</script>
                </process>
                <process>
                    <script background="false" encoding="STRING" type="USE_TEXT">sleep 2 &amp;&amp; printf &quot;Sleeping to allow DB to be created.&quot;</script>
                </process>
            </pre_processes>
            <run_command encoding="STRING" preprend_runcommand="true" type="USE_TEXT">prime 15648972863</run_command>
            <post_processes scheme="SEQUENCE">
                <process>
                    <database database_name="northwind_ulakotfhbxjrpowy" database_type="POSTGRESQL" encoding="STRING" server="ss-db-postgres" type="USE_TEXT">DROP DATABASE IF EXISTS &quot;$SS_DBPGDATABASE;&quot;</database>
                </process>
                <process delay_after="2">
                    <script background="false" encoding="STRING" type="USE_TEXT">if [[ -f &quot;/opt/stonesoup/workspace/inputDaemons/shared_memory_01.pid&quot; ]]; then killtree.sh -s 9 -p $(cat &quot;/opt/stonesoup/workspace/inputDaemons/shared_memory_01.pid&quot;) &amp;&amp; echo &quot;Killed shared memory server.&quot;; else echo &quot;Failed: Shared memory server PID file does not exist.&quot;; fi</script>
                </process>
                <process>
                    <script background="false" encoding="STRING" type="USE_TEXT">if [[ -f &quot;/opt/stonesoup/workspace/inputDaemons/shared_memory_01.id&quot; ]]; then ipcrm -m $(cat &quot;/opt/stonesoup/workspace/inputDaemons/shared_memory_01.id&quot;) &amp;&amp; echo &quot;Deleted shared memory segment.&quot;; else echo &quot;Failed: Shared memory ID file does not exist.&quot;; fi</script>
                </process>
                <process>
                    <script background="false" encoding="STRING" input_id="lttng_output_GRCwsUBFZA" type="USE_TEXT">$SS_TC_DEPS/bin/lttng stop &amp;&amp; $SS_TC_DEPS/bin/lttng view &amp;&amp; $SS_TC_DEPS/bin/lttng destroy</script>
                </process>
            </post_processes>
            <scoring_formula default="GOOD-07-Default">
                <formula name="GOOD-07-Default">GOOD-07 AND NOT TIMEOUT AND NOT CONTROLLED_EXIT</formula>
            </scoring_formula>
            <output_checks>
                <compare_check check_type="CONTAINS" name="GOOD-07">
                    <actual encoding="STRING" output_type="STANDARD_OUT"></actual>
                    <expected encoding="STRING" type="USE_TEXT">3A4C0603F is prime</expected>
                </compare_check>
                <simple_check check_type="SPECIAL" encoding="STRING" name="TIMEOUT" type="USE_TEXT">DOES_NOT_RETURN</simple_check>
                <simple_check check_type="SPECIAL" encoding="STRING" name="CONTROLLED_EXIT" type="USE_TEXT">CONTROLLED_EXIT</simple_check>
            </output_checks>
        </iopair>
        <iopair name="C-C089D-OSSL-01-ST04-DT01-DF05-CF01-01-GOOD-08" reset_scheme="NONE" timeout="300" type="GOOD">
            <description>encrypt textfile with AES 256 and salt, base64 encoded result
Good inputs: 1) name of shipper for use in Sql databaseBad inputs:SQL argument injection 

</description>
            <technical_impact>NONE</technical_impact>
            <pre_processes scheme="SEQUENCE">
                <process>
                    <script background="false" encoding="STRING" type="USE_TEXT">gcc -o &quot;$SS_TC_ROOT/scripts/shm_setup&quot; &quot;$SS_TC_ROOT/scripts/shm_setup.c&quot;</script>
                </process>
                <process>
                    <script background="false" encoding="STRING" type="USE_TEXT">printf 'env SS_DBPGDATABASE;\n' | tee nginx_conf_env.txt</script>
                </process>
                <process delay_after="2">
                    <script background="false" encoding="STRING" type="USE_TEXT">nohup shm_setup -k 4011 -s 73 -m &quot;NewShipper&quot; -o /opt/stonesoup/workspace/inputDaemons/shared_memory_01.id &gt; /opt/stonesoup/workspace/inputDaemons/shared_memory_01.out 2&gt;&amp;1 &amp; echo $! &gt; /opt/stonesoup/workspace/inputDaemons/shared_memory_01.pid &amp;&amp; echo &quot;Shared memory created&quot;</script>
                </process>
                <process>
                    <database database_name="northwind_setpfklmoxzdxfni" database_type="POSTGRESQL" encoding="STRING" server="ss-db-postgres" type="USE_FILE_CONTENTS">/opt/stonesoup/workspace/scripts/northwind_create_northwind_setpfklmoxzdxfni.sql</database>
                </process>
                <process>
                    <environment_variable encoding="STRING" key="SS_DBPGDATABASE" type="USE_TEXT">northwind_setpfklmoxzdxfni</environment_variable>
                </process>
                <process>
                    <script background="false" encoding="STRING" type="USE_TEXT">mkdir $SS_TC_ROOT/logs/execute/lttng</script>
                </process>
                <process>
                    <environment_variable encoding="STRING" key="LTTNG_HOME" type="USE_TEXT">$SS_TC_ROOT/logs/execute/lttng</environment_variable>
                </process>
                <process>
                    <environment_variable encoding="STRING" key="SS_RUN_COMMAND_LD_PRELOAD" type="USE_TEXT">$SS_TC_DEPS/lib64/liblttng-stonesoup-c.so:$SS_TC_DEPS/lib64/liblttng-ust-fork.so</environment_variable>
                </process>
                <process>
                    <script background="false" encoding="STRING" type="USE_TEXT">mkdir -p $SS_TC_DEPS/var/run/lttng</script>
                </process>
                <process>
                    <script background="false" encoding="STRING" type="USE_TEXT">$SS_TC_DEPS/bin/lttng create &amp;&amp; $SS_TC_DEPS/bin/lttng enable-event -u -a &amp;&amp; $SS_TC_DEPS/bin/lttng start</script>
                </process>
                <process>
                    <script background="false" encoding="STRING" type="USE_TEXT">rm -rf $SS_TC_ROOT/lockDir</script>
                </process>
                <process>
                    <script background="false" encoding="STRING" type="USE_TEXT">sleep 2 &amp;&amp; printf &quot;Sleeping to allow DB to be created.&quot;</script>
                </process>
            </pre_processes>
            <run_command encoding="STRING" preprend_runcommand="true" type="USE_TEXT">enc -in good-08/secret.txt -aes256 -k password -S abacabb -base64</run_command>
            <post_processes scheme="SEQUENCE">
                <process>
                    <database database_name="northwind_setpfklmoxzdxfni" database_type="POSTGRESQL" encoding="STRING" server="ss-db-postgres" type="USE_TEXT">DROP DATABASE IF EXISTS &quot;$SS_DBPGDATABASE;&quot;</database>
                </process>
                <process delay_after="2">
                    <script background="false" encoding="STRING" type="USE_TEXT">if [[ -f &quot;/opt/stonesoup/workspace/inputDaemons/shared_memory_01.pid&quot; ]]; then killtree.sh -s 9 -p $(cat &quot;/opt/stonesoup/workspace/inputDaemons/shared_memory_01.pid&quot;) &amp;&amp; echo &quot;Killed shared memory server.&quot;; else echo &quot;Failed: Shared memory server PID file does not exist.&quot;; fi</script>
                </process>
                <process>
                    <script background="false" encoding="STRING" type="USE_TEXT">if [[ -f &quot;/opt/stonesoup/workspace/inputDaemons/shared_memory_01.id&quot; ]]; then ipcrm -m $(cat &quot;/opt/stonesoup/workspace/inputDaemons/shared_memory_01.id&quot;) &amp;&amp; echo &quot;Deleted shared memory segment.&quot;; else echo &quot;Failed: Shared memory ID file does not exist.&quot;; fi</script>
                </process>
                <process>
                    <script background="false" encoding="STRING" input_id="lttng_output_j204DeBqIc" type="USE_TEXT">$SS_TC_DEPS/bin/lttng stop &amp;&amp; $SS_TC_DEPS/bin/lttng view &amp;&amp; $SS_TC_DEPS/bin/lttng destroy</script>
                </process>
            </post_processes>
            <scoring_formula default="GOOD-08-Default">
                <formula name="GOOD-08-Default">GOOD-08 AND NOT TIMEOUT AND NOT CONTROLLED_EXIT</formula>
            </scoring_formula>
            <output_checks>
                <compare_check check_type="CONTAINS" name="GOOD-08">
                    <actual encoding="STRING" output_type="STANDARD_OUT"></actual>
                    <expected encoding="STRING" type="USE_TEXT">U2FsdGVkX1+rrKuwAAAAACgoU5YHltmsjJifyZi0xJA=</expected>
                </compare_check>
                <simple_check check_type="SPECIAL" encoding="STRING" name="TIMEOUT" type="USE_TEXT">DOES_NOT_RETURN</simple_check>
                <simple_check check_type="SPECIAL" encoding="STRING" name="CONTROLLED_EXIT" type="USE_TEXT">CONTROLLED_EXIT</simple_check>
            </output_checks>
        </iopair>
        <iopair name="C-C089D-OSSL-01-ST04-DT01-DF05-CF01-01-GOOD-09" reset_scheme="NONE" timeout="300" type="GOOD">
            <description>SHA1 with hmac of text file
Good inputs: 1) name of shipper for use in Sql databaseBad inputs:SQL argument injection 

</description>
            <technical_impact>NONE</technical_impact>
            <pre_processes scheme="SEQUENCE">
                <process>
                    <script background="false" encoding="STRING" type="USE_TEXT">gcc -o &quot;$SS_TC_ROOT/scripts/shm_setup&quot; &quot;$SS_TC_ROOT/scripts/shm_setup.c&quot;</script>
                </process>
                <process>
                    <script background="false" encoding="STRING" type="USE_TEXT">printf 'env SS_DBPGDATABASE;\n' | tee nginx_conf_env.txt</script>
                </process>
                <process delay_after="2">
                    <script background="false" encoding="STRING" type="USE_TEXT">nohup shm_setup -k 4011 -s 73 -m &quot;ShippingCompany&quot; -o /opt/stonesoup/workspace/inputDaemons/shared_memory_01.id &gt; /opt/stonesoup/workspace/inputDaemons/shared_memory_01.out 2&gt;&amp;1 &amp; echo $! &gt; /opt/stonesoup/workspace/inputDaemons/shared_memory_01.pid &amp;&amp; echo &quot;Shared memory created&quot;</script>
                </process>
                <process>
                    <database database_name="northwind_tblrrstagnufvfsh" database_type="POSTGRESQL" encoding="STRING" server="ss-db-postgres" type="USE_FILE_CONTENTS">/opt/stonesoup/workspace/scripts/northwind_create_northwind_tblrrstagnufvfsh.sql</database>
                </process>
                <process>
                    <environment_variable encoding="STRING" key="SS_DBPGDATABASE" type="USE_TEXT">northwind_tblrrstagnufvfsh</environment_variable>
                </process>
                <process>
                    <script background="false" encoding="STRING" type="USE_TEXT">mkdir $SS_TC_ROOT/logs/execute/lttng</script>
                </process>
                <process>
                    <environment_variable encoding="STRING" key="LTTNG_HOME" type="USE_TEXT">$SS_TC_ROOT/logs/execute/lttng</environment_variable>
                </process>
                <process>
                    <environment_variable encoding="STRING" key="SS_RUN_COMMAND_LD_PRELOAD" type="USE_TEXT">$SS_TC_DEPS/lib64/liblttng-stonesoup-c.so:$SS_TC_DEPS/lib64/liblttng-ust-fork.so</environment_variable>
                </process>
                <process>
                    <script background="false" encoding="STRING" type="USE_TEXT">mkdir -p $SS_TC_DEPS/var/run/lttng</script>
                </process>
                <process>
                    <script background="false" encoding="STRING" type="USE_TEXT">$SS_TC_DEPS/bin/lttng create &amp;&amp; $SS_TC_DEPS/bin/lttng enable-event -u -a &amp;&amp; $SS_TC_DEPS/bin/lttng start</script>
                </process>
                <process>
                    <script background="false" encoding="STRING" type="USE_TEXT">rm -rf $SS_TC_ROOT/lockDir</script>
                </process>
                <process>
                    <script background="false" encoding="STRING" type="USE_TEXT">sleep 2 &amp;&amp; printf &quot;Sleeping to allow DB to be created.&quot;</script>
                </process>
            </pre_processes>
            <run_command encoding="STRING" preprend_runcommand="true" type="USE_TEXT">dgst -sha1 -c -hmac &quot;secret-key&quot; good-09/message.txt</run_command>
            <post_processes scheme="SEQUENCE">
                <process>
                    <database database_name="northwind_tblrrstagnufvfsh" database_type="POSTGRESQL" encoding="STRING" server="ss-db-postgres" type="USE_TEXT">DROP DATABASE IF EXISTS &quot;$SS_DBPGDATABASE;&quot;</database>
                </process>
                <process delay_after="2">
                    <script background="false" encoding="STRING" type="USE_TEXT">if [[ -f &quot;/opt/stonesoup/workspace/inputDaemons/shared_memory_01.pid&quot; ]]; then killtree.sh -s 9 -p $(cat &quot;/opt/stonesoup/workspace/inputDaemons/shared_memory_01.pid&quot;) &amp;&amp; echo &quot;Killed shared memory server.&quot;; else echo &quot;Failed: Shared memory server PID file does not exist.&quot;; fi</script>
                </process>
                <process>
                    <script background="false" encoding="STRING" type="USE_TEXT">if [[ -f &quot;/opt/stonesoup/workspace/inputDaemons/shared_memory_01.id&quot; ]]; then ipcrm -m $(cat &quot;/opt/stonesoup/workspace/inputDaemons/shared_memory_01.id&quot;) &amp;&amp; echo &quot;Deleted shared memory segment.&quot;; else echo &quot;Failed: Shared memory ID file does not exist.&quot;; fi</script>
                </process>
                <process>
                    <script background="false" encoding="STRING" input_id="lttng_output_7FWZqumZ28" type="USE_TEXT">$SS_TC_DEPS/bin/lttng stop &amp;&amp; $SS_TC_DEPS/bin/lttng view &amp;&amp; $SS_TC_DEPS/bin/lttng destroy</script>
                </process>
            </post_processes>
            <scoring_formula default="GOOD-09-Default">
                <formula name="GOOD-09-Default">GOOD-09 AND NOT TIMEOUT AND NOT CONTROLLED_EXIT</formula>
            </scoring_formula>
            <output_checks>
                <compare_check check_type="CONTAINS" name="GOOD-09">
                    <actual encoding="STRING" output_type="STANDARD_OUT"></actual>
                    <expected encoding="STRING" type="USE_TEXT">HMAC-SHA1(good-09/message.txt)= 3a:da:b3:ba:5a:59:a9:56:8d:76:3a:d4:20:f6:13:cd:aa:49:41:a6</expected>
                </compare_check>
                <simple_check check_type="SPECIAL" encoding="STRING" name="TIMEOUT" type="USE_TEXT">DOES_NOT_RETURN</simple_check>
                <simple_check check_type="SPECIAL" encoding="STRING" name="CONTROLLED_EXIT" type="USE_TEXT">CONTROLLED_EXIT</simple_check>
            </output_checks>
        </iopair>
        <iopair name="C-C089D-OSSL-01-ST04-DT01-DF05-CF01-01-GOOD-10" reset_scheme="NONE" timeout="300" type="GOOD">
            <description>Generate SSL certificate and private key
Good inputs: 1) name of shipper for use in Sql databaseBad inputs:SQL argument injection 

</description>
            <technical_impact>NONE</technical_impact>
            <pre_processes scheme="SEQUENCE">
                <process>
                    <script background="false" encoding="STRING" type="USE_TEXT">gcc -o &quot;$SS_TC_ROOT/scripts/shm_setup&quot; &quot;$SS_TC_ROOT/scripts/shm_setup.c&quot;</script>
                </process>
                <process>
                    <script background="false" encoding="STRING" type="USE_TEXT">printf 'env SS_DBPGDATABASE;\n' | tee nginx_conf_env.txt</script>
                </process>
                <process delay_after="2">
                    <script background="false" encoding="STRING" type="USE_TEXT">nohup shm_setup -k 4011 -s 73 -m &quot;shipper1&quot; -o /opt/stonesoup/workspace/inputDaemons/shared_memory_01.id &gt; /opt/stonesoup/workspace/inputDaemons/shared_memory_01.out 2&gt;&amp;1 &amp; echo $! &gt; /opt/stonesoup/workspace/inputDaemons/shared_memory_01.pid &amp;&amp; echo &quot;Shared memory created&quot;</script>
                </process>
                <process>
                    <database database_name="northwind_ucrbajfrcknfivid" database_type="POSTGRESQL" encoding="STRING" server="ss-db-postgres" type="USE_FILE_CONTENTS">/opt/stonesoup/workspace/scripts/northwind_create_northwind_ucrbajfrcknfivid.sql</database>
                </process>
                <process>
                    <environment_variable encoding="STRING" key="SS_DBPGDATABASE" type="USE_TEXT">northwind_ucrbajfrcknfivid</environment_variable>
                </process>
                <process>
                    <script background="false" encoding="STRING" type="USE_TEXT">mkdir $SS_TC_ROOT/logs/execute/lttng</script>
                </process>
                <process>
                    <environment_variable encoding="STRING" key="LTTNG_HOME" type="USE_TEXT">$SS_TC_ROOT/logs/execute/lttng</environment_variable>
                </process>
                <process>
                    <environment_variable encoding="STRING" key="SS_RUN_COMMAND_LD_PRELOAD" type="USE_TEXT">$SS_TC_DEPS/lib64/liblttng-stonesoup-c.so:$SS_TC_DEPS/lib64/liblttng-ust-fork.so</environment_variable>
                </process>
                <process>
                    <script background="false" encoding="STRING" type="USE_TEXT">mkdir -p $SS_TC_DEPS/var/run/lttng</script>
                </process>
                <process>
                    <script background="false" encoding="STRING" type="USE_TEXT">$SS_TC_DEPS/bin/lttng create &amp;&amp; $SS_TC_DEPS/bin/lttng enable-event -u -a &amp;&amp; $SS_TC_DEPS/bin/lttng start</script>
                </process>
                <process>
                    <script background="false" encoding="STRING" type="USE_TEXT">rm -rf $SS_TC_ROOT/lockDir</script>
                </process>
                <process>
                    <script background="false" encoding="STRING" type="USE_TEXT">sleep 2 &amp;&amp; printf &quot;Sleeping to allow DB to be created.&quot;</script>
                </process>
            </pre_processes>
            <run_command encoding="STRING" preprend_runcommand="true" type="USE_TEXT">req -new -newkey rsa:2048 -days 365 -nodes -x509 -keyout good-10/server.key -out good-10/server.crt -subj &quot;/C=SP/ST=The Moon/L=TheDarkSide/O=KSP/OU=Moon Department/CN=ksp.moon&quot;</run_command>
            <post_processes scheme="SEQUENCE">
                <process>
                    <database database_name="northwind_ucrbajfrcknfivid" database_type="POSTGRESQL" encoding="STRING" server="ss-db-postgres" type="USE_TEXT">DROP DATABASE IF EXISTS &quot;$SS_DBPGDATABASE;&quot;</database>
                </process>
                <process delay_after="2">
                    <script background="false" encoding="STRING" type="USE_TEXT">if [[ -f &quot;/opt/stonesoup/workspace/inputDaemons/shared_memory_01.pid&quot; ]]; then killtree.sh -s 9 -p $(cat &quot;/opt/stonesoup/workspace/inputDaemons/shared_memory_01.pid&quot;) &amp;&amp; echo &quot;Killed shared memory server.&quot;; else echo &quot;Failed: Shared memory server PID file does not exist.&quot;; fi</script>
                </process>
                <process>
                    <script background="false" encoding="STRING" type="USE_TEXT">if [[ -f &quot;/opt/stonesoup/workspace/inputDaemons/shared_memory_01.id&quot; ]]; then ipcrm -m $(cat &quot;/opt/stonesoup/workspace/inputDaemons/shared_memory_01.id&quot;) &amp;&amp; echo &quot;Deleted shared memory segment.&quot;; else echo &quot;Failed: Shared memory ID file does not exist.&quot;; fi</script>
                </process>
                <process>
                    <script background="false" encoding="STRING" input_id="lttng_output_YGB1hp4sOJ" type="USE_TEXT">$SS_TC_DEPS/bin/lttng stop &amp;&amp; $SS_TC_DEPS/bin/lttng view &amp;&amp; $SS_TC_DEPS/bin/lttng destroy</script>
                </process>
            </post_processes>
            <scoring_formula default="GOOD-10-Default">
                <formula name="GOOD-10-Default">GOOD-10-1 AND GOOD-10-2 AND NOT TIMEOUT AND NOT CONTROLLED_EXIT</formula>
            </scoring_formula>
            <output_checks>
                <compare_check check_type="CONTAINS" name="GOOD-10-1">
                    <actual encoding="STRING" output_type="FILE_CONTENTS">../testData/good-10/server.crt</actual>
                    <expected encoding="STRING" type="USE_TEXT">-----END CERTIFICATE-----</expected>
                </compare_check>
                <compare_check check_type="CONTAINS" name="GOOD-10-2">
                    <actual encoding="STRING" output_type="FILE_CONTENTS">../testData/good-10/server.key</actual>
                    <expected encoding="STRING" type="USE_TEXT">-----END PRIVATE KEY-----</expected>
                </compare_check>
                <simple_check check_type="SPECIAL" encoding="STRING" name="TIMEOUT" type="USE_TEXT">DOES_NOT_RETURN</simple_check>
                <simple_check check_type="SPECIAL" encoding="STRING" name="CONTROLLED_EXIT" type="USE_TEXT">CONTROLLED_EXIT</simple_check>
            </output_checks>
        </iopair>
        <iopair name="C-C089D-OSSL-01-ST04-DT01-DF05-CF01-01-BAD-01" reset_scheme="NONE" timeout="300" type="BAD">
            <description>Good inputs: 1) name of shipper for use in Sql databaseBad inputs:SQL argument injection 

</description>
            <technical_impact>EXECUTE_UNAUTHORIZED_CODE</technical_impact>
            <pre_processes scheme="SEQUENCE">
                <process>
                    <script background="false" encoding="STRING" type="USE_TEXT">gcc -o &quot;$SS_TC_ROOT/scripts/shm_setup&quot; &quot;$SS_TC_ROOT/scripts/shm_setup.c&quot;</script>
                </process>
                <process>
                    <script background="false" encoding="STRING" type="USE_TEXT">printf 'env SS_DBPGDATABASE;\n' | tee nginx_conf_env.txt</script>
                </process>
                <process delay_after="2">
                    <script background="false" encoding="STRING" type="USE_TEXT">nohup shm_setup -k 4011 -s 73 -m &quot;BadShipper'), ('80','BadShipper2&quot; -o /opt/stonesoup/workspace/inputDaemons/shared_memory_01.id &gt; /opt/stonesoup/workspace/inputDaemons/shared_memory_01.out 2&gt;&amp;1 &amp; echo $! &gt; /opt/stonesoup/workspace/inputDaemons/shared_memory_01.pid &amp;&amp; echo &quot;Shared memory created&quot;</script>
                </process>
                <process>
                    <database database_name="northwind_jlcgcivttyxaxavh" database_type="POSTGRESQL" encoding="STRING" server="ss-db-postgres" type="USE_FILE_CONTENTS">/opt/stonesoup/workspace/scripts/northwind_create_northwind_jlcgcivttyxaxavh.sql</database>
                </process>
                <process>
                    <environment_variable encoding="STRING" key="SS_DBPGDATABASE" type="USE_TEXT">northwind_jlcgcivttyxaxavh</environment_variable>
                </process>
                <process>
                    <script background="false" encoding="STRING" type="USE_TEXT">mkdir $SS_TC_ROOT/logs/execute/lttng</script>
                </process>
                <process>
                    <environment_variable encoding="STRING" key="LTTNG_HOME" type="USE_TEXT">$SS_TC_ROOT/logs/execute/lttng</environment_variable>
                </process>
                <process>
                    <environment_variable encoding="STRING" key="SS_RUN_COMMAND_LD_PRELOAD" type="USE_TEXT">$SS_TC_DEPS/lib64/liblttng-stonesoup-c.so:$SS_TC_DEPS/lib64/liblttng-ust-fork.so</environment_variable>
                </process>
                <process>
                    <script background="false" encoding="STRING" type="USE_TEXT">mkdir -p $SS_TC_DEPS/var/run/lttng</script>
                </process>
                <process>
                    <script background="false" encoding="STRING" type="USE_TEXT">$SS_TC_DEPS/bin/lttng create &amp;&amp; $SS_TC_DEPS/bin/lttng enable-event -u -a &amp;&amp; $SS_TC_DEPS/bin/lttng start</script>
                </process>
                <process>
                    <script background="false" encoding="STRING" type="USE_TEXT">rm -rf $SS_TC_ROOT/lockDir</script>
                </process>
                <process>
                    <script background="false" encoding="STRING" type="USE_TEXT">sleep 2 &amp;&amp; printf &quot;Sleeping to allow DB to be created.&quot;</script>
                </process>
            </pre_processes>
            <run_command encoding="STRING" preprend_runcommand="true" type="USE_TEXT">enc -in good-08/secret.txt -aes256 -k password -S abacabb -base64</run_command>
            <post_processes scheme="SEQUENCE">
                <process>
                    <database database_name="northwind_jlcgcivttyxaxavh" database_type="POSTGRESQL" encoding="STRING" server="ss-db-postgres" type="USE_TEXT">DROP DATABASE IF EXISTS &quot;$SS_DBPGDATABASE;&quot;</database>
                </process>
                <process delay_after="2">
                    <script background="false" encoding="STRING" type="USE_TEXT">if [[ -f &quot;/opt/stonesoup/workspace/inputDaemons/shared_memory_01.pid&quot; ]]; then killtree.sh -s 9 -p $(cat &quot;/opt/stonesoup/workspace/inputDaemons/shared_memory_01.pid&quot;) &amp;&amp; echo &quot;Killed shared memory server.&quot;; else echo &quot;Failed: Shared memory server PID file does not exist.&quot;; fi</script>
                </process>
                <process>
                    <script background="false" encoding="STRING" type="USE_TEXT">if [[ -f &quot;/opt/stonesoup/workspace/inputDaemons/shared_memory_01.id&quot; ]]; then ipcrm -m $(cat &quot;/opt/stonesoup/workspace/inputDaemons/shared_memory_01.id&quot;) &amp;&amp; echo &quot;Deleted shared memory segment.&quot;; else echo &quot;Failed: Shared memory ID file does not exist.&quot;; fi</script>
                </process>
                <process>
                    <script background="false" encoding="STRING" input_id="lttng_output_rPw9xSUBUUH1gvoXacYb" type="USE_TEXT">$SS_TC_DEPS/bin/lttng stop &amp;&amp; $SS_TC_DEPS/bin/lttng view &amp;&amp; $SS_TC_DEPS/bin/lttng destroy</script>
                </process>
            </post_processes>
            <scoring_formula default="db_sql_formula_r249cBizU1">
                <formula name="db_sql_formula_r249cBizU1">weakness_started_f4iQipFo29zTuW4KWu5a AND ((NOT PERFORMER AND (db_sql_output_pUYAMysDgq OR db_sql_output_8VB21FQAXq OR database_insert_check_K4UexpHMiP) AND NOT timeout_dV90cjS9iK) or (PERFORMER AND NOT ((db_sql_output_pUYAMysDgq OR db_sql_output_8VB21FQAXq OR database_insert_check_K4UexpHMiP) OR timeout_dV90cjS9iK)))</formula>
                <formula name="no_weakness_started_formula_igwKAhn3SJ">(NOT PERFORMER AND (db_sql_output_pUYAMysDgq OR db_sql_output_8VB21FQAXq OR database_insert_check_K4UexpHMiP) AND NOT timeout_dV90cjS9iK) or (PERFORMER AND NOT ((db_sql_output_pUYAMysDgq OR db_sql_output_8VB21FQAXq OR database_insert_check_K4UexpHMiP) OR timeout_dV90cjS9iK))</formula>
            </scoring_formula>
            <output_checks>
                <simple_check check_type="SPECIAL" encoding="STRING" name="timeout_dV90cjS9iK" type="USE_TEXT">DOES_NOT_RETURN</simple_check>
                <simple_check check_type="SPECIAL" encoding="STRING" name="controlled_exit_6wOYT6zI6C" type="USE_TEXT">CONTROLLED_EXIT</simple_check>
                <simple_check check_type="SPECIAL" encoding="STRING" name="continued_execution_eKU5RGLI3V" type="USE_TEXT">CONTINUED_EXECUTION</simple_check>
                <compare_check check_type="CONTAINS" name="db_sql_output_pUYAMysDgq">
                    <actual encoding="STRING" output_type="FILE_CONTENTS">logfile.txt</actual>
                    <expected encoding="STRING" type="USE_TEXT">Query OK, 2 rows affected</expected>
                </compare_check>
                <compare_check check_type="CONTAINS" name="db_sql_output_8VB21FQAXq">
                    <actual encoding="STRING" output_type="FILE_CONTENTS">logfile.txt</actual>
                    <expected encoding="STRING" type="USE_TEXT">Query OK, 4 rows affected</expected>
                </compare_check>
                <simple_check check_type="SCRIPT" encoding="STRING" name="database_insert_check_K4UexpHMiP" type="USE_TEXT">export PGPASSWORD=$DBPGPASSWORD; if `psql -U $DBPGUSER -h $DBPGHOST -d $SS_DBPGDATABASE -c &quot;select * from shippers;&quot; | grep -q &quot;BadShipper2\|ShipAttack&quot;`; then true; else false; fi;</simple_check>
                <compare_check check_type="CONTAINS" name="weakness_started_f4iQipFo29zTuW4KWu5a">
                    <actual encoding="STRING" input_id_ref="lttng_output_rPw9xSUBUUH1gvoXacYb" output_type="STANDARD_OUT">None</actual>
                    <expected encoding="STRING" type="USE_TEXT">stonesoup_trace:weakness_start</expected>
                </compare_check>
            </output_checks>
        </iopair>
        <iopair name="C-C089D-OSSL-01-ST04-DT01-DF05-CF01-01-BAD-02" reset_scheme="NONE" timeout="300" type="BAD">
            <description>Good inputs: 1) name of shipper for use in Sql databaseBad inputs:SQL argument injection 

</description>
            <technical_impact>EXECUTE_UNAUTHORIZED_CODE</technical_impact>
            <pre_processes scheme="SEQUENCE">
                <process>
                    <script background="false" encoding="STRING" type="USE_TEXT">gcc -o &quot;$SS_TC_ROOT/scripts/shm_setup&quot; &quot;$SS_TC_ROOT/scripts/shm_setup.c&quot;</script>
                </process>
                <process>
                    <script background="false" encoding="STRING" type="USE_TEXT">printf 'env SS_DBPGDATABASE;\n' | tee nginx_conf_env.txt</script>
                </process>
                <process delay_after="2">
                    <script background="false" encoding="STRING" type="USE_TEXT">nohup shm_setup -k 4011 -s 73 -m &quot;ShippersRUs'), ('20','BadShips'), ('65','ShipAttack'), ('45', 'MultiShip&quot; -o /opt/stonesoup/workspace/inputDaemons/shared_memory_01.id &gt; /opt/stonesoup/workspace/inputDaemons/shared_memory_01.out 2&gt;&amp;1 &amp; echo $! &gt; /opt/stonesoup/workspace/inputDaemons/shared_memory_01.pid &amp;&amp; echo &quot;Shared memory created&quot;</script>
                </process>
                <process>
                    <database database_name="northwind_imackirtnijipixz" database_type="POSTGRESQL" encoding="STRING" server="ss-db-postgres" type="USE_FILE_CONTENTS">/opt/stonesoup/workspace/scripts/northwind_create_northwind_imackirtnijipixz.sql</database>
                </process>
                <process>
                    <environment_variable encoding="STRING" key="SS_DBPGDATABASE" type="USE_TEXT">northwind_imackirtnijipixz</environment_variable>
                </process>
                <process>
                    <script background="false" encoding="STRING" type="USE_TEXT">mkdir $SS_TC_ROOT/logs/execute/lttng</script>
                </process>
                <process>
                    <environment_variable encoding="STRING" key="LTTNG_HOME" type="USE_TEXT">$SS_TC_ROOT/logs/execute/lttng</environment_variable>
                </process>
                <process>
                    <environment_variable encoding="STRING" key="SS_RUN_COMMAND_LD_PRELOAD" type="USE_TEXT">$SS_TC_DEPS/lib64/liblttng-stonesoup-c.so:$SS_TC_DEPS/lib64/liblttng-ust-fork.so</environment_variable>
                </process>
                <process>
                    <script background="false" encoding="STRING" type="USE_TEXT">mkdir -p $SS_TC_DEPS/var/run/lttng</script>
                </process>
                <process>
                    <script background="false" encoding="STRING" type="USE_TEXT">$SS_TC_DEPS/bin/lttng create &amp;&amp; $SS_TC_DEPS/bin/lttng enable-event -u -a &amp;&amp; $SS_TC_DEPS/bin/lttng start</script>
                </process>
                <process>
                    <script background="false" encoding="STRING" type="USE_TEXT">rm -rf $SS_TC_ROOT/lockDir</script>
                </process>
                <process>
                    <script background="false" encoding="STRING" type="USE_TEXT">sleep 2 &amp;&amp; printf &quot;Sleeping to allow DB to be created.&quot;</script>
                </process>
            </pre_processes>
            <run_command encoding="STRING" preprend_runcommand="true" type="USE_TEXT">des3 -salt -in good-03/file.txt -out $SS_TC_ROOT/testOutput/good-03/file.des3 -k &quot;stonesoup&quot;</run_command>
            <post_processes scheme="SEQUENCE">
                <process>
                    <database database_name="northwind_imackirtnijipixz" database_type="POSTGRESQL" encoding="STRING" server="ss-db-postgres" type="USE_TEXT">DROP DATABASE IF EXISTS &quot;$SS_DBPGDATABASE;&quot;</database>
                </process>
                <process delay_after="2">
                    <script background="false" encoding="STRING" type="USE_TEXT">if [[ -f &quot;/opt/stonesoup/workspace/inputDaemons/shared_memory_01.pid&quot; ]]; then killtree.sh -s 9 -p $(cat &quot;/opt/stonesoup/workspace/inputDaemons/shared_memory_01.pid&quot;) &amp;&amp; echo &quot;Killed shared memory server.&quot;; else echo &quot;Failed: Shared memory server PID file does not exist.&quot;; fi</script>
                </process>
                <process>
                    <script background="false" encoding="STRING" type="USE_TEXT">if [[ -f &quot;/opt/stonesoup/workspace/inputDaemons/shared_memory_01.id&quot; ]]; then ipcrm -m $(cat &quot;/opt/stonesoup/workspace/inputDaemons/shared_memory_01.id&quot;) &amp;&amp; echo &quot;Deleted shared memory segment.&quot;; else echo &quot;Failed: Shared memory ID file does not exist.&quot;; fi</script>
                </process>
                <process>
                    <script background="false" encoding="STRING" input_id="lttng_output_JFcy6izgCgQevCNNLcfD" type="USE_TEXT">$SS_TC_DEPS/bin/lttng stop &amp;&amp; $SS_TC_DEPS/bin/lttng view &amp;&amp; $SS_TC_DEPS/bin/lttng destroy</script>
                </process>
            </post_processes>
            <scoring_formula default="db_sql_formula_Nk2NbcAdlm">
                <formula name="db_sql_formula_Nk2NbcAdlm">weakness_started_GEKPNU17VFA70Kru1Aje AND ((NOT PERFORMER AND (db_sql_output_9wWuS7JslO OR db_sql_output_YBmSIQg3NC OR database_insert_check_EYSXcChUaS) AND NOT timeout_KzRBJpuWhW) or (PERFORMER AND NOT ((db_sql_output_9wWuS7JslO OR db_sql_output_YBmSIQg3NC OR database_insert_check_EYSXcChUaS) OR timeout_KzRBJpuWhW)))</formula>
                <formula name="no_weakness_started_formula_gWEhziII4m">(NOT PERFORMER AND (db_sql_output_9wWuS7JslO OR db_sql_output_YBmSIQg3NC OR database_insert_check_EYSXcChUaS) AND NOT timeout_KzRBJpuWhW) or (PERFORMER AND NOT ((db_sql_output_9wWuS7JslO OR db_sql_output_YBmSIQg3NC OR database_insert_check_EYSXcChUaS) OR timeout_KzRBJpuWhW))</formula>
            </scoring_formula>
            <output_checks>
                <simple_check check_type="SPECIAL" encoding="STRING" name="timeout_KzRBJpuWhW" type="USE_TEXT">DOES_NOT_RETURN</simple_check>
                <simple_check check_type="SPECIAL" encoding="STRING" name="controlled_exit_K1izYudhyU" type="USE_TEXT">CONTROLLED_EXIT</simple_check>
                <simple_check check_type="SPECIAL" encoding="STRING" name="continued_execution_wC5RrnuDMR" type="USE_TEXT">CONTINUED_EXECUTION</simple_check>
                <compare_check check_type="CONTAINS" name="db_sql_output_9wWuS7JslO">
                    <actual encoding="STRING" output_type="FILE_CONTENTS">logfile.txt</actual>
                    <expected encoding="STRING" type="USE_TEXT">Query OK, 2 rows affected</expected>
                </compare_check>
                <compare_check check_type="CONTAINS" name="db_sql_output_YBmSIQg3NC">
                    <actual encoding="STRING" output_type="FILE_CONTENTS">logfile.txt</actual>
                    <expected encoding="STRING" type="USE_TEXT">Query OK, 4 rows affected</expected>
                </compare_check>
                <simple_check check_type="SCRIPT" encoding="STRING" name="database_insert_check_EYSXcChUaS" type="USE_TEXT">export PGPASSWORD=$DBPGPASSWORD; if `psql -U $DBPGUSER -h $DBPGHOST -d $SS_DBPGDATABASE -c &quot;select * from shippers;&quot; | grep -q &quot;BadShipper2\|ShipAttack&quot;`; then true; else false; fi;</simple_check>
                <compare_check check_type="CONTAINS" name="weakness_started_GEKPNU17VFA70Kru1Aje">
                    <actual encoding="STRING" input_id_ref="lttng_output_JFcy6izgCgQevCNNLcfD" output_type="STANDARD_OUT">None</actual>
                    <expected encoding="STRING" type="USE_TEXT">stonesoup_trace:weakness_start</expected>
                </compare_check>
            </output_checks>
        </iopair>
    </iopairs>
</project>
