<?xml version="1.0" encoding="utf-8"?>
<project base_program="C-PSQL" language="C" name="C-C088A-PSQL-01-ST03-DT07-DF04-CF22-01" targeted_architecture="ANY" targeted_os="LINUX" test_case_type="ALL" xmlns="urn:stonesoup:project">
    <description>Creating test case using base program.
Added a Socket Server to accept communication from untrusted source.
Completed injection.
</description>
    <additional_information>
        <keyvalue key="kill_command">TRUE</keyvalue>
        <keyvalue key="algorithmic_variant_name">UNSPECIFIED</keyvalue>
        <keyvalue key="root_cause">UNSPECIFIED</keyvalue>
    </additional_information>
    <structure install="install" iodata="testData" scoredata="testOutput" scripts="scripts" source="src"/>
    <run_command>$SS_TC_ROOT/$SS_TC_INSTALL/bin/postgres -p 8432 </run_command>
    <weakness generation_method="FAULT_INJECTED">
        <variant cwe="CWE-88" name="CWE-88-A"/>
        <features>
            <taint_source file_name="/src/backend/storage/ipc/pmsignal.c" line_number="0" type="SOCKET">
                <method name="stonesoup_handle_taint"/>
            </taint_source>
            <data_type file_name="/src/backend/storage/ipc/pmsignal.c" line_number="0" type="UNION">
                <method name="stonesoup_handle_taint"/>
            </data_type>
            <data_flow file_name="/src/backend/storage/ipc/pmsignal.c" line_number="0" type="ADDRESS_ALIAS_50">
                <method name="stonesoup_handle_taint"/>
            </data_flow>
            <control_flow file_name="/src/backend/storage/ipc/pmsignal.c" line_number="0" type="MACROS">
                <method name="stonesoup_handle_taint"/>
            </control_flow>
        </features>
    </weakness>
    <build_commands cppflags="-DSTONESOUP_TRACE=1" libs="-lpthread -lmongoose -ldl">
        <command>./configure --prefix=&quot;$SS_TC_ROOT/$SS_TC_INSTALL&quot; --with-pgport=8432 --with-libraries=&quot;$SS_TC_DEPS/lib&quot; --with-includes=&quot;$SS_TC_DEPS/include&quot; --with-openssl --with-libxml --with-libxslt --without-selinux --with-readline --without-tcl --without-perl --without-python --without-gssapi --without-pam --without-krb5 --with-ldap --without-bonjour --with-zlib --disable-thread-safety</command>
        <command>make CC=&quot;$SS_CC&quot; CCLD=&quot;$SS_LNK&quot;</command>
        <command>make install CC=&quot;$SS_CC&quot; CCLD=&quot;$SS_LNK&quot;</command>
    </build_commands>
    <iopairs>
        <iopair name="C-C088A-PSQL-01-ST03-DT07-DF04-CF22-01-GOOD-01" reset_scheme="NONE" timeout="300" type="GOOD">
            <description>initalize a database
Read a string from the input.  Perform a find path -iname input.If input contains arguments such as -exec with a \; ending the command, a user can insert other commands instead of just find

</description>
            <technical_impact>NONE</technical_impact>
            <pre_processes scheme="SEQUENCE">
                <process>
                    <script background="false" encoding="STRING" type="USE_TEXT">printf '' | tee nginx_conf_env.txt</script>
                </process>
                <process delay_after="0" delay_before="0">
                    <script background="false" encoding="STRING" type="USE_TEXT">mkdir -p &quot;$SS_TC_ROOT/testData/good-01/psqldb&quot; &amp;&amp; chown -R postgres:postgres &quot;$SS_TC_ROOT/testData&quot;</script>
                </process>
                <process>
                    <script background="false" encoding="STRING" type="USE_TEXT">mkdir $SS_TC_ROOT/logs/execute/lttng</script>
                </process>
                <process>
                    <environment_variable encoding="STRING" key="LTTNG_HOME" type="USE_TEXT">$SS_TC_ROOT/logs/execute/lttng</environment_variable>
                </process>
                <process>
                    <environment_variable encoding="STRING" key="SS_RUN_COMMAND_LD_PRELOAD" type="USE_TEXT">$SS_TC_DEPS/lib64/liblttng-stonesoup-c.so:$SS_TC_DEPS/lib64/liblttng-ust-fork.so</environment_variable>
                </process>
                <process>
                    <script background="false" encoding="STRING" type="USE_TEXT">mkdir -p $SS_TC_DEPS/var/run/lttng</script>
                </process>
                <process>
                    <script background="false" encoding="STRING" type="USE_TEXT">$SS_TC_DEPS/bin/lttng create &amp;&amp; $SS_TC_DEPS/bin/lttng enable-event -u -a &amp;&amp; $SS_TC_DEPS/bin/lttng start</script>
                </process>
                <process>
                    <script background="false" encoding="STRING" type="USE_TEXT">rm -rf $SS_TC_ROOT/lockDir</script>
                </process>
            </pre_processes>
            <run_command encoding="STRING" preprend_runcommand="false" type="USE_TEXT">sudo -E -u postgres $SS_TC_ROOT/$SS_TC_INSTALL/bin/initdb $SS_TC_ROOT/testData/good-01/psqldb</run_command>
            <co_processes scheme="SEQUENCE">
                <process>
                    <script background="false" encoding="STRING" input_id="socket_luQo09pISu" type="USE_TEXT">/opt/stonesoup/workspace/scripts/service_mon.sh ss-localhost 8887 &amp;&amp; curl -v --data-urlencode data=&quot;$(echo ImZpbGUuKiI= | base64 --decode)&quot; --header &quot;If-Match: weak_taint_source_value&quot; --request POST --no-buffer --output /opt/stonesoup/workspace/testData/logfile.txt --silent --show-error http://ss-localhost:8887</script>
                </process>
            </co_processes>
            <post_processes scheme="SEQUENCE">
                <process>
                    <script background="false" encoding="STRING" input_id="lttng_output_iSDdJPFrmB" type="USE_TEXT">$SS_TC_DEPS/bin/lttng stop &amp;&amp; $SS_TC_DEPS/bin/lttng view &amp;&amp; $SS_TC_DEPS/bin/lttng destroy</script>
                </process>
            </post_processes>
            <scoring_formula default="GOOD-01-Default">
                <formula name="GOOD-01-Default">(UTF8 OR ASCII) AND NOT TIMEOUT AND NOT CONTROLLED_EXIT</formula>
            </scoring_formula>
            <output_checks>
                <compare_check check_type="CONTAINS" name="UTF8">
                    <actual output_type="STANDARD_OUT"></actual>
                    <expected encoding="STRING" type="USE_FILE_CONTENTS">good-01/good-01-UTF8.out</expected>
                </compare_check>
                <compare_check check_type="CONTAINS" name="ASCII">
                    <actual output_type="STANDARD_OUT"></actual>
                    <expected encoding="STRING" type="USE_FILE_CONTENTS">good-01/good-01-ASCII.out</expected>
                </compare_check>
                <simple_check check_type="SPECIAL" encoding="STRING" name="TIMEOUT" type="USE_TEXT">DOES_NOT_RETURN</simple_check>
                <simple_check check_type="SPECIAL" encoding="STRING" name="CONTROLLED_EXIT" type="USE_TEXT">CONTROLLED_EXIT</simple_check>
            </output_checks>
        </iopair>
        <iopair name="C-C088A-PSQL-01-ST03-DT07-DF04-CF22-01-GOOD-02" reset_scheme="NONE" timeout="300" type="GOOD">
            <description>perform a select
Read a string from the input.  Perform a find path -iname input.If input contains arguments such as -exec with a \; ending the command, a user can insert other commands instead of just find

</description>
            <technical_impact>NONE</technical_impact>
            <pre_processes scheme="SEQUENCE">
                <process>
                    <script background="false" encoding="STRING" type="USE_TEXT">printf '' | tee nginx_conf_env.txt</script>
                </process>
                <process delay_after="0" delay_before="0">
                    <script background="false" encoding="STRING" type="USE_TEXT">mkdir -p &quot;$SS_TC_ROOT/testData/good-02&quot; &amp;&amp; tar -xpzof &quot;$SS_TC_ROOT/testData/booktown-imported-db.tar.gz&quot; -C &quot;$SS_TC_ROOT/testData/good-02&quot; &amp;&amp; chown -R root:root $SS_TC_ROOT/testData/good-02 &amp;&amp; chmod -R 700 $SS_TC_ROOT/testData/good-02</script>
                </process>
                <process>
                    <script background="false" encoding="STRING" type="USE_TEXT">mkdir $SS_TC_ROOT/logs/execute/lttng</script>
                </process>
                <process>
                    <environment_variable encoding="STRING" key="LTTNG_HOME" type="USE_TEXT">$SS_TC_ROOT/logs/execute/lttng</environment_variable>
                </process>
                <process>
                    <environment_variable encoding="STRING" key="SS_RUN_COMMAND_LD_PRELOAD" type="USE_TEXT">$SS_TC_DEPS/lib64/liblttng-stonesoup-c.so:$SS_TC_DEPS/lib64/liblttng-ust-fork.so</environment_variable>
                </process>
                <process>
                    <script background="false" encoding="STRING" type="USE_TEXT">mkdir -p $SS_TC_DEPS/var/run/lttng</script>
                </process>
                <process>
                    <script background="false" encoding="STRING" type="USE_TEXT">$SS_TC_DEPS/bin/lttng create &amp;&amp; $SS_TC_DEPS/bin/lttng enable-event -u -a &amp;&amp; $SS_TC_DEPS/bin/lttng start</script>
                </process>
                <process>
                    <script background="false" encoding="STRING" type="USE_TEXT">rm -rf $SS_TC_ROOT/lockDir</script>
                </process>
            </pre_processes>
            <run_command encoding="STRING" preprend_runcommand="true" type="USE_TEXT">-D $SS_TC_ROOT/testData/good-02/psql</run_command>
            <co_processes scheme="SEQUENCE">
                <process_group scheme="PARALLEL">
                    <process_group scheme="SEQUENCE">
                        <process delay_after="0" delay_before="0">
                            <script background="false" encoding="STRING" type="USE_TEXT">$SS_TC_ROOT/scripts/service_mon.sh ss-localhost 8432</script>
                        </process>
                        <process delay_after="0" delay_before="0">
                            <script background="false" encoding="STRING" input_id="client-command" type="USE_TEXT">sleep 22 &amp;&amp; $SS_TC_DEPS/bin/psql -h ss-localhost -d booktown -p 8432 -c &quot;SELECT * FROM books WHERE title = 'Dune'&quot;</script>
                        </process>
                    </process_group>
                    <process_group scheme="SEQUENCE">
                        <process>
                            <script background="false" encoding="STRING" input_id="socket_aPcvJbfAeq" type="USE_TEXT">/opt/stonesoup/workspace/scripts/service_mon.sh ss-localhost 8887 &amp;&amp; curl -v --data-urlencode data=&quot;filename.txt&quot; --header &quot;If-Match: weak_taint_source_value&quot; --request POST --no-buffer --output /opt/stonesoup/workspace/testData/logfile.txt --silent --show-error http://ss-localhost:8887</script>
                        </process>
                    </process_group>
                </process_group>
                <process delay_after="0" delay_before="0">
                    <script background="false" encoding="STRING" type="USE_TEXT">if [[ -s &quot;$SS_TC_ROOT/$SS_TC_INSTALL/postgres.pid&quot; ]]; then kill $(cat &quot;$SS_TC_ROOT/$SS_TC_INSTALL/postgres.pid&quot;); else echo &quot;Skipping postgres kill, no PID file.&quot;; fi;</script>
                </process>
            </co_processes>
            <post_processes scheme="SEQUENCE">
                <process>
                    <script background="false" encoding="STRING" input_id="lttng_output_3l1stiZkMn" type="USE_TEXT">$SS_TC_DEPS/bin/lttng stop &amp;&amp; $SS_TC_DEPS/bin/lttng view &amp;&amp; $SS_TC_DEPS/bin/lttng destroy</script>
                </process>
            </post_processes>
            <scoring_formula default="GOOD-02-Default">
                <formula name="GOOD-02-Default">GOOD-02 AND NOT TIMEOUT AND NOT CONTROLLED_EXIT</formula>
            </scoring_formula>
            <output_checks>
                <compare_check check_type="CONTAINS" name="GOOD-02">
                    <actual input_id_ref="client-command" output_type="STANDARD_OUT"></actual>
                    <expected encoding="STRING" type="USE_FILE_CONTENTS">good-02/good-02.out</expected>
                </compare_check>
                <simple_check check_type="SPECIAL" encoding="STRING" name="TIMEOUT" type="USE_TEXT">DOES_NOT_RETURN</simple_check>
                <simple_check check_type="SPECIAL" encoding="STRING" name="CONTROLLED_EXIT" type="USE_TEXT">CONTROLLED_EXIT</simple_check>
            </output_checks>
        </iopair>
        <iopair name="C-C088A-PSQL-01-ST03-DT07-DF04-CF22-01-GOOD-03" reset_scheme="NONE" timeout="300" type="GOOD">
            <description>perform an insert
Read a string from the input.  Perform a find path -iname input.If input contains arguments such as -exec with a \; ending the command, a user can insert other commands instead of just find

</description>
            <technical_impact>NONE</technical_impact>
            <pre_processes scheme="SEQUENCE">
                <process>
                    <script background="false" encoding="STRING" type="USE_TEXT">printf '' | tee nginx_conf_env.txt</script>
                </process>
                <process delay_after="0" delay_before="0">
                    <script background="false" encoding="STRING" type="USE_TEXT">mkdir -p &quot;$SS_TC_ROOT/testData/good-03&quot; &amp;&amp; tar -xpzof &quot;$SS_TC_ROOT/testData/booktown-imported-db.tar.gz&quot; -C &quot;$SS_TC_ROOT/testData/good-03&quot; &amp;&amp; chown -R root:root $SS_TC_ROOT/testData/good-03 &amp;&amp; chmod -R 700 $SS_TC_ROOT/testData/good-03</script>
                </process>
                <process>
                    <script background="false" encoding="STRING" type="USE_TEXT">mkdir $SS_TC_ROOT/logs/execute/lttng</script>
                </process>
                <process>
                    <environment_variable encoding="STRING" key="LTTNG_HOME" type="USE_TEXT">$SS_TC_ROOT/logs/execute/lttng</environment_variable>
                </process>
                <process>
                    <environment_variable encoding="STRING" key="SS_RUN_COMMAND_LD_PRELOAD" type="USE_TEXT">$SS_TC_DEPS/lib64/liblttng-stonesoup-c.so:$SS_TC_DEPS/lib64/liblttng-ust-fork.so</environment_variable>
                </process>
                <process>
                    <script background="false" encoding="STRING" type="USE_TEXT">mkdir -p $SS_TC_DEPS/var/run/lttng</script>
                </process>
                <process>
                    <script background="false" encoding="STRING" type="USE_TEXT">$SS_TC_DEPS/bin/lttng create &amp;&amp; $SS_TC_DEPS/bin/lttng enable-event -u -a &amp;&amp; $SS_TC_DEPS/bin/lttng start</script>
                </process>
                <process>
                    <script background="false" encoding="STRING" type="USE_TEXT">rm -rf $SS_TC_ROOT/lockDir</script>
                </process>
            </pre_processes>
            <run_command encoding="STRING" preprend_runcommand="true" type="USE_TEXT"> -D $SS_TC_ROOT/testData/good-03/psql</run_command>
            <co_processes scheme="SEQUENCE">
                <process_group scheme="PARALLEL">
                    <process_group scheme="SEQUENCE">
                        <process delay_after="0" delay_before="0">
                            <script background="false" encoding="STRING" type="USE_TEXT">$SS_TC_ROOT/scripts/service_mon.sh ss-localhost 8432</script>
                        </process>
                        <process delay_after="0" delay_before="0">
                            <script background="false" encoding="STRING" input_id="client-command" type="USE_TEXT">sleep 22 &amp;&amp; $SS_TC_DEPS/bin/psql -d booktown -h ss-localhost -p 8432 -c &quot;insert into books values ('12345','Good Oh Three')&quot;</script>
                        </process>
                    </process_group>
                    <process_group scheme="SEQUENCE">
                        <process>
                            <script background="false" encoding="STRING" input_id="socket_xhqsKOqCgd" type="USE_TEXT">/opt/stonesoup/workspace/scripts/service_mon.sh ss-localhost 8887 &amp;&amp; curl -v --data-urlencode data=&quot;$(echo Iioi | base64 --decode)&quot; --header &quot;If-Match: weak_taint_source_value&quot; --request POST --no-buffer --output /opt/stonesoup/workspace/testData/logfile.txt --silent --show-error http://ss-localhost:8887</script>
                        </process>
                    </process_group>
                </process_group>
                <process delay_after="0" delay_before="0">
                    <script background="false" encoding="STRING" type="USE_TEXT">if [[ -s &quot;$SS_TC_ROOT/$SS_TC_INSTALL/postgres.pid&quot; ]]; then kill $(cat &quot;$SS_TC_ROOT/$SS_TC_INSTALL/postgres.pid&quot;); else echo &quot;Skipping postgres kill, no PID file.&quot;; fi;</script>
                </process>
            </co_processes>
            <post_processes scheme="SEQUENCE">
                <process>
                    <script background="false" encoding="STRING" input_id="lttng_output_I8NdORiBv3" type="USE_TEXT">$SS_TC_DEPS/bin/lttng stop &amp;&amp; $SS_TC_DEPS/bin/lttng view &amp;&amp; $SS_TC_DEPS/bin/lttng destroy</script>
                </process>
            </post_processes>
            <scoring_formula default="GOOD-03-Default">
                <formula name="GOOD-03-Default">GOOD-03 AND NOT TIMEOUT AND NOT CONTROLLED_EXIT</formula>
            </scoring_formula>
            <output_checks>
                <compare_check check_type="CONTAINS" name="GOOD-03">
                    <actual input_id_ref="client-command" output_type="STANDARD_OUT"></actual>
                    <expected encoding="STRING" type="USE_FILE_CONTENTS">good-03/good-03.out</expected>
                </compare_check>
                <simple_check check_type="SPECIAL" encoding="STRING" name="TIMEOUT" type="USE_TEXT">DOES_NOT_RETURN</simple_check>
                <simple_check check_type="SPECIAL" encoding="STRING" name="CONTROLLED_EXIT" type="USE_TEXT">CONTROLLED_EXIT</simple_check>
            </output_checks>
        </iopair>
        <iopair name="C-C088A-PSQL-01-ST03-DT07-DF04-CF22-01-GOOD-04" reset_scheme="NONE" timeout="300" type="GOOD">
            <description>perform a create
Read a string from the input.  Perform a find path -iname input.If input contains arguments such as -exec with a \; ending the command, a user can insert other commands instead of just find

</description>
            <technical_impact>NONE</technical_impact>
            <pre_processes scheme="SEQUENCE">
                <process>
                    <script background="false" encoding="STRING" type="USE_TEXT">printf '' | tee nginx_conf_env.txt</script>
                </process>
                <process delay_after="0" delay_before="0">
                    <script background="false" encoding="STRING" type="USE_TEXT">mkdir -p &quot;$SS_TC_ROOT/testData/good-04&quot; &amp;&amp; tar -xpzof &quot;$SS_TC_ROOT/testData/booktown-imported-db.tar.gz&quot; -C &quot;$SS_TC_ROOT/testData/good-04&quot; &amp;&amp; chown -R root:root $SS_TC_ROOT/testData/good-04 &amp;&amp; chmod -R 700 $SS_TC_ROOT/testData/good-04</script>
                </process>
                <process>
                    <script background="false" encoding="STRING" type="USE_TEXT">mkdir $SS_TC_ROOT/logs/execute/lttng</script>
                </process>
                <process>
                    <environment_variable encoding="STRING" key="LTTNG_HOME" type="USE_TEXT">$SS_TC_ROOT/logs/execute/lttng</environment_variable>
                </process>
                <process>
                    <environment_variable encoding="STRING" key="SS_RUN_COMMAND_LD_PRELOAD" type="USE_TEXT">$SS_TC_DEPS/lib64/liblttng-stonesoup-c.so:$SS_TC_DEPS/lib64/liblttng-ust-fork.so</environment_variable>
                </process>
                <process>
                    <script background="false" encoding="STRING" type="USE_TEXT">mkdir -p $SS_TC_DEPS/var/run/lttng</script>
                </process>
                <process>
                    <script background="false" encoding="STRING" type="USE_TEXT">$SS_TC_DEPS/bin/lttng create &amp;&amp; $SS_TC_DEPS/bin/lttng enable-event -u -a &amp;&amp; $SS_TC_DEPS/bin/lttng start</script>
                </process>
                <process>
                    <script background="false" encoding="STRING" type="USE_TEXT">rm -rf $SS_TC_ROOT/lockDir</script>
                </process>
            </pre_processes>
            <run_command encoding="STRING" preprend_runcommand="true" type="USE_TEXT"> -D $SS_TC_ROOT/testData/good-04/psql</run_command>
            <co_processes scheme="SEQUENCE">
                <process_group scheme="PARALLEL">
                    <process_group scheme="SEQUENCE">
                        <process delay_after="0" delay_before="0">
                            <script background="false" encoding="STRING" type="USE_TEXT">$SS_TC_ROOT/scripts/service_mon.sh ss-localhost 8432</script>
                        </process>
                        <process delay_after="0" delay_before="0">
                            <script background="false" encoding="STRING" input_id="client-command" type="USE_TEXT">sleep 22 &amp;&amp; $SS_TC_DEPS/bin/psql -d booktown -h ss-localhost -p 8432 -c &quot;CREATE TABLE stonesoup ( cwe varchar(6), progress varchar(12), UNIQUE(cwe) )&quot;</script>
                        </process>
                    </process_group>
                    <process_group scheme="SEQUENCE">
                        <process>
                            <script background="false" encoding="STRING" input_id="socket_fQuToSLynw" type="USE_TEXT">/opt/stonesoup/workspace/scripts/service_mon.sh ss-localhost 8887 &amp;&amp; curl -v --data-urlencode data=&quot;$(echo ImZpbGUuKiI= | base64 --decode)&quot; --header &quot;If-Match: weak_taint_source_value&quot; --request POST --no-buffer --output /opt/stonesoup/workspace/testData/logfile.txt --silent --show-error http://ss-localhost:8887</script>
                        </process>
                    </process_group>
                </process_group>
                <process delay_after="0" delay_before="0">
                    <script background="false" encoding="STRING" type="USE_TEXT">if [[ -s &quot;$SS_TC_ROOT/$SS_TC_INSTALL/postgres.pid&quot; ]]; then kill $(cat &quot;$SS_TC_ROOT/$SS_TC_INSTALL/postgres.pid&quot;); else echo &quot;Skipping postgres kill, no PID file.&quot;; fi;</script>
                </process>
            </co_processes>
            <post_processes scheme="SEQUENCE">
                <process>
                    <script background="false" encoding="STRING" input_id="lttng_output_4dJ2DBgVWk" type="USE_TEXT">$SS_TC_DEPS/bin/lttng stop &amp;&amp; $SS_TC_DEPS/bin/lttng view &amp;&amp; $SS_TC_DEPS/bin/lttng destroy</script>
                </process>
            </post_processes>
            <scoring_formula default="GOOD-04-Default">
                <formula name="GOOD-04-Default">GOOD-04 AND NOT TIMEOUT AND NOT CONTROLLED_EXIT</formula>
            </scoring_formula>
            <output_checks>
                <compare_check check_type="CONTAINS" name="GOOD-04">
                    <actual input_id_ref="client-command" output_type="STANDARD_OUT"></actual>
                    <expected encoding="STRING" type="USE_FILE_CONTENTS">good-04/good-04.out</expected>
                </compare_check>
                <simple_check check_type="SPECIAL" encoding="STRING" name="TIMEOUT" type="USE_TEXT">DOES_NOT_RETURN</simple_check>
                <simple_check check_type="SPECIAL" encoding="STRING" name="CONTROLLED_EXIT" type="USE_TEXT">CONTROLLED_EXIT</simple_check>
            </output_checks>
        </iopair>
        <iopair name="C-C088A-PSQL-01-ST03-DT07-DF04-CF22-01-GOOD-05" reset_scheme="NONE" timeout="300" type="GOOD">
            <description>perform a delete
Read a string from the input.  Perform a find path -iname input.If input contains arguments such as -exec with a \; ending the command, a user can insert other commands instead of just find

</description>
            <technical_impact>NONE</technical_impact>
            <pre_processes scheme="SEQUENCE">
                <process>
                    <script background="false" encoding="STRING" type="USE_TEXT">printf '' | tee nginx_conf_env.txt</script>
                </process>
                <process delay_after="0" delay_before="0">
                    <script background="false" encoding="STRING" type="USE_TEXT">mkdir -p &quot;$SS_TC_ROOT/testData/good-05&quot; &amp;&amp; tar -xpzof &quot;$SS_TC_ROOT/testData/booktown-imported-db.tar.gz&quot; -C &quot;$SS_TC_ROOT/testData/good-05&quot; &amp;&amp; chown -R root:root $SS_TC_ROOT/testData/good-05 &amp;&amp; chmod -R 700 $SS_TC_ROOT/testData/good-05</script>
                </process>
                <process>
                    <script background="false" encoding="STRING" type="USE_TEXT">mkdir $SS_TC_ROOT/logs/execute/lttng</script>
                </process>
                <process>
                    <environment_variable encoding="STRING" key="LTTNG_HOME" type="USE_TEXT">$SS_TC_ROOT/logs/execute/lttng</environment_variable>
                </process>
                <process>
                    <environment_variable encoding="STRING" key="SS_RUN_COMMAND_LD_PRELOAD" type="USE_TEXT">$SS_TC_DEPS/lib64/liblttng-stonesoup-c.so:$SS_TC_DEPS/lib64/liblttng-ust-fork.so</environment_variable>
                </process>
                <process>
                    <script background="false" encoding="STRING" type="USE_TEXT">mkdir -p $SS_TC_DEPS/var/run/lttng</script>
                </process>
                <process>
                    <script background="false" encoding="STRING" type="USE_TEXT">$SS_TC_DEPS/bin/lttng create &amp;&amp; $SS_TC_DEPS/bin/lttng enable-event -u -a &amp;&amp; $SS_TC_DEPS/bin/lttng start</script>
                </process>
                <process>
                    <script background="false" encoding="STRING" type="USE_TEXT">rm -rf $SS_TC_ROOT/lockDir</script>
                </process>
            </pre_processes>
            <run_command encoding="STRING" preprend_runcommand="true" type="USE_TEXT"> -D $SS_TC_ROOT/testData/good-05/psql</run_command>
            <co_processes scheme="SEQUENCE">
                <process_group scheme="PARALLEL">
                    <process_group scheme="SEQUENCE">
                        <process delay_after="0" delay_before="0">
                            <script background="false" encoding="STRING" type="USE_TEXT">$SS_TC_ROOT/scripts/service_mon.sh ss-localhost 8432</script>
                        </process>
                        <process delay_after="0" delay_before="0">
                            <script background="false" encoding="STRING" input_id="client-command" type="USE_TEXT">sleep 22 &amp;&amp; $SS_TC_DEPS/bin/psql -d booktown -h ss-localhost -p 8432 -c &quot;DELETE FROM books WHERE id = '190'&quot;</script>
                        </process>
                    </process_group>
                    <process_group scheme="SEQUENCE">
                        <process>
                            <script background="false" encoding="STRING" input_id="socket_LJqgJKs3va" type="USE_TEXT">/opt/stonesoup/workspace/scripts/service_mon.sh ss-localhost 8887 &amp;&amp; curl -v --data-urlencode data=&quot;filename.txt&quot; --header &quot;If-Match: weak_taint_source_value&quot; --request POST --no-buffer --output /opt/stonesoup/workspace/testData/logfile.txt --silent --show-error http://ss-localhost:8887</script>
                        </process>
                    </process_group>
                </process_group>
                <process delay_after="0" delay_before="0">
                    <script background="false" encoding="STRING" type="USE_TEXT">if [[ -s &quot;$SS_TC_ROOT/$SS_TC_INSTALL/postgres.pid&quot; ]]; then kill $(cat &quot;$SS_TC_ROOT/$SS_TC_INSTALL/postgres.pid&quot;); else echo &quot;Skipping postgres kill, no PID file.&quot;; fi;</script>
                </process>
            </co_processes>
            <post_processes scheme="SEQUENCE">
                <process>
                    <script background="false" encoding="STRING" input_id="lttng_output_oyYHV48cKK" type="USE_TEXT">$SS_TC_DEPS/bin/lttng stop &amp;&amp; $SS_TC_DEPS/bin/lttng view &amp;&amp; $SS_TC_DEPS/bin/lttng destroy</script>
                </process>
            </post_processes>
            <scoring_formula default="GOOD-05-Default">
                <formula name="GOOD-05-Default">GOOD-05 AND NOT TIMEOUT AND NOT CONTROLLED_EXIT</formula>
            </scoring_formula>
            <output_checks>
                <compare_check check_type="CONTAINS" name="GOOD-05">
                    <actual input_id_ref="client-command" output_type="STANDARD_OUT"></actual>
                    <expected encoding="STRING" type="USE_FILE_CONTENTS">good-05/good-05.out</expected>
                </compare_check>
                <simple_check check_type="SPECIAL" encoding="STRING" name="TIMEOUT" type="USE_TEXT">DOES_NOT_RETURN</simple_check>
                <simple_check check_type="SPECIAL" encoding="STRING" name="CONTROLLED_EXIT" type="USE_TEXT">CONTROLLED_EXIT</simple_check>
            </output_checks>
        </iopair>
        <iopair name="C-C088A-PSQL-01-ST03-DT07-DF04-CF22-01-GOOD-06" reset_scheme="NONE" timeout="300" type="GOOD">
            <description>perform a drop
Read a string from the input.  Perform a find path -iname input.If input contains arguments such as -exec with a \; ending the command, a user can insert other commands instead of just find

</description>
            <technical_impact>NONE</technical_impact>
            <pre_processes scheme="SEQUENCE">
                <process>
                    <script background="false" encoding="STRING" type="USE_TEXT">printf '' | tee nginx_conf_env.txt</script>
                </process>
                <process delay_after="0" delay_before="0">
                    <script background="false" encoding="STRING" type="USE_TEXT">mkdir -p &quot;$SS_TC_ROOT/testData/good-06&quot; &amp;&amp; tar -xpzof &quot;$SS_TC_ROOT/testData/booktown-imported-db.tar.gz&quot; -C &quot;$SS_TC_ROOT/testData/good-06&quot; &amp;&amp; chown -R root:root $SS_TC_ROOT/testData/good-06 &amp;&amp; chmod -R 700 $SS_TC_ROOT/testData/good-06</script>
                </process>
                <process>
                    <script background="false" encoding="STRING" type="USE_TEXT">mkdir $SS_TC_ROOT/logs/execute/lttng</script>
                </process>
                <process>
                    <environment_variable encoding="STRING" key="LTTNG_HOME" type="USE_TEXT">$SS_TC_ROOT/logs/execute/lttng</environment_variable>
                </process>
                <process>
                    <environment_variable encoding="STRING" key="SS_RUN_COMMAND_LD_PRELOAD" type="USE_TEXT">$SS_TC_DEPS/lib64/liblttng-stonesoup-c.so:$SS_TC_DEPS/lib64/liblttng-ust-fork.so</environment_variable>
                </process>
                <process>
                    <script background="false" encoding="STRING" type="USE_TEXT">mkdir -p $SS_TC_DEPS/var/run/lttng</script>
                </process>
                <process>
                    <script background="false" encoding="STRING" type="USE_TEXT">$SS_TC_DEPS/bin/lttng create &amp;&amp; $SS_TC_DEPS/bin/lttng enable-event -u -a &amp;&amp; $SS_TC_DEPS/bin/lttng start</script>
                </process>
                <process>
                    <script background="false" encoding="STRING" type="USE_TEXT">rm -rf $SS_TC_ROOT/lockDir</script>
                </process>
            </pre_processes>
            <run_command encoding="STRING" preprend_runcommand="true" type="USE_TEXT"> -D $SS_TC_ROOT/testData/good-06/psql</run_command>
            <co_processes scheme="SEQUENCE">
                <process_group scheme="PARALLEL">
                    <process_group scheme="SEQUENCE">
                        <process delay_after="0" delay_before="0">
                            <script background="false" encoding="STRING" type="USE_TEXT">$SS_TC_ROOT/scripts/service_mon.sh ss-localhost 8432</script>
                        </process>
                        <process delay_after="0" delay_before="0">
                            <script background="false" encoding="STRING" input_id="client-command" type="USE_TEXT">sleep 22 &amp;&amp; $SS_TC_DEPS/bin/psql -d booktown -h ss-localhost -p 8432 -c &quot;DROP TABLE my_list&quot;</script>
                        </process>
                    </process_group>
                    <process_group scheme="SEQUENCE">
                        <process>
                            <script background="false" encoding="STRING" input_id="socket_2HhIRgyVb5" type="USE_TEXT">/opt/stonesoup/workspace/scripts/service_mon.sh ss-localhost 8887 &amp;&amp; curl -v --data-urlencode data=&quot;$(echo Iioi | base64 --decode)&quot; --header &quot;If-Match: weak_taint_source_value&quot; --request POST --no-buffer --output /opt/stonesoup/workspace/testData/logfile.txt --silent --show-error http://ss-localhost:8887</script>
                        </process>
                    </process_group>
                </process_group>
                <process delay_after="0" delay_before="0">
                    <script background="false" encoding="STRING" type="USE_TEXT">if [[ -s &quot;$SS_TC_ROOT/$SS_TC_INSTALL/postgres.pid&quot; ]]; then kill $(cat &quot;$SS_TC_ROOT/$SS_TC_INSTALL/postgres.pid&quot;); else echo &quot;Skipping postgres kill, no PID file.&quot;; fi;</script>
                </process>
            </co_processes>
            <post_processes scheme="SEQUENCE">
                <process>
                    <script background="false" encoding="STRING" input_id="lttng_output_DnBcAEHCEU" type="USE_TEXT">$SS_TC_DEPS/bin/lttng stop &amp;&amp; $SS_TC_DEPS/bin/lttng view &amp;&amp; $SS_TC_DEPS/bin/lttng destroy</script>
                </process>
            </post_processes>
            <scoring_formula default="GOOD-06-Default">
                <formula name="GOOD-06-Default">GOOD-06 AND NOT TIMEOUT AND NOT CONTROLLED_EXIT</formula>
            </scoring_formula>
            <output_checks>
                <compare_check check_type="CONTAINS" name="GOOD-06">
                    <actual input_id_ref="client-command" output_type="STANDARD_OUT"></actual>
                    <expected encoding="STRING" type="USE_FILE_CONTENTS">good-06/good-06.out</expected>
                </compare_check>
                <simple_check check_type="SPECIAL" encoding="STRING" name="TIMEOUT" type="USE_TEXT">DOES_NOT_RETURN</simple_check>
                <simple_check check_type="SPECIAL" encoding="STRING" name="CONTROLLED_EXIT" type="USE_TEXT">CONTROLLED_EXIT</simple_check>
            </output_checks>
        </iopair>
        <iopair name="C-C088A-PSQL-01-ST03-DT07-DF04-CF22-01-GOOD-07" reset_scheme="NONE" timeout="300" type="GOOD">
            <description>import a .sql file
Read a string from the input.  Perform a find path -iname input.If input contains arguments such as -exec with a \; ending the command, a user can insert other commands instead of just find

</description>
            <technical_impact>NONE</technical_impact>
            <pre_processes scheme="SEQUENCE">
                <process>
                    <script background="false" encoding="STRING" type="USE_TEXT">printf '' | tee nginx_conf_env.txt</script>
                </process>
                <process delay_after="0" delay_before="0">
                    <script background="false" encoding="STRING" type="USE_TEXT">mkdir -p &quot;$SS_TC_ROOT/testData/good-07&quot; &amp;&amp; tar -xpzof &quot;$SS_TC_ROOT/testData/emptyinitdb.tar.gz&quot; -C &quot;$SS_TC_ROOT/testData/good-07&quot; &amp;&amp; chown -R root:root $SS_TC_ROOT/testData/good-07 &amp;&amp; chmod -R 700 $SS_TC_ROOT/testData/good-07</script>
                </process>
                <process>
                    <script background="false" encoding="STRING" type="USE_TEXT">mkdir $SS_TC_ROOT/logs/execute/lttng</script>
                </process>
                <process>
                    <environment_variable encoding="STRING" key="LTTNG_HOME" type="USE_TEXT">$SS_TC_ROOT/logs/execute/lttng</environment_variable>
                </process>
                <process>
                    <environment_variable encoding="STRING" key="SS_RUN_COMMAND_LD_PRELOAD" type="USE_TEXT">$SS_TC_DEPS/lib64/liblttng-stonesoup-c.so:$SS_TC_DEPS/lib64/liblttng-ust-fork.so</environment_variable>
                </process>
                <process>
                    <script background="false" encoding="STRING" type="USE_TEXT">mkdir -p $SS_TC_DEPS/var/run/lttng</script>
                </process>
                <process>
                    <script background="false" encoding="STRING" type="USE_TEXT">$SS_TC_DEPS/bin/lttng create &amp;&amp; $SS_TC_DEPS/bin/lttng enable-event -u -a &amp;&amp; $SS_TC_DEPS/bin/lttng start</script>
                </process>
                <process>
                    <script background="false" encoding="STRING" type="USE_TEXT">rm -rf $SS_TC_ROOT/lockDir</script>
                </process>
            </pre_processes>
            <run_command encoding="STRING" preprend_runcommand="true" type="USE_TEXT"> -D $SS_TC_ROOT/testData/good-07/psql</run_command>
            <co_processes scheme="SEQUENCE">
                <process_group scheme="PARALLEL">
                    <process_group scheme="SEQUENCE">
                        <process delay_after="0" delay_before="0">
                            <script background="false" encoding="STRING" type="USE_TEXT">$SS_TC_ROOT/scripts/service_mon.sh ss-localhost 8432</script>
                        </process>
                        <process delay_after="0" delay_before="0">
                            <script background="false" encoding="STRING" input_id="client-command" type="USE_TEXT">sleep 22 &amp;&amp; $SS_TC_DEPS/bin/psql -h ss-localhost -p 8432  -d template1 &lt; booktown.sql</script>
                        </process>
                    </process_group>
                    <process_group scheme="SEQUENCE">
                        <process>
                            <script background="false" encoding="STRING" input_id="socket_5asRx445kd" type="USE_TEXT">/opt/stonesoup/workspace/scripts/service_mon.sh ss-localhost 8887 &amp;&amp; curl -v --data-urlencode data=&quot;$(echo ImZpbGUuKiI= | base64 --decode)&quot; --header &quot;If-Match: weak_taint_source_value&quot; --request POST --no-buffer --output /opt/stonesoup/workspace/testData/logfile.txt --silent --show-error http://ss-localhost:8887</script>
                        </process>
                    </process_group>
                </process_group>
                <process delay_after="0" delay_before="0">
                    <script background="false" encoding="STRING" type="USE_TEXT">if [[ -s &quot;$SS_TC_ROOT/$SS_TC_INSTALL/postgres.pid&quot; ]]; then kill $(cat &quot;$SS_TC_ROOT/$SS_TC_INSTALL/postgres.pid&quot;); else echo &quot;Skipping postgres kill, no PID file.&quot;; fi;</script>
                </process>
            </co_processes>
            <post_processes scheme="SEQUENCE">
                <process>
                    <script background="false" encoding="STRING" input_id="lttng_output_XZsoxMDX1C" type="USE_TEXT">$SS_TC_DEPS/bin/lttng stop &amp;&amp; $SS_TC_DEPS/bin/lttng view &amp;&amp; $SS_TC_DEPS/bin/lttng destroy</script>
                </process>
            </post_processes>
            <scoring_formula default="GOOD-07-Default">
                <formula name="GOOD-07-Default">GOOD-07 AND NOT TIMEOUT AND NOT CONTROLLED_EXIT</formula>
            </scoring_formula>
            <output_checks>
                <compare_check check_type="CONTAINS" name="GOOD-07">
                    <actual input_id_ref="client-command" output_type="STANDARD_OUT"></actual>
                    <expected encoding="STRING" type="USE_FILE_CONTENTS">good-07/good-07.out</expected>
                </compare_check>
                <simple_check check_type="SPECIAL" encoding="STRING" name="TIMEOUT" type="USE_TEXT">DOES_NOT_RETURN</simple_check>
                <simple_check check_type="SPECIAL" encoding="STRING" name="CONTROLLED_EXIT" type="USE_TEXT">CONTROLLED_EXIT</simple_check>
            </output_checks>
        </iopair>
        <iopair name="C-C088A-PSQL-01-ST03-DT07-DF04-CF22-01-GOOD-08" reset_scheme="NONE" timeout="300" type="GOOD">
            <description>perform an alter
Read a string from the input.  Perform a find path -iname input.If input contains arguments such as -exec with a \; ending the command, a user can insert other commands instead of just find

</description>
            <technical_impact>NONE</technical_impact>
            <pre_processes scheme="SEQUENCE">
                <process>
                    <script background="false" encoding="STRING" type="USE_TEXT">printf '' | tee nginx_conf_env.txt</script>
                </process>
                <process delay_after="0" delay_before="0">
                    <script background="false" encoding="STRING" type="USE_TEXT">mkdir -p &quot;$SS_TC_ROOT/testData/good-08&quot; &amp;&amp; tar -xpzof &quot;$SS_TC_ROOT/testData/booktown-imported-db.tar.gz&quot; -C &quot;$SS_TC_ROOT/testData/good-08&quot; &amp;&amp; chown -R root:root $SS_TC_ROOT/testData/good-08 &amp;&amp; chmod -R 700 $SS_TC_ROOT/testData/good-08</script>
                </process>
                <process>
                    <script background="false" encoding="STRING" type="USE_TEXT">mkdir $SS_TC_ROOT/logs/execute/lttng</script>
                </process>
                <process>
                    <environment_variable encoding="STRING" key="LTTNG_HOME" type="USE_TEXT">$SS_TC_ROOT/logs/execute/lttng</environment_variable>
                </process>
                <process>
                    <environment_variable encoding="STRING" key="SS_RUN_COMMAND_LD_PRELOAD" type="USE_TEXT">$SS_TC_DEPS/lib64/liblttng-stonesoup-c.so:$SS_TC_DEPS/lib64/liblttng-ust-fork.so</environment_variable>
                </process>
                <process>
                    <script background="false" encoding="STRING" type="USE_TEXT">mkdir -p $SS_TC_DEPS/var/run/lttng</script>
                </process>
                <process>
                    <script background="false" encoding="STRING" type="USE_TEXT">$SS_TC_DEPS/bin/lttng create &amp;&amp; $SS_TC_DEPS/bin/lttng enable-event -u -a &amp;&amp; $SS_TC_DEPS/bin/lttng start</script>
                </process>
                <process>
                    <script background="false" encoding="STRING" type="USE_TEXT">rm -rf $SS_TC_ROOT/lockDir</script>
                </process>
            </pre_processes>
            <run_command encoding="STRING" preprend_runcommand="true" type="USE_TEXT"> -D $SS_TC_ROOT/testData/good-08/psql</run_command>
            <co_processes scheme="SEQUENCE">
                <process_group scheme="PARALLEL">
                    <process_group scheme="SEQUENCE">
                        <process delay_after="0" delay_before="0">
                            <script background="false" encoding="STRING" type="USE_TEXT">$SS_TC_ROOT/scripts/service_mon.sh ss-localhost 8432</script>
                        </process>
                        <process delay_after="0" delay_before="0">
                            <script background="false" encoding="STRING" input_id="client-command" type="USE_TEXT">sleep 22 &amp;&amp; $SS_TC_DEPS/bin/psql -d booktown -h ss-localhost -p 8432 -c &quot;ALTER TABLE customers ALTER COLUMN id TYPE integer USING (id::integer);&quot;</script>
                        </process>
                    </process_group>
                    <process_group scheme="SEQUENCE">
                        <process>
                            <script background="false" encoding="STRING" input_id="socket_TMHlQDMkkQ" type="USE_TEXT">/opt/stonesoup/workspace/scripts/service_mon.sh ss-localhost 8887 &amp;&amp; curl -v --data-urlencode data=&quot;filename.txt&quot; --header &quot;If-Match: weak_taint_source_value&quot; --request POST --no-buffer --output /opt/stonesoup/workspace/testData/logfile.txt --silent --show-error http://ss-localhost:8887</script>
                        </process>
                    </process_group>
                </process_group>
                <process delay_after="0" delay_before="0">
                    <script background="false" encoding="STRING" type="USE_TEXT">if [[ -s &quot;$SS_TC_ROOT/$SS_TC_INSTALL/postgres.pid&quot; ]]; then kill $(cat &quot;$SS_TC_ROOT/$SS_TC_INSTALL/postgres.pid&quot;); else echo &quot;Skipping postgres kill, no PID file.&quot;; fi;</script>
                </process>
            </co_processes>
            <post_processes scheme="SEQUENCE">
                <process>
                    <script background="false" encoding="STRING" input_id="lttng_output_mg4uH4EunZ" type="USE_TEXT">$SS_TC_DEPS/bin/lttng stop &amp;&amp; $SS_TC_DEPS/bin/lttng view &amp;&amp; $SS_TC_DEPS/bin/lttng destroy</script>
                </process>
            </post_processes>
            <scoring_formula default="GOOD-08-Default">
                <formula name="GOOD-08-Default">GOOD-08 AND NOT TIMEOUT AND NOT CONTROLLED_EXIT</formula>
            </scoring_formula>
            <output_checks>
                <compare_check check_type="CONTAINS" name="GOOD-08">
                    <actual input_id_ref="client-command" output_type="STANDARD_OUT"></actual>
                    <expected encoding="STRING" type="USE_FILE_CONTENTS">good-08/good-08.out</expected>
                </compare_check>
                <simple_check check_type="SPECIAL" encoding="STRING" name="TIMEOUT" type="USE_TEXT">DOES_NOT_RETURN</simple_check>
                <simple_check check_type="SPECIAL" encoding="STRING" name="CONTROLLED_EXIT" type="USE_TEXT">CONTROLLED_EXIT</simple_check>
            </output_checks>
        </iopair>
        <iopair name="C-C088A-PSQL-01-ST03-DT07-DF04-CF22-01-GOOD-09" reset_scheme="NONE" timeout="300" type="GOOD">
            <description>see who's logged in
Read a string from the input.  Perform a find path -iname input.If input contains arguments such as -exec with a \; ending the command, a user can insert other commands instead of just find

</description>
            <technical_impact>NONE</technical_impact>
            <pre_processes scheme="SEQUENCE">
                <process>
                    <script background="false" encoding="STRING" type="USE_TEXT">printf '' | tee nginx_conf_env.txt</script>
                </process>
                <process delay_after="0" delay_before="0">
                    <script background="false" encoding="STRING" type="USE_TEXT">mkdir -p &quot;$SS_TC_ROOT/testData/good-09&quot; &amp;&amp; tar -xpzof &quot;$SS_TC_ROOT/testData/booktown-imported-db.tar.gz&quot; -C &quot;$SS_TC_ROOT/testData/good-09&quot; &amp;&amp; chown -R root:root $SS_TC_ROOT/testData/good-09 &amp;&amp; chmod -R 700 $SS_TC_ROOT/testData/good-09</script>
                </process>
                <process>
                    <script background="false" encoding="STRING" type="USE_TEXT">mkdir $SS_TC_ROOT/logs/execute/lttng</script>
                </process>
                <process>
                    <environment_variable encoding="STRING" key="LTTNG_HOME" type="USE_TEXT">$SS_TC_ROOT/logs/execute/lttng</environment_variable>
                </process>
                <process>
                    <environment_variable encoding="STRING" key="SS_RUN_COMMAND_LD_PRELOAD" type="USE_TEXT">$SS_TC_DEPS/lib64/liblttng-stonesoup-c.so:$SS_TC_DEPS/lib64/liblttng-ust-fork.so</environment_variable>
                </process>
                <process>
                    <script background="false" encoding="STRING" type="USE_TEXT">mkdir -p $SS_TC_DEPS/var/run/lttng</script>
                </process>
                <process>
                    <script background="false" encoding="STRING" type="USE_TEXT">$SS_TC_DEPS/bin/lttng create &amp;&amp; $SS_TC_DEPS/bin/lttng enable-event -u -a &amp;&amp; $SS_TC_DEPS/bin/lttng start</script>
                </process>
                <process>
                    <script background="false" encoding="STRING" type="USE_TEXT">rm -rf $SS_TC_ROOT/lockDir</script>
                </process>
            </pre_processes>
            <run_command encoding="STRING" preprend_runcommand="true" type="USE_TEXT"> -D $SS_TC_ROOT/testData/good-09/psql</run_command>
            <co_processes scheme="SEQUENCE">
                <process_group scheme="PARALLEL">
                    <process_group scheme="SEQUENCE">
                        <process delay_after="0" delay_before="0">
                            <script background="false" encoding="STRING" type="USE_TEXT">$SS_TC_ROOT/scripts/service_mon.sh ss-localhost 8432</script>
                        </process>
                        <process delay_after="0" delay_before="0">
                            <script background="false" encoding="STRING" input_id="client-command" type="USE_TEXT">sleep 22 &amp;&amp; $SS_TC_DEPS/bin/psql -d booktown -h ss-localhost -p 8432 -c &quot;SELECT datname,usename,client_addr FROM pg_stat_activity ;&quot;</script>
                        </process>
                    </process_group>
                    <process_group scheme="SEQUENCE">
                        <process>
                            <script background="false" encoding="STRING" input_id="socket_QudDP6aXXw" type="USE_TEXT">/opt/stonesoup/workspace/scripts/service_mon.sh ss-localhost 8887 &amp;&amp; curl -v --data-urlencode data=&quot;$(echo Iioi | base64 --decode)&quot; --header &quot;If-Match: weak_taint_source_value&quot; --request POST --no-buffer --output /opt/stonesoup/workspace/testData/logfile.txt --silent --show-error http://ss-localhost:8887</script>
                        </process>
                    </process_group>
                </process_group>
                <process delay_after="0" delay_before="0">
                    <script background="false" encoding="STRING" type="USE_TEXT">if [[ -s &quot;$SS_TC_ROOT/$SS_TC_INSTALL/postgres.pid&quot; ]]; then kill $(cat &quot;$SS_TC_ROOT/$SS_TC_INSTALL/postgres.pid&quot;); else echo &quot;Skipping postgres kill, no PID file.&quot;; fi;</script>
                </process>
            </co_processes>
            <post_processes scheme="SEQUENCE">
                <process>
                    <script background="false" encoding="STRING" input_id="lttng_output_KJqB8hwsok" type="USE_TEXT">$SS_TC_DEPS/bin/lttng stop &amp;&amp; $SS_TC_DEPS/bin/lttng view &amp;&amp; $SS_TC_DEPS/bin/lttng destroy</script>
                </process>
            </post_processes>
            <scoring_formula default="GOOD-09-Default">
                <formula name="GOOD-09-Default">GOOD-09 AND NOT TIMEOUT AND NOT CONTROLLED_EXIT</formula>
            </scoring_formula>
            <output_checks>
                <compare_check check_type="REGEX" name="GOOD-09">
                    <actual input_id_ref="client-command" output_type="STANDARD_OUT"></actual>
                    <expected encoding="STRING" type="USE_TEXT">\s*booktown\s*\|\s*root\s*\|\s*([0-9]{1,3}\.){3}[0-9]{1,3}\s*</expected>
                </compare_check>
                <simple_check check_type="SPECIAL" encoding="STRING" name="TIMEOUT" type="USE_TEXT">DOES_NOT_RETURN</simple_check>
                <simple_check check_type="SPECIAL" encoding="STRING" name="CONTROLLED_EXIT" type="USE_TEXT">CONTROLLED_EXIT</simple_check>
            </output_checks>
        </iopair>
        <iopair name="C-C088A-PSQL-01-ST03-DT07-DF04-CF22-01-GOOD-10" reset_scheme="NONE" timeout="300" type="GOOD">
            <description>perform a select using LIKE
Read a string from the input.  Perform a find path -iname input.If input contains arguments such as -exec with a \; ending the command, a user can insert other commands instead of just find

</description>
            <technical_impact>NONE</technical_impact>
            <pre_processes scheme="SEQUENCE">
                <process>
                    <script background="false" encoding="STRING" type="USE_TEXT">printf '' | tee nginx_conf_env.txt</script>
                </process>
                <process delay_after="0" delay_before="0">
                    <script background="false" encoding="STRING" type="USE_TEXT">mkdir -p &quot;$SS_TC_ROOT/testData/good-10&quot; &amp;&amp; tar -xpzof &quot;$SS_TC_ROOT/testData/booktown-imported-db.tar.gz&quot; -C &quot;$SS_TC_ROOT/testData/good-10&quot; &amp;&amp; chown -R root:root $SS_TC_ROOT/testData/good-10 &amp;&amp; chmod -R 700 $SS_TC_ROOT/testData/good-10</script>
                </process>
                <process>
                    <script background="false" encoding="STRING" type="USE_TEXT">mkdir $SS_TC_ROOT/logs/execute/lttng</script>
                </process>
                <process>
                    <environment_variable encoding="STRING" key="LTTNG_HOME" type="USE_TEXT">$SS_TC_ROOT/logs/execute/lttng</environment_variable>
                </process>
                <process>
                    <environment_variable encoding="STRING" key="SS_RUN_COMMAND_LD_PRELOAD" type="USE_TEXT">$SS_TC_DEPS/lib64/liblttng-stonesoup-c.so:$SS_TC_DEPS/lib64/liblttng-ust-fork.so</environment_variable>
                </process>
                <process>
                    <script background="false" encoding="STRING" type="USE_TEXT">mkdir -p $SS_TC_DEPS/var/run/lttng</script>
                </process>
                <process>
                    <script background="false" encoding="STRING" type="USE_TEXT">$SS_TC_DEPS/bin/lttng create &amp;&amp; $SS_TC_DEPS/bin/lttng enable-event -u -a &amp;&amp; $SS_TC_DEPS/bin/lttng start</script>
                </process>
                <process>
                    <script background="false" encoding="STRING" type="USE_TEXT">rm -rf $SS_TC_ROOT/lockDir</script>
                </process>
            </pre_processes>
            <run_command encoding="STRING" preprend_runcommand="true" type="USE_TEXT"> -D $SS_TC_ROOT/testData/good-10/psql</run_command>
            <co_processes scheme="SEQUENCE">
                <process_group scheme="PARALLEL">
                    <process_group scheme="SEQUENCE">
                        <process delay_after="0" delay_before="0">
                            <script background="false" encoding="STRING" type="USE_TEXT">$SS_TC_ROOT/scripts/service_mon.sh ss-localhost 8432</script>
                        </process>
                        <process delay_after="0" delay_before="0">
                            <script background="false" encoding="STRING" input_id="client-command" type="USE_TEXT">sleep 22 &amp;&amp; $SS_TC_DEPS/bin/psql -d booktown -h ss-localhost -p 8432 -c &quot;SELECT * FROM books where title LIKE 'P%' ;&quot;</script>
                        </process>
                    </process_group>
                    <process_group scheme="SEQUENCE">
                        <process>
                            <script background="false" encoding="STRING" input_id="socket_qhRWpzRGHo" type="USE_TEXT">/opt/stonesoup/workspace/scripts/service_mon.sh ss-localhost 8887 &amp;&amp; curl -v --data-urlencode data=&quot;$(echo ImZpbGUuKiI= | base64 --decode)&quot; --header &quot;If-Match: weak_taint_source_value&quot; --request POST --no-buffer --output /opt/stonesoup/workspace/testData/logfile.txt --silent --show-error http://ss-localhost:8887</script>
                        </process>
                    </process_group>
                </process_group>
                <process delay_after="0" delay_before="0">
                    <script background="false" encoding="STRING" type="USE_TEXT">if [[ -s &quot;$SS_TC_ROOT/$SS_TC_INSTALL/postgres.pid&quot; ]]; then kill $(cat &quot;$SS_TC_ROOT/$SS_TC_INSTALL/postgres.pid&quot;); else echo &quot;Skipping postgres kill, no PID file.&quot;; fi;</script>
                </process>
            </co_processes>
            <post_processes scheme="SEQUENCE">
                <process>
                    <script background="false" encoding="STRING" input_id="lttng_output_7MrNjM7OOz" type="USE_TEXT">$SS_TC_DEPS/bin/lttng stop &amp;&amp; $SS_TC_DEPS/bin/lttng view &amp;&amp; $SS_TC_DEPS/bin/lttng destroy</script>
                </process>
            </post_processes>
            <scoring_formula default="GOOD-10-Default">
                <formula name="GOOD-10-Default">GOOD-10 AND NOT TIMEOUT AND NOT CONTROLLED_EXIT</formula>
            </scoring_formula>
            <output_checks>
                <compare_check check_type="CONTAINS" name="GOOD-10">
                    <actual input_id_ref="client-command" output_type="STANDARD_OUT"></actual>
                    <expected encoding="STRING" type="USE_FILE_CONTENTS">good-10/good-10.out</expected>
                </compare_check>
                <simple_check check_type="SPECIAL" encoding="STRING" name="TIMEOUT" type="USE_TEXT">DOES_NOT_RETURN</simple_check>
                <simple_check check_type="SPECIAL" encoding="STRING" name="CONTROLLED_EXIT" type="USE_TEXT">CONTROLLED_EXIT</simple_check>
            </output_checks>
        </iopair>
        <iopair name="C-C088A-PSQL-01-ST03-DT07-DF04-CF22-01-BAD-01" reset_scheme="NONE" timeout="300" type="BAD">
            <description>Read a string from the input.  Perform a find path -iname input.If input contains arguments such as -exec with a \; ending the command, a user can insert other commands instead of just find

</description>
            <technical_impact>EXECUTE_UNAUTHORIZED_CODE</technical_impact>
            <pre_processes scheme="SEQUENCE">
                <process>
                    <script background="false" encoding="STRING" type="USE_TEXT">printf '' | tee nginx_conf_env.txt</script>
                </process>
                <process delay_after="0" delay_before="0">
                    <script background="false" encoding="STRING" type="USE_TEXT">mkdir -p &quot;$SS_TC_ROOT/testData/good-05&quot; &amp;&amp; tar -xpzof &quot;$SS_TC_ROOT/testData/booktown-imported-db.tar.gz&quot; -C &quot;$SS_TC_ROOT/testData/good-05&quot; &amp;&amp; chown -R root:root $SS_TC_ROOT/testData/good-05 &amp;&amp; chmod -R 700 $SS_TC_ROOT/testData/good-05</script>
                </process>
                <process>
                    <file encoding="STRING" path="/opt/stonesoup/workspace/testData/temp/file.txt" type="USE_TEXT">None</file>
                </process>
                <process>
                    <script background="false" encoding="STRING" type="USE_TEXT">mkdir $SS_TC_ROOT/logs/execute/lttng</script>
                </process>
                <process>
                    <environment_variable encoding="STRING" key="LTTNG_HOME" type="USE_TEXT">$SS_TC_ROOT/logs/execute/lttng</environment_variable>
                </process>
                <process>
                    <environment_variable encoding="STRING" key="SS_RUN_COMMAND_LD_PRELOAD" type="USE_TEXT">$SS_TC_DEPS/lib64/liblttng-stonesoup-c.so:$SS_TC_DEPS/lib64/liblttng-ust-fork.so</environment_variable>
                </process>
                <process>
                    <script background="false" encoding="STRING" type="USE_TEXT">mkdir -p $SS_TC_DEPS/var/run/lttng</script>
                </process>
                <process>
                    <script background="false" encoding="STRING" type="USE_TEXT">$SS_TC_DEPS/bin/lttng create &amp;&amp; $SS_TC_DEPS/bin/lttng enable-event -u -a &amp;&amp; $SS_TC_DEPS/bin/lttng start</script>
                </process>
                <process>
                    <script background="false" encoding="STRING" type="USE_TEXT">rm -rf $SS_TC_ROOT/lockDir</script>
                </process>
            </pre_processes>
            <run_command encoding="STRING" preprend_runcommand="true" type="USE_TEXT"> -D $SS_TC_ROOT/testData/good-05/psql</run_command>
            <co_processes scheme="SEQUENCE">
                <process_group scheme="PARALLEL">
                    <process_group scheme="SEQUENCE">
                        <process delay_after="0" delay_before="0">
                            <script background="false" encoding="STRING" type="USE_TEXT">$SS_TC_ROOT/scripts/service_mon.sh ss-localhost 8432</script>
                        </process>
                        <process delay_after="0" delay_before="0">
                            <script background="false" encoding="STRING" input_id="client-commandnrJ0rAn6bG" type="USE_TEXT">sleep 22 &amp;&amp; $SS_TC_DEPS/bin/psql -d booktown -h ss-localhost -p 8432 -c &quot;DELETE FROM books WHERE id = '190'&quot;</script>
                        </process>
                    </process_group>
                    <process_group scheme="SEQUENCE">
                        <process>
                            <script background="false" encoding="STRING" input_id="socket_66RpQkVsVupKEaQxCprg" type="USE_TEXT">/opt/stonesoup/workspace/scripts/service_mon.sh ss-localhost 8887 &amp;&amp; curl -v --data-urlencode data=&quot;$(echo IioiIC1leGVjIGNhdCAvZXRjL3Bhc3N3ZCBcOw== | base64 --decode)&quot; --header &quot;If-Match: weak_taint_source_value&quot; --request POST --no-buffer --output /opt/stonesoup/workspace/testData/logfile.txt --silent --show-error http://ss-localhost:8887</script>
                        </process>
                    </process_group>
                </process_group>
                <process delay_after="0" delay_before="0">
                    <script background="false" encoding="STRING" type="USE_TEXT">if [[ -s &quot;$SS_TC_ROOT/$SS_TC_INSTALL/postgres.pid&quot; ]]; then kill $(cat &quot;$SS_TC_ROOT/$SS_TC_INSTALL/postgres.pid&quot;); else echo &quot;Skipping postgres kill, no PID file.&quot;; fi;</script>
                </process>
            </co_processes>
            <post_processes scheme="SEQUENCE">
                <process>
                    <script background="false" encoding="STRING" input_id="lttng_output_a7cLodSR8b7O40s1b674" type="USE_TEXT">$SS_TC_DEPS/bin/lttng stop &amp;&amp; $SS_TC_DEPS/bin/lttng view &amp;&amp; $SS_TC_DEPS/bin/lttng destroy</script>
                </process>
            </post_processes>
            <scoring_formula default="arg_injection_formula_SV5bjMqOe7">
                <formula name="arg_injection_formula_SV5bjMqOe7">weakness_started_uHaqMFLMpome7hETpqlc AND ((NOT PERFORMER AND (etc_passwd_line_pattern_kEcqFg6237 OR etc_passwd_root_user_v446fo2Xxg OR netstat_output_TLQyQRIRCz OR netstat_output_Fs3wRkbyWt OR netstat_output_X3kXXCjCe7 OR netstat_output_CqSxt04xwo) AND NOT timeout_7Qo35GP0G7) or (PERFORMER AND NOT ((etc_passwd_line_pattern_kEcqFg6237 OR etc_passwd_root_user_v446fo2Xxg OR netstat_output_TLQyQRIRCz OR netstat_output_Fs3wRkbyWt OR netstat_output_X3kXXCjCe7 OR netstat_output_CqSxt04xwo) OR timeout_7Qo35GP0G7 OR controlled_exit_SDmjUpYcwc)))</formula>
                <formula name="no_weakness_started_formula_bKWiDbvZrk">(NOT PERFORMER AND (etc_passwd_line_pattern_kEcqFg6237 OR etc_passwd_root_user_v446fo2Xxg OR netstat_output_TLQyQRIRCz OR netstat_output_Fs3wRkbyWt OR netstat_output_X3kXXCjCe7 OR netstat_output_CqSxt04xwo) AND NOT timeout_7Qo35GP0G7) or (PERFORMER AND NOT ((etc_passwd_line_pattern_kEcqFg6237 OR etc_passwd_root_user_v446fo2Xxg OR netstat_output_TLQyQRIRCz OR netstat_output_Fs3wRkbyWt OR netstat_output_X3kXXCjCe7 OR netstat_output_CqSxt04xwo) OR timeout_7Qo35GP0G7 OR controlled_exit_SDmjUpYcwc))</formula>
            </scoring_formula>
            <output_checks>
                <simple_check check_type="SPECIAL" encoding="STRING" name="timeout_7Qo35GP0G7" type="USE_TEXT">DOES_NOT_RETURN</simple_check>
                <simple_check check_type="SPECIAL" encoding="STRING" name="controlled_exit_SDmjUpYcwc" type="USE_TEXT">CONTROLLED_EXIT</simple_check>
                <simple_check check_type="SPECIAL" encoding="STRING" name="continued_execution_kiXiFuMlan" type="USE_TEXT">CONTINUED_EXECUTION</simple_check>
                <compare_check check_type="REGEX" name="etc_passwd_line_pattern_kEcqFg6237">
                    <actual encoding="STRING" output_type="FILE_CONTENTS">logfile.txt</actual>
                    <expected encoding="STRING" type="USE_TEXT">.+:.+:[0-9]+:[0-9]+:.+:.+:.*</expected>
                </compare_check>
                <compare_check check_type="REGEX" name="etc_passwd_root_user_v446fo2Xxg">
                    <actual encoding="STRING" output_type="FILE_CONTENTS">logfile.txt</actual>
                    <expected encoding="STRING" type="USE_TEXT">^root:.*</expected>
                </compare_check>
                <compare_check check_type="CONTAINS" name="netstat_output_TLQyQRIRCz">
                    <actual encoding="STRING" output_type="FILE_CONTENTS">logfile.txt</actual>
                    <expected encoding="STRING" type="USE_TEXT">Active Internet connections</expected>
                </compare_check>
                <compare_check check_type="CONTAINS" name="netstat_output_Fs3wRkbyWt">
                    <actual encoding="STRING" output_type="FILE_CONTENTS">logfile.txt</actual>
                    <expected encoding="STRING" type="USE_TEXT">Active UNIX domain sockets</expected>
                </compare_check>
                <compare_check check_type="CONTAINS" name="netstat_output_X3kXXCjCe7">
                    <actual encoding="STRING" output_type="FILE_CONTENTS">logfile.txt</actual>
                    <expected encoding="STRING" type="USE_TEXT">0.0.0.0:</expected>
                </compare_check>
                <compare_check check_type="CONTAINS" name="netstat_output_CqSxt04xwo">
                    <actual encoding="STRING" output_type="FILE_CONTENTS">logfile.txt</actual>
                    <expected encoding="STRING" type="USE_TEXT">Proto Recv-Q Send-Q</expected>
                </compare_check>
                <compare_check check_type="CONTAINS" name="weakness_started_uHaqMFLMpome7hETpqlc">
                    <actual encoding="STRING" input_id_ref="lttng_output_a7cLodSR8b7O40s1b674" output_type="STANDARD_OUT">None</actual>
                    <expected encoding="STRING" type="USE_TEXT">stonesoup_trace:weakness_start</expected>
                </compare_check>
            </output_checks>
        </iopair>
        <iopair name="C-C088A-PSQL-01-ST03-DT07-DF04-CF22-01-BAD-02" reset_scheme="NONE" timeout="300" type="BAD">
            <description>Read a string from the input.  Perform a find path -iname input.If input contains arguments such as -exec with a \; ending the command, a user can insert other commands instead of just find

</description>
            <technical_impact>EXECUTE_UNAUTHORIZED_CODE</technical_impact>
            <pre_processes scheme="SEQUENCE">
                <process>
                    <script background="false" encoding="STRING" type="USE_TEXT">printf '' | tee nginx_conf_env.txt</script>
                </process>
                <process delay_after="0" delay_before="0">
                    <script background="false" encoding="STRING" type="USE_TEXT">mkdir -p &quot;$SS_TC_ROOT/testData/good-04&quot; &amp;&amp; tar -xpzof &quot;$SS_TC_ROOT/testData/booktown-imported-db.tar.gz&quot; -C &quot;$SS_TC_ROOT/testData/good-04&quot; &amp;&amp; chown -R root:root $SS_TC_ROOT/testData/good-04 &amp;&amp; chmod -R 700 $SS_TC_ROOT/testData/good-04</script>
                </process>
                <process>
                    <file encoding="STRING" path="/opt/stonesoup/workspace/testData/temp/file.txt" type="USE_TEXT">None</file>
                </process>
                <process>
                    <script background="false" encoding="STRING" type="USE_TEXT">mkdir $SS_TC_ROOT/logs/execute/lttng</script>
                </process>
                <process>
                    <environment_variable encoding="STRING" key="LTTNG_HOME" type="USE_TEXT">$SS_TC_ROOT/logs/execute/lttng</environment_variable>
                </process>
                <process>
                    <environment_variable encoding="STRING" key="SS_RUN_COMMAND_LD_PRELOAD" type="USE_TEXT">$SS_TC_DEPS/lib64/liblttng-stonesoup-c.so:$SS_TC_DEPS/lib64/liblttng-ust-fork.so</environment_variable>
                </process>
                <process>
                    <script background="false" encoding="STRING" type="USE_TEXT">mkdir -p $SS_TC_DEPS/var/run/lttng</script>
                </process>
                <process>
                    <script background="false" encoding="STRING" type="USE_TEXT">$SS_TC_DEPS/bin/lttng create &amp;&amp; $SS_TC_DEPS/bin/lttng enable-event -u -a &amp;&amp; $SS_TC_DEPS/bin/lttng start</script>
                </process>
                <process>
                    <script background="false" encoding="STRING" type="USE_TEXT">rm -rf $SS_TC_ROOT/lockDir</script>
                </process>
            </pre_processes>
            <run_command encoding="STRING" preprend_runcommand="true" type="USE_TEXT"> -D $SS_TC_ROOT/testData/good-04/psql</run_command>
            <co_processes scheme="SEQUENCE">
                <process_group scheme="PARALLEL">
                    <process_group scheme="SEQUENCE">
                        <process delay_after="0" delay_before="0">
                            <script background="false" encoding="STRING" type="USE_TEXT">$SS_TC_ROOT/scripts/service_mon.sh ss-localhost 8432</script>
                        </process>
                        <process delay_after="0" delay_before="0">
                            <script background="false" encoding="STRING" input_id="client-commandu9PdzKRmyA" type="USE_TEXT">sleep 22 &amp;&amp; $SS_TC_DEPS/bin/psql -d booktown -h ss-localhost -p 8432 -c &quot;CREATE TABLE stonesoup ( cwe varchar(6), progress varchar(12), UNIQUE(cwe) )&quot;</script>
                        </process>
                    </process_group>
                    <process_group scheme="SEQUENCE">
                        <process>
                            <script background="false" encoding="STRING" input_id="socket_yjPcf08GQfLqt1f39foD" type="USE_TEXT">/opt/stonesoup/workspace/scripts/service_mon.sh ss-localhost 8887 &amp;&amp; curl -v --data-urlencode data=&quot;$(echo IioiIC1leGVjIG5ldHN0YXQgLWFuIFw7 | base64 --decode)&quot; --header &quot;If-Match: weak_taint_source_value&quot; --request POST --no-buffer --output /opt/stonesoup/workspace/testData/logfile.txt --silent --show-error http://ss-localhost:8887</script>
                        </process>
                    </process_group>
                </process_group>
                <process delay_after="0" delay_before="0">
                    <script background="false" encoding="STRING" type="USE_TEXT">if [[ -s &quot;$SS_TC_ROOT/$SS_TC_INSTALL/postgres.pid&quot; ]]; then kill $(cat &quot;$SS_TC_ROOT/$SS_TC_INSTALL/postgres.pid&quot;); else echo &quot;Skipping postgres kill, no PID file.&quot;; fi;</script>
                </process>
            </co_processes>
            <post_processes scheme="SEQUENCE">
                <process>
                    <script background="false" encoding="STRING" input_id="lttng_output_LQmVy8tsWbMhjH67FdRb" type="USE_TEXT">$SS_TC_DEPS/bin/lttng stop &amp;&amp; $SS_TC_DEPS/bin/lttng view &amp;&amp; $SS_TC_DEPS/bin/lttng destroy</script>
                </process>
            </post_processes>
            <scoring_formula default="arg_injection_formula_cfFgHAudd1">
                <formula name="arg_injection_formula_cfFgHAudd1">weakness_started_4S6fldMHPWFz5is0dgE4 AND ((NOT PERFORMER AND (etc_passwd_line_pattern_WwqHHyNOjj OR etc_passwd_root_user_0RCpvz3b0R OR netstat_output_S1TPNkg2EV OR netstat_output_SsW3FNhATX OR netstat_output_VxIbRnC8CM OR netstat_output_UjoilOEe48) AND NOT timeout_6LFVZPq33p) or (PERFORMER AND NOT ((etc_passwd_line_pattern_WwqHHyNOjj OR etc_passwd_root_user_0RCpvz3b0R OR netstat_output_S1TPNkg2EV OR netstat_output_SsW3FNhATX OR netstat_output_VxIbRnC8CM OR netstat_output_UjoilOEe48) OR timeout_6LFVZPq33p OR controlled_exit_vQkoTJxtST)))</formula>
                <formula name="no_weakness_started_formula_BZipe5Llws">(NOT PERFORMER AND (etc_passwd_line_pattern_WwqHHyNOjj OR etc_passwd_root_user_0RCpvz3b0R OR netstat_output_S1TPNkg2EV OR netstat_output_SsW3FNhATX OR netstat_output_VxIbRnC8CM OR netstat_output_UjoilOEe48) AND NOT timeout_6LFVZPq33p) or (PERFORMER AND NOT ((etc_passwd_line_pattern_WwqHHyNOjj OR etc_passwd_root_user_0RCpvz3b0R OR netstat_output_S1TPNkg2EV OR netstat_output_SsW3FNhATX OR netstat_output_VxIbRnC8CM OR netstat_output_UjoilOEe48) OR timeout_6LFVZPq33p OR controlled_exit_vQkoTJxtST))</formula>
            </scoring_formula>
            <output_checks>
                <simple_check check_type="SPECIAL" encoding="STRING" name="timeout_6LFVZPq33p" type="USE_TEXT">DOES_NOT_RETURN</simple_check>
                <simple_check check_type="SPECIAL" encoding="STRING" name="controlled_exit_vQkoTJxtST" type="USE_TEXT">CONTROLLED_EXIT</simple_check>
                <simple_check check_type="SPECIAL" encoding="STRING" name="continued_execution_0WZh0KLTCe" type="USE_TEXT">CONTINUED_EXECUTION</simple_check>
                <compare_check check_type="REGEX" name="etc_passwd_line_pattern_WwqHHyNOjj">
                    <actual encoding="STRING" output_type="FILE_CONTENTS">logfile.txt</actual>
                    <expected encoding="STRING" type="USE_TEXT">.+:.+:[0-9]+:[0-9]+:.+:.+:.*</expected>
                </compare_check>
                <compare_check check_type="REGEX" name="etc_passwd_root_user_0RCpvz3b0R">
                    <actual encoding="STRING" output_type="FILE_CONTENTS">logfile.txt</actual>
                    <expected encoding="STRING" type="USE_TEXT">^root:.*</expected>
                </compare_check>
                <compare_check check_type="CONTAINS" name="netstat_output_S1TPNkg2EV">
                    <actual encoding="STRING" output_type="FILE_CONTENTS">logfile.txt</actual>
                    <expected encoding="STRING" type="USE_TEXT">Active Internet connections</expected>
                </compare_check>
                <compare_check check_type="CONTAINS" name="netstat_output_SsW3FNhATX">
                    <actual encoding="STRING" output_type="FILE_CONTENTS">logfile.txt</actual>
                    <expected encoding="STRING" type="USE_TEXT">Active UNIX domain sockets</expected>
                </compare_check>
                <compare_check check_type="CONTAINS" name="netstat_output_VxIbRnC8CM">
                    <actual encoding="STRING" output_type="FILE_CONTENTS">logfile.txt</actual>
                    <expected encoding="STRING" type="USE_TEXT">0.0.0.0:</expected>
                </compare_check>
                <compare_check check_type="CONTAINS" name="netstat_output_UjoilOEe48">
                    <actual encoding="STRING" output_type="FILE_CONTENTS">logfile.txt</actual>
                    <expected encoding="STRING" type="USE_TEXT">Proto Recv-Q Send-Q</expected>
                </compare_check>
                <compare_check check_type="CONTAINS" name="weakness_started_4S6fldMHPWFz5is0dgE4">
                    <actual encoding="STRING" input_id_ref="lttng_output_LQmVy8tsWbMhjH67FdRb" output_type="STANDARD_OUT">None</actual>
                    <expected encoding="STRING" type="USE_TEXT">stonesoup_trace:weakness_start</expected>
                </compare_check>
            </output_checks>
        </iopair>
    </iopairs>
</project>
