<?xml version="1.0" encoding="utf-8"?>
<project base_program="C-WIRE" language="C" name="C-C078A-WIRE-09-ST04-DT07-DF06-CF03-01" targeted_architecture="ANY" targeted_os="LINUX" test_case_type="ALL" xmlns="urn:stonesoup:project">
    <description>Creating test case using base program.
Added an environment variable read to get a key in order to read in data from shared memory.
Completed injection.
</description>
    <additional_information>
        <keyvalue key="algorithmic_variant_name">UNSPECIFIED</keyvalue>
        <keyvalue key="root_cause">UNSPECIFIED</keyvalue>
    </additional_information>
    <structure install="install" iodata="testData" scoredata="testOutput" scripts="scripts" source="src"/>
    <run_command>$SS_TC_ROOT/$SS_TC_INSTALL/bin/wireshark $SS_TC_ROOT/testData/input.pcap</run_command>
    <weakness generation_method="FAULT_INJECTED">
        <variant cwe="CWE-78" name="CWE-78-A"/>
        <features>
            <taint_source file_name="/epan/column-utils.c" line_number="0" type="SHARED_MEMORY">
                <method name="set_time_seconds"/>
            </taint_source>
            <data_type file_name="/epan/column-utils.c" line_number="0" type="UNION">
                <method name="set_time_seconds"/>
            </data_type>
            <data_flow file_name="/epan/column-utils.c" line_number="0" type="ADDRESS_AS_FUNCTION_RETURN_VALUE">
                <method name="set_time_seconds"/>
            </data_flow>
            <control_flow file_name="/epan/column-utils.c" line_number="0" type="INFINITE_LOOP">
                <method name="set_time_seconds"/>
            </control_flow>
        </features>
    </weakness>
    <build_commands cppflags="-DSTONESOUP_TRACE=1" libs="-ldl">
        <command>./configure --prefix=&quot;$SS_TC_ROOT/$SS_TC_INSTALL&quot; --enable-wireshark --with-gtk3=yes --without-lua --without-qt --with-gcrypt --with-gnutls --with-libsmi --with-pcap --with-zlib --without-portaudio --without-libcap --without-krb5 --with-cres --with-adns --with-geoip</command>
        <command>make V=1 CC=&quot;$SS_CC&quot;</command>
        <command>make install V=1</command>
    </build_commands>
    <iopairs>
        <iopair name="C-C078A-WIRE-09-ST04-DT07-DF06-CF03-01-GOOD-01" reset_scheme="NONE" timeout="120" type="GOOD">
            <description>Open saved .pcap file
Read a string from the input.  Do nslookup on that string, without checking first if it has any command separators.  This allows the user to run arbitrary commands.

</description>
            <technical_impact>NONE</technical_impact>
            <pre_processes scheme="SEQUENCE">
                <process>
                    <script background="false" encoding="STRING" type="USE_TEXT">gcc -o &quot;$SS_TC_ROOT/scripts/shm_setup&quot; &quot;$SS_TC_ROOT/scripts/shm_setup.c&quot;</script>
                </process>
                <process>
                    <script background="false" encoding="STRING" type="USE_TEXT">printf '' | tee nginx_conf_env.txt</script>
                </process>
                <process delay_after="0" delay_before="0">
                    <script background="false" encoding="STRING" type="USE_TEXT">$SS_TC_ROOT/scripts/restart_dm.sh</script>
                </process>
                <process delay_after="2">
                    <script background="false" encoding="STRING" type="USE_TEXT">nohup shm_setup -k 4680 -s 28 -m &quot;10&quot; -o /opt/stonesoup/workspace/inputDaemons/shared_memory_01.id &gt; /opt/stonesoup/workspace/inputDaemons/shared_memory_01.out 2&gt;&amp;1 &amp; echo $! &gt; /opt/stonesoup/workspace/inputDaemons/shared_memory_01.pid &amp;&amp; echo &quot;Shared memory created&quot;</script>
                </process>
                <process>
                    <script background="false" encoding="STRING" type="USE_TEXT">mkdir $SS_TC_ROOT/logs/execute/lttng</script>
                </process>
                <process>
                    <environment_variable encoding="STRING" key="LTTNG_HOME" type="USE_TEXT">$SS_TC_ROOT/logs/execute/lttng</environment_variable>
                </process>
                <process>
                    <environment_variable encoding="STRING" key="SS_RUN_COMMAND_LD_PRELOAD" type="USE_TEXT">$SS_TC_DEPS/lib64/liblttng-stonesoup-c.so:$SS_TC_DEPS/lib64/liblttng-ust-fork.so</environment_variable>
                </process>
                <process>
                    <script background="false" encoding="STRING" type="USE_TEXT">mkdir -p $SS_TC_DEPS/var/run/lttng</script>
                </process>
                <process>
                    <script background="false" encoding="STRING" type="USE_TEXT">$SS_TC_DEPS/bin/lttng create &amp;&amp; $SS_TC_DEPS/bin/lttng enable-event -u -a &amp;&amp; $SS_TC_DEPS/bin/lttng start</script>
                </process>
                <process>
                    <script background="false" encoding="STRING" type="USE_TEXT">rm -rf $SS_TC_ROOT/lockDir</script>
                </process>
            </pre_processes>
            <run_command encoding="STRING" preprend_runcommand="true" type="USE_TEXT"></run_command>
            <co_processes scheme="PARALLEL">
                <process_group scheme="SEQUENCE">
                    <process delay_after="0" delay_before="0">
                        <script background="false" encoding="STRING" input_id="SIKULI-GOOD-01" type="USE_TEXT">$SS_TC_DEPS/bin/run-sikuli.sh &quot;$SS_TC_ROOT/testData/good-01/WIRESHARK-GOOD-01.sikuli --args $SS_USER_DELAY&quot;
                    </script>
                    </process>
                </process_group>
                <process_group scheme="SEQUENCE"/>
            </co_processes>
            <post_processes scheme="SEQUENCE">
                <process delay_after="2">
                    <script background="false" encoding="STRING" type="USE_TEXT">if [[ -f &quot;/opt/stonesoup/workspace/inputDaemons/shared_memory_01.pid&quot; ]]; then killtree.sh -s 9 -p $(cat &quot;/opt/stonesoup/workspace/inputDaemons/shared_memory_01.pid&quot;) &amp;&amp; echo &quot;Killed shared memory server.&quot;; else echo &quot;Failed: Shared memory server PID file does not exist.&quot;; fi</script>
                </process>
                <process>
                    <script background="false" encoding="STRING" type="USE_TEXT">if [[ -f &quot;/opt/stonesoup/workspace/inputDaemons/shared_memory_01.id&quot; ]]; then ipcrm -m $(cat &quot;/opt/stonesoup/workspace/inputDaemons/shared_memory_01.id&quot;) &amp;&amp; echo &quot;Deleted shared memory segment.&quot;; else echo &quot;Failed: Shared memory ID file does not exist.&quot;; fi</script>
                </process>
                <process>
                    <script background="false" encoding="STRING" input_id="lttng_output_qNyvJPDMJV" type="USE_TEXT">$SS_TC_DEPS/bin/lttng stop &amp;&amp; $SS_TC_DEPS/bin/lttng view &amp;&amp; $SS_TC_DEPS/bin/lttng destroy</script>
                </process>
            </post_processes>
            <scoring_formula default="GOOD-01-Default">
                <formula name="GOOD-01-Default">GOOD-01 AND NOT TIMEOUT AND NOT CONTROLLED_EXIT</formula>
            </scoring_formula>
            <output_checks>
                <compare_check check_type="CONTAINS" name="GOOD-01">
                    <actual encoding="STRING" input_id_ref="SIKULI-GOOD-01" output_type="STANDARD_OUT"></actual>
                    <expected encoding="STRING" type="USE_FILE_CONTENTS">good-01/output.txt</expected>
                </compare_check>
                <simple_check check_type="SPECIAL" encoding="STRING" name="TIMEOUT" type="USE_TEXT">DOES_NOT_RETURN</simple_check>
                <simple_check check_type="SPECIAL" encoding="STRING" name="CONTROLLED_EXIT" type="USE_TEXT">CONTROLLED_EXIT</simple_check>
            </output_checks>
        </iopair>
        <iopair name="C-C078A-WIRE-09-ST04-DT07-DF06-CF03-01-GOOD-02" reset_scheme="NONE" timeout="120" type="GOOD">
            <description>export first 50 packets from saved pcap, run md5sum on newly created pcap
Read a string from the input.  Do nslookup on that string, without checking first if it has any command separators.  This allows the user to run arbitrary commands.

</description>
            <technical_impact>NONE</technical_impact>
            <pre_processes scheme="SEQUENCE">
                <process>
                    <script background="false" encoding="STRING" type="USE_TEXT">gcc -o &quot;$SS_TC_ROOT/scripts/shm_setup&quot; &quot;$SS_TC_ROOT/scripts/shm_setup.c&quot;</script>
                </process>
                <process>
                    <script background="false" encoding="STRING" type="USE_TEXT">printf '' | tee nginx_conf_env.txt</script>
                </process>
                <process delay_after="0" delay_before="0">
                    <script background="false" encoding="STRING" type="USE_TEXT">$SS_TC_ROOT/scripts/restart_dm.sh</script>
                </process>
                <process delay_after="2">
                    <script background="false" encoding="STRING" type="USE_TEXT">nohup shm_setup -k 4680 -s 28 -m &quot;google.com&quot; -o /opt/stonesoup/workspace/inputDaemons/shared_memory_01.id &gt; /opt/stonesoup/workspace/inputDaemons/shared_memory_01.out 2&gt;&amp;1 &amp; echo $! &gt; /opt/stonesoup/workspace/inputDaemons/shared_memory_01.pid &amp;&amp; echo &quot;Shared memory created&quot;</script>
                </process>
                <process>
                    <script background="false" encoding="STRING" type="USE_TEXT">mkdir $SS_TC_ROOT/logs/execute/lttng</script>
                </process>
                <process>
                    <environment_variable encoding="STRING" key="LTTNG_HOME" type="USE_TEXT">$SS_TC_ROOT/logs/execute/lttng</environment_variable>
                </process>
                <process>
                    <environment_variable encoding="STRING" key="SS_RUN_COMMAND_LD_PRELOAD" type="USE_TEXT">$SS_TC_DEPS/lib64/liblttng-stonesoup-c.so:$SS_TC_DEPS/lib64/liblttng-ust-fork.so</environment_variable>
                </process>
                <process>
                    <script background="false" encoding="STRING" type="USE_TEXT">mkdir -p $SS_TC_DEPS/var/run/lttng</script>
                </process>
                <process>
                    <script background="false" encoding="STRING" type="USE_TEXT">$SS_TC_DEPS/bin/lttng create &amp;&amp; $SS_TC_DEPS/bin/lttng enable-event -u -a &amp;&amp; $SS_TC_DEPS/bin/lttng start</script>
                </process>
                <process>
                    <script background="false" encoding="STRING" type="USE_TEXT">rm -rf $SS_TC_ROOT/lockDir</script>
                </process>
            </pre_processes>
            <run_command encoding="STRING" preprend_runcommand="true" type="USE_TEXT"></run_command>
            <co_processes scheme="PARALLEL">
                <process_group scheme="SEQUENCE">
                    <process delay_after="0" delay_before="0">
                        <script background="false" encoding="STRING" input_id="SIKULI-GOOD-02" type="USE_TEXT">$SS_TC_DEPS/bin/run-sikuli.sh &quot;$SS_TC_ROOT/testData/good-02/WIRESHARK-GOOD-02.sikuli --args $SS_USER_DELAY&quot;
                    </script>
                    </process>
                </process_group>
                <process_group scheme="SEQUENCE"/>
            </co_processes>
            <post_processes scheme="SEQUENCE">
                <process delay_after="0" delay_before="0">
                    <script background="false" encoding="STRING" input_id="HASH-OUTPUT" type="USE_TEXT">md5sum $SS_TC_ROOT/testOutput/good-02/output.pcap
                    </script>
                </process>
                <process delay_after="2">
                    <script background="false" encoding="STRING" type="USE_TEXT">if [[ -f &quot;/opt/stonesoup/workspace/inputDaemons/shared_memory_01.pid&quot; ]]; then killtree.sh -s 9 -p $(cat &quot;/opt/stonesoup/workspace/inputDaemons/shared_memory_01.pid&quot;) &amp;&amp; echo &quot;Killed shared memory server.&quot;; else echo &quot;Failed: Shared memory server PID file does not exist.&quot;; fi</script>
                </process>
                <process>
                    <script background="false" encoding="STRING" type="USE_TEXT">if [[ -f &quot;/opt/stonesoup/workspace/inputDaemons/shared_memory_01.id&quot; ]]; then ipcrm -m $(cat &quot;/opt/stonesoup/workspace/inputDaemons/shared_memory_01.id&quot;) &amp;&amp; echo &quot;Deleted shared memory segment.&quot;; else echo &quot;Failed: Shared memory ID file does not exist.&quot;; fi</script>
                </process>
                <process>
                    <script background="false" encoding="STRING" input_id="lttng_output_KsKFZaUIzU" type="USE_TEXT">$SS_TC_DEPS/bin/lttng stop &amp;&amp; $SS_TC_DEPS/bin/lttng view &amp;&amp; $SS_TC_DEPS/bin/lttng destroy</script>
                </process>
            </post_processes>
            <scoring_formula default="GOOD-02-Default">
                <formula name="GOOD-02-Default">GOOD-02 AND NOT TIMEOUT AND NOT CONTROLLED_EXIT</formula>
            </scoring_formula>
            <output_checks>
                <compare_check check_type="CONTAINS" name="GOOD-02">
                    <actual encoding="STRING" input_id_ref="HASH-OUTPUT" output_type="STANDARD_OUT"></actual>
                    <expected encoding="STRING" type="USE_FILE_CONTENTS">good-02/output.txt</expected>
                </compare_check>
                <simple_check check_type="SPECIAL" encoding="STRING" name="TIMEOUT" type="USE_TEXT">DOES_NOT_RETURN</simple_check>
                <simple_check check_type="SPECIAL" encoding="STRING" name="CONTROLLED_EXIT" type="USE_TEXT">CONTROLLED_EXIT</simple_check>
            </output_checks>
        </iopair>
        <iopair name="C-C078A-WIRE-09-ST04-DT07-DF06-CF03-01-GOOD-03" reset_scheme="NONE" timeout="120" type="GOOD">
            <description>jump to packet 10
Read a string from the input.  Do nslookup on that string, without checking first if it has any command separators.  This allows the user to run arbitrary commands.

</description>
            <technical_impact>NONE</technical_impact>
            <pre_processes scheme="SEQUENCE">
                <process>
                    <script background="false" encoding="STRING" type="USE_TEXT">gcc -o &quot;$SS_TC_ROOT/scripts/shm_setup&quot; &quot;$SS_TC_ROOT/scripts/shm_setup.c&quot;</script>
                </process>
                <process>
                    <script background="false" encoding="STRING" type="USE_TEXT">printf '' | tee nginx_conf_env.txt</script>
                </process>
                <process delay_after="0" delay_before="0">
                    <script background="false" encoding="STRING" type="USE_TEXT">$SS_TC_ROOT/scripts/restart_dm.sh</script>
                </process>
                <process delay_after="2">
                    <script background="false" encoding="STRING" type="USE_TEXT">nohup shm_setup -k 4680 -s 28 -m &quot;localhost&quot; -o /opt/stonesoup/workspace/inputDaemons/shared_memory_01.id &gt; /opt/stonesoup/workspace/inputDaemons/shared_memory_01.out 2&gt;&amp;1 &amp; echo $! &gt; /opt/stonesoup/workspace/inputDaemons/shared_memory_01.pid &amp;&amp; echo &quot;Shared memory created&quot;</script>
                </process>
                <process>
                    <script background="false" encoding="STRING" type="USE_TEXT">mkdir $SS_TC_ROOT/logs/execute/lttng</script>
                </process>
                <process>
                    <environment_variable encoding="STRING" key="LTTNG_HOME" type="USE_TEXT">$SS_TC_ROOT/logs/execute/lttng</environment_variable>
                </process>
                <process>
                    <environment_variable encoding="STRING" key="SS_RUN_COMMAND_LD_PRELOAD" type="USE_TEXT">$SS_TC_DEPS/lib64/liblttng-stonesoup-c.so:$SS_TC_DEPS/lib64/liblttng-ust-fork.so</environment_variable>
                </process>
                <process>
                    <script background="false" encoding="STRING" type="USE_TEXT">mkdir -p $SS_TC_DEPS/var/run/lttng</script>
                </process>
                <process>
                    <script background="false" encoding="STRING" type="USE_TEXT">$SS_TC_DEPS/bin/lttng create &amp;&amp; $SS_TC_DEPS/bin/lttng enable-event -u -a &amp;&amp; $SS_TC_DEPS/bin/lttng start</script>
                </process>
                <process>
                    <script background="false" encoding="STRING" type="USE_TEXT">rm -rf $SS_TC_ROOT/lockDir</script>
                </process>
            </pre_processes>
            <run_command encoding="STRING" preprend_runcommand="true" type="USE_TEXT"></run_command>
            <co_processes scheme="PARALLEL">
                <process_group scheme="SEQUENCE">
                    <process delay_after="0" delay_before="0">
                        <script background="false" encoding="STRING" input_id="SIKULI-GOOD-03" type="USE_TEXT">$SS_TC_DEPS/bin/run-sikuli.sh &quot;$SS_TC_ROOT/testData/good-03/WIRESHARK-GOOD-03.sikuli --args $SS_USER_DELAY&quot;
                    </script>
                    </process>
                </process_group>
                <process_group scheme="SEQUENCE"/>
            </co_processes>
            <post_processes scheme="SEQUENCE">
                <process delay_after="2">
                    <script background="false" encoding="STRING" type="USE_TEXT">if [[ -f &quot;/opt/stonesoup/workspace/inputDaemons/shared_memory_01.pid&quot; ]]; then killtree.sh -s 9 -p $(cat &quot;/opt/stonesoup/workspace/inputDaemons/shared_memory_01.pid&quot;) &amp;&amp; echo &quot;Killed shared memory server.&quot;; else echo &quot;Failed: Shared memory server PID file does not exist.&quot;; fi</script>
                </process>
                <process>
                    <script background="false" encoding="STRING" type="USE_TEXT">if [[ -f &quot;/opt/stonesoup/workspace/inputDaemons/shared_memory_01.id&quot; ]]; then ipcrm -m $(cat &quot;/opt/stonesoup/workspace/inputDaemons/shared_memory_01.id&quot;) &amp;&amp; echo &quot;Deleted shared memory segment.&quot;; else echo &quot;Failed: Shared memory ID file does not exist.&quot;; fi</script>
                </process>
                <process>
                    <script background="false" encoding="STRING" input_id="lttng_output_uHyZYKGhLZ" type="USE_TEXT">$SS_TC_DEPS/bin/lttng stop &amp;&amp; $SS_TC_DEPS/bin/lttng view &amp;&amp; $SS_TC_DEPS/bin/lttng destroy</script>
                </process>
            </post_processes>
            <scoring_formula default="GOOD-03-Default">
                <formula name="GOOD-03-Default">GOOD-03 AND NOT TIMEOUT AND NOT CONTROLLED_EXIT</formula>
            </scoring_formula>
            <output_checks>
                <compare_check check_type="CONTAINS" name="GOOD-03">
                    <actual encoding="STRING" input_id_ref="SIKULI-GOOD-03" output_type="STANDARD_OUT"></actual>
                    <expected encoding="STRING" type="USE_FILE_CONTENTS">good-03/output.txt</expected>
                </compare_check>
                <simple_check check_type="SPECIAL" encoding="STRING" name="TIMEOUT" type="USE_TEXT">DOES_NOT_RETURN</simple_check>
                <simple_check check_type="SPECIAL" encoding="STRING" name="CONTROLLED_EXIT" type="USE_TEXT">CONTROLLED_EXIT</simple_check>
            </output_checks>
        </iopair>
        <iopair name="C-C078A-WIRE-09-ST04-DT07-DF06-CF03-01-GOOD-04" reset_scheme="NONE" timeout="120" type="GOOD">
            <description>open statistical summary
Read a string from the input.  Do nslookup on that string, without checking first if it has any command separators.  This allows the user to run arbitrary commands.

</description>
            <technical_impact>NONE</technical_impact>
            <pre_processes scheme="SEQUENCE">
                <process>
                    <script background="false" encoding="STRING" type="USE_TEXT">gcc -o &quot;$SS_TC_ROOT/scripts/shm_setup&quot; &quot;$SS_TC_ROOT/scripts/shm_setup.c&quot;</script>
                </process>
                <process>
                    <script background="false" encoding="STRING" type="USE_TEXT">printf '' | tee nginx_conf_env.txt</script>
                </process>
                <process delay_after="0" delay_before="0">
                    <script background="false" encoding="STRING" type="USE_TEXT">$SS_TC_ROOT/scripts/restart_dm.sh</script>
                </process>
                <process delay_after="2">
                    <script background="false" encoding="STRING" type="USE_TEXT">nohup shm_setup -k 4680 -s 28 -m &quot;10&quot; -o /opt/stonesoup/workspace/inputDaemons/shared_memory_01.id &gt; /opt/stonesoup/workspace/inputDaemons/shared_memory_01.out 2&gt;&amp;1 &amp; echo $! &gt; /opt/stonesoup/workspace/inputDaemons/shared_memory_01.pid &amp;&amp; echo &quot;Shared memory created&quot;</script>
                </process>
                <process>
                    <script background="false" encoding="STRING" type="USE_TEXT">mkdir $SS_TC_ROOT/logs/execute/lttng</script>
                </process>
                <process>
                    <environment_variable encoding="STRING" key="LTTNG_HOME" type="USE_TEXT">$SS_TC_ROOT/logs/execute/lttng</environment_variable>
                </process>
                <process>
                    <environment_variable encoding="STRING" key="SS_RUN_COMMAND_LD_PRELOAD" type="USE_TEXT">$SS_TC_DEPS/lib64/liblttng-stonesoup-c.so:$SS_TC_DEPS/lib64/liblttng-ust-fork.so</environment_variable>
                </process>
                <process>
                    <script background="false" encoding="STRING" type="USE_TEXT">mkdir -p $SS_TC_DEPS/var/run/lttng</script>
                </process>
                <process>
                    <script background="false" encoding="STRING" type="USE_TEXT">$SS_TC_DEPS/bin/lttng create &amp;&amp; $SS_TC_DEPS/bin/lttng enable-event -u -a &amp;&amp; $SS_TC_DEPS/bin/lttng start</script>
                </process>
                <process>
                    <script background="false" encoding="STRING" type="USE_TEXT">rm -rf $SS_TC_ROOT/lockDir</script>
                </process>
            </pre_processes>
            <run_command encoding="STRING" preprend_runcommand="true" type="USE_TEXT"></run_command>
            <co_processes scheme="PARALLEL">
                <process_group scheme="SEQUENCE">
                    <process delay_after="0" delay_before="0">
                        <script background="false" encoding="STRING" input_id="SIKULI-GOOD-04" type="USE_TEXT">$SS_TC_DEPS/bin/run-sikuli.sh -d &quot;$SS_TC_ROOT/testData/good-04/WIRESHARK-GOOD-04.sikuli --args $SS_USER_DELAY&quot;
                    </script>
                    </process>
                </process_group>
                <process_group scheme="SEQUENCE"/>
            </co_processes>
            <post_processes scheme="SEQUENCE">
                <process delay_after="2">
                    <script background="false" encoding="STRING" type="USE_TEXT">if [[ -f &quot;/opt/stonesoup/workspace/inputDaemons/shared_memory_01.pid&quot; ]]; then killtree.sh -s 9 -p $(cat &quot;/opt/stonesoup/workspace/inputDaemons/shared_memory_01.pid&quot;) &amp;&amp; echo &quot;Killed shared memory server.&quot;; else echo &quot;Failed: Shared memory server PID file does not exist.&quot;; fi</script>
                </process>
                <process>
                    <script background="false" encoding="STRING" type="USE_TEXT">if [[ -f &quot;/opt/stonesoup/workspace/inputDaemons/shared_memory_01.id&quot; ]]; then ipcrm -m $(cat &quot;/opt/stonesoup/workspace/inputDaemons/shared_memory_01.id&quot;) &amp;&amp; echo &quot;Deleted shared memory segment.&quot;; else echo &quot;Failed: Shared memory ID file does not exist.&quot;; fi</script>
                </process>
                <process>
                    <script background="false" encoding="STRING" input_id="lttng_output_0eposgI3zj" type="USE_TEXT">$SS_TC_DEPS/bin/lttng stop &amp;&amp; $SS_TC_DEPS/bin/lttng view &amp;&amp; $SS_TC_DEPS/bin/lttng destroy</script>
                </process>
            </post_processes>
            <scoring_formula default="GOOD-04-Default">
                <formula name="GOOD-04-Default">GOOD-04 AND NOT TIMEOUT AND NOT CONTROLLED_EXIT</formula>
            </scoring_formula>
            <output_checks>
                <compare_check check_type="CONTAINS" name="GOOD-04">
                    <actual encoding="STRING" input_id_ref="SIKULI-GOOD-04" output_type="STANDARD_OUT"></actual>
                    <expected encoding="STRING" type="USE_FILE_CONTENTS">good-04/output.txt</expected>
                </compare_check>
                <simple_check check_type="SPECIAL" encoding="STRING" name="TIMEOUT" type="USE_TEXT">DOES_NOT_RETURN</simple_check>
                <simple_check check_type="SPECIAL" encoding="STRING" name="CONTROLLED_EXIT" type="USE_TEXT">CONTROLLED_EXIT</simple_check>
            </output_checks>
        </iopair>
        <iopair name="C-C078A-WIRE-09-ST04-DT07-DF06-CF03-01-GOOD-05" reset_scheme="NONE" timeout="120" type="GOOD">
            <description>open protocol hierarchy
Read a string from the input.  Do nslookup on that string, without checking first if it has any command separators.  This allows the user to run arbitrary commands.

</description>
            <technical_impact>NONE</technical_impact>
            <pre_processes scheme="SEQUENCE">
                <process>
                    <script background="false" encoding="STRING" type="USE_TEXT">gcc -o &quot;$SS_TC_ROOT/scripts/shm_setup&quot; &quot;$SS_TC_ROOT/scripts/shm_setup.c&quot;</script>
                </process>
                <process>
                    <script background="false" encoding="STRING" type="USE_TEXT">printf '' | tee nginx_conf_env.txt</script>
                </process>
                <process delay_after="0" delay_before="0">
                    <script background="false" encoding="STRING" type="USE_TEXT">$SS_TC_ROOT/scripts/restart_dm.sh</script>
                </process>
                <process delay_after="2">
                    <script background="false" encoding="STRING" type="USE_TEXT">nohup shm_setup -k 4680 -s 28 -m &quot;google.com&quot; -o /opt/stonesoup/workspace/inputDaemons/shared_memory_01.id &gt; /opt/stonesoup/workspace/inputDaemons/shared_memory_01.out 2&gt;&amp;1 &amp; echo $! &gt; /opt/stonesoup/workspace/inputDaemons/shared_memory_01.pid &amp;&amp; echo &quot;Shared memory created&quot;</script>
                </process>
                <process>
                    <script background="false" encoding="STRING" type="USE_TEXT">mkdir $SS_TC_ROOT/logs/execute/lttng</script>
                </process>
                <process>
                    <environment_variable encoding="STRING" key="LTTNG_HOME" type="USE_TEXT">$SS_TC_ROOT/logs/execute/lttng</environment_variable>
                </process>
                <process>
                    <environment_variable encoding="STRING" key="SS_RUN_COMMAND_LD_PRELOAD" type="USE_TEXT">$SS_TC_DEPS/lib64/liblttng-stonesoup-c.so:$SS_TC_DEPS/lib64/liblttng-ust-fork.so</environment_variable>
                </process>
                <process>
                    <script background="false" encoding="STRING" type="USE_TEXT">mkdir -p $SS_TC_DEPS/var/run/lttng</script>
                </process>
                <process>
                    <script background="false" encoding="STRING" type="USE_TEXT">$SS_TC_DEPS/bin/lttng create &amp;&amp; $SS_TC_DEPS/bin/lttng enable-event -u -a &amp;&amp; $SS_TC_DEPS/bin/lttng start</script>
                </process>
                <process>
                    <script background="false" encoding="STRING" type="USE_TEXT">rm -rf $SS_TC_ROOT/lockDir</script>
                </process>
            </pre_processes>
            <run_command encoding="STRING" preprend_runcommand="true" type="USE_TEXT"></run_command>
            <co_processes scheme="PARALLEL">
                <process_group scheme="SEQUENCE">
                    <process delay_after="0" delay_before="0">
                        <script background="false" encoding="STRING" input_id="SIKULI-GOOD-05" type="USE_TEXT">$SS_TC_DEPS/bin/run-sikuli.sh -d &quot;$SS_TC_ROOT/testData/good-05/WIRESHARK-GOOD-05.sikuli --args $SS_USER_DELAY&quot;
                    </script>
                    </process>
                </process_group>
                <process_group scheme="SEQUENCE"/>
            </co_processes>
            <post_processes scheme="SEQUENCE">
                <process delay_after="2">
                    <script background="false" encoding="STRING" type="USE_TEXT">if [[ -f &quot;/opt/stonesoup/workspace/inputDaemons/shared_memory_01.pid&quot; ]]; then killtree.sh -s 9 -p $(cat &quot;/opt/stonesoup/workspace/inputDaemons/shared_memory_01.pid&quot;) &amp;&amp; echo &quot;Killed shared memory server.&quot;; else echo &quot;Failed: Shared memory server PID file does not exist.&quot;; fi</script>
                </process>
                <process>
                    <script background="false" encoding="STRING" type="USE_TEXT">if [[ -f &quot;/opt/stonesoup/workspace/inputDaemons/shared_memory_01.id&quot; ]]; then ipcrm -m $(cat &quot;/opt/stonesoup/workspace/inputDaemons/shared_memory_01.id&quot;) &amp;&amp; echo &quot;Deleted shared memory segment.&quot;; else echo &quot;Failed: Shared memory ID file does not exist.&quot;; fi</script>
                </process>
                <process>
                    <script background="false" encoding="STRING" input_id="lttng_output_Td1YNNYLv0" type="USE_TEXT">$SS_TC_DEPS/bin/lttng stop &amp;&amp; $SS_TC_DEPS/bin/lttng view &amp;&amp; $SS_TC_DEPS/bin/lttng destroy</script>
                </process>
            </post_processes>
            <scoring_formula default="GOOD-05-Default">
                <formula name="GOOD-05-Default">GOOD-05 AND NOT TIMEOUT AND NOT CONTROLLED_EXIT</formula>
            </scoring_formula>
            <output_checks>
                <compare_check check_type="CONTAINS" name="GOOD-05">
                    <actual encoding="STRING" input_id_ref="SIKULI-GOOD-05" output_type="STANDARD_OUT"></actual>
                    <expected encoding="STRING" type="USE_FILE_CONTENTS">good-05/output.txt</expected>
                </compare_check>
                <simple_check check_type="SPECIAL" encoding="STRING" name="TIMEOUT" type="USE_TEXT">DOES_NOT_RETURN</simple_check>
                <simple_check check_type="SPECIAL" encoding="STRING" name="CONTROLLED_EXIT" type="USE_TEXT">CONTROLLED_EXIT</simple_check>
            </output_checks>
        </iopair>
        <iopair name="C-C078A-WIRE-09-ST04-DT07-DF06-CF03-01-GOOD-06" reset_scheme="NONE" timeout="120" type="GOOD">
            <description>follow a tcp stream
Read a string from the input.  Do nslookup on that string, without checking first if it has any command separators.  This allows the user to run arbitrary commands.

</description>
            <technical_impact>NONE</technical_impact>
            <pre_processes scheme="SEQUENCE">
                <process>
                    <script background="false" encoding="STRING" type="USE_TEXT">gcc -o &quot;$SS_TC_ROOT/scripts/shm_setup&quot; &quot;$SS_TC_ROOT/scripts/shm_setup.c&quot;</script>
                </process>
                <process>
                    <script background="false" encoding="STRING" type="USE_TEXT">printf '' | tee nginx_conf_env.txt</script>
                </process>
                <process delay_after="0" delay_before="0">
                    <script background="false" encoding="STRING" type="USE_TEXT">$SS_TC_ROOT/scripts/restart_dm.sh</script>
                </process>
                <process delay_after="2">
                    <script background="false" encoding="STRING" type="USE_TEXT">nohup shm_setup -k 4680 -s 28 -m &quot;localhost&quot; -o /opt/stonesoup/workspace/inputDaemons/shared_memory_01.id &gt; /opt/stonesoup/workspace/inputDaemons/shared_memory_01.out 2&gt;&amp;1 &amp; echo $! &gt; /opt/stonesoup/workspace/inputDaemons/shared_memory_01.pid &amp;&amp; echo &quot;Shared memory created&quot;</script>
                </process>
                <process>
                    <script background="false" encoding="STRING" type="USE_TEXT">mkdir $SS_TC_ROOT/logs/execute/lttng</script>
                </process>
                <process>
                    <environment_variable encoding="STRING" key="LTTNG_HOME" type="USE_TEXT">$SS_TC_ROOT/logs/execute/lttng</environment_variable>
                </process>
                <process>
                    <environment_variable encoding="STRING" key="SS_RUN_COMMAND_LD_PRELOAD" type="USE_TEXT">$SS_TC_DEPS/lib64/liblttng-stonesoup-c.so:$SS_TC_DEPS/lib64/liblttng-ust-fork.so</environment_variable>
                </process>
                <process>
                    <script background="false" encoding="STRING" type="USE_TEXT">mkdir -p $SS_TC_DEPS/var/run/lttng</script>
                </process>
                <process>
                    <script background="false" encoding="STRING" type="USE_TEXT">$SS_TC_DEPS/bin/lttng create &amp;&amp; $SS_TC_DEPS/bin/lttng enable-event -u -a &amp;&amp; $SS_TC_DEPS/bin/lttng start</script>
                </process>
                <process>
                    <script background="false" encoding="STRING" type="USE_TEXT">rm -rf $SS_TC_ROOT/lockDir</script>
                </process>
            </pre_processes>
            <run_command encoding="STRING" preprend_runcommand="true" type="USE_TEXT"></run_command>
            <co_processes scheme="PARALLEL">
                <process_group scheme="SEQUENCE">
                    <process delay_after="0" delay_before="0">
                        <script background="false" encoding="STRING" input_id="SIKULI-GOOD-06" type="USE_TEXT">$SS_TC_DEPS/bin/run-sikuli.sh &quot;$SS_TC_ROOT/testData/good-06/WIRESHARK-GOOD-06.sikuli --args $SS_USER_DELAY&quot;
                    </script>
                    </process>
                </process_group>
                <process_group scheme="SEQUENCE"/>
            </co_processes>
            <post_processes scheme="SEQUENCE">
                <process delay_after="2">
                    <script background="false" encoding="STRING" type="USE_TEXT">if [[ -f &quot;/opt/stonesoup/workspace/inputDaemons/shared_memory_01.pid&quot; ]]; then killtree.sh -s 9 -p $(cat &quot;/opt/stonesoup/workspace/inputDaemons/shared_memory_01.pid&quot;) &amp;&amp; echo &quot;Killed shared memory server.&quot;; else echo &quot;Failed: Shared memory server PID file does not exist.&quot;; fi</script>
                </process>
                <process>
                    <script background="false" encoding="STRING" type="USE_TEXT">if [[ -f &quot;/opt/stonesoup/workspace/inputDaemons/shared_memory_01.id&quot; ]]; then ipcrm -m $(cat &quot;/opt/stonesoup/workspace/inputDaemons/shared_memory_01.id&quot;) &amp;&amp; echo &quot;Deleted shared memory segment.&quot;; else echo &quot;Failed: Shared memory ID file does not exist.&quot;; fi</script>
                </process>
                <process>
                    <script background="false" encoding="STRING" input_id="lttng_output_OrnNKdaThV" type="USE_TEXT">$SS_TC_DEPS/bin/lttng stop &amp;&amp; $SS_TC_DEPS/bin/lttng view &amp;&amp; $SS_TC_DEPS/bin/lttng destroy</script>
                </process>
            </post_processes>
            <scoring_formula default="GOOD-06-Default">
                <formula name="GOOD-06-Default">GOOD-06 AND NOT TIMEOUT AND NOT CONTROLLED_EXIT</formula>
            </scoring_formula>
            <output_checks>
                <compare_check check_type="CONTAINS" name="GOOD-06">
                    <actual encoding="STRING" input_id_ref="SIKULI-GOOD-06" output_type="STANDARD_OUT"></actual>
                    <expected encoding="STRING" type="USE_FILE_CONTENTS">good-06/output.txt</expected>
                </compare_check>
                <simple_check check_type="SPECIAL" encoding="STRING" name="TIMEOUT" type="USE_TEXT">DOES_NOT_RETURN</simple_check>
                <simple_check check_type="SPECIAL" encoding="STRING" name="CONTROLLED_EXIT" type="USE_TEXT">CONTROLLED_EXIT</simple_check>
            </output_checks>
        </iopair>
        <iopair name="C-C078A-WIRE-09-ST04-DT07-DF06-CF03-01-GOOD-07" reset_scheme="NONE" timeout="120" type="GOOD">
            <description>run a display filter for http
Read a string from the input.  Do nslookup on that string, without checking first if it has any command separators.  This allows the user to run arbitrary commands.

</description>
            <technical_impact>NONE</technical_impact>
            <pre_processes scheme="SEQUENCE">
                <process>
                    <script background="false" encoding="STRING" type="USE_TEXT">gcc -o &quot;$SS_TC_ROOT/scripts/shm_setup&quot; &quot;$SS_TC_ROOT/scripts/shm_setup.c&quot;</script>
                </process>
                <process>
                    <script background="false" encoding="STRING" type="USE_TEXT">printf '' | tee nginx_conf_env.txt</script>
                </process>
                <process delay_after="0" delay_before="0">
                    <script background="false" encoding="STRING" type="USE_TEXT">$SS_TC_ROOT/scripts/restart_dm.sh</script>
                </process>
                <process delay_after="2">
                    <script background="false" encoding="STRING" type="USE_TEXT">nohup shm_setup -k 4680 -s 28 -m &quot;10&quot; -o /opt/stonesoup/workspace/inputDaemons/shared_memory_01.id &gt; /opt/stonesoup/workspace/inputDaemons/shared_memory_01.out 2&gt;&amp;1 &amp; echo $! &gt; /opt/stonesoup/workspace/inputDaemons/shared_memory_01.pid &amp;&amp; echo &quot;Shared memory created&quot;</script>
                </process>
                <process>
                    <script background="false" encoding="STRING" type="USE_TEXT">mkdir $SS_TC_ROOT/logs/execute/lttng</script>
                </process>
                <process>
                    <environment_variable encoding="STRING" key="LTTNG_HOME" type="USE_TEXT">$SS_TC_ROOT/logs/execute/lttng</environment_variable>
                </process>
                <process>
                    <environment_variable encoding="STRING" key="SS_RUN_COMMAND_LD_PRELOAD" type="USE_TEXT">$SS_TC_DEPS/lib64/liblttng-stonesoup-c.so:$SS_TC_DEPS/lib64/liblttng-ust-fork.so</environment_variable>
                </process>
                <process>
                    <script background="false" encoding="STRING" type="USE_TEXT">mkdir -p $SS_TC_DEPS/var/run/lttng</script>
                </process>
                <process>
                    <script background="false" encoding="STRING" type="USE_TEXT">$SS_TC_DEPS/bin/lttng create &amp;&amp; $SS_TC_DEPS/bin/lttng enable-event -u -a &amp;&amp; $SS_TC_DEPS/bin/lttng start</script>
                </process>
                <process>
                    <script background="false" encoding="STRING" type="USE_TEXT">rm -rf $SS_TC_ROOT/lockDir</script>
                </process>
            </pre_processes>
            <run_command encoding="STRING" preprend_runcommand="true" type="USE_TEXT"></run_command>
            <co_processes scheme="PARALLEL">
                <process_group scheme="SEQUENCE">
                    <process delay_after="0" delay_before="0">
                        <script background="false" encoding="STRING" input_id="SIKULI-GOOD-07" type="USE_TEXT">$SS_TC_DEPS/bin/run-sikuli.sh &quot;$SS_TC_ROOT/testData/good-07/WIRESHARK-GOOD-07.sikuli --args $SS_USER_DELAY&quot;
                    </script>
                    </process>
                </process_group>
                <process_group scheme="SEQUENCE"/>
            </co_processes>
            <post_processes scheme="SEQUENCE">
                <process delay_after="2">
                    <script background="false" encoding="STRING" type="USE_TEXT">if [[ -f &quot;/opt/stonesoup/workspace/inputDaemons/shared_memory_01.pid&quot; ]]; then killtree.sh -s 9 -p $(cat &quot;/opt/stonesoup/workspace/inputDaemons/shared_memory_01.pid&quot;) &amp;&amp; echo &quot;Killed shared memory server.&quot;; else echo &quot;Failed: Shared memory server PID file does not exist.&quot;; fi</script>
                </process>
                <process>
                    <script background="false" encoding="STRING" type="USE_TEXT">if [[ -f &quot;/opt/stonesoup/workspace/inputDaemons/shared_memory_01.id&quot; ]]; then ipcrm -m $(cat &quot;/opt/stonesoup/workspace/inputDaemons/shared_memory_01.id&quot;) &amp;&amp; echo &quot;Deleted shared memory segment.&quot;; else echo &quot;Failed: Shared memory ID file does not exist.&quot;; fi</script>
                </process>
                <process>
                    <script background="false" encoding="STRING" input_id="lttng_output_vg8B7cvKtb" type="USE_TEXT">$SS_TC_DEPS/bin/lttng stop &amp;&amp; $SS_TC_DEPS/bin/lttng view &amp;&amp; $SS_TC_DEPS/bin/lttng destroy</script>
                </process>
            </post_processes>
            <scoring_formula default="GOOD-07-Default">
                <formula name="GOOD-07-Default">GOOD-07 AND NOT TIMEOUT AND NOT CONTROLLED_EXIT</formula>
            </scoring_formula>
            <output_checks>
                <compare_check check_type="CONTAINS" name="GOOD-07">
                    <actual encoding="STRING" input_id_ref="SIKULI-GOOD-07" output_type="STANDARD_OUT"></actual>
                    <expected encoding="STRING" type="USE_FILE_CONTENTS">good-07/output.txt</expected>
                </compare_check>
                <simple_check check_type="SPECIAL" encoding="STRING" name="TIMEOUT" type="USE_TEXT">DOES_NOT_RETURN</simple_check>
                <simple_check check_type="SPECIAL" encoding="STRING" name="CONTROLLED_EXIT" type="USE_TEXT">CONTROLLED_EXIT</simple_check>
            </output_checks>
        </iopair>
        <iopair name="C-C078A-WIRE-09-ST04-DT07-DF06-CF03-01-GOOD-08" reset_scheme="NONE" timeout="120" type="GOOD">
            <description>export a .png from captured http traffic, run an md5, compare with known good
Read a string from the input.  Do nslookup on that string, without checking first if it has any command separators.  This allows the user to run arbitrary commands.

</description>
            <technical_impact>NONE</technical_impact>
            <pre_processes scheme="SEQUENCE">
                <process>
                    <script background="false" encoding="STRING" type="USE_TEXT">gcc -o &quot;$SS_TC_ROOT/scripts/shm_setup&quot; &quot;$SS_TC_ROOT/scripts/shm_setup.c&quot;</script>
                </process>
                <process>
                    <script background="false" encoding="STRING" type="USE_TEXT">printf '' | tee nginx_conf_env.txt</script>
                </process>
                <process delay_after="0" delay_before="0">
                    <script background="false" encoding="STRING" type="USE_TEXT">$SS_TC_ROOT/scripts/restart_dm.sh</script>
                </process>
                <process delay_after="2">
                    <script background="false" encoding="STRING" type="USE_TEXT">nohup shm_setup -k 4680 -s 28 -m &quot;google.com&quot; -o /opt/stonesoup/workspace/inputDaemons/shared_memory_01.id &gt; /opt/stonesoup/workspace/inputDaemons/shared_memory_01.out 2&gt;&amp;1 &amp; echo $! &gt; /opt/stonesoup/workspace/inputDaemons/shared_memory_01.pid &amp;&amp; echo &quot;Shared memory created&quot;</script>
                </process>
                <process>
                    <script background="false" encoding="STRING" type="USE_TEXT">mkdir $SS_TC_ROOT/logs/execute/lttng</script>
                </process>
                <process>
                    <environment_variable encoding="STRING" key="LTTNG_HOME" type="USE_TEXT">$SS_TC_ROOT/logs/execute/lttng</environment_variable>
                </process>
                <process>
                    <environment_variable encoding="STRING" key="SS_RUN_COMMAND_LD_PRELOAD" type="USE_TEXT">$SS_TC_DEPS/lib64/liblttng-stonesoup-c.so:$SS_TC_DEPS/lib64/liblttng-ust-fork.so</environment_variable>
                </process>
                <process>
                    <script background="false" encoding="STRING" type="USE_TEXT">mkdir -p $SS_TC_DEPS/var/run/lttng</script>
                </process>
                <process>
                    <script background="false" encoding="STRING" type="USE_TEXT">$SS_TC_DEPS/bin/lttng create &amp;&amp; $SS_TC_DEPS/bin/lttng enable-event -u -a &amp;&amp; $SS_TC_DEPS/bin/lttng start</script>
                </process>
                <process>
                    <script background="false" encoding="STRING" type="USE_TEXT">rm -rf $SS_TC_ROOT/lockDir</script>
                </process>
            </pre_processes>
            <run_command encoding="STRING" preprend_runcommand="true" type="USE_TEXT"></run_command>
            <co_processes scheme="PARALLEL">
                <process_group scheme="SEQUENCE">
                    <process delay_after="0" delay_before="0">
                        <script background="false" encoding="STRING" input_id="SIKULI-GOOD-08" type="USE_TEXT">$SS_TC_DEPS/bin/run-sikuli.sh -d &quot;$SS_TC_ROOT/testData/good-08/WIRESHARK-GOOD-08.sikuli --args $SS_USER_DELAY&quot;
                    </script>
                    </process>
                </process_group>
                <process_group scheme="SEQUENCE"/>
            </co_processes>
            <post_processes scheme="SEQUENCE">
                <process delay_after="0" delay_before="0">
                    <script background="false" encoding="STRING" input_id="HASH-OUTPUT" type="USE_TEXT">md5sum $SS_TC_ROOT/testOutput/good-08/output.png
                    </script>
                </process>
                <process delay_after="2">
                    <script background="false" encoding="STRING" type="USE_TEXT">if [[ -f &quot;/opt/stonesoup/workspace/inputDaemons/shared_memory_01.pid&quot; ]]; then killtree.sh -s 9 -p $(cat &quot;/opt/stonesoup/workspace/inputDaemons/shared_memory_01.pid&quot;) &amp;&amp; echo &quot;Killed shared memory server.&quot;; else echo &quot;Failed: Shared memory server PID file does not exist.&quot;; fi</script>
                </process>
                <process>
                    <script background="false" encoding="STRING" type="USE_TEXT">if [[ -f &quot;/opt/stonesoup/workspace/inputDaemons/shared_memory_01.id&quot; ]]; then ipcrm -m $(cat &quot;/opt/stonesoup/workspace/inputDaemons/shared_memory_01.id&quot;) &amp;&amp; echo &quot;Deleted shared memory segment.&quot;; else echo &quot;Failed: Shared memory ID file does not exist.&quot;; fi</script>
                </process>
                <process>
                    <script background="false" encoding="STRING" input_id="lttng_output_DihNZaO1eD" type="USE_TEXT">$SS_TC_DEPS/bin/lttng stop &amp;&amp; $SS_TC_DEPS/bin/lttng view &amp;&amp; $SS_TC_DEPS/bin/lttng destroy</script>
                </process>
            </post_processes>
            <scoring_formula default="GOOD-08-Default">
                <formula name="GOOD-08-Default">GOOD-08 AND NOT TIMEOUT AND NOT CONTROLLED_EXIT</formula>
            </scoring_formula>
            <output_checks>
                <compare_check check_type="CONTAINS" name="GOOD-08">
                    <actual encoding="STRING" input_id_ref="HASH-OUTPUT" output_type="STANDARD_OUT"></actual>
                    <expected encoding="STRING" type="USE_FILE_CONTENTS">good-08/output.txt</expected>
                </compare_check>
                <simple_check check_type="SPECIAL" encoding="STRING" name="TIMEOUT" type="USE_TEXT">DOES_NOT_RETURN</simple_check>
                <simple_check check_type="SPECIAL" encoding="STRING" name="CONTROLLED_EXIT" type="USE_TEXT">CONTROLLED_EXIT</simple_check>
            </output_checks>
        </iopair>
        <iopair name="C-C078A-WIRE-09-ST04-DT07-DF06-CF03-01-GOOD-09" reset_scheme="NONE" timeout="120" type="GOOD">
            <description>search for a string
Read a string from the input.  Do nslookup on that string, without checking first if it has any command separators.  This allows the user to run arbitrary commands.

</description>
            <technical_impact>NONE</technical_impact>
            <pre_processes scheme="SEQUENCE">
                <process>
                    <script background="false" encoding="STRING" type="USE_TEXT">gcc -o &quot;$SS_TC_ROOT/scripts/shm_setup&quot; &quot;$SS_TC_ROOT/scripts/shm_setup.c&quot;</script>
                </process>
                <process>
                    <script background="false" encoding="STRING" type="USE_TEXT">printf '' | tee nginx_conf_env.txt</script>
                </process>
                <process delay_after="0" delay_before="0">
                    <script background="false" encoding="STRING" type="USE_TEXT">$SS_TC_ROOT/scripts/restart_dm.sh</script>
                </process>
                <process delay_after="2">
                    <script background="false" encoding="STRING" type="USE_TEXT">nohup shm_setup -k 4680 -s 28 -m &quot;localhost&quot; -o /opt/stonesoup/workspace/inputDaemons/shared_memory_01.id &gt; /opt/stonesoup/workspace/inputDaemons/shared_memory_01.out 2&gt;&amp;1 &amp; echo $! &gt; /opt/stonesoup/workspace/inputDaemons/shared_memory_01.pid &amp;&amp; echo &quot;Shared memory created&quot;</script>
                </process>
                <process>
                    <script background="false" encoding="STRING" type="USE_TEXT">mkdir $SS_TC_ROOT/logs/execute/lttng</script>
                </process>
                <process>
                    <environment_variable encoding="STRING" key="LTTNG_HOME" type="USE_TEXT">$SS_TC_ROOT/logs/execute/lttng</environment_variable>
                </process>
                <process>
                    <environment_variable encoding="STRING" key="SS_RUN_COMMAND_LD_PRELOAD" type="USE_TEXT">$SS_TC_DEPS/lib64/liblttng-stonesoup-c.so:$SS_TC_DEPS/lib64/liblttng-ust-fork.so</environment_variable>
                </process>
                <process>
                    <script background="false" encoding="STRING" type="USE_TEXT">mkdir -p $SS_TC_DEPS/var/run/lttng</script>
                </process>
                <process>
                    <script background="false" encoding="STRING" type="USE_TEXT">$SS_TC_DEPS/bin/lttng create &amp;&amp; $SS_TC_DEPS/bin/lttng enable-event -u -a &amp;&amp; $SS_TC_DEPS/bin/lttng start</script>
                </process>
                <process>
                    <script background="false" encoding="STRING" type="USE_TEXT">rm -rf $SS_TC_ROOT/lockDir</script>
                </process>
            </pre_processes>
            <run_command encoding="STRING" preprend_runcommand="true" type="USE_TEXT"></run_command>
            <co_processes scheme="PARALLEL">
                <process_group scheme="SEQUENCE">
                    <process delay_after="0" delay_before="0">
                        <script background="false" encoding="STRING" input_id="SIKULI-GOOD-09" type="USE_TEXT">$SS_TC_DEPS/bin/run-sikuli.sh &quot;$SS_TC_ROOT/testData/good-09/WIRESHARK-GOOD-09.sikuli --args $SS_USER_DELAY&quot;
                        </script>
                    </process>
                </process_group>
                <process_group scheme="SEQUENCE"/>
            </co_processes>
            <post_processes scheme="SEQUENCE">
                <process delay_after="2">
                    <script background="false" encoding="STRING" type="USE_TEXT">if [[ -f &quot;/opt/stonesoup/workspace/inputDaemons/shared_memory_01.pid&quot; ]]; then killtree.sh -s 9 -p $(cat &quot;/opt/stonesoup/workspace/inputDaemons/shared_memory_01.pid&quot;) &amp;&amp; echo &quot;Killed shared memory server.&quot;; else echo &quot;Failed: Shared memory server PID file does not exist.&quot;; fi</script>
                </process>
                <process>
                    <script background="false" encoding="STRING" type="USE_TEXT">if [[ -f &quot;/opt/stonesoup/workspace/inputDaemons/shared_memory_01.id&quot; ]]; then ipcrm -m $(cat &quot;/opt/stonesoup/workspace/inputDaemons/shared_memory_01.id&quot;) &amp;&amp; echo &quot;Deleted shared memory segment.&quot;; else echo &quot;Failed: Shared memory ID file does not exist.&quot;; fi</script>
                </process>
                <process>
                    <script background="false" encoding="STRING" input_id="lttng_output_0aitOMEuUD" type="USE_TEXT">$SS_TC_DEPS/bin/lttng stop &amp;&amp; $SS_TC_DEPS/bin/lttng view &amp;&amp; $SS_TC_DEPS/bin/lttng destroy</script>
                </process>
            </post_processes>
            <scoring_formula default="GOOD-09-Default">
                <formula name="GOOD-09-Default">GOOD-09 AND NOT TIMEOUT AND NOT CONTROLLED_EXIT</formula>
            </scoring_formula>
            <output_checks>
                <compare_check check_type="CONTAINS" name="GOOD-09">
                    <actual encoding="STRING" input_id_ref="SIKULI-GOOD-09" output_type="STANDARD_OUT"></actual>
                    <expected encoding="STRING" type="USE_FILE_CONTENTS">good-09/output.txt</expected>
                </compare_check>
                <simple_check check_type="SPECIAL" encoding="STRING" name="TIMEOUT" type="USE_TEXT">DOES_NOT_RETURN</simple_check>
                <simple_check check_type="SPECIAL" encoding="STRING" name="CONTROLLED_EXIT" type="USE_TEXT">CONTROLLED_EXIT</simple_check>
            </output_checks>
        </iopair>
        <iopair name="C-C078A-WIRE-09-ST04-DT07-DF06-CF03-01-GOOD-10" reset_scheme="NONE" timeout="120" type="GOOD">
            <description>open io graph
Read a string from the input.  Do nslookup on that string, without checking first if it has any command separators.  This allows the user to run arbitrary commands.

</description>
            <technical_impact>NONE</technical_impact>
            <pre_processes scheme="SEQUENCE">
                <process>
                    <script background="false" encoding="STRING" type="USE_TEXT">gcc -o &quot;$SS_TC_ROOT/scripts/shm_setup&quot; &quot;$SS_TC_ROOT/scripts/shm_setup.c&quot;</script>
                </process>
                <process>
                    <script background="false" encoding="STRING" type="USE_TEXT">printf '' | tee nginx_conf_env.txt</script>
                </process>
                <process delay_after="0" delay_before="0">
                    <script background="false" encoding="STRING" type="USE_TEXT">$SS_TC_ROOT/scripts/restart_dm.sh</script>
                </process>
                <process delay_after="2">
                    <script background="false" encoding="STRING" type="USE_TEXT">nohup shm_setup -k 4680 -s 28 -m &quot;10&quot; -o /opt/stonesoup/workspace/inputDaemons/shared_memory_01.id &gt; /opt/stonesoup/workspace/inputDaemons/shared_memory_01.out 2&gt;&amp;1 &amp; echo $! &gt; /opt/stonesoup/workspace/inputDaemons/shared_memory_01.pid &amp;&amp; echo &quot;Shared memory created&quot;</script>
                </process>
                <process>
                    <script background="false" encoding="STRING" type="USE_TEXT">mkdir $SS_TC_ROOT/logs/execute/lttng</script>
                </process>
                <process>
                    <environment_variable encoding="STRING" key="LTTNG_HOME" type="USE_TEXT">$SS_TC_ROOT/logs/execute/lttng</environment_variable>
                </process>
                <process>
                    <environment_variable encoding="STRING" key="SS_RUN_COMMAND_LD_PRELOAD" type="USE_TEXT">$SS_TC_DEPS/lib64/liblttng-stonesoup-c.so:$SS_TC_DEPS/lib64/liblttng-ust-fork.so</environment_variable>
                </process>
                <process>
                    <script background="false" encoding="STRING" type="USE_TEXT">mkdir -p $SS_TC_DEPS/var/run/lttng</script>
                </process>
                <process>
                    <script background="false" encoding="STRING" type="USE_TEXT">$SS_TC_DEPS/bin/lttng create &amp;&amp; $SS_TC_DEPS/bin/lttng enable-event -u -a &amp;&amp; $SS_TC_DEPS/bin/lttng start</script>
                </process>
                <process>
                    <script background="false" encoding="STRING" type="USE_TEXT">rm -rf $SS_TC_ROOT/lockDir</script>
                </process>
            </pre_processes>
            <run_command encoding="STRING" preprend_runcommand="true" type="USE_TEXT"></run_command>
            <co_processes scheme="PARALLEL">
                <process_group scheme="SEQUENCE">
                    <process delay_after="0" delay_before="0">
                        <script background="false" encoding="STRING" input_id="SIKULI-GOOD-10" type="USE_TEXT">$SS_TC_DEPS/bin/run-sikuli.sh &quot;$SS_TC_ROOT/testData/good-10/WIRESHARK-GOOD-10.sikuli --args $SS_USER_DELAY&quot;
                    </script>
                    </process>
                </process_group>
                <process_group scheme="SEQUENCE"/>
            </co_processes>
            <post_processes scheme="SEQUENCE">
                <process delay_after="2">
                    <script background="false" encoding="STRING" type="USE_TEXT">if [[ -f &quot;/opt/stonesoup/workspace/inputDaemons/shared_memory_01.pid&quot; ]]; then killtree.sh -s 9 -p $(cat &quot;/opt/stonesoup/workspace/inputDaemons/shared_memory_01.pid&quot;) &amp;&amp; echo &quot;Killed shared memory server.&quot;; else echo &quot;Failed: Shared memory server PID file does not exist.&quot;; fi</script>
                </process>
                <process>
                    <script background="false" encoding="STRING" type="USE_TEXT">if [[ -f &quot;/opt/stonesoup/workspace/inputDaemons/shared_memory_01.id&quot; ]]; then ipcrm -m $(cat &quot;/opt/stonesoup/workspace/inputDaemons/shared_memory_01.id&quot;) &amp;&amp; echo &quot;Deleted shared memory segment.&quot;; else echo &quot;Failed: Shared memory ID file does not exist.&quot;; fi</script>
                </process>
                <process>
                    <script background="false" encoding="STRING" input_id="lttng_output_KxDhrWmJjG" type="USE_TEXT">$SS_TC_DEPS/bin/lttng stop &amp;&amp; $SS_TC_DEPS/bin/lttng view &amp;&amp; $SS_TC_DEPS/bin/lttng destroy</script>
                </process>
            </post_processes>
            <scoring_formula default="GOOD-10-Default">
                <formula name="GOOD-10-Default">GOOD-10 AND NOT TIMEOUT AND NOT CONTROLLED_EXIT</formula>
            </scoring_formula>
            <output_checks>
                <compare_check check_type="CONTAINS" name="GOOD-10">
                    <actual encoding="STRING" input_id_ref="SIKULI-GOOD-10" output_type="STANDARD_OUT"></actual>
                    <expected encoding="STRING" type="USE_FILE_CONTENTS">good-10/output.txt</expected>
                </compare_check>
                <simple_check check_type="SPECIAL" encoding="STRING" name="TIMEOUT" type="USE_TEXT">DOES_NOT_RETURN</simple_check>
                <simple_check check_type="SPECIAL" encoding="STRING" name="CONTROLLED_EXIT" type="USE_TEXT">CONTROLLED_EXIT</simple_check>
            </output_checks>
        </iopair>
        <iopair name="C-C078A-WIRE-09-ST04-DT07-DF06-CF03-01-BAD-01" reset_scheme="NONE" timeout="120" type="BAD">
            <description>Read a string from the input.  Do nslookup on that string, without checking first if it has any command separators.  This allows the user to run arbitrary commands.

</description>
            <technical_impact>EXECUTE_UNAUTHORIZED_CODE</technical_impact>
            <pre_processes scheme="SEQUENCE">
                <process>
                    <script background="false" encoding="STRING" type="USE_TEXT">gcc -o &quot;$SS_TC_ROOT/scripts/shm_setup&quot; &quot;$SS_TC_ROOT/scripts/shm_setup.c&quot;</script>
                </process>
                <process>
                    <script background="false" encoding="STRING" type="USE_TEXT">printf '' | tee nginx_conf_env.txt</script>
                </process>
                <process delay_after="0" delay_before="0">
                    <script background="false" encoding="STRING" type="USE_TEXT">$SS_TC_ROOT/scripts/restart_dm.sh</script>
                </process>
                <process delay_after="2">
                    <script background="false" encoding="STRING" type="USE_TEXT">nohup shm_setup -k 4680 -s 28 -m &quot;10; ls -la&quot; -o /opt/stonesoup/workspace/inputDaemons/shared_memory_01.id &gt; /opt/stonesoup/workspace/inputDaemons/shared_memory_01.out 2&gt;&amp;1 &amp; echo $! &gt; /opt/stonesoup/workspace/inputDaemons/shared_memory_01.pid &amp;&amp; echo &quot;Shared memory created&quot;</script>
                </process>
                <process>
                    <script background="false" encoding="STRING" type="USE_TEXT">mkdir $SS_TC_ROOT/logs/execute/lttng</script>
                </process>
                <process>
                    <environment_variable encoding="STRING" key="LTTNG_HOME" type="USE_TEXT">$SS_TC_ROOT/logs/execute/lttng</environment_variable>
                </process>
                <process>
                    <environment_variable encoding="STRING" key="SS_RUN_COMMAND_LD_PRELOAD" type="USE_TEXT">$SS_TC_DEPS/lib64/liblttng-stonesoup-c.so:$SS_TC_DEPS/lib64/liblttng-ust-fork.so</environment_variable>
                </process>
                <process>
                    <script background="false" encoding="STRING" type="USE_TEXT">mkdir -p $SS_TC_DEPS/var/run/lttng</script>
                </process>
                <process>
                    <script background="false" encoding="STRING" type="USE_TEXT">$SS_TC_DEPS/bin/lttng create &amp;&amp; $SS_TC_DEPS/bin/lttng enable-event -u -a &amp;&amp; $SS_TC_DEPS/bin/lttng start</script>
                </process>
                <process>
                    <script background="false" encoding="STRING" type="USE_TEXT">rm -rf $SS_TC_ROOT/lockDir</script>
                </process>
            </pre_processes>
            <run_command encoding="STRING" preprend_runcommand="true" type="USE_TEXT"></run_command>
            <co_processes scheme="SEQUENCE">
                <process delay_after="0" delay_before="0">
                    <script background="false" encoding="STRING" input_id="SIKULI-GOOD-03mVH7Vo0AtS" type="USE_TEXT">$SS_TC_DEPS/bin/run-sikuli.sh &quot;$SS_TC_ROOT/testData/good-03/WIRESHARK-GOOD-03.sikuli --args $SS_USER_DELAY&quot;
                    </script>
                </process>
            </co_processes>
            <post_processes scheme="SEQUENCE">
                <process delay_after="2">
                    <script background="false" encoding="STRING" type="USE_TEXT">if [[ -f &quot;/opt/stonesoup/workspace/inputDaemons/shared_memory_01.pid&quot; ]]; then killtree.sh -s 9 -p $(cat &quot;/opt/stonesoup/workspace/inputDaemons/shared_memory_01.pid&quot;) &amp;&amp; echo &quot;Killed shared memory server.&quot;; else echo &quot;Failed: Shared memory server PID file does not exist.&quot;; fi</script>
                </process>
                <process>
                    <script background="false" encoding="STRING" type="USE_TEXT">if [[ -f &quot;/opt/stonesoup/workspace/inputDaemons/shared_memory_01.id&quot; ]]; then ipcrm -m $(cat &quot;/opt/stonesoup/workspace/inputDaemons/shared_memory_01.id&quot;) &amp;&amp; echo &quot;Deleted shared memory segment.&quot;; else echo &quot;Failed: Shared memory ID file does not exist.&quot;; fi</script>
                </process>
                <process>
                    <script background="false" encoding="STRING" input_id="lttng_output_lSGW1AXdZkBP5zsyQwAI" type="USE_TEXT">$SS_TC_DEPS/bin/lttng stop &amp;&amp; $SS_TC_DEPS/bin/lttng view &amp;&amp; $SS_TC_DEPS/bin/lttng destroy</script>
                </process>
            </post_processes>
            <scoring_formula default="arg_injection_formula_gnz8GECQF8">
                <formula name="arg_injection_formula_gnz8GECQF8">weakness_started_OGPtagMsmvF6bXaRzw35 AND ((NOT PERFORMER AND (ls_output_AoExPOXVEo OR echo_output_vREskvXNkX) AND NOT timeout_e26gjYshN5) or (PERFORMER AND NOT ((ls_output_AoExPOXVEo OR echo_output_vREskvXNkX) OR timeout_e26gjYshN5)))</formula>
                <formula name="no_weakness_started_formula_XFRM8SLuZH">(NOT PERFORMER AND (ls_output_AoExPOXVEo OR echo_output_vREskvXNkX) AND NOT timeout_e26gjYshN5) or (PERFORMER AND NOT ((ls_output_AoExPOXVEo OR echo_output_vREskvXNkX) OR timeout_e26gjYshN5))</formula>
            </scoring_formula>
            <output_checks>
                <simple_check check_type="SPECIAL" encoding="STRING" name="timeout_e26gjYshN5" type="USE_TEXT">DOES_NOT_RETURN</simple_check>
                <simple_check check_type="SPECIAL" encoding="STRING" name="controlled_exit_IgxXQbod2J" type="USE_TEXT">CONTROLLED_EXIT</simple_check>
                <simple_check check_type="SPECIAL" encoding="STRING" name="continued_execution_BRzm7P3pku" type="USE_TEXT">CONTINUED_EXECUTION</simple_check>
                <compare_check check_type="REGEX" name="ls_output_AoExPOXVEo">
                    <actual encoding="STRING" output_type="FILE_CONTENTS">logfile.txt</actual>
                    <expected encoding="STRING" type="USE_TEXT">[ld\-][rwxst\-]{9}</expected>
                </compare_check>
                <compare_check check_type="CONTAINS" name="echo_output_vREskvXNkX">
                    <actual encoding="STRING" output_type="FILE_CONTENTS">logfile.txt</actual>
                    <expected encoding="STRING" type="USE_TEXT">Hello world</expected>
                </compare_check>
                <compare_check check_type="CONTAINS" name="weakness_started_OGPtagMsmvF6bXaRzw35">
                    <actual encoding="STRING" input_id_ref="lttng_output_lSGW1AXdZkBP5zsyQwAI" output_type="STANDARD_OUT">None</actual>
                    <expected encoding="STRING" type="USE_TEXT">stonesoup_trace:weakness_start</expected>
                </compare_check>
            </output_checks>
        </iopair>
        <iopair name="C-C078A-WIRE-09-ST04-DT07-DF06-CF03-01-BAD-02" reset_scheme="NONE" timeout="120" type="BAD">
            <description>Read a string from the input.  Do nslookup on that string, without checking first if it has any command separators.  This allows the user to run arbitrary commands.

</description>
            <technical_impact>EXECUTE_UNAUTHORIZED_CODE</technical_impact>
            <pre_processes scheme="SEQUENCE">
                <process>
                    <script background="false" encoding="STRING" type="USE_TEXT">gcc -o &quot;$SS_TC_ROOT/scripts/shm_setup&quot; &quot;$SS_TC_ROOT/scripts/shm_setup.c&quot;</script>
                </process>
                <process>
                    <script background="false" encoding="STRING" type="USE_TEXT">printf '' | tee nginx_conf_env.txt</script>
                </process>
                <process delay_after="0" delay_before="0">
                    <script background="false" encoding="STRING" type="USE_TEXT">$SS_TC_ROOT/scripts/restart_dm.sh</script>
                </process>
                <process delay_after="2">
                    <script background="false" encoding="STRING" type="USE_TEXT">nohup shm_setup -k 4680 -s 28 -m &quot;localhost; echo Hello world&quot; -o /opt/stonesoup/workspace/inputDaemons/shared_memory_01.id &gt; /opt/stonesoup/workspace/inputDaemons/shared_memory_01.out 2&gt;&amp;1 &amp; echo $! &gt; /opt/stonesoup/workspace/inputDaemons/shared_memory_01.pid &amp;&amp; echo &quot;Shared memory created&quot;</script>
                </process>
                <process>
                    <script background="false" encoding="STRING" type="USE_TEXT">mkdir $SS_TC_ROOT/logs/execute/lttng</script>
                </process>
                <process>
                    <environment_variable encoding="STRING" key="LTTNG_HOME" type="USE_TEXT">$SS_TC_ROOT/logs/execute/lttng</environment_variable>
                </process>
                <process>
                    <environment_variable encoding="STRING" key="SS_RUN_COMMAND_LD_PRELOAD" type="USE_TEXT">$SS_TC_DEPS/lib64/liblttng-stonesoup-c.so:$SS_TC_DEPS/lib64/liblttng-ust-fork.so</environment_variable>
                </process>
                <process>
                    <script background="false" encoding="STRING" type="USE_TEXT">mkdir -p $SS_TC_DEPS/var/run/lttng</script>
                </process>
                <process>
                    <script background="false" encoding="STRING" type="USE_TEXT">$SS_TC_DEPS/bin/lttng create &amp;&amp; $SS_TC_DEPS/bin/lttng enable-event -u -a &amp;&amp; $SS_TC_DEPS/bin/lttng start</script>
                </process>
                <process>
                    <script background="false" encoding="STRING" type="USE_TEXT">rm -rf $SS_TC_ROOT/lockDir</script>
                </process>
            </pre_processes>
            <run_command encoding="STRING" preprend_runcommand="true" type="USE_TEXT"></run_command>
            <co_processes scheme="SEQUENCE">
                <process delay_after="0" delay_before="0">
                    <script background="false" encoding="STRING" input_id="SIKULI-GOOD-10d3jIFjxcOK" type="USE_TEXT">$SS_TC_DEPS/bin/run-sikuli.sh &quot;$SS_TC_ROOT/testData/good-10/WIRESHARK-GOOD-10.sikuli --args $SS_USER_DELAY&quot;
                    </script>
                </process>
            </co_processes>
            <post_processes scheme="SEQUENCE">
                <process delay_after="2">
                    <script background="false" encoding="STRING" type="USE_TEXT">if [[ -f &quot;/opt/stonesoup/workspace/inputDaemons/shared_memory_01.pid&quot; ]]; then killtree.sh -s 9 -p $(cat &quot;/opt/stonesoup/workspace/inputDaemons/shared_memory_01.pid&quot;) &amp;&amp; echo &quot;Killed shared memory server.&quot;; else echo &quot;Failed: Shared memory server PID file does not exist.&quot;; fi</script>
                </process>
                <process>
                    <script background="false" encoding="STRING" type="USE_TEXT">if [[ -f &quot;/opt/stonesoup/workspace/inputDaemons/shared_memory_01.id&quot; ]]; then ipcrm -m $(cat &quot;/opt/stonesoup/workspace/inputDaemons/shared_memory_01.id&quot;) &amp;&amp; echo &quot;Deleted shared memory segment.&quot;; else echo &quot;Failed: Shared memory ID file does not exist.&quot;; fi</script>
                </process>
                <process>
                    <script background="false" encoding="STRING" input_id="lttng_output_J3XA0sVY4kThHOGQCBo0" type="USE_TEXT">$SS_TC_DEPS/bin/lttng stop &amp;&amp; $SS_TC_DEPS/bin/lttng view &amp;&amp; $SS_TC_DEPS/bin/lttng destroy</script>
                </process>
            </post_processes>
            <scoring_formula default="arg_injection_formula_Udy381EaVr">
                <formula name="arg_injection_formula_Udy381EaVr">weakness_started_lHqLi7HKrSKhm8GAYYH3 AND ((NOT PERFORMER AND (ls_output_3eE8Mtg59L OR echo_output_wHrPy5cn9d) AND NOT timeout_IPSMfOL8jy) or (PERFORMER AND NOT ((ls_output_3eE8Mtg59L OR echo_output_wHrPy5cn9d) OR timeout_IPSMfOL8jy)))</formula>
                <formula name="no_weakness_started_formula_47JshXCKTU">(NOT PERFORMER AND (ls_output_3eE8Mtg59L OR echo_output_wHrPy5cn9d) AND NOT timeout_IPSMfOL8jy) or (PERFORMER AND NOT ((ls_output_3eE8Mtg59L OR echo_output_wHrPy5cn9d) OR timeout_IPSMfOL8jy))</formula>
            </scoring_formula>
            <output_checks>
                <simple_check check_type="SPECIAL" encoding="STRING" name="timeout_IPSMfOL8jy" type="USE_TEXT">DOES_NOT_RETURN</simple_check>
                <simple_check check_type="SPECIAL" encoding="STRING" name="controlled_exit_5dJGx5bFi0" type="USE_TEXT">CONTROLLED_EXIT</simple_check>
                <simple_check check_type="SPECIAL" encoding="STRING" name="continued_execution_RpWHZaDaES" type="USE_TEXT">CONTINUED_EXECUTION</simple_check>
                <compare_check check_type="REGEX" name="ls_output_3eE8Mtg59L">
                    <actual encoding="STRING" output_type="FILE_CONTENTS">logfile.txt</actual>
                    <expected encoding="STRING" type="USE_TEXT">[ld\-][rwxst\-]{9}</expected>
                </compare_check>
                <compare_check check_type="CONTAINS" name="echo_output_wHrPy5cn9d">
                    <actual encoding="STRING" output_type="FILE_CONTENTS">logfile.txt</actual>
                    <expected encoding="STRING" type="USE_TEXT">Hello world</expected>
                </compare_check>
                <compare_check check_type="CONTAINS" name="weakness_started_lHqLi7HKrSKhm8GAYYH3">
                    <actual encoding="STRING" input_id_ref="lttng_output_J3XA0sVY4kThHOGQCBo0" output_type="STANDARD_OUT">None</actual>
                    <expected encoding="STRING" type="USE_TEXT">stonesoup_trace:weakness_start</expected>
                </compare_check>
            </output_checks>
        </iopair>
    </iopairs>
</project>
