<?xml version="1.0" encoding="utf-8"?>
<project base_program="J-JENA" language="JAVA" name="J-C196A-JENA-09-ST02-DT02-DF12-CF19-01" targeted_architecture="ANY" targeted_os="LINUX" test_case_type="ALL" xmlns="urn:stonesoup:project">
    <description>This test takes in a char value from a taint source. The value is cast to a byte causing an unsigned to signed conversion. This value is then used to allocate an array. If the original char is &gt;127 this will lead to a negative index for the array causing a NegativeArraySizeException.
</description>
    <additional_information>
        <keyvalue key="JAVA_MAIN">jena.rdfcompare:arq.sparql:jena.rdfparse:jena.rdfcat:arq.wwwenc:jena.rdfcopy:arq.wwwdec:jena.schemagen:jena.turtle</keyvalue>
        <keyvalue key="JAVA_CLASSPATH">$SS_TC_ROOT/$SS_TC_INSTALL/*:$SS_TC_DEPS/java/stonesoup/lttng/lttng-stonesoup-0.1.jar</keyvalue>
        <keyvalue key="algorithmic_variant_name">UNSPECIFIED</keyvalue>
        <keyvalue key="root_cause">UNSPECIFIED</keyvalue>
    </additional_information>
    <structure install="install" iodata="testData" scoredata="testOutput" scripts="scripts" source="src"/>
    <run_command>java $SS_JAVA_OPTS -Djava.library.path=$SS_TC_DEPS/lib64/ -Xmx1024M -Dlog4j.configuration=file:$SS_TC_ROOT/$SS_TC_INSTALL/jena-log4j.properties -cp &quot;$SS_JAVA_CLASSPATH&quot;</run_command>
    <weakness generation_method="FAULT_INJECTED">
        <variant cwe="CWE-196" name="CWE-196-A">
            <crossover_point file_name="/tmp/tmpDPsVHb_ss_testcase/src/jena-iri/src/main/java/org/apache/jena/iri/impl/AbsLexer.java" line_number="0">
                <method name="clementinaFilchery"/>
            </crossover_point>
            <trigger_point file_name="/tmp/tmpDPsVHb_ss_testcase/src/jena-iri/src/main/java/org/apache/jena/iri/impl/AbsLexer.java" line_number="0">
                <method name="stonesoupInitializeCounts"/>
            </trigger_point>
        </variant>
        <features>
            <taint_source file_name="/tmp/tmpDPsVHb_ss_testcase/src/jena-iri/src/main/java/org/apache/jena/iri/impl/AbsLexer.java" line_number="0" type="FILE_CONTENTS">
                <method name="rule"/>
            </taint_source>
            <data_type file_name="/tmp/tmpDPsVHb_ss_testcase/src/jena-iri/src/main/java/org/apache/jena/iri/impl/AbsLexer.java" line_number="0" type="SIMPLE">
                <method name="rule"/>
            </data_type>
            <data_flow file_name="/tmp/tmpDPsVHb_ss_testcase/src/jena-iri/src/main/java/org/apache/jena/iri/impl/AbsLexer.java" line_number="0" type="VAR_ARG_LIST">
                <method name="rule"/>
            </data_flow>
            <control_flow file_name="/tmp/tmpDPsVHb_ss_testcase/src/jena-iri/src/main/java/org/apache/jena/iri/impl/AbsLexer.java" line_number="0" type="RECURSIVE">
                <method name="copesmateMiraclemonger"/>
            </control_flow>
        </features>
    </weakness>
    <build_commands>
        <command>env ANT_HOME=$SS_TC_DEPS/ant ant $SS_ANT_OPTS -Dstonesoup.database.postgres.required=no -Dstonesoup.hibernate.postgres.required=no -Dstonesoup.hibernate.mysql.required=no -Dstonesoup.database.mysql.required=no -Dstonesoup.socket.required=no -lib $SS_TC_DEPS/java/stonesoup/lttng/lttng-stonesoup-0.1.jar -Dstonesoup.socket.lib.dir=&quot;$SS_TC_DEPS/java/stonesoup/socket&quot; -Dstonesoup.hibernate.mysql.lib.dir=&quot;$SS_TC_DEPS/java/stonesoup/hibernate/mysql&quot; -Dstonesoup.hibernate.postgres.lib.dir=&quot;$SS_TC_DEPS/java/stonesoup/hibernate/postgres&quot; -Dstonesoup.database.mysql.lib.dir=&quot;$SS_TC_DEPS/java/stonesoup/database/mysql&quot; -Dstonesoup.database.postgres.lib.dir=&quot;$SS_TC_DEPS/java/stonesoup/database/postgres&quot; -Dbin.lib.dir=&quot;$SS_TC_ROOT/$SS_TC_INSTALL&quot; -Ddependencies.dir=&quot;$SS_TC_DEPS/java/jena&quot; -Dstonesoup.lttng.lib.dir=&quot;$SS_TC_DEPS/java/stonesoup/lttng&quot; -Dstonesoup.lttng.dummy.lib.dir=&quot;$SS_TC_DEPS/java/stonesoup/lttng-dummy&quot; jar</command>
    </build_commands>
    <iopairs>
        <iopair name="J-C196A-JENA-09-ST02-DT02-DF12-CF19-01-GOOD-01" reset_scheme="NONE" timeout="300" type="GOOD">
            <description>Environment variable defining test value.
</description>
            <technical_impact>NONE</technical_impact>
            <pre_processes scheme="SEQUENCE">
                <process>
                    <script background="false" encoding="STRING" type="USE_TEXT">printf 'env IATROCHEMIST_GLYCYRRHIZA;\n' | tee nginx_conf_env.txt</script>
                </process>
                <process delay_after="0" delay_before="0">
                    <script background="false" encoding="STRING" type="USE_TEXT">cp &quot;$SS_TC_ROOT/testData/jena-log4j.properties&quot; &quot;$SS_TC_ROOT/$SS_TC_INSTALL/jena-log4j.properties&quot;</script>
                </process>
                <process>
                    <environment_variable encoding="STRING" key="IATROCHEMIST_GLYCYRRHIZA" type="USE_TEXT">$SS_TC_ROOT/testData/shaggedness_uranyl.bin</environment_variable>
                </process>
                <process>
                    <file encoding="STRING" path="$SS_TC_ROOT/testData/shaggedness_uranyl.bin" type="USE_TEXT">g</file>
                </process>
                <process>
                    <script background="false" encoding="STRING" type="USE_TEXT">mkdir $SS_TC_ROOT/logs/execute/lttng</script>
                </process>
                <process>
                    <environment_variable encoding="STRING" key="LTTNG_HOME" type="USE_TEXT">$SS_TC_ROOT/logs/execute/lttng</environment_variable>
                </process>
                <process>
                    <environment_variable encoding="STRING" key="SS_RUN_COMMAND_LD_PRELOAD" type="USE_TEXT">$SS_TC_DEPS/lib64/liblttng-stonesoup-java.so:$SS_TC_DEPS/lib64/liblttng-ust-fork.so</environment_variable>
                </process>
                <process>
                    <script background="false" encoding="STRING" type="USE_TEXT">mkdir -p $SS_TC_DEPS/var/run/lttng</script>
                </process>
                <process>
                    <script background="false" encoding="STRING" type="USE_TEXT">$SS_TC_DEPS/bin/lttng create &amp;&amp; $SS_TC_DEPS/bin/lttng enable-event -u -a &amp;&amp; $SS_TC_DEPS/bin/lttng start</script>
                </process>
                <process>
                    <script background="false" encoding="STRING" type="USE_TEXT">rm -rf $SS_TC_ROOT/lockDir</script>
                </process>
            </pre_processes>
            <run_command encoding="STRING" preprend_runcommand="true" type="USE_TEXT">jena.rdfcompare $SS_TC_ROOT/testData/good-01/example.xml $SS_TC_ROOT/testData/good-01/example2.xml RDF/XML RDF/XML</run_command>
            <post_processes scheme="SEQUENCE">
                <process>
                    <script background="false" encoding="STRING" input_id="lttng_output_3Htr5ewC7H" type="USE_TEXT">$SS_TC_DEPS/bin/lttng stop &amp;&amp; $SS_TC_DEPS/bin/lttng view &amp;&amp; $SS_TC_DEPS/bin/lttng destroy</script>
                </process>
            </post_processes>
            <scoring_formula default="GOOD-01-Default">
                <formula name="GOOD-01-Default">GOOD-01 AND NOT TIMEOUT AND NOT CONTROLLED_EXIT</formula>
            </scoring_formula>
            <output_checks>
                <compare_check check_type="CONTAINS" name="GOOD-01">
                    <actual output_type="STANDARD_OUT"></actual>
                    <expected encoding="STRING" type="USE_FILE_CONTENTS">good-01/output.txt</expected>
                </compare_check>
                <simple_check check_type="SPECIAL" encoding="STRING" name="TIMEOUT" type="USE_TEXT">DOES_NOT_RETURN</simple_check>
                <simple_check check_type="SPECIAL" encoding="STRING" name="CONTROLLED_EXIT" type="USE_TEXT">CONTROLLED_EXIT</simple_check>
            </output_checks>
        </iopair>
        <iopair name="J-C196A-JENA-09-ST02-DT02-DF12-CF19-01-GOOD-02" reset_scheme="NONE" timeout="300" type="GOOD">
            <description>Environment variable defining test value.
</description>
            <technical_impact>NONE</technical_impact>
            <pre_processes scheme="SEQUENCE">
                <process>
                    <script background="false" encoding="STRING" type="USE_TEXT">printf 'env IATROCHEMIST_GLYCYRRHIZA;\n' | tee nginx_conf_env.txt</script>
                </process>
                <process delay_after="0" delay_before="0">
                    <script background="false" encoding="STRING" type="USE_TEXT">cp &quot;$SS_TC_ROOT/testData/jena-log4j.properties&quot; &quot;$SS_TC_ROOT/$SS_TC_INSTALL/jena-log4j.properties&quot;</script>
                </process>
                <process>
                    <environment_variable encoding="STRING" key="IATROCHEMIST_GLYCYRRHIZA" type="USE_TEXT">$SS_TC_ROOT/testData/shaggedness_uranyl.bin</environment_variable>
                </process>
                <process>
                    <file encoding="STRING" path="$SS_TC_ROOT/testData/shaggedness_uranyl.bin" type="USE_TEXT">k</file>
                </process>
                <process>
                    <script background="false" encoding="STRING" type="USE_TEXT">mkdir $SS_TC_ROOT/logs/execute/lttng</script>
                </process>
                <process>
                    <environment_variable encoding="STRING" key="LTTNG_HOME" type="USE_TEXT">$SS_TC_ROOT/logs/execute/lttng</environment_variable>
                </process>
                <process>
                    <environment_variable encoding="STRING" key="SS_RUN_COMMAND_LD_PRELOAD" type="USE_TEXT">$SS_TC_DEPS/lib64/liblttng-stonesoup-java.so:$SS_TC_DEPS/lib64/liblttng-ust-fork.so</environment_variable>
                </process>
                <process>
                    <script background="false" encoding="STRING" type="USE_TEXT">mkdir -p $SS_TC_DEPS/var/run/lttng</script>
                </process>
                <process>
                    <script background="false" encoding="STRING" type="USE_TEXT">$SS_TC_DEPS/bin/lttng create &amp;&amp; $SS_TC_DEPS/bin/lttng enable-event -u -a &amp;&amp; $SS_TC_DEPS/bin/lttng start</script>
                </process>
                <process>
                    <script background="false" encoding="STRING" type="USE_TEXT">rm -rf $SS_TC_ROOT/lockDir</script>
                </process>
            </pre_processes>
            <run_command encoding="STRING" preprend_runcommand="true" type="USE_TEXT">arq.sparql --data=$SS_TC_ROOT/testData/good-02/vc-db-1.rdf --query=$SS_TC_ROOT/testData/good-02/q1.rq</run_command>
            <post_processes scheme="SEQUENCE">
                <process>
                    <script background="false" encoding="STRING" input_id="lttng_output_DospFEDib5" type="USE_TEXT">$SS_TC_DEPS/bin/lttng stop &amp;&amp; $SS_TC_DEPS/bin/lttng view &amp;&amp; $SS_TC_DEPS/bin/lttng destroy</script>
                </process>
            </post_processes>
            <scoring_formula default="GOOD-02-Default">
                <formula name="GOOD-02-Default">GOOD-02 AND NOT TIMEOUT AND NOT CONTROLLED_EXIT</formula>
            </scoring_formula>
            <output_checks>
                <compare_check check_type="CONTAINS" name="GOOD-02">
                    <actual output_type="STANDARD_OUT"></actual>
                    <expected encoding="STRING" type="USE_FILE_CONTENTS">good-02/output.txt</expected>
                </compare_check>
                <simple_check check_type="SPECIAL" encoding="STRING" name="TIMEOUT" type="USE_TEXT">DOES_NOT_RETURN</simple_check>
                <simple_check check_type="SPECIAL" encoding="STRING" name="CONTROLLED_EXIT" type="USE_TEXT">CONTROLLED_EXIT</simple_check>
            </output_checks>
        </iopair>
        <iopair name="J-C196A-JENA-09-ST02-DT02-DF12-CF19-01-GOOD-03" reset_scheme="NONE" timeout="300" type="GOOD">
            <description>Environment variable defining test value.
</description>
            <technical_impact>NONE</technical_impact>
            <pre_processes scheme="SEQUENCE">
                <process>
                    <script background="false" encoding="STRING" type="USE_TEXT">printf 'env IATROCHEMIST_GLYCYRRHIZA;\n' | tee nginx_conf_env.txt</script>
                </process>
                <process delay_after="0" delay_before="0">
                    <script background="false" encoding="STRING" type="USE_TEXT">cp &quot;$SS_TC_ROOT/testData/jena-log4j.properties&quot; &quot;$SS_TC_ROOT/$SS_TC_INSTALL/jena-log4j.properties&quot;</script>
                </process>
                <process>
                    <environment_variable encoding="STRING" key="IATROCHEMIST_GLYCYRRHIZA" type="USE_TEXT">$SS_TC_ROOT/testData/shaggedness_uranyl.bin</environment_variable>
                </process>
                <process>
                    <file encoding="STRING" path="$SS_TC_ROOT/testData/shaggedness_uranyl.bin" type="USE_TEXT">@</file>
                </process>
                <process>
                    <script background="false" encoding="STRING" type="USE_TEXT">mkdir $SS_TC_ROOT/logs/execute/lttng</script>
                </process>
                <process>
                    <environment_variable encoding="STRING" key="LTTNG_HOME" type="USE_TEXT">$SS_TC_ROOT/logs/execute/lttng</environment_variable>
                </process>
                <process>
                    <environment_variable encoding="STRING" key="SS_RUN_COMMAND_LD_PRELOAD" type="USE_TEXT">$SS_TC_DEPS/lib64/liblttng-stonesoup-java.so:$SS_TC_DEPS/lib64/liblttng-ust-fork.so</environment_variable>
                </process>
                <process>
                    <script background="false" encoding="STRING" type="USE_TEXT">mkdir -p $SS_TC_DEPS/var/run/lttng</script>
                </process>
                <process>
                    <script background="false" encoding="STRING" type="USE_TEXT">$SS_TC_DEPS/bin/lttng create &amp;&amp; $SS_TC_DEPS/bin/lttng enable-event -u -a &amp;&amp; $SS_TC_DEPS/bin/lttng start</script>
                </process>
                <process>
                    <script background="false" encoding="STRING" type="USE_TEXT">rm -rf $SS_TC_ROOT/lockDir</script>
                </process>
            </pre_processes>
            <run_command encoding="STRING" preprend_runcommand="true" type="USE_TEXT">arq.sparql --data=$SS_TC_ROOT/testData/good-03/vc-db-1.rdf --query=$SS_TC_ROOT/testData/good-03/q-bp1.rq</run_command>
            <post_processes scheme="SEQUENCE">
                <process>
                    <script background="false" encoding="STRING" input_id="lttng_output_WIqthFtG3r" type="USE_TEXT">$SS_TC_DEPS/bin/lttng stop &amp;&amp; $SS_TC_DEPS/bin/lttng view &amp;&amp; $SS_TC_DEPS/bin/lttng destroy</script>
                </process>
            </post_processes>
            <scoring_formula default="GOOD-03-Default">
                <formula name="GOOD-03-Default">GOOD-03 AND NOT TIMEOUT AND NOT CONTROLLED_EXIT</formula>
            </scoring_formula>
            <output_checks>
                <compare_check check_type="CONTAINS" name="GOOD-03">
                    <actual output_type="STANDARD_OUT"></actual>
                    <expected encoding="STRING" type="USE_FILE_CONTENTS">good-03/output.txt</expected>
                </compare_check>
                <simple_check check_type="SPECIAL" encoding="STRING" name="TIMEOUT" type="USE_TEXT">DOES_NOT_RETURN</simple_check>
                <simple_check check_type="SPECIAL" encoding="STRING" name="CONTROLLED_EXIT" type="USE_TEXT">CONTROLLED_EXIT</simple_check>
            </output_checks>
        </iopair>
        <iopair name="J-C196A-JENA-09-ST02-DT02-DF12-CF19-01-GOOD-04" reset_scheme="NONE" timeout="300" type="GOOD">
            <description>Environment variable defining test value.
</description>
            <technical_impact>NONE</technical_impact>
            <pre_processes scheme="SEQUENCE">
                <process>
                    <script background="false" encoding="STRING" type="USE_TEXT">printf 'env IATROCHEMIST_GLYCYRRHIZA;\n' | tee nginx_conf_env.txt</script>
                </process>
                <process delay_after="0" delay_before="0">
                    <script background="false" encoding="STRING" type="USE_TEXT">cp &quot;$SS_TC_ROOT/testData/jena-log4j.properties&quot; &quot;$SS_TC_ROOT/$SS_TC_INSTALL/jena-log4j.properties&quot;</script>
                </process>
                <process>
                    <environment_variable encoding="STRING" key="IATROCHEMIST_GLYCYRRHIZA" type="USE_TEXT">$SS_TC_ROOT/testData/shaggedness_uranyl.bin</environment_variable>
                </process>
                <process>
                    <file encoding="STRING" path="$SS_TC_ROOT/testData/shaggedness_uranyl.bin" type="USE_TEXT">g</file>
                </process>
                <process>
                    <script background="false" encoding="STRING" type="USE_TEXT">mkdir $SS_TC_ROOT/logs/execute/lttng</script>
                </process>
                <process>
                    <environment_variable encoding="STRING" key="LTTNG_HOME" type="USE_TEXT">$SS_TC_ROOT/logs/execute/lttng</environment_variable>
                </process>
                <process>
                    <environment_variable encoding="STRING" key="SS_RUN_COMMAND_LD_PRELOAD" type="USE_TEXT">$SS_TC_DEPS/lib64/liblttng-stonesoup-java.so:$SS_TC_DEPS/lib64/liblttng-ust-fork.so</environment_variable>
                </process>
                <process>
                    <script background="false" encoding="STRING" type="USE_TEXT">mkdir -p $SS_TC_DEPS/var/run/lttng</script>
                </process>
                <process>
                    <script background="false" encoding="STRING" type="USE_TEXT">$SS_TC_DEPS/bin/lttng create &amp;&amp; $SS_TC_DEPS/bin/lttng enable-event -u -a &amp;&amp; $SS_TC_DEPS/bin/lttng start</script>
                </process>
                <process>
                    <script background="false" encoding="STRING" type="USE_TEXT">rm -rf $SS_TC_ROOT/lockDir</script>
                </process>
            </pre_processes>
            <run_command encoding="STRING" preprend_runcommand="true" type="USE_TEXT">jena.rdfparse $SS_TC_ROOT/testData/good-04/example.xml</run_command>
            <post_processes scheme="SEQUENCE">
                <process>
                    <script background="false" encoding="STRING" input_id="lttng_output_Rb0jlHYEKp" type="USE_TEXT">$SS_TC_DEPS/bin/lttng stop &amp;&amp; $SS_TC_DEPS/bin/lttng view &amp;&amp; $SS_TC_DEPS/bin/lttng destroy</script>
                </process>
            </post_processes>
            <scoring_formula default="GOOD-04-Default">
                <formula name="GOOD-04-Default">GOOD-04 AND NOT TIMEOUT AND NOT CONTROLLED_EXIT</formula>
            </scoring_formula>
            <output_checks>
                <compare_check check_type="CONTAINS" name="GOOD-04">
                    <actual output_type="STANDARD_OUT"></actual>
                    <expected encoding="STRING" type="USE_FILE_CONTENTS">good-04/output.txt</expected>
                </compare_check>
                <simple_check check_type="SPECIAL" encoding="STRING" name="TIMEOUT" type="USE_TEXT">DOES_NOT_RETURN</simple_check>
                <simple_check check_type="SPECIAL" encoding="STRING" name="CONTROLLED_EXIT" type="USE_TEXT">CONTROLLED_EXIT</simple_check>
            </output_checks>
        </iopair>
        <iopair name="J-C196A-JENA-09-ST02-DT02-DF12-CF19-01-GOOD-05" reset_scheme="NONE" timeout="300" type="GOOD">
            <description>Environment variable defining test value.
</description>
            <technical_impact>NONE</technical_impact>
            <pre_processes scheme="SEQUENCE">
                <process>
                    <script background="false" encoding="STRING" type="USE_TEXT">printf 'env IATROCHEMIST_GLYCYRRHIZA;\n' | tee nginx_conf_env.txt</script>
                </process>
                <process delay_after="0" delay_before="0">
                    <script background="false" encoding="STRING" type="USE_TEXT">cp &quot;$SS_TC_ROOT/testData/jena-log4j.properties&quot; &quot;$SS_TC_ROOT/$SS_TC_INSTALL/jena-log4j.properties&quot;</script>
                </process>
                <process>
                    <environment_variable encoding="STRING" key="IATROCHEMIST_GLYCYRRHIZA" type="USE_TEXT">$SS_TC_ROOT/testData/shaggedness_uranyl.bin</environment_variable>
                </process>
                <process>
                    <file encoding="STRING" path="$SS_TC_ROOT/testData/shaggedness_uranyl.bin" type="USE_TEXT">k</file>
                </process>
                <process>
                    <script background="false" encoding="STRING" type="USE_TEXT">mkdir $SS_TC_ROOT/logs/execute/lttng</script>
                </process>
                <process>
                    <environment_variable encoding="STRING" key="LTTNG_HOME" type="USE_TEXT">$SS_TC_ROOT/logs/execute/lttng</environment_variable>
                </process>
                <process>
                    <environment_variable encoding="STRING" key="SS_RUN_COMMAND_LD_PRELOAD" type="USE_TEXT">$SS_TC_DEPS/lib64/liblttng-stonesoup-java.so:$SS_TC_DEPS/lib64/liblttng-ust-fork.so</environment_variable>
                </process>
                <process>
                    <script background="false" encoding="STRING" type="USE_TEXT">mkdir -p $SS_TC_DEPS/var/run/lttng</script>
                </process>
                <process>
                    <script background="false" encoding="STRING" type="USE_TEXT">$SS_TC_DEPS/bin/lttng create &amp;&amp; $SS_TC_DEPS/bin/lttng enable-event -u -a &amp;&amp; $SS_TC_DEPS/bin/lttng start</script>
                </process>
                <process>
                    <script background="false" encoding="STRING" type="USE_TEXT">rm -rf $SS_TC_ROOT/lockDir</script>
                </process>
            </pre_processes>
            <run_command encoding="STRING" preprend_runcommand="true" type="USE_TEXT">jena.rdfcat -x $SS_TC_ROOT/testData/good-05/example.xml $SS_TC_ROOT/testData/good-05/example2.xml</run_command>
            <post_processes scheme="SEQUENCE">
                <process>
                    <script background="false" encoding="STRING" input_id="lttng_output_EusVAsk4sn" type="USE_TEXT">$SS_TC_DEPS/bin/lttng stop &amp;&amp; $SS_TC_DEPS/bin/lttng view &amp;&amp; $SS_TC_DEPS/bin/lttng destroy</script>
                </process>
            </post_processes>
            <scoring_formula default="GOOD-05-Default">
                <formula name="GOOD-05-Default">GOOD-01 AND GOOD-02 AND GOOD-03 AND GOOD-04 AND GOOD-05 GOOD-06 AND GOOD-07 AND GOOD-08 AND GOOD-09 AND GOOD-10 AND NOT TIMEOUT AND NOT CONTROLLED_EXIT</formula>
            </scoring_formula>
            <output_checks>
                <compare_check check_type="CONTAINS" name="GOOD-01">
                    <actual output_type="STANDARD_OUT"></actual>
                    <expected encoding="STRING" type="USE_TEXT">&lt;rdf:Description rdf:about=&quot;http://somewhere/RebeccaSmith/&quot;&gt;</expected>
                </compare_check>
                <compare_check check_type="CONTAINS" name="GOOD-02">
                    <actual output_type="STANDARD_OUT"></actual>
                    <expected encoding="STRING" type="USE_TEXT">&lt;vcard:N rdf:parseType=&quot;Resource&quot;&gt;</expected>
                </compare_check>
                <compare_check check_type="CONTAINS" name="GOOD-03">
                    <actual output_type="STANDARD_OUT"></actual>
                    <expected encoding="STRING" type="USE_TEXT">&lt;vcard:Family&gt;Smith&lt;/vcard:Family&gt;</expected>
                </compare_check>
                <compare_check check_type="CONTAINS" name="GOOD-04">
                    <actual output_type="STANDARD_OUT"></actual>
                    <expected encoding="STRING" type="USE_TEXT">&lt;vcard:Given&gt;Rebecca&lt;/vcard:Given&gt;</expected>
                </compare_check>
                <compare_check check_type="CONTAINS" name="GOOD-05">
                    <actual output_type="STANDARD_OUT"></actual>
                    <expected encoding="STRING" type="USE_TEXT">&lt;/vcard:N&gt;</expected>
                </compare_check>
                <compare_check check_type="CONTAINS" name="GOOD-06">
                    <actual output_type="STANDARD_OUT"></actual>
                    <expected encoding="STRING" type="USE_TEXT">&lt;vcard:FN&gt;Becky Smith&lt;/vcard:FN&gt;</expected>
                </compare_check>
                <compare_check check_type="CONTAINS" name="GOOD-07">
                    <actual output_type="STANDARD_OUT"></actual>
                    <expected encoding="STRING" type="USE_TEXT">&lt;vcard:N rdf:parseType=&quot;Resource&quot;&gt;</expected>
                </compare_check>
                <compare_check check_type="CONTAINS" name="GOOD-08">
                    <actual output_type="STANDARD_OUT"></actual>
                    <expected encoding="STRING" type="USE_TEXT">&lt;vcard:Family&gt;Smith&lt;/vcard:Family&gt;</expected>
                </compare_check>
                <compare_check check_type="CONTAINS" name="GOOD-09">
                    <actual output_type="STANDARD_OUT"></actual>
                    <expected encoding="STRING" type="USE_TEXT">&lt;vcard:Given&gt;Rebecca&lt;/vcard:Given&gt;</expected>
                </compare_check>
                <compare_check check_type="CONTAINS" name="GOOD-10">
                    <actual output_type="STANDARD_OUT"></actual>
                    <expected encoding="STRING" type="USE_TEXT">&lt;/rdf:Description&gt;</expected>
                </compare_check>
                <simple_check check_type="SPECIAL" encoding="STRING" name="TIMEOUT" type="USE_TEXT">DOES_NOT_RETURN</simple_check>
                <simple_check check_type="SPECIAL" encoding="STRING" name="CONTROLLED_EXIT" type="USE_TEXT">CONTROLLED_EXIT</simple_check>
            </output_checks>
        </iopair>
        <iopair name="J-C196A-JENA-09-ST02-DT02-DF12-CF19-01-GOOD-06" reset_scheme="NONE" timeout="300" type="GOOD">
            <description>Environment variable defining test value.
</description>
            <technical_impact>NONE</technical_impact>
            <pre_processes scheme="SEQUENCE">
                <process>
                    <script background="false" encoding="STRING" type="USE_TEXT">printf 'env IATROCHEMIST_GLYCYRRHIZA;\n' | tee nginx_conf_env.txt</script>
                </process>
                <process delay_after="0" delay_before="0">
                    <script background="false" encoding="STRING" type="USE_TEXT">cp &quot;$SS_TC_ROOT/testData/jena-log4j.properties&quot; &quot;$SS_TC_ROOT/$SS_TC_INSTALL/jena-log4j.properties&quot;</script>
                </process>
                <process>
                    <environment_variable encoding="STRING" key="IATROCHEMIST_GLYCYRRHIZA" type="USE_TEXT">$SS_TC_ROOT/testData/shaggedness_uranyl.bin</environment_variable>
                </process>
                <process>
                    <file encoding="STRING" path="$SS_TC_ROOT/testData/shaggedness_uranyl.bin" type="USE_TEXT">@</file>
                </process>
                <process>
                    <script background="false" encoding="STRING" type="USE_TEXT">mkdir $SS_TC_ROOT/logs/execute/lttng</script>
                </process>
                <process>
                    <environment_variable encoding="STRING" key="LTTNG_HOME" type="USE_TEXT">$SS_TC_ROOT/logs/execute/lttng</environment_variable>
                </process>
                <process>
                    <environment_variable encoding="STRING" key="SS_RUN_COMMAND_LD_PRELOAD" type="USE_TEXT">$SS_TC_DEPS/lib64/liblttng-stonesoup-java.so:$SS_TC_DEPS/lib64/liblttng-ust-fork.so</environment_variable>
                </process>
                <process>
                    <script background="false" encoding="STRING" type="USE_TEXT">mkdir -p $SS_TC_DEPS/var/run/lttng</script>
                </process>
                <process>
                    <script background="false" encoding="STRING" type="USE_TEXT">$SS_TC_DEPS/bin/lttng create &amp;&amp; $SS_TC_DEPS/bin/lttng enable-event -u -a &amp;&amp; $SS_TC_DEPS/bin/lttng start</script>
                </process>
                <process>
                    <script background="false" encoding="STRING" type="USE_TEXT">rm -rf $SS_TC_ROOT/lockDir</script>
                </process>
            </pre_processes>
            <run_command encoding="STRING" preprend_runcommand="true" type="USE_TEXT">jena.turtle --check --strict good-06/example1.ttl</run_command>
            <post_processes scheme="SEQUENCE">
                <process>
                    <script background="false" encoding="STRING" input_id="lttng_output_I0jMnVoxUZ" type="USE_TEXT">$SS_TC_DEPS/bin/lttng stop &amp;&amp; $SS_TC_DEPS/bin/lttng view &amp;&amp; $SS_TC_DEPS/bin/lttng destroy</script>
                </process>
            </post_processes>
            <scoring_formula default="GOOD-06-Default">
                <formula name="GOOD-06-Default">GOOD-06-01 AND GOOD-06-02 AND GOOD-06-03 AND GOOD-06-04 AND NOT TIMEOUT AND NOT CONTROLLED_EXIT</formula>
            </scoring_formula>
            <output_checks>
                <compare_check check_type="CONTAINS" name="GOOD-06-01">
                    <actual output_type="STANDARD_OUT"></actual>
                    <expected encoding="STRING" type="USE_FILE_CONTENTS">good-06/output1.txt</expected>
                </compare_check>
                <compare_check check_type="CONTAINS" name="GOOD-06-02">
                    <actual output_type="STANDARD_OUT"></actual>
                    <expected encoding="STRING" type="USE_FILE_CONTENTS">good-06/output2.txt</expected>
                </compare_check>
                <compare_check check_type="CONTAINS" name="GOOD-06-03">
                    <actual output_type="STANDARD_OUT"></actual>
                    <expected encoding="STRING" type="USE_FILE_CONTENTS">good-06/output3.txt</expected>
                </compare_check>
                <compare_check check_type="CONTAINS" name="GOOD-06-04">
                    <actual output_type="STANDARD_OUT"></actual>
                    <expected encoding="STRING" type="USE_FILE_CONTENTS">good-06/output4.txt</expected>
                </compare_check>
                <simple_check check_type="SPECIAL" encoding="STRING" name="TIMEOUT" type="USE_TEXT">DOES_NOT_RETURN</simple_check>
                <simple_check check_type="SPECIAL" encoding="STRING" name="CONTROLLED_EXIT" type="USE_TEXT">CONTROLLED_EXIT</simple_check>
            </output_checks>
        </iopair>
        <iopair name="J-C196A-JENA-09-ST02-DT02-DF12-CF19-01-GOOD-07" reset_scheme="NONE" timeout="300" type="GOOD">
            <description>Environment variable defining test value.
</description>
            <technical_impact>NONE</technical_impact>
            <pre_processes scheme="SEQUENCE">
                <process>
                    <script background="false" encoding="STRING" type="USE_TEXT">printf 'env IATROCHEMIST_GLYCYRRHIZA;\n' | tee nginx_conf_env.txt</script>
                </process>
                <process delay_after="0" delay_before="0">
                    <script background="false" encoding="STRING" type="USE_TEXT">cp &quot;$SS_TC_ROOT/testData/jena-log4j.properties&quot; &quot;$SS_TC_ROOT/$SS_TC_INSTALL/jena-log4j.properties&quot;</script>
                </process>
                <process>
                    <environment_variable encoding="STRING" key="IATROCHEMIST_GLYCYRRHIZA" type="USE_TEXT">$SS_TC_ROOT/testData/shaggedness_uranyl.bin</environment_variable>
                </process>
                <process>
                    <file encoding="STRING" path="$SS_TC_ROOT/testData/shaggedness_uranyl.bin" type="USE_TEXT">g</file>
                </process>
                <process>
                    <script background="false" encoding="STRING" type="USE_TEXT">mkdir $SS_TC_ROOT/logs/execute/lttng</script>
                </process>
                <process>
                    <environment_variable encoding="STRING" key="LTTNG_HOME" type="USE_TEXT">$SS_TC_ROOT/logs/execute/lttng</environment_variable>
                </process>
                <process>
                    <environment_variable encoding="STRING" key="SS_RUN_COMMAND_LD_PRELOAD" type="USE_TEXT">$SS_TC_DEPS/lib64/liblttng-stonesoup-java.so:$SS_TC_DEPS/lib64/liblttng-ust-fork.so</environment_variable>
                </process>
                <process>
                    <script background="false" encoding="STRING" type="USE_TEXT">mkdir -p $SS_TC_DEPS/var/run/lttng</script>
                </process>
                <process>
                    <script background="false" encoding="STRING" type="USE_TEXT">$SS_TC_DEPS/bin/lttng create &amp;&amp; $SS_TC_DEPS/bin/lttng enable-event -u -a &amp;&amp; $SS_TC_DEPS/bin/lttng start</script>
                </process>
                <process>
                    <script background="false" encoding="STRING" type="USE_TEXT">rm -rf $SS_TC_ROOT/lockDir</script>
                </process>
            </pre_processes>
            <run_command encoding="STRING" preprend_runcommand="true" type="USE_TEXT">jena.schemagen --includeSource --noheader -i good-07/example1.ttl </run_command>
            <post_processes scheme="SEQUENCE">
                <process>
                    <script background="false" encoding="STRING" input_id="lttng_output_kifINNnbQr" type="USE_TEXT">$SS_TC_DEPS/bin/lttng stop &amp;&amp; $SS_TC_DEPS/bin/lttng view &amp;&amp; $SS_TC_DEPS/bin/lttng destroy</script>
                </process>
            </post_processes>
            <scoring_formula default="GOOD-07-Default">
                <formula name="GOOD-07-Default">GOOD-07 AND NOT TIMEOUT AND NOT CONTROLLED_EXIT</formula>
            </scoring_formula>
            <output_checks>
                <compare_check check_type="CONTAINS" name="GOOD-07">
                    <actual output_type="STANDARD_OUT"></actual>
                    <expected encoding="STRING" type="USE_FILE_CONTENTS">good-07/output.txt</expected>
                </compare_check>
                <simple_check check_type="SPECIAL" encoding="STRING" name="TIMEOUT" type="USE_TEXT">DOES_NOT_RETURN</simple_check>
                <simple_check check_type="SPECIAL" encoding="STRING" name="CONTROLLED_EXIT" type="USE_TEXT">CONTROLLED_EXIT</simple_check>
            </output_checks>
        </iopair>
        <iopair name="J-C196A-JENA-09-ST02-DT02-DF12-CF19-01-GOOD-08" reset_scheme="NONE" timeout="300" type="GOOD">
            <description>Environment variable defining test value.
</description>
            <technical_impact>NONE</technical_impact>
            <pre_processes scheme="SEQUENCE">
                <process>
                    <script background="false" encoding="STRING" type="USE_TEXT">printf 'env IATROCHEMIST_GLYCYRRHIZA;\n' | tee nginx_conf_env.txt</script>
                </process>
                <process delay_after="0" delay_before="0">
                    <script background="false" encoding="STRING" type="USE_TEXT">cp &quot;$SS_TC_ROOT/testData/jena-log4j.properties&quot; &quot;$SS_TC_ROOT/$SS_TC_INSTALL/jena-log4j.properties&quot;</script>
                </process>
                <process>
                    <environment_variable encoding="STRING" key="IATROCHEMIST_GLYCYRRHIZA" type="USE_TEXT">$SS_TC_ROOT/testData/shaggedness_uranyl.bin</environment_variable>
                </process>
                <process>
                    <file encoding="STRING" path="$SS_TC_ROOT/testData/shaggedness_uranyl.bin" type="USE_TEXT">k</file>
                </process>
                <process>
                    <script background="false" encoding="STRING" type="USE_TEXT">mkdir $SS_TC_ROOT/logs/execute/lttng</script>
                </process>
                <process>
                    <environment_variable encoding="STRING" key="LTTNG_HOME" type="USE_TEXT">$SS_TC_ROOT/logs/execute/lttng</environment_variable>
                </process>
                <process>
                    <environment_variable encoding="STRING" key="SS_RUN_COMMAND_LD_PRELOAD" type="USE_TEXT">$SS_TC_DEPS/lib64/liblttng-stonesoup-java.so:$SS_TC_DEPS/lib64/liblttng-ust-fork.so</environment_variable>
                </process>
                <process>
                    <script background="false" encoding="STRING" type="USE_TEXT">mkdir -p $SS_TC_DEPS/var/run/lttng</script>
                </process>
                <process>
                    <script background="false" encoding="STRING" type="USE_TEXT">$SS_TC_DEPS/bin/lttng create &amp;&amp; $SS_TC_DEPS/bin/lttng enable-event -u -a &amp;&amp; $SS_TC_DEPS/bin/lttng start</script>
                </process>
                <process>
                    <script background="false" encoding="STRING" type="USE_TEXT">rm -rf $SS_TC_ROOT/lockDir</script>
                </process>
            </pre_processes>
            <run_command encoding="STRING" preprend_runcommand="true" type="USE_TEXT">arq.rset --in XML --results text --file $SS_TC_ROOT/testData/good-08/results.xml</run_command>
            <post_processes scheme="SEQUENCE">
                <process>
                    <script background="false" encoding="STRING" input_id="lttng_output_ntpg26Cnym" type="USE_TEXT">$SS_TC_DEPS/bin/lttng stop &amp;&amp; $SS_TC_DEPS/bin/lttng view &amp;&amp; $SS_TC_DEPS/bin/lttng destroy</script>
                </process>
            </post_processes>
            <scoring_formula default="GOOD-08-Default">
                <formula name="GOOD-08-Default">GOOD-08 AND NOT TIMEOUT AND NOT CONTROLLED_EXIT</formula>
            </scoring_formula>
            <output_checks>
                <compare_check check_type="CONTAINS" name="GOOD-08">
                    <actual output_type="STANDARD_OUT"></actual>
                    <expected encoding="STRING" type="USE_FILE_CONTENTS">good-08/output.txt</expected>
                </compare_check>
                <simple_check check_type="SPECIAL" encoding="STRING" name="TIMEOUT" type="USE_TEXT">DOES_NOT_RETURN</simple_check>
                <simple_check check_type="SPECIAL" encoding="STRING" name="CONTROLLED_EXIT" type="USE_TEXT">CONTROLLED_EXIT</simple_check>
            </output_checks>
        </iopair>
        <iopair name="J-C196A-JENA-09-ST02-DT02-DF12-CF19-01-GOOD-09" reset_scheme="NONE" timeout="300" type="GOOD">
            <description>Environment variable defining test value.
</description>
            <technical_impact>NONE</technical_impact>
            <pre_processes scheme="SEQUENCE">
                <process>
                    <script background="false" encoding="STRING" type="USE_TEXT">printf 'env IATROCHEMIST_GLYCYRRHIZA;\n' | tee nginx_conf_env.txt</script>
                </process>
                <process delay_after="0" delay_before="0">
                    <script background="false" encoding="STRING" type="USE_TEXT">cp &quot;$SS_TC_ROOT/testData/jena-log4j.properties&quot; &quot;$SS_TC_ROOT/$SS_TC_INSTALL/jena-log4j.properties&quot;</script>
                </process>
                <process>
                    <environment_variable encoding="STRING" key="IATROCHEMIST_GLYCYRRHIZA" type="USE_TEXT">$SS_TC_ROOT/testData/shaggedness_uranyl.bin</environment_variable>
                </process>
                <process>
                    <file encoding="STRING" path="$SS_TC_ROOT/testData/shaggedness_uranyl.bin" type="USE_TEXT">@</file>
                </process>
                <process>
                    <script background="false" encoding="STRING" type="USE_TEXT">mkdir $SS_TC_ROOT/logs/execute/lttng</script>
                </process>
                <process>
                    <environment_variable encoding="STRING" key="LTTNG_HOME" type="USE_TEXT">$SS_TC_ROOT/logs/execute/lttng</environment_variable>
                </process>
                <process>
                    <environment_variable encoding="STRING" key="SS_RUN_COMMAND_LD_PRELOAD" type="USE_TEXT">$SS_TC_DEPS/lib64/liblttng-stonesoup-java.so:$SS_TC_DEPS/lib64/liblttng-ust-fork.so</environment_variable>
                </process>
                <process>
                    <script background="false" encoding="STRING" type="USE_TEXT">mkdir -p $SS_TC_DEPS/var/run/lttng</script>
                </process>
                <process>
                    <script background="false" encoding="STRING" type="USE_TEXT">$SS_TC_DEPS/bin/lttng create &amp;&amp; $SS_TC_DEPS/bin/lttng enable-event -u -a &amp;&amp; $SS_TC_DEPS/bin/lttng start</script>
                </process>
                <process>
                    <script background="false" encoding="STRING" type="USE_TEXT">rm -rf $SS_TC_ROOT/lockDir</script>
                </process>
            </pre_processes>
            <run_command encoding="STRING" preprend_runcommand="true" type="USE_TEXT">jena.rdfcopy good-09/example1.ttl TURTLE RDF/XML</run_command>
            <post_processes scheme="SEQUENCE">
                <process>
                    <script background="false" encoding="STRING" input_id="lttng_output_Kg4Y7YU0Yb" type="USE_TEXT">$SS_TC_DEPS/bin/lttng stop &amp;&amp; $SS_TC_DEPS/bin/lttng view &amp;&amp; $SS_TC_DEPS/bin/lttng destroy</script>
                </process>
            </post_processes>
            <scoring_formula default="GOOD-09-Default">
                <formula name="GOOD-09-Default">GOOD-09-01 AND GOOD-09-02 AND GOOD-09-03 AND GOOD-09-04 AND NOT TIMEOUT AND NOT CONTROLLED_EXIT</formula>
            </scoring_formula>
            <output_checks>
                <compare_check check_type="CONTAINS" name="GOOD-09-01">
                    <actual output_type="STANDARD_OUT"></actual>
                    <expected encoding="STRING" type="USE_FILE_CONTENTS">good-09/output1.txt</expected>
                </compare_check>
                <compare_check check_type="CONTAINS" name="GOOD-09-02">
                    <actual output_type="STANDARD_OUT"></actual>
                    <expected encoding="STRING" type="USE_FILE_CONTENTS">good-09/output2.txt</expected>
                </compare_check>
                <compare_check check_type="CONTAINS" name="GOOD-09-03">
                    <actual output_type="STANDARD_OUT"></actual>
                    <expected encoding="STRING" type="USE_FILE_CONTENTS">good-09/output3.txt</expected>
                </compare_check>
                <compare_check check_type="CONTAINS" name="GOOD-09-04">
                    <actual output_type="STANDARD_OUT"></actual>
                    <expected encoding="STRING" type="USE_FILE_CONTENTS">good-09/output4.txt</expected>
                </compare_check>
                <simple_check check_type="SPECIAL" encoding="STRING" name="TIMEOUT" type="USE_TEXT">DOES_NOT_RETURN</simple_check>
                <simple_check check_type="SPECIAL" encoding="STRING" name="CONTROLLED_EXIT" type="USE_TEXT">CONTROLLED_EXIT</simple_check>
            </output_checks>
        </iopair>
        <iopair name="J-C196A-JENA-09-ST02-DT02-DF12-CF19-01-GOOD-10" reset_scheme="NONE" timeout="300" type="GOOD">
            <description>Environment variable defining test value.
</description>
            <technical_impact>NONE</technical_impact>
            <pre_processes scheme="SEQUENCE">
                <process>
                    <script background="false" encoding="STRING" type="USE_TEXT">printf 'env IATROCHEMIST_GLYCYRRHIZA;\n' | tee nginx_conf_env.txt</script>
                </process>
                <process delay_after="0" delay_before="0">
                    <script background="false" encoding="STRING" type="USE_TEXT">cp &quot;$SS_TC_ROOT/testData/jena-log4j.properties&quot; &quot;$SS_TC_ROOT/$SS_TC_INSTALL/jena-log4j.properties&quot;</script>
                </process>
                <process>
                    <environment_variable encoding="STRING" key="IATROCHEMIST_GLYCYRRHIZA" type="USE_TEXT">$SS_TC_ROOT/testData/shaggedness_uranyl.bin</environment_variable>
                </process>
                <process>
                    <file encoding="STRING" path="$SS_TC_ROOT/testData/shaggedness_uranyl.bin" type="USE_TEXT">g</file>
                </process>
                <process>
                    <script background="false" encoding="STRING" type="USE_TEXT">mkdir $SS_TC_ROOT/logs/execute/lttng</script>
                </process>
                <process>
                    <environment_variable encoding="STRING" key="LTTNG_HOME" type="USE_TEXT">$SS_TC_ROOT/logs/execute/lttng</environment_variable>
                </process>
                <process>
                    <environment_variable encoding="STRING" key="SS_RUN_COMMAND_LD_PRELOAD" type="USE_TEXT">$SS_TC_DEPS/lib64/liblttng-stonesoup-java.so:$SS_TC_DEPS/lib64/liblttng-ust-fork.so</environment_variable>
                </process>
                <process>
                    <script background="false" encoding="STRING" type="USE_TEXT">mkdir -p $SS_TC_DEPS/var/run/lttng</script>
                </process>
                <process>
                    <script background="false" encoding="STRING" type="USE_TEXT">$SS_TC_DEPS/bin/lttng create &amp;&amp; $SS_TC_DEPS/bin/lttng enable-event -u -a &amp;&amp; $SS_TC_DEPS/bin/lttng start</script>
                </process>
                <process>
                    <script background="false" encoding="STRING" type="USE_TEXT">rm -rf $SS_TC_ROOT/lockDir</script>
                </process>
            </pre_processes>
            <run_command encoding="STRING" preprend_runcommand="true" type="USE_TEXT">arq.qexpr '5 != 20'</run_command>
            <post_processes scheme="SEQUENCE">
                <process>
                    <script background="false" encoding="STRING" input_id="lttng_output_EEjOhujFuK" type="USE_TEXT">$SS_TC_DEPS/bin/lttng stop &amp;&amp; $SS_TC_DEPS/bin/lttng view &amp;&amp; $SS_TC_DEPS/bin/lttng destroy</script>
                </process>
            </post_processes>
            <scoring_formula default="GOOD-10-Default">
                <formula name="GOOD-10-Default">GOOD-10 AND NOT TIMEOUT AND NOT CONTROLLED_EXIT</formula>
            </scoring_formula>
            <output_checks>
                <compare_check check_type="CONTAINS" name="GOOD-10">
                    <actual output_type="STANDARD_OUT"></actual>
                    <expected encoding="STRING" type="USE_FILE_CONTENTS">good-10/output.txt</expected>
                </compare_check>
                <simple_check check_type="SPECIAL" encoding="STRING" name="TIMEOUT" type="USE_TEXT">DOES_NOT_RETURN</simple_check>
                <simple_check check_type="SPECIAL" encoding="STRING" name="CONTROLLED_EXIT" type="USE_TEXT">CONTROLLED_EXIT</simple_check>
            </output_checks>
        </iopair>
        <iopair name="J-C196A-JENA-09-ST02-DT02-DF12-CF19-01-BAD-01" reset_scheme="NONE" timeout="300" type="BAD">
            <description>Environment variable defining test value.
</description>
            <technical_impact>DOS_UNCONTROLLED_EXIT</technical_impact>
            <pre_processes scheme="SEQUENCE">
                <process>
                    <script background="false" encoding="STRING" type="USE_TEXT">printf 'env IATROCHEMIST_GLYCYRRHIZA;\n' | tee nginx_conf_env.txt</script>
                </process>
                <process delay_after="0" delay_before="0">
                    <script background="false" encoding="STRING" type="USE_TEXT">cp &quot;$SS_TC_ROOT/testData/jena-log4j.properties&quot; &quot;$SS_TC_ROOT/$SS_TC_INSTALL/jena-log4j.properties&quot;</script>
                </process>
                <process>
                    <environment_variable encoding="STRING" key="IATROCHEMIST_GLYCYRRHIZA" type="USE_TEXT">$SS_TC_ROOT/testData/shaggedness_uranyl.bin</environment_variable>
                </process>
                <process>
                    <file encoding="BASE64" path="$SS_TC_ROOT/testData/shaggedness_uranyl.bin" type="USE_TEXT">wqY=</file>
                </process>
                <process>
                    <script background="false" encoding="STRING" type="USE_TEXT">mkdir $SS_TC_ROOT/logs/execute/lttng</script>
                </process>
                <process>
                    <environment_variable encoding="STRING" key="LTTNG_HOME" type="USE_TEXT">$SS_TC_ROOT/logs/execute/lttng</environment_variable>
                </process>
                <process>
                    <environment_variable encoding="STRING" key="SS_RUN_COMMAND_LD_PRELOAD" type="USE_TEXT">$SS_TC_DEPS/lib64/liblttng-stonesoup-java.so:$SS_TC_DEPS/lib64/liblttng-ust-fork.so</environment_variable>
                </process>
                <process>
                    <script background="false" encoding="STRING" type="USE_TEXT">mkdir -p $SS_TC_DEPS/var/run/lttng</script>
                </process>
                <process>
                    <script background="false" encoding="STRING" type="USE_TEXT">$SS_TC_DEPS/bin/lttng create &amp;&amp; $SS_TC_DEPS/bin/lttng enable-event -u -a &amp;&amp; $SS_TC_DEPS/bin/lttng start</script>
                </process>
                <process>
                    <script background="false" encoding="STRING" type="USE_TEXT">rm -rf $SS_TC_ROOT/lockDir</script>
                </process>
            </pre_processes>
            <run_command encoding="STRING" preprend_runcommand="true" type="USE_TEXT">jena.rdfcat -x $SS_TC_ROOT/testData/good-05/example.xml $SS_TC_ROOT/testData/good-05/example2.xml</run_command>
            <post_processes scheme="SEQUENCE">
                <process>
                    <script background="false" encoding="STRING" input_id="lttng_output_rwhJjRFTvXXlLVhHA4hN" type="USE_TEXT">$SS_TC_DEPS/bin/lttng stop &amp;&amp; $SS_TC_DEPS/bin/lttng view &amp;&amp; $SS_TC_DEPS/bin/lttng destroy</script>
                </process>
            </post_processes>
            <scoring_formula default="crash_formula_m8GJ6oejy1">
                <formula name="crash_formula_m8GJ6oejy1">weakness_started_4FeoEstMXgUPPl2Us71M AND ((NOT PERFORMER AND (runtime_exception_SVgURDdx7P) AND NOT timeout_9E4egXjGYk) or (PERFORMER AND NOT ((runtime_exception_SVgURDdx7P) OR timeout_9E4egXjGYk)))</formula>
                <formula name="no_weakness_started_formula_b0DwvwLGox">(NOT PERFORMER AND (runtime_exception_SVgURDdx7P) AND NOT timeout_9E4egXjGYk) or (PERFORMER AND NOT ((runtime_exception_SVgURDdx7P) OR timeout_9E4egXjGYk))</formula>
            </scoring_formula>
            <output_checks>
                <simple_check check_type="SPECIAL" encoding="STRING" name="timeout_9E4egXjGYk" type="USE_TEXT">DOES_NOT_RETURN</simple_check>
                <simple_check check_type="SPECIAL" encoding="STRING" name="controlled_exit_FlrsLLlhzo" type="USE_TEXT">CONTROLLED_EXIT</simple_check>
                <simple_check check_type="SPECIAL" encoding="STRING" name="continued_execution_CMLw5LoBs0" type="USE_TEXT">CONTINUED_EXECUTION</simple_check>
                <compare_check check_type="CONTAINS" name="runtime_exception_SVgURDdx7P">
                    <actual encoding="STRING" output_type="FILE_CONTENTS">logfile.txt</actual>
                    <expected encoding="STRING" type="USE_TEXT">java.lang.NegativeArraySizeException</expected>
                </compare_check>
                <compare_check check_type="CONTAINS" name="weakness_started_4FeoEstMXgUPPl2Us71M">
                    <actual encoding="STRING" input_id_ref="lttng_output_rwhJjRFTvXXlLVhHA4hN" output_type="STANDARD_OUT">None</actual>
                    <expected encoding="STRING" type="USE_TEXT">stonesoup_trace:weakness_start</expected>
                </compare_check>
            </output_checks>
        </iopair>
        <iopair name="J-C196A-JENA-09-ST02-DT02-DF12-CF19-01-BAD-02" reset_scheme="NONE" timeout="300" type="BAD">
            <description>Environment variable defining test value.
</description>
            <technical_impact>DOS_UNCONTROLLED_EXIT</technical_impact>
            <pre_processes scheme="SEQUENCE">
                <process>
                    <script background="false" encoding="STRING" type="USE_TEXT">printf 'env IATROCHEMIST_GLYCYRRHIZA;\n' | tee nginx_conf_env.txt</script>
                </process>
                <process delay_after="0" delay_before="0">
                    <script background="false" encoding="STRING" type="USE_TEXT">cp &quot;$SS_TC_ROOT/testData/jena-log4j.properties&quot; &quot;$SS_TC_ROOT/$SS_TC_INSTALL/jena-log4j.properties&quot;</script>
                </process>
                <process>
                    <environment_variable encoding="STRING" key="IATROCHEMIST_GLYCYRRHIZA" type="USE_TEXT">$SS_TC_ROOT/testData/shaggedness_uranyl.bin</environment_variable>
                </process>
                <process>
                    <file encoding="BASE64" path="$SS_TC_ROOT/testData/shaggedness_uranyl.bin" type="USE_TEXT">w78=</file>
                </process>
                <process>
                    <script background="false" encoding="STRING" type="USE_TEXT">mkdir $SS_TC_ROOT/logs/execute/lttng</script>
                </process>
                <process>
                    <environment_variable encoding="STRING" key="LTTNG_HOME" type="USE_TEXT">$SS_TC_ROOT/logs/execute/lttng</environment_variable>
                </process>
                <process>
                    <environment_variable encoding="STRING" key="SS_RUN_COMMAND_LD_PRELOAD" type="USE_TEXT">$SS_TC_DEPS/lib64/liblttng-stonesoup-java.so:$SS_TC_DEPS/lib64/liblttng-ust-fork.so</environment_variable>
                </process>
                <process>
                    <script background="false" encoding="STRING" type="USE_TEXT">mkdir -p $SS_TC_DEPS/var/run/lttng</script>
                </process>
                <process>
                    <script background="false" encoding="STRING" type="USE_TEXT">$SS_TC_DEPS/bin/lttng create &amp;&amp; $SS_TC_DEPS/bin/lttng enable-event -u -a &amp;&amp; $SS_TC_DEPS/bin/lttng start</script>
                </process>
                <process>
                    <script background="false" encoding="STRING" type="USE_TEXT">rm -rf $SS_TC_ROOT/lockDir</script>
                </process>
            </pre_processes>
            <run_command encoding="STRING" preprend_runcommand="true" type="USE_TEXT">jena.rdfcopy good-09/example1.ttl TURTLE RDF/XML</run_command>
            <post_processes scheme="SEQUENCE">
                <process>
                    <script background="false" encoding="STRING" input_id="lttng_output_kUWMG2aSvV29DHHPFhe8" type="USE_TEXT">$SS_TC_DEPS/bin/lttng stop &amp;&amp; $SS_TC_DEPS/bin/lttng view &amp;&amp; $SS_TC_DEPS/bin/lttng destroy</script>
                </process>
            </post_processes>
            <scoring_formula default="crash_formula_k01EQVc3Bn">
                <formula name="crash_formula_k01EQVc3Bn">weakness_started_0gdM9wCub3pWab2GQ82L AND ((NOT PERFORMER AND (runtime_exception_tZvJ0biUIc) AND NOT timeout_af5pVud8dY) or (PERFORMER AND NOT ((runtime_exception_tZvJ0biUIc) OR timeout_af5pVud8dY)))</formula>
                <formula name="no_weakness_started_formula_D0Ec2qSaQH">(NOT PERFORMER AND (runtime_exception_tZvJ0biUIc) AND NOT timeout_af5pVud8dY) or (PERFORMER AND NOT ((runtime_exception_tZvJ0biUIc) OR timeout_af5pVud8dY))</formula>
            </scoring_formula>
            <output_checks>
                <simple_check check_type="SPECIAL" encoding="STRING" name="timeout_af5pVud8dY" type="USE_TEXT">DOES_NOT_RETURN</simple_check>
                <simple_check check_type="SPECIAL" encoding="STRING" name="controlled_exit_w3NcsnLjrt" type="USE_TEXT">CONTROLLED_EXIT</simple_check>
                <simple_check check_type="SPECIAL" encoding="STRING" name="continued_execution_mIdyf2aVG0" type="USE_TEXT">CONTINUED_EXECUTION</simple_check>
                <compare_check check_type="CONTAINS" name="runtime_exception_tZvJ0biUIc">
                    <actual encoding="STRING" output_type="FILE_CONTENTS">logfile.txt</actual>
                    <expected encoding="STRING" type="USE_TEXT">java.lang.NegativeArraySizeException</expected>
                </compare_check>
                <compare_check check_type="CONTAINS" name="weakness_started_0gdM9wCub3pWab2GQ82L">
                    <actual encoding="STRING" input_id_ref="lttng_output_kUWMG2aSvV29DHHPFhe8" output_type="STANDARD_OUT">None</actual>
                    <expected encoding="STRING" type="USE_TEXT">stonesoup_trace:weakness_start</expected>
                </compare_check>
            </output_checks>
        </iopair>
    </iopairs>
</project>
