<?xml version="1.0" encoding="utf-8"?>
<project base_program="C-SUBV" language="C" name="C-C078A-SUBV-05-ST03-DT06-DF16-CF19-01" targeted_architecture="ANY" targeted_os="LINUX" test_case_type="ALL" xmlns="urn:stonesoup:project">
    <description>Creating test case using base program.
Added a Socket Server to accept communication from untrusted source.
Completed injection.
</description>
    <additional_information>
        <keyvalue key="kill_command">TRUE</keyvalue>
        <keyvalue key="algorithmic_variant_name">UNSPECIFIED</keyvalue>
        <keyvalue key="root_cause">UNSPECIFIED</keyvalue>
    </additional_information>
    <structure install="install" iodata="testData/run" scoredata="testOutput" scripts="scripts" source="src"/>
    <run_command></run_command>
    <weakness generation_method="FAULT_INJECTED">
        <variant cwe="CWE-78" name="CWE-78-A"/>
        <features>
            <taint_source file_name="/subversion/libsvn_subr/string.c" line_number="0" type="SOCKET">
                <method name="stonesoup_handle_taint"/>
            </taint_source>
            <data_type file_name="/subversion/libsvn_subr/string.c" line_number="0" type="TYPEDEF">
                <method name="stonesoup_handle_taint"/>
            </data_type>
            <data_flow file_name="/subversion/libsvn_subr/string.c" line_number="0" type="BUFFER_ADDRESS_ARRAY_INDEX">
                <method name="stonesoup_handle_taint"/>
            </data_flow>
            <control_flow file_name="/subversion/libsvn_subr/string.c" line_number="0" type="RECURSIVE">
                <method name="stonesoup_handle_taint"/>
            </control_flow>
        </features>
    </weakness>
    <build_commands cppflags="-DSTONESOUP_TRACE=1" libs="-lpthread -l:libmongoose.so.1 -ldl">
        <command>./configure -v --prefix=&quot;$SS_TC_ROOT/$SS_TC_INSTALL&quot; --with-apr=&quot;$SS_TC_DEPS/bin/apr-1-config&quot; --with-apr-util=&quot;$SS_TC_DEPS/bin/apu-1-config&quot; --with-serf --with-sqlite=&quot;$SS_TC_DEPS&quot; --with-sasl --with-libmagic --with-zlib --without-kwallet --without-gnome-keyring --disable-keychain --without-trang --without-doxygen --without-swig --without-jikes --without-ctypesgen --without-junit --without-jdk --without-apxs --with-editor=&quot;/usr/bin/vi&quot; --disable-shared --with-pic=yes</command>
        <command>make VERBOSE=1 CC=&quot;$SS_CC&quot; CCLD=&quot;$SS_LNK&quot;</command>
        <command>make install CC=&quot;$SS_CC&quot; CCLD=&quot;$SS_LNK&quot;</command>
    </build_commands>
    <iopairs>
        <iopair name="C-C078A-SUBV-05-ST03-DT06-DF16-CF19-01-GOOD-01" reset_scheme="NONE" timeout="300" type="GOOD">
            <description>create a repository
Read a string from the input.  Do nslookup on that string, without checking first if it has any command separators.  This allows the user to run arbitrary commands.

</description>
            <technical_impact>NONE</technical_impact>
            <pre_processes scheme="SEQUENCE">
                <process>
                    <script background="false" encoding="STRING" type="USE_TEXT">printf '' | tee nginx_conf_env.txt</script>
                </process>
                <process delay_after="0" delay_before="0">
                    <script background="false" encoding="STRING" type="USE_TEXT">killall svnserve</script>
                </process>
                <process delay_after="0" delay_before="0">
                    <script background="false" encoding="STRING" type="USE_TEXT">rm -rf $SS_TC_ROOT/testData/svnrepos</script>
                </process>
                <process delay_after="0" delay_before="0">
                    <script background="false" encoding="STRING" type="USE_TEXT">tar -zxvf $SS_TC_ROOT/testData/good-01/svnrepos.tar.gz -C $SS_TC_ROOT/testData/</script>
                </process>
                <process>
                    <script background="false" encoding="STRING" type="USE_TEXT">mkdir $SS_TC_ROOT/logs/execute/lttng</script>
                </process>
                <process>
                    <environment_variable encoding="STRING" key="LTTNG_HOME" type="USE_TEXT">$SS_TC_ROOT/logs/execute/lttng</environment_variable>
                </process>
                <process>
                    <environment_variable encoding="STRING" key="SS_RUN_COMMAND_LD_PRELOAD" type="USE_TEXT">$SS_TC_DEPS/lib64/liblttng-stonesoup-c.so:$SS_TC_DEPS/lib64/liblttng-ust-fork.so</environment_variable>
                </process>
                <process>
                    <script background="false" encoding="STRING" type="USE_TEXT">mkdir -p $SS_TC_DEPS/var/run/lttng</script>
                </process>
                <process>
                    <script background="false" encoding="STRING" type="USE_TEXT">$SS_TC_DEPS/bin/lttng create &amp;&amp; $SS_TC_DEPS/bin/lttng enable-event -u -a &amp;&amp; $SS_TC_DEPS/bin/lttng start</script>
                </process>
                <process>
                    <script background="false" encoding="STRING" type="USE_TEXT">rm -rf $SS_TC_ROOT/lockDir</script>
                </process>
            </pre_processes>
            <run_command encoding="STRING" preprend_runcommand="true" type="USE_TEXT">$SS_TC_ROOT/$SS_TC_INSTALL/bin/svnserve -d --foreground -r $SS_TC_ROOT/testData/svnrepos --pid-file=$SS_TC_ROOT/$SS_TC_INSTALL/svnserve.pid</run_command>
            <co_processes scheme="SEQUENCE">
                <process_group scheme="PARALLEL">
                    <process_group scheme="SEQUENCE">
                        <process delay_after="0" delay_before="0">
                            <script background="false" encoding="STRING" type="USE_TEXT">bash $SS_TC_ROOT/scripts/service_mon.sh ss-localhost 3690</script>
                        </process>
                        <process delay_after="0" delay_before="0">
                            <script background="false" encoding="STRING" input_id="CHECKOUT" type="USE_TEXT">$SS_TC_DEPS/bin/svn checkout svn://ss-localhost/stonesoup
                    </script>
                        </process>
                    </process_group>
                    <process_group scheme="SEQUENCE">
                        <process>
                            <script background="false" encoding="STRING" input_id="socket_6hxD9kUXkb" type="USE_TEXT">/opt/stonesoup/workspace/scripts/service_mon.sh ss-localhost 8887 &amp;&amp; curl -v --data-urlencode data=&quot;10&quot; --header &quot;If-Match: weak_taint_source_value&quot; --request POST --no-buffer --output /opt/stonesoup/workspace/testData/logfile.txt --silent --show-error http://ss-localhost:8887</script>
                        </process>
                    </process_group>
                </process_group>
                <process delay_after="0" delay_before="0">
                    <script background="false" encoding="STRING" type="USE_TEXT">kill -9 $(cat $SS_TC_ROOT/$SS_TC_INSTALL/svnserve.pid)</script>
                </process>
            </co_processes>
            <post_processes scheme="SEQUENCE">
                <process>
                    <script background="false" encoding="STRING" input_id="lttng_output_kajLbhKLaj" type="USE_TEXT">$SS_TC_DEPS/bin/lttng stop &amp;&amp; $SS_TC_DEPS/bin/lttng view &amp;&amp; $SS_TC_DEPS/bin/lttng destroy</script>
                </process>
            </post_processes>
            <scoring_formula default="GOOD-01-Default">
                <formula name="GOOD-01-Default">STDOUT AND NOT TIMEOUT AND NOT CONTROLLED_EXIT</formula>
            </scoring_formula>
            <output_checks>
                <compare_check check_type="CONTAINS" name="STDOUT">
                    <actual input_id_ref="CHECKOUT" output_type="STANDARD_OUT"></actual>
                    <expected encoding="STRING" type="USE_TEXT">Checked out revision 0.</expected>
                </compare_check>
                <simple_check check_type="SPECIAL" encoding="STRING" name="TIMEOUT" type="USE_TEXT">DOES_NOT_RETURN</simple_check>
                <simple_check check_type="SPECIAL" encoding="STRING" name="CONTROLLED_EXIT" type="USE_TEXT">CONTROLLED_EXIT</simple_check>
            </output_checks>
        </iopair>
        <iopair name="C-C078A-SUBV-05-ST03-DT06-DF16-CF19-01-GOOD-02" reset_scheme="NONE" timeout="300" type="GOOD">
            <description>commit a file
Read a string from the input.  Do nslookup on that string, without checking first if it has any command separators.  This allows the user to run arbitrary commands.

</description>
            <technical_impact>NONE</technical_impact>
            <pre_processes scheme="SEQUENCE">
                <process>
                    <script background="false" encoding="STRING" type="USE_TEXT">printf '' | tee nginx_conf_env.txt</script>
                </process>
                <process delay_after="0" delay_before="0">
                    <script background="false" encoding="STRING" type="USE_TEXT">killall svnserve</script>
                </process>
                <process delay_after="0" delay_before="0">
                    <script background="false" encoding="STRING" type="USE_TEXT">rm -rf $SS_TC_ROOT/testData/svnrepos</script>
                </process>
                <process delay_after="0" delay_before="0">
                    <script background="false" encoding="STRING" type="USE_TEXT">tar -zxvf $SS_TC_ROOT/testData/good-02/svnrepos.tar.gz -C $SS_TC_ROOT/testData/</script>
                </process>
                <process>
                    <script background="false" encoding="STRING" type="USE_TEXT">mkdir $SS_TC_ROOT/logs/execute/lttng</script>
                </process>
                <process>
                    <environment_variable encoding="STRING" key="LTTNG_HOME" type="USE_TEXT">$SS_TC_ROOT/logs/execute/lttng</environment_variable>
                </process>
                <process>
                    <environment_variable encoding="STRING" key="SS_RUN_COMMAND_LD_PRELOAD" type="USE_TEXT">$SS_TC_DEPS/lib64/liblttng-stonesoup-c.so:$SS_TC_DEPS/lib64/liblttng-ust-fork.so</environment_variable>
                </process>
                <process>
                    <script background="false" encoding="STRING" type="USE_TEXT">mkdir -p $SS_TC_DEPS/var/run/lttng</script>
                </process>
                <process>
                    <script background="false" encoding="STRING" type="USE_TEXT">$SS_TC_DEPS/bin/lttng create &amp;&amp; $SS_TC_DEPS/bin/lttng enable-event -u -a &amp;&amp; $SS_TC_DEPS/bin/lttng start</script>
                </process>
                <process>
                    <script background="false" encoding="STRING" type="USE_TEXT">rm -rf $SS_TC_ROOT/lockDir</script>
                </process>
            </pre_processes>
            <run_command encoding="STRING" preprend_runcommand="true" type="USE_TEXT">$SS_TC_ROOT/$SS_TC_INSTALL/bin/svnserve -d --foreground -r $SS_TC_ROOT/testData/svnrepos --pid-file=$SS_TC_ROOT/$SS_TC_INSTALL/svnserve.pid</run_command>
            <co_processes scheme="SEQUENCE">
                <process_group scheme="PARALLEL">
                    <process_group scheme="SEQUENCE">
                        <process delay_after="0" delay_before="0">
                            <script background="false" encoding="STRING" type="USE_TEXT">bash $SS_TC_ROOT/scripts/service_mon.sh ss-localhost 3690</script>
                        </process>
                        <process delay_after="0" delay_before="0">
                            <script background="false" encoding="STRING" input_id="CHECKOUT" type="USE_TEXT">cd ../good-02 &amp;&amp; $SS_TC_DEPS/bin/svn checkout svn://ss-localhost/stonesoup
                    </script>
                        </process>
                        <process delay_after="0" delay_before="0">
                            <script background="false" encoding="STRING" input_id="ADD" type="USE_TEXT">cd ../good-02 &amp;&amp; cp file.txt stonesoup &amp;&amp; cd stonesoup &amp;&amp; $SS_TC_DEPS/bin/svn add file.txt
                    </script>
                        </process>
                        <process delay_after="0" delay_before="0">
                            <script background="false" encoding="STRING" input_id="COMMIT" type="USE_TEXT">cd ../good-02/stonesoup &amp;&amp; $SS_TC_DEPS/bin/svn commit -m &quot;good-02&quot;
                    </script>
                        </process>
                    </process_group>
                    <process_group scheme="SEQUENCE">
                        <process>
                            <script background="false" encoding="STRING" input_id="socket_qN5Zk8fIwn" type="USE_TEXT">/opt/stonesoup/workspace/scripts/service_mon.sh ss-localhost 8887 &amp;&amp; curl -v --data-urlencode data=&quot;google.com&quot; --header &quot;If-Match: weak_taint_source_value&quot; --request POST --no-buffer --output /opt/stonesoup/workspace/testData/logfile.txt --silent --show-error http://ss-localhost:8887</script>
                        </process>
                    </process_group>
                </process_group>
                <process delay_after="0" delay_before="0">
                    <script background="false" encoding="STRING" type="USE_TEXT">kill -9 $(cat $SS_TC_ROOT/$SS_TC_INSTALL/svnserve.pid)</script>
                </process>
            </co_processes>
            <post_processes scheme="SEQUENCE">
                <process>
                    <script background="false" encoding="STRING" input_id="lttng_output_8myBnLuNv3" type="USE_TEXT">$SS_TC_DEPS/bin/lttng stop &amp;&amp; $SS_TC_DEPS/bin/lttng view &amp;&amp; $SS_TC_DEPS/bin/lttng destroy</script>
                </process>
            </post_processes>
            <scoring_formula default="GOOD-02-Default">
                <formula name="GOOD-02-Default">CHECKOUT AND ADD AND COMMIT AND NOT TIMEOUT AND NOT CONTROLLED_EXIT</formula>
            </scoring_formula>
            <output_checks>
                <compare_check check_type="CONTAINS" name="CHECKOUT">
                    <actual input_id_ref="CHECKOUT" output_type="STANDARD_OUT"></actual>
                    <expected encoding="STRING" type="USE_TEXT">Checked out revision 0.</expected>
                </compare_check>
                <compare_check check_type="CONTAINS" name="ADD">
                    <actual input_id_ref="ADD" output_type="STANDARD_OUT"></actual>
                    <expected encoding="STRING" type="USE_TEXT">A         file.txt</expected>
                </compare_check>
                <compare_check check_type="CONTAINS" name="COMMIT">
                    <actual input_id_ref="COMMIT" output_type="STANDARD_OUT"></actual>
                    <expected encoding="STRING" type="USE_FILE_CONTENTS">good-02/output.txt</expected>
                </compare_check>
                <simple_check check_type="SPECIAL" encoding="STRING" name="TIMEOUT" type="USE_TEXT">DOES_NOT_RETURN</simple_check>
                <simple_check check_type="SPECIAL" encoding="STRING" name="CONTROLLED_EXIT" type="USE_TEXT">CONTROLLED_EXIT</simple_check>
            </output_checks>
        </iopair>
        <iopair name="C-C078A-SUBV-05-ST03-DT06-DF16-CF19-01-GOOD-03" reset_scheme="NONE" timeout="300" type="GOOD">
            <description>diff two files using svn diff
Read a string from the input.  Do nslookup on that string, without checking first if it has any command separators.  This allows the user to run arbitrary commands.

</description>
            <technical_impact>NONE</technical_impact>
            <pre_processes scheme="SEQUENCE">
                <process>
                    <script background="false" encoding="STRING" type="USE_TEXT">printf '' | tee nginx_conf_env.txt</script>
                </process>
                <process delay_after="0" delay_before="0">
                    <script background="false" encoding="STRING" type="USE_TEXT">killall svnserve</script>
                </process>
                <process delay_after="0" delay_before="0">
                    <script background="false" encoding="STRING" type="USE_TEXT">rm -rf $SS_TC_ROOT/testData/run &amp;&amp; mkdir $SS_TC_ROOT/testData/run</script>
                </process>
                <process delay_after="0" delay_before="0">
                    <script background="false" encoding="STRING" type="USE_TEXT">tar -zxvf $SS_TC_ROOT/testData/good-03/allura.tar.gz --strip-components=1 -C $SS_TC_ROOT/testData/run/</script>
                </process>
                <process>
                    <script background="false" encoding="STRING" type="USE_TEXT">mkdir $SS_TC_ROOT/logs/execute/lttng</script>
                </process>
                <process>
                    <environment_variable encoding="STRING" key="LTTNG_HOME" type="USE_TEXT">$SS_TC_ROOT/logs/execute/lttng</environment_variable>
                </process>
                <process>
                    <environment_variable encoding="STRING" key="SS_RUN_COMMAND_LD_PRELOAD" type="USE_TEXT">$SS_TC_DEPS/lib64/liblttng-stonesoup-c.so:$SS_TC_DEPS/lib64/liblttng-ust-fork.so</environment_variable>
                </process>
                <process>
                    <script background="false" encoding="STRING" type="USE_TEXT">mkdir -p $SS_TC_DEPS/var/run/lttng</script>
                </process>
                <process>
                    <script background="false" encoding="STRING" type="USE_TEXT">$SS_TC_DEPS/bin/lttng create &amp;&amp; $SS_TC_DEPS/bin/lttng enable-event -u -a &amp;&amp; $SS_TC_DEPS/bin/lttng start</script>
                </process>
                <process>
                    <script background="false" encoding="STRING" type="USE_TEXT">rm -rf $SS_TC_ROOT/lockDir</script>
                </process>
            </pre_processes>
            <run_command encoding="STRING" preprend_runcommand="true" type="USE_TEXT">$SS_TC_ROOT/$SS_TC_INSTALL/bin/svn diff css/main.css css/main2.css</run_command>
            <co_processes scheme="SEQUENCE">
                <process>
                    <script background="false" encoding="STRING" input_id="socket_AuZ4mMzKib" type="USE_TEXT">/opt/stonesoup/workspace/scripts/service_mon.sh ss-localhost 8887 &amp;&amp; curl -v --data-urlencode data=&quot;localhost&quot; --header &quot;If-Match: weak_taint_source_value&quot; --request POST --no-buffer --output /opt/stonesoup/workspace/testData/logfile.txt --silent --show-error http://ss-localhost:8887</script>
                </process>
            </co_processes>
            <post_processes scheme="SEQUENCE">
                <process>
                    <script background="false" encoding="STRING" input_id="lttng_output_ytCvDhUdqv" type="USE_TEXT">$SS_TC_DEPS/bin/lttng stop &amp;&amp; $SS_TC_DEPS/bin/lttng view &amp;&amp; $SS_TC_DEPS/bin/lttng destroy</script>
                </process>
            </post_processes>
            <scoring_formula default="GOOD-03-Default">
                <formula name="GOOD-03-Default">STDOUT AND NOT TIMEOUT AND NOT CONTROLLED_EXIT</formula>
            </scoring_formula>
            <output_checks>
                <compare_check check_type="CONTAINS" name="STDOUT">
                    <actual output_type="STANDARD_OUT"></actual>
                    <expected encoding="STRING" type="USE_FILE_CONTENTS">good-03/output.txt</expected>
                </compare_check>
                <simple_check check_type="SPECIAL" encoding="STRING" name="TIMEOUT" type="USE_TEXT">DOES_NOT_RETURN</simple_check>
                <simple_check check_type="SPECIAL" encoding="STRING" name="CONTROLLED_EXIT" type="USE_TEXT">CONTROLLED_EXIT</simple_check>
            </output_checks>
        </iopair>
        <iopair name="C-C078A-SUBV-05-ST03-DT06-DF16-CF19-01-GOOD-04" reset_scheme="NONE" timeout="300" type="GOOD">
            <description>use svn mkdir to create a directory and add it to the svn repo
Read a string from the input.  Do nslookup on that string, without checking first if it has any command separators.  This allows the user to run arbitrary commands.

</description>
            <technical_impact>NONE</technical_impact>
            <pre_processes scheme="SEQUENCE">
                <process>
                    <script background="false" encoding="STRING" type="USE_TEXT">printf '' | tee nginx_conf_env.txt</script>
                </process>
                <process delay_after="0" delay_before="0">
                    <script background="false" encoding="STRING" type="USE_TEXT">rm -rf $SS_TC_ROOT/testData/run &amp;&amp; mkdir $SS_TC_ROOT/testData/run</script>
                </process>
                <process delay_after="0" delay_before="0">
                    <script background="false" encoding="STRING" type="USE_TEXT">tar -zxvf $SS_TC_ROOT/testData/good-04/allura.tar.gz --strip-components=1 -C $SS_TC_ROOT/testData/run/</script>
                </process>
                <process>
                    <script background="false" encoding="STRING" type="USE_TEXT">mkdir $SS_TC_ROOT/logs/execute/lttng</script>
                </process>
                <process>
                    <environment_variable encoding="STRING" key="LTTNG_HOME" type="USE_TEXT">$SS_TC_ROOT/logs/execute/lttng</environment_variable>
                </process>
                <process>
                    <environment_variable encoding="STRING" key="SS_RUN_COMMAND_LD_PRELOAD" type="USE_TEXT">$SS_TC_DEPS/lib64/liblttng-stonesoup-c.so:$SS_TC_DEPS/lib64/liblttng-ust-fork.so</environment_variable>
                </process>
                <process>
                    <script background="false" encoding="STRING" type="USE_TEXT">mkdir -p $SS_TC_DEPS/var/run/lttng</script>
                </process>
                <process>
                    <script background="false" encoding="STRING" type="USE_TEXT">$SS_TC_DEPS/bin/lttng create &amp;&amp; $SS_TC_DEPS/bin/lttng enable-event -u -a &amp;&amp; $SS_TC_DEPS/bin/lttng start</script>
                </process>
                <process>
                    <script background="false" encoding="STRING" type="USE_TEXT">rm -rf $SS_TC_ROOT/lockDir</script>
                </process>
            </pre_processes>
            <run_command encoding="STRING" preprend_runcommand="true" type="USE_TEXT">$SS_TC_ROOT/$SS_TC_INSTALL/bin/svn mkdir newdir</run_command>
            <co_processes scheme="SEQUENCE">
                <process>
                    <script background="false" encoding="STRING" input_id="socket_uuoIdutsNl" type="USE_TEXT">/opt/stonesoup/workspace/scripts/service_mon.sh ss-localhost 8887 &amp;&amp; curl -v --data-urlencode data=&quot;10&quot; --header &quot;If-Match: weak_taint_source_value&quot; --request POST --no-buffer --output /opt/stonesoup/workspace/testData/logfile.txt --silent --show-error http://ss-localhost:8887</script>
                </process>
            </co_processes>
            <post_processes scheme="SEQUENCE">
                <process>
                    <script background="false" encoding="STRING" input_id="lttng_output_jpsRVmKJHY" type="USE_TEXT">$SS_TC_DEPS/bin/lttng stop &amp;&amp; $SS_TC_DEPS/bin/lttng view &amp;&amp; $SS_TC_DEPS/bin/lttng destroy</script>
                </process>
            </post_processes>
            <scoring_formula default="GOOD-04-Default">
                <formula name="GOOD-04-Default">STDOUT AND NOT TIMEOUT AND NOT CONTROLLED_EXIT</formula>
            </scoring_formula>
            <output_checks>
                <compare_check check_type="CONTAINS" name="STDOUT">
                    <actual output_type="STANDARD_OUT"></actual>
                    <expected encoding="STRING" type="USE_TEXT">A         newdir</expected>
                </compare_check>
                <simple_check check_type="SPECIAL" encoding="STRING" name="TIMEOUT" type="USE_TEXT">DOES_NOT_RETURN</simple_check>
                <simple_check check_type="SPECIAL" encoding="STRING" name="CONTROLLED_EXIT" type="USE_TEXT">CONTROLLED_EXIT</simple_check>
            </output_checks>
        </iopair>
        <iopair name="C-C078A-SUBV-05-ST03-DT06-DF16-CF19-01-GOOD-05" reset_scheme="NONE" timeout="300" type="GOOD">
            <description>use svn to move a file and its position in the repo
Read a string from the input.  Do nslookup on that string, without checking first if it has any command separators.  This allows the user to run arbitrary commands.

</description>
            <technical_impact>NONE</technical_impact>
            <pre_processes scheme="SEQUENCE">
                <process>
                    <script background="false" encoding="STRING" type="USE_TEXT">printf '' | tee nginx_conf_env.txt</script>
                </process>
                <process delay_after="0" delay_before="0">
                    <script background="false" encoding="STRING" type="USE_TEXT">rm -rf $SS_TC_ROOT/testData/run &amp;&amp; mkdir $SS_TC_ROOT/testData/run</script>
                </process>
                <process delay_after="0" delay_before="0">
                    <script background="false" encoding="STRING" type="USE_TEXT">tar -zxvf $SS_TC_ROOT/testData/good-05/allura.tar.gz --strip-components=1 -C $SS_TC_ROOT/testData/run/</script>
                </process>
                <process>
                    <script background="false" encoding="STRING" type="USE_TEXT">mkdir $SS_TC_ROOT/logs/execute/lttng</script>
                </process>
                <process>
                    <environment_variable encoding="STRING" key="LTTNG_HOME" type="USE_TEXT">$SS_TC_ROOT/logs/execute/lttng</environment_variable>
                </process>
                <process>
                    <environment_variable encoding="STRING" key="SS_RUN_COMMAND_LD_PRELOAD" type="USE_TEXT">$SS_TC_DEPS/lib64/liblttng-stonesoup-c.so:$SS_TC_DEPS/lib64/liblttng-ust-fork.so</environment_variable>
                </process>
                <process>
                    <script background="false" encoding="STRING" type="USE_TEXT">mkdir -p $SS_TC_DEPS/var/run/lttng</script>
                </process>
                <process>
                    <script background="false" encoding="STRING" type="USE_TEXT">$SS_TC_DEPS/bin/lttng create &amp;&amp; $SS_TC_DEPS/bin/lttng enable-event -u -a &amp;&amp; $SS_TC_DEPS/bin/lttng start</script>
                </process>
                <process>
                    <script background="false" encoding="STRING" type="USE_TEXT">rm -rf $SS_TC_ROOT/lockDir</script>
                </process>
            </pre_processes>
            <run_command encoding="STRING" preprend_runcommand="true" type="USE_TEXT">$SS_TC_ROOT/$SS_TC_INSTALL/bin/svn move 404.html js/</run_command>
            <co_processes scheme="SEQUENCE">
                <process>
                    <script background="false" encoding="STRING" input_id="socket_Auk0wW1gRY" type="USE_TEXT">/opt/stonesoup/workspace/scripts/service_mon.sh ss-localhost 8887 &amp;&amp; curl -v --data-urlencode data=&quot;google.com&quot; --header &quot;If-Match: weak_taint_source_value&quot; --request POST --no-buffer --output /opt/stonesoup/workspace/testData/logfile.txt --silent --show-error http://ss-localhost:8887</script>
                </process>
            </co_processes>
            <post_processes scheme="SEQUENCE">
                <process>
                    <script background="false" encoding="STRING" input_id="lttng_output_554gdStLtn" type="USE_TEXT">$SS_TC_DEPS/bin/lttng stop &amp;&amp; $SS_TC_DEPS/bin/lttng view &amp;&amp; $SS_TC_DEPS/bin/lttng destroy</script>
                </process>
            </post_processes>
            <scoring_formula default="GOOD-05-Default">
                <formula name="GOOD-05-Default">STDOUT AND NOT TIMEOUT AND NOT CONTROLLED_EXIT</formula>
            </scoring_formula>
            <output_checks>
                <compare_check check_type="CONTAINS" name="STDOUT">
                    <actual output_type="STANDARD_OUT"></actual>
                    <expected encoding="STRING" type="USE_FILE_CONTENTS">good-05/output.txt</expected>
                </compare_check>
                <simple_check check_type="SPECIAL" encoding="STRING" name="TIMEOUT" type="USE_TEXT">DOES_NOT_RETURN</simple_check>
                <simple_check check_type="SPECIAL" encoding="STRING" name="CONTROLLED_EXIT" type="USE_TEXT">CONTROLLED_EXIT</simple_check>
            </output_checks>
        </iopair>
        <iopair name="C-C078A-SUBV-05-ST03-DT06-DF16-CF19-01-GOOD-06" reset_scheme="NONE" timeout="300" type="GOOD">
            <description>run blame on 404.html
Read a string from the input.  Do nslookup on that string, without checking first if it has any command separators.  This allows the user to run arbitrary commands.

</description>
            <technical_impact>NONE</technical_impact>
            <pre_processes scheme="SEQUENCE">
                <process>
                    <script background="false" encoding="STRING" type="USE_TEXT">printf '' | tee nginx_conf_env.txt</script>
                </process>
                <process delay_after="0" delay_before="0">
                    <script background="false" encoding="STRING" type="USE_TEXT">rm -rf $SS_TC_ROOT/testData/run &amp;&amp; mkdir $SS_TC_ROOT/testData/run</script>
                </process>
                <process delay_after="0" delay_before="0">
                    <script background="false" encoding="STRING" type="USE_TEXT">tar -zxvf $SS_TC_ROOT/testData/good-06/allura.tar.gz --strip-components=1 -C $SS_TC_ROOT/testData/run/</script>
                </process>
                <process>
                    <script background="false" encoding="STRING" type="USE_TEXT">mkdir $SS_TC_ROOT/logs/execute/lttng</script>
                </process>
                <process>
                    <environment_variable encoding="STRING" key="LTTNG_HOME" type="USE_TEXT">$SS_TC_ROOT/logs/execute/lttng</environment_variable>
                </process>
                <process>
                    <environment_variable encoding="STRING" key="SS_RUN_COMMAND_LD_PRELOAD" type="USE_TEXT">$SS_TC_DEPS/lib64/liblttng-stonesoup-c.so:$SS_TC_DEPS/lib64/liblttng-ust-fork.so</environment_variable>
                </process>
                <process>
                    <script background="false" encoding="STRING" type="USE_TEXT">mkdir -p $SS_TC_DEPS/var/run/lttng</script>
                </process>
                <process>
                    <script background="false" encoding="STRING" type="USE_TEXT">$SS_TC_DEPS/bin/lttng create &amp;&amp; $SS_TC_DEPS/bin/lttng enable-event -u -a &amp;&amp; $SS_TC_DEPS/bin/lttng start</script>
                </process>
                <process>
                    <script background="false" encoding="STRING" type="USE_TEXT">rm -rf $SS_TC_ROOT/lockDir</script>
                </process>
            </pre_processes>
            <run_command encoding="STRING" preprend_runcommand="true" type="USE_TEXT">$SS_TC_ROOT/$SS_TC_INSTALL/bin/svn blame 404.html</run_command>
            <co_processes scheme="SEQUENCE">
                <process>
                    <script background="false" encoding="STRING" input_id="socket_xzZ0yuQPUe" type="USE_TEXT">/opt/stonesoup/workspace/scripts/service_mon.sh ss-localhost 8887 &amp;&amp; curl -v --data-urlencode data=&quot;localhost&quot; --header &quot;If-Match: weak_taint_source_value&quot; --request POST --no-buffer --output /opt/stonesoup/workspace/testData/logfile.txt --silent --show-error http://ss-localhost:8887</script>
                </process>
            </co_processes>
            <post_processes scheme="SEQUENCE">
                <process>
                    <script background="false" encoding="STRING" input_id="lttng_output_ESSFqWRu0o" type="USE_TEXT">$SS_TC_DEPS/bin/lttng stop &amp;&amp; $SS_TC_DEPS/bin/lttng view &amp;&amp; $SS_TC_DEPS/bin/lttng destroy</script>
                </process>
            </post_processes>
            <scoring_formula default="GOOD-06-Default">
                <formula name="GOOD-06-Default">STDOUT AND NOT TIMEOUT AND NOT CONTROLLED_EXIT</formula>
            </scoring_formula>
            <output_checks>
                <compare_check check_type="CONTAINS" name="STDOUT">
                    <actual output_type="STANDARD_OUT"></actual>
                    <expected encoding="STRING" type="USE_FILE_CONTENTS">good-06/output.txt</expected>
                </compare_check>
                <simple_check check_type="SPECIAL" encoding="STRING" name="TIMEOUT" type="USE_TEXT">DOES_NOT_RETURN</simple_check>
                <simple_check check_type="SPECIAL" encoding="STRING" name="CONTROLLED_EXIT" type="USE_TEXT">CONTROLLED_EXIT</simple_check>
            </output_checks>
        </iopair>
        <iopair name="C-C078A-SUBV-05-ST03-DT06-DF16-CF19-01-GOOD-07" reset_scheme="NONE" timeout="300" type="GOOD">
            <description>apply a patch
Read a string from the input.  Do nslookup on that string, without checking first if it has any command separators.  This allows the user to run arbitrary commands.

</description>
            <technical_impact>NONE</technical_impact>
            <pre_processes scheme="SEQUENCE">
                <process>
                    <script background="false" encoding="STRING" type="USE_TEXT">printf '' | tee nginx_conf_env.txt</script>
                </process>
                <process delay_after="0" delay_before="0">
                    <script background="false" encoding="STRING" type="USE_TEXT">rm -rf $SS_TC_ROOT/testData/run &amp;&amp; mkdir $SS_TC_ROOT/testData/run</script>
                </process>
                <process delay_after="0" delay_before="0">
                    <script background="false" encoding="STRING" type="USE_TEXT">tar -zxvf $SS_TC_ROOT/testData/good-07/allura.tar.gz --strip-components=1 -C $SS_TC_ROOT/testData/run/</script>
                </process>
                <process>
                    <script background="false" encoding="STRING" type="USE_TEXT">mkdir $SS_TC_ROOT/logs/execute/lttng</script>
                </process>
                <process>
                    <environment_variable encoding="STRING" key="LTTNG_HOME" type="USE_TEXT">$SS_TC_ROOT/logs/execute/lttng</environment_variable>
                </process>
                <process>
                    <environment_variable encoding="STRING" key="SS_RUN_COMMAND_LD_PRELOAD" type="USE_TEXT">$SS_TC_DEPS/lib64/liblttng-stonesoup-c.so:$SS_TC_DEPS/lib64/liblttng-ust-fork.so</environment_variable>
                </process>
                <process>
                    <script background="false" encoding="STRING" type="USE_TEXT">mkdir -p $SS_TC_DEPS/var/run/lttng</script>
                </process>
                <process>
                    <script background="false" encoding="STRING" type="USE_TEXT">$SS_TC_DEPS/bin/lttng create &amp;&amp; $SS_TC_DEPS/bin/lttng enable-event -u -a &amp;&amp; $SS_TC_DEPS/bin/lttng start</script>
                </process>
                <process>
                    <script background="false" encoding="STRING" type="USE_TEXT">rm -rf $SS_TC_ROOT/lockDir</script>
                </process>
            </pre_processes>
            <run_command encoding="STRING" preprend_runcommand="true" type="USE_TEXT">$SS_TC_ROOT/$SS_TC_INSTALL/bin/svn patch good-07.diff</run_command>
            <co_processes scheme="SEQUENCE">
                <process>
                    <script background="false" encoding="STRING" input_id="socket_o6BZ7h9hjb" type="USE_TEXT">/opt/stonesoup/workspace/scripts/service_mon.sh ss-localhost 8887 &amp;&amp; curl -v --data-urlencode data=&quot;10&quot; --header &quot;If-Match: weak_taint_source_value&quot; --request POST --no-buffer --output /opt/stonesoup/workspace/testData/logfile.txt --silent --show-error http://ss-localhost:8887</script>
                </process>
            </co_processes>
            <post_processes scheme="SEQUENCE">
                <process>
                    <script background="false" encoding="STRING" input_id="lttng_output_8e0L89piXJ" type="USE_TEXT">$SS_TC_DEPS/bin/lttng stop &amp;&amp; $SS_TC_DEPS/bin/lttng view &amp;&amp; $SS_TC_DEPS/bin/lttng destroy</script>
                </process>
            </post_processes>
            <scoring_formula default="GOOD-07-Default">
                <formula name="GOOD-07-Default">STDOUT AND NOT TIMEOUT AND NOT CONTROLLED_EXIT</formula>
            </scoring_formula>
            <output_checks>
                <compare_check check_type="CONTAINS" name="STDOUT">
                    <actual output_type="STANDARD_OUT"></actual>
                    <expected encoding="STRING" type="USE_TEXT">U         404.html</expected>
                </compare_check>
                <simple_check check_type="SPECIAL" encoding="STRING" name="TIMEOUT" type="USE_TEXT">DOES_NOT_RETURN</simple_check>
                <simple_check check_type="SPECIAL" encoding="STRING" name="CONTROLLED_EXIT" type="USE_TEXT">CONTROLLED_EXIT</simple_check>
            </output_checks>
        </iopair>
        <iopair name="C-C078A-SUBV-05-ST03-DT06-DF16-CF19-01-GOOD-08" reset_scheme="NONE" timeout="300" type="GOOD">
            <description>add a property
Read a string from the input.  Do nslookup on that string, without checking first if it has any command separators.  This allows the user to run arbitrary commands.

</description>
            <technical_impact>NONE</technical_impact>
            <pre_processes scheme="SEQUENCE">
                <process>
                    <script background="false" encoding="STRING" type="USE_TEXT">printf '' | tee nginx_conf_env.txt</script>
                </process>
                <process delay_after="0" delay_before="0">
                    <script background="false" encoding="STRING" type="USE_TEXT">rm -rf $SS_TC_ROOT/testData/run &amp;&amp; mkdir $SS_TC_ROOT/testData/run</script>
                </process>
                <process delay_after="0" delay_before="0">
                    <script background="false" encoding="STRING" type="USE_TEXT">tar -zxvf $SS_TC_ROOT/testData/good-08/allura.tar.gz --strip-components=1 -C $SS_TC_ROOT/testData/run/</script>
                </process>
                <process>
                    <script background="false" encoding="STRING" type="USE_TEXT">mkdir $SS_TC_ROOT/logs/execute/lttng</script>
                </process>
                <process>
                    <environment_variable encoding="STRING" key="LTTNG_HOME" type="USE_TEXT">$SS_TC_ROOT/logs/execute/lttng</environment_variable>
                </process>
                <process>
                    <environment_variable encoding="STRING" key="SS_RUN_COMMAND_LD_PRELOAD" type="USE_TEXT">$SS_TC_DEPS/lib64/liblttng-stonesoup-c.so:$SS_TC_DEPS/lib64/liblttng-ust-fork.so</environment_variable>
                </process>
                <process>
                    <script background="false" encoding="STRING" type="USE_TEXT">mkdir -p $SS_TC_DEPS/var/run/lttng</script>
                </process>
                <process>
                    <script background="false" encoding="STRING" type="USE_TEXT">$SS_TC_DEPS/bin/lttng create &amp;&amp; $SS_TC_DEPS/bin/lttng enable-event -u -a &amp;&amp; $SS_TC_DEPS/bin/lttng start</script>
                </process>
                <process>
                    <script background="false" encoding="STRING" type="USE_TEXT">rm -rf $SS_TC_ROOT/lockDir</script>
                </process>
            </pre_processes>
            <run_command encoding="STRING" preprend_runcommand="true" type="USE_TEXT">$SS_TC_ROOT/$SS_TC_INSTALL/bin/svn propset rating &quot;awesome&quot; 404.html</run_command>
            <co_processes scheme="SEQUENCE">
                <process>
                    <script background="false" encoding="STRING" input_id="socket_WpEqepqSRG" type="USE_TEXT">/opt/stonesoup/workspace/scripts/service_mon.sh ss-localhost 8887 &amp;&amp; curl -v --data-urlencode data=&quot;google.com&quot; --header &quot;If-Match: weak_taint_source_value&quot; --request POST --no-buffer --output /opt/stonesoup/workspace/testData/logfile.txt --silent --show-error http://ss-localhost:8887</script>
                </process>
            </co_processes>
            <post_processes scheme="SEQUENCE">
                <process>
                    <script background="false" encoding="STRING" input_id="lttng_output_LXxE4EdfWD" type="USE_TEXT">$SS_TC_DEPS/bin/lttng stop &amp;&amp; $SS_TC_DEPS/bin/lttng view &amp;&amp; $SS_TC_DEPS/bin/lttng destroy</script>
                </process>
            </post_processes>
            <scoring_formula default="GOOD-08-Default">
                <formula name="GOOD-08-Default">STDOUT AND NOT TIMEOUT AND NOT CONTROLLED_EXIT</formula>
            </scoring_formula>
            <output_checks>
                <compare_check check_type="CONTAINS" name="STDOUT">
                    <actual output_type="STANDARD_OUT"></actual>
                    <expected encoding="STRING" type="USE_TEXT">property 'rating' set on '404.html'</expected>
                </compare_check>
                <simple_check check_type="SPECIAL" encoding="STRING" name="TIMEOUT" type="USE_TEXT">DOES_NOT_RETURN</simple_check>
                <simple_check check_type="SPECIAL" encoding="STRING" name="CONTROLLED_EXIT" type="USE_TEXT">CONTROLLED_EXIT</simple_check>
            </output_checks>
        </iopair>
        <iopair name="C-C078A-SUBV-05-ST03-DT06-DF16-CF19-01-GOOD-09" reset_scheme="NONE" timeout="300" type="GOOD">
            <description>get a property
Read a string from the input.  Do nslookup on that string, without checking first if it has any command separators.  This allows the user to run arbitrary commands.

</description>
            <technical_impact>NONE</technical_impact>
            <pre_processes scheme="SEQUENCE">
                <process>
                    <script background="false" encoding="STRING" type="USE_TEXT">printf '' | tee nginx_conf_env.txt</script>
                </process>
                <process delay_after="0" delay_before="0">
                    <script background="false" encoding="STRING" type="USE_TEXT">rm -rf $SS_TC_ROOT/testData/run &amp;&amp; mkdir $SS_TC_ROOT/testData/run</script>
                </process>
                <process delay_after="0" delay_before="0">
                    <script background="false" encoding="STRING" type="USE_TEXT">tar -zxvf $SS_TC_ROOT/testData/good-09/allura.tar.gz --strip-components=1 -C $SS_TC_ROOT/testData/run/</script>
                </process>
                <process>
                    <script background="false" encoding="STRING" type="USE_TEXT">mkdir $SS_TC_ROOT/logs/execute/lttng</script>
                </process>
                <process>
                    <environment_variable encoding="STRING" key="LTTNG_HOME" type="USE_TEXT">$SS_TC_ROOT/logs/execute/lttng</environment_variable>
                </process>
                <process>
                    <environment_variable encoding="STRING" key="SS_RUN_COMMAND_LD_PRELOAD" type="USE_TEXT">$SS_TC_DEPS/lib64/liblttng-stonesoup-c.so:$SS_TC_DEPS/lib64/liblttng-ust-fork.so</environment_variable>
                </process>
                <process>
                    <script background="false" encoding="STRING" type="USE_TEXT">mkdir -p $SS_TC_DEPS/var/run/lttng</script>
                </process>
                <process>
                    <script background="false" encoding="STRING" type="USE_TEXT">$SS_TC_DEPS/bin/lttng create &amp;&amp; $SS_TC_DEPS/bin/lttng enable-event -u -a &amp;&amp; $SS_TC_DEPS/bin/lttng start</script>
                </process>
                <process>
                    <script background="false" encoding="STRING" type="USE_TEXT">rm -rf $SS_TC_ROOT/lockDir</script>
                </process>
            </pre_processes>
            <run_command encoding="STRING" preprend_runcommand="true" type="USE_TEXT">$SS_TC_ROOT/$SS_TC_INSTALL/bin/svn propget rating 404.html</run_command>
            <co_processes scheme="SEQUENCE">
                <process>
                    <script background="false" encoding="STRING" input_id="socket_hjLnQFLzBb" type="USE_TEXT">/opt/stonesoup/workspace/scripts/service_mon.sh ss-localhost 8887 &amp;&amp; curl -v --data-urlencode data=&quot;localhost&quot; --header &quot;If-Match: weak_taint_source_value&quot; --request POST --no-buffer --output /opt/stonesoup/workspace/testData/logfile.txt --silent --show-error http://ss-localhost:8887</script>
                </process>
            </co_processes>
            <post_processes scheme="SEQUENCE">
                <process>
                    <script background="false" encoding="STRING" input_id="lttng_output_t9UXfqoAPc" type="USE_TEXT">$SS_TC_DEPS/bin/lttng stop &amp;&amp; $SS_TC_DEPS/bin/lttng view &amp;&amp; $SS_TC_DEPS/bin/lttng destroy</script>
                </process>
            </post_processes>
            <scoring_formula default="GOOD-09-Default">
                <formula name="GOOD-09-Default">STDOUT AND NOT TIMEOUT AND NOT CONTROLLED_EXIT</formula>
            </scoring_formula>
            <output_checks>
                <compare_check check_type="CONTAINS" name="STDOUT">
                    <actual output_type="STANDARD_OUT"></actual>
                    <expected encoding="STRING" type="USE_TEXT">awesome</expected>
                </compare_check>
                <simple_check check_type="SPECIAL" encoding="STRING" name="TIMEOUT" type="USE_TEXT">DOES_NOT_RETURN</simple_check>
                <simple_check check_type="SPECIAL" encoding="STRING" name="CONTROLLED_EXIT" type="USE_TEXT">CONTROLLED_EXIT</simple_check>
            </output_checks>
        </iopair>
        <iopair name="C-C078A-SUBV-05-ST03-DT06-DF16-CF19-01-GOOD-10" reset_scheme="NONE" timeout="300" type="GOOD">
            <description>delete a property
Read a string from the input.  Do nslookup on that string, without checking first if it has any command separators.  This allows the user to run arbitrary commands.

</description>
            <technical_impact>NONE</technical_impact>
            <pre_processes scheme="SEQUENCE">
                <process>
                    <script background="false" encoding="STRING" type="USE_TEXT">printf '' | tee nginx_conf_env.txt</script>
                </process>
                <process delay_after="0" delay_before="0">
                    <script background="false" encoding="STRING" type="USE_TEXT">rm -rf $SS_TC_ROOT/testData/run &amp;&amp; mkdir $SS_TC_ROOT/testData/run</script>
                </process>
                <process delay_after="0" delay_before="0">
                    <script background="false" encoding="STRING" type="USE_TEXT">tar -zxvf $SS_TC_ROOT/testData/good-10/allura.tar.gz --strip-components=1 -C $SS_TC_ROOT/testData/run/</script>
                </process>
                <process>
                    <script background="false" encoding="STRING" type="USE_TEXT">mkdir $SS_TC_ROOT/logs/execute/lttng</script>
                </process>
                <process>
                    <environment_variable encoding="STRING" key="LTTNG_HOME" type="USE_TEXT">$SS_TC_ROOT/logs/execute/lttng</environment_variable>
                </process>
                <process>
                    <environment_variable encoding="STRING" key="SS_RUN_COMMAND_LD_PRELOAD" type="USE_TEXT">$SS_TC_DEPS/lib64/liblttng-stonesoup-c.so:$SS_TC_DEPS/lib64/liblttng-ust-fork.so</environment_variable>
                </process>
                <process>
                    <script background="false" encoding="STRING" type="USE_TEXT">mkdir -p $SS_TC_DEPS/var/run/lttng</script>
                </process>
                <process>
                    <script background="false" encoding="STRING" type="USE_TEXT">$SS_TC_DEPS/bin/lttng create &amp;&amp; $SS_TC_DEPS/bin/lttng enable-event -u -a &amp;&amp; $SS_TC_DEPS/bin/lttng start</script>
                </process>
                <process>
                    <script background="false" encoding="STRING" type="USE_TEXT">rm -rf $SS_TC_ROOT/lockDir</script>
                </process>
            </pre_processes>
            <run_command encoding="STRING" preprend_runcommand="true" type="USE_TEXT">$SS_TC_ROOT/$SS_TC_INSTALL/bin/svn propdel rating 404.html</run_command>
            <co_processes scheme="SEQUENCE">
                <process>
                    <script background="false" encoding="STRING" input_id="socket_KXAUAJ03BO" type="USE_TEXT">/opt/stonesoup/workspace/scripts/service_mon.sh ss-localhost 8887 &amp;&amp; curl -v --data-urlencode data=&quot;10&quot; --header &quot;If-Match: weak_taint_source_value&quot; --request POST --no-buffer --output /opt/stonesoup/workspace/testData/logfile.txt --silent --show-error http://ss-localhost:8887</script>
                </process>
            </co_processes>
            <post_processes scheme="SEQUENCE">
                <process>
                    <script background="false" encoding="STRING" input_id="lttng_output_UJrREqfpmR" type="USE_TEXT">$SS_TC_DEPS/bin/lttng stop &amp;&amp; $SS_TC_DEPS/bin/lttng view &amp;&amp; $SS_TC_DEPS/bin/lttng destroy</script>
                </process>
            </post_processes>
            <scoring_formula default="GOOD-10-Default">
                <formula name="GOOD-10-Default">STDOUT AND NOT TIMEOUT AND NOT CONTROLLED_EXIT</formula>
            </scoring_formula>
            <output_checks>
                <compare_check check_type="CONTAINS" name="STDOUT">
                    <actual output_type="STANDARD_OUT"></actual>
                    <expected encoding="STRING" type="USE_TEXT">property 'rating' deleted from '404.html'.</expected>
                </compare_check>
                <simple_check check_type="SPECIAL" encoding="STRING" name="TIMEOUT" type="USE_TEXT">DOES_NOT_RETURN</simple_check>
                <simple_check check_type="SPECIAL" encoding="STRING" name="CONTROLLED_EXIT" type="USE_TEXT">CONTROLLED_EXIT</simple_check>
            </output_checks>
        </iopair>
        <iopair name="C-C078A-SUBV-05-ST03-DT06-DF16-CF19-01-BAD-01" reset_scheme="NONE" timeout="300" type="BAD">
            <description>Read a string from the input.  Do nslookup on that string, without checking first if it has any command separators.  This allows the user to run arbitrary commands.

</description>
            <technical_impact>EXECUTE_UNAUTHORIZED_CODE</technical_impact>
            <pre_processes scheme="SEQUENCE">
                <process>
                    <script background="false" encoding="STRING" type="USE_TEXT">printf '' | tee nginx_conf_env.txt</script>
                </process>
                <process delay_after="0" delay_before="0">
                    <script background="false" encoding="STRING" type="USE_TEXT">rm -rf $SS_TC_ROOT/testData/run &amp;&amp; mkdir $SS_TC_ROOT/testData/run</script>
                </process>
                <process delay_after="0" delay_before="0">
                    <script background="false" encoding="STRING" type="USE_TEXT">tar -zxvf $SS_TC_ROOT/testData/good-09/allura.tar.gz --strip-components=1 -C $SS_TC_ROOT/testData/run/</script>
                </process>
                <process>
                    <script background="false" encoding="STRING" type="USE_TEXT">mkdir $SS_TC_ROOT/logs/execute/lttng</script>
                </process>
                <process>
                    <environment_variable encoding="STRING" key="LTTNG_HOME" type="USE_TEXT">$SS_TC_ROOT/logs/execute/lttng</environment_variable>
                </process>
                <process>
                    <environment_variable encoding="STRING" key="SS_RUN_COMMAND_LD_PRELOAD" type="USE_TEXT">$SS_TC_DEPS/lib64/liblttng-stonesoup-c.so:$SS_TC_DEPS/lib64/liblttng-ust-fork.so</environment_variable>
                </process>
                <process>
                    <script background="false" encoding="STRING" type="USE_TEXT">mkdir -p $SS_TC_DEPS/var/run/lttng</script>
                </process>
                <process>
                    <script background="false" encoding="STRING" type="USE_TEXT">$SS_TC_DEPS/bin/lttng create &amp;&amp; $SS_TC_DEPS/bin/lttng enable-event -u -a &amp;&amp; $SS_TC_DEPS/bin/lttng start</script>
                </process>
                <process>
                    <script background="false" encoding="STRING" type="USE_TEXT">rm -rf $SS_TC_ROOT/lockDir</script>
                </process>
            </pre_processes>
            <run_command encoding="STRING" preprend_runcommand="true" type="USE_TEXT">$SS_TC_ROOT/$SS_TC_INSTALL/bin/svn propget rating 404.html</run_command>
            <co_processes scheme="SEQUENCE">
                <process>
                    <script background="false" encoding="STRING" input_id="socket_G5WXivTXCDGI8M0GWwRA" type="USE_TEXT">/opt/stonesoup/workspace/scripts/service_mon.sh ss-localhost 8887 &amp;&amp; curl -v --data-urlencode data=&quot;10; ls -la&quot; --header &quot;If-Match: weak_taint_source_value&quot; --request POST --no-buffer --output /opt/stonesoup/workspace/testData/logfile.txt --silent --show-error http://ss-localhost:8887</script>
                </process>
            </co_processes>
            <post_processes scheme="SEQUENCE">
                <process>
                    <script background="false" encoding="STRING" input_id="lttng_output_Kyq27XjaKZfLdi4sSFi1" type="USE_TEXT">$SS_TC_DEPS/bin/lttng stop &amp;&amp; $SS_TC_DEPS/bin/lttng view &amp;&amp; $SS_TC_DEPS/bin/lttng destroy</script>
                </process>
            </post_processes>
            <scoring_formula default="arg_injection_formula_vaZb3CJpWi">
                <formula name="arg_injection_formula_vaZb3CJpWi">weakness_started_DMwIHk9bRj6uKcpXyQnz AND ((NOT PERFORMER AND (ls_output_ru11iEHxGG OR echo_output_Xujx49Ezu4) AND NOT timeout_MXMvRczbZV) or (PERFORMER AND NOT ((ls_output_ru11iEHxGG OR echo_output_Xujx49Ezu4) OR timeout_MXMvRczbZV OR controlled_exit_0x6u7tAnNB)))</formula>
                <formula name="no_weakness_started_formula_l12LyNL4qz">(NOT PERFORMER AND (ls_output_ru11iEHxGG OR echo_output_Xujx49Ezu4) AND NOT timeout_MXMvRczbZV) or (PERFORMER AND NOT ((ls_output_ru11iEHxGG OR echo_output_Xujx49Ezu4) OR timeout_MXMvRczbZV OR controlled_exit_0x6u7tAnNB))</formula>
            </scoring_formula>
            <output_checks>
                <simple_check check_type="SPECIAL" encoding="STRING" name="timeout_MXMvRczbZV" type="USE_TEXT">DOES_NOT_RETURN</simple_check>
                <simple_check check_type="SPECIAL" encoding="STRING" name="controlled_exit_0x6u7tAnNB" type="USE_TEXT">CONTROLLED_EXIT</simple_check>
                <simple_check check_type="SPECIAL" encoding="STRING" name="continued_execution_FzDLGXnpqH" type="USE_TEXT">CONTINUED_EXECUTION</simple_check>
                <compare_check check_type="REGEX" name="ls_output_ru11iEHxGG">
                    <actual encoding="STRING" output_type="FILE_CONTENTS">../logfile.txt</actual>
                    <expected encoding="STRING" type="USE_TEXT">[ld\-][rwxst\-]{9}</expected>
                </compare_check>
                <compare_check check_type="CONTAINS" name="echo_output_Xujx49Ezu4">
                    <actual encoding="STRING" output_type="FILE_CONTENTS">../logfile.txt</actual>
                    <expected encoding="STRING" type="USE_TEXT">Hello world</expected>
                </compare_check>
                <compare_check check_type="CONTAINS" name="weakness_started_DMwIHk9bRj6uKcpXyQnz">
                    <actual encoding="STRING" input_id_ref="lttng_output_Kyq27XjaKZfLdi4sSFi1" output_type="STANDARD_OUT">None</actual>
                    <expected encoding="STRING" type="USE_TEXT">stonesoup_trace:weakness_start</expected>
                </compare_check>
            </output_checks>
        </iopair>
        <iopair name="C-C078A-SUBV-05-ST03-DT06-DF16-CF19-01-BAD-02" reset_scheme="NONE" timeout="300" type="BAD">
            <description>Read a string from the input.  Do nslookup on that string, without checking first if it has any command separators.  This allows the user to run arbitrary commands.

</description>
            <technical_impact>EXECUTE_UNAUTHORIZED_CODE</technical_impact>
            <pre_processes scheme="SEQUENCE">
                <process>
                    <script background="false" encoding="STRING" type="USE_TEXT">printf '' | tee nginx_conf_env.txt</script>
                </process>
                <process delay_after="0" delay_before="0">
                    <script background="false" encoding="STRING" type="USE_TEXT">rm -rf $SS_TC_ROOT/testData/run &amp;&amp; mkdir $SS_TC_ROOT/testData/run</script>
                </process>
                <process delay_after="0" delay_before="0">
                    <script background="false" encoding="STRING" type="USE_TEXT">tar -zxvf $SS_TC_ROOT/testData/good-09/allura.tar.gz --strip-components=1 -C $SS_TC_ROOT/testData/run/</script>
                </process>
                <process>
                    <script background="false" encoding="STRING" type="USE_TEXT">mkdir $SS_TC_ROOT/logs/execute/lttng</script>
                </process>
                <process>
                    <environment_variable encoding="STRING" key="LTTNG_HOME" type="USE_TEXT">$SS_TC_ROOT/logs/execute/lttng</environment_variable>
                </process>
                <process>
                    <environment_variable encoding="STRING" key="SS_RUN_COMMAND_LD_PRELOAD" type="USE_TEXT">$SS_TC_DEPS/lib64/liblttng-stonesoup-c.so:$SS_TC_DEPS/lib64/liblttng-ust-fork.so</environment_variable>
                </process>
                <process>
                    <script background="false" encoding="STRING" type="USE_TEXT">mkdir -p $SS_TC_DEPS/var/run/lttng</script>
                </process>
                <process>
                    <script background="false" encoding="STRING" type="USE_TEXT">$SS_TC_DEPS/bin/lttng create &amp;&amp; $SS_TC_DEPS/bin/lttng enable-event -u -a &amp;&amp; $SS_TC_DEPS/bin/lttng start</script>
                </process>
                <process>
                    <script background="false" encoding="STRING" type="USE_TEXT">rm -rf $SS_TC_ROOT/lockDir</script>
                </process>
            </pre_processes>
            <run_command encoding="STRING" preprend_runcommand="true" type="USE_TEXT">$SS_TC_ROOT/$SS_TC_INSTALL/bin/svn propget rating 404.html</run_command>
            <co_processes scheme="SEQUENCE">
                <process>
                    <script background="false" encoding="STRING" input_id="socket_QpkjfmkqdpYwc2pdlybo" type="USE_TEXT">/opt/stonesoup/workspace/scripts/service_mon.sh ss-localhost 8887 &amp;&amp; curl -v --data-urlencode data=&quot;localhost; echo Hello world&quot; --header &quot;If-Match: weak_taint_source_value&quot; --request POST --no-buffer --output /opt/stonesoup/workspace/testData/logfile.txt --silent --show-error http://ss-localhost:8887</script>
                </process>
            </co_processes>
            <post_processes scheme="SEQUENCE">
                <process>
                    <script background="false" encoding="STRING" input_id="lttng_output_g5zieVkNnUJb1zd0jQWn" type="USE_TEXT">$SS_TC_DEPS/bin/lttng stop &amp;&amp; $SS_TC_DEPS/bin/lttng view &amp;&amp; $SS_TC_DEPS/bin/lttng destroy</script>
                </process>
            </post_processes>
            <scoring_formula default="arg_injection_formula_zZdi2gf2wW">
                <formula name="arg_injection_formula_zZdi2gf2wW">weakness_started_U677qC7096yuJ7KLipnx AND ((NOT PERFORMER AND (ls_output_THpI384z8r OR echo_output_a9dmU4N15q) AND NOT timeout_xqWWXKHXzG) or (PERFORMER AND NOT ((ls_output_THpI384z8r OR echo_output_a9dmU4N15q) OR timeout_xqWWXKHXzG OR controlled_exit_1KKkKVxNGG)))</formula>
                <formula name="no_weakness_started_formula_PG4nI8ygQL">(NOT PERFORMER AND (ls_output_THpI384z8r OR echo_output_a9dmU4N15q) AND NOT timeout_xqWWXKHXzG) or (PERFORMER AND NOT ((ls_output_THpI384z8r OR echo_output_a9dmU4N15q) OR timeout_xqWWXKHXzG OR controlled_exit_1KKkKVxNGG))</formula>
            </scoring_formula>
            <output_checks>
                <simple_check check_type="SPECIAL" encoding="STRING" name="timeout_xqWWXKHXzG" type="USE_TEXT">DOES_NOT_RETURN</simple_check>
                <simple_check check_type="SPECIAL" encoding="STRING" name="controlled_exit_1KKkKVxNGG" type="USE_TEXT">CONTROLLED_EXIT</simple_check>
                <simple_check check_type="SPECIAL" encoding="STRING" name="continued_execution_TSxyMxjZkQ" type="USE_TEXT">CONTINUED_EXECUTION</simple_check>
                <compare_check check_type="REGEX" name="ls_output_THpI384z8r">
                    <actual encoding="STRING" output_type="FILE_CONTENTS">../logfile.txt</actual>
                    <expected encoding="STRING" type="USE_TEXT">[ld\-][rwxst\-]{9}</expected>
                </compare_check>
                <compare_check check_type="CONTAINS" name="echo_output_a9dmU4N15q">
                    <actual encoding="STRING" output_type="FILE_CONTENTS">../logfile.txt</actual>
                    <expected encoding="STRING" type="USE_TEXT">Hello world</expected>
                </compare_check>
                <compare_check check_type="CONTAINS" name="weakness_started_U677qC7096yuJ7KLipnx">
                    <actual encoding="STRING" input_id_ref="lttng_output_g5zieVkNnUJb1zd0jQWn" output_type="STANDARD_OUT">None</actual>
                    <expected encoding="STRING" type="USE_TEXT">stonesoup_trace:weakness_start</expected>
                </compare_check>
            </output_checks>
        </iopair>
    </iopairs>
</project>
