<?xml version="1.0" encoding="utf-8"?>
<project base_program="C-FFMP" language="C" name="C-C078B-FFMP-06-ST04-DT04-DF06-CF23-01" targeted_architecture="ANY" targeted_os="LINUX" test_case_type="ALL" xmlns="urn:stonesoup:project">
    <description>Creating test case using base program.
Added an environment variable read to get a key in order to read in data from shared memory.
Completed injection.
</description>
    <additional_information>
        <keyvalue key="algorithmic_variant_name">UNSPECIFIED</keyvalue>
        <keyvalue key="root_cause">UNSPECIFIED</keyvalue>
    </additional_information>
    <structure install="install" iodata="testData" scoredata="testOutput" scripts="scripts" source="src"/>
    <run_command>$SS_TC_ROOT/$SS_TC_INSTALL/bin/ffmpeg</run_command>
    <weakness generation_method="FAULT_INJECTED">
        <variant cwe="CWE-78" name="CWE-78-B"/>
        <features>
            <taint_source file_name="/libavfilter/avfilter.c" line_number="0" type="SHARED_MEMORY">
                <method name="avfilter_configuration"/>
            </taint_source>
            <data_type file_name="/libavfilter/avfilter.c" line_number="0" type="HEAP_POINTER">
                <method name="avfilter_configuration"/>
            </data_type>
            <data_flow file_name="/libavfilter/avfilter.c" line_number="0" type="ADDRESS_AS_FUNCTION_RETURN_VALUE">
                <method name="avfilter_configuration"/>
            </data_flow>
            <control_flow file_name="/libavfilter/avfilter.c" line_number="0" type="SET_JUMP_LONG_JUMP">
                <method name="avfilter_configuration"/>
            </control_flow>
        </features>
    </weakness>
    <build_commands cppflags="-DSTONESOUP_TRACE=1" libs="-ldl">
        <command>env</command>
        <command>./configure --prefix=&quot;$SS_TC_ROOT/$SS_TC_INSTALL&quot; --enable-pic --disable-static --enable-shared --disable-yasm --disable-doc --enable-pthreads --disable-w32threads --disable-os2threads --enable-zlib --enable-openssl --disable-asm --extra-cflags=&quot;$SS_CFLAGS&quot; --extra-ldflags=&quot;$SS_LDFLAGS&quot; --extra-libs=&quot;$SS_LIBS&quot;</command>
        <command>mv config.mak config.mak.bak</command>
        <command>awk -v compiler=&quot;$SS_CC&quot; '/CC=gcc/{gsub(/gcc/, compiler)};{print}' config.mak.bak &gt; config.mak &amp;&amp; true</command>
        <command>make V=1</command>
        <command>make install V=1</command>
    </build_commands>
    <iopairs>
        <iopair name="C-C078B-FFMP-06-ST04-DT04-DF06-CF23-01-GOOD-01" reset_scheme="NONE" timeout="300" type="GOOD">
            <description>remove the audio from a video
Read a string from the input.  Check first if it has any command separators and then run it though a URL decoding algorithm.  Then use this string to perform an nslookup by appending it to the end of the command. This allows the user to run arbitrary commands by suplying command separators encoded in url encoding.

</description>
            <technical_impact>NONE</technical_impact>
            <pre_processes scheme="SEQUENCE">
                <process>
                    <script background="false" encoding="STRING" type="USE_TEXT">gcc -o &quot;$SS_TC_ROOT/scripts/shm_setup&quot; &quot;$SS_TC_ROOT/scripts/shm_setup.c&quot;</script>
                </process>
                <process>
                    <script background="false" encoding="STRING" type="USE_TEXT">printf '' | tee nginx_conf_env.txt</script>
                </process>
                <process delay_after="2">
                    <script background="false" encoding="STRING" type="USE_TEXT">nohup shm_setup -k 4789 -s 35 -m &quot;10&quot; -o /opt/stonesoup/workspace/inputDaemons/shared_memory_01.id &gt; /opt/stonesoup/workspace/inputDaemons/shared_memory_01.out 2&gt;&amp;1 &amp; echo $! &gt; /opt/stonesoup/workspace/inputDaemons/shared_memory_01.pid &amp;&amp; echo &quot;Shared memory created&quot;</script>
                </process>
                <process>
                    <script background="false" encoding="STRING" type="USE_TEXT">mkdir $SS_TC_ROOT/logs/execute/lttng</script>
                </process>
                <process>
                    <environment_variable encoding="STRING" key="LTTNG_HOME" type="USE_TEXT">$SS_TC_ROOT/logs/execute/lttng</environment_variable>
                </process>
                <process>
                    <environment_variable encoding="STRING" key="SS_RUN_COMMAND_LD_PRELOAD" type="USE_TEXT">$SS_TC_DEPS/lib64/liblttng-stonesoup-c.so:$SS_TC_DEPS/lib64/liblttng-ust-fork.so</environment_variable>
                </process>
                <process>
                    <script background="false" encoding="STRING" type="USE_TEXT">mkdir -p $SS_TC_DEPS/var/run/lttng</script>
                </process>
                <process>
                    <script background="false" encoding="STRING" type="USE_TEXT">$SS_TC_DEPS/bin/lttng create &amp;&amp; $SS_TC_DEPS/bin/lttng enable-event -u -a &amp;&amp; $SS_TC_DEPS/bin/lttng start</script>
                </process>
                <process>
                    <script background="false" encoding="STRING" type="USE_TEXT">rm -rf $SS_TC_ROOT/lockDir</script>
                </process>
            </pre_processes>
            <run_command encoding="STRING" preprend_runcommand="true" type="USE_TEXT">-an -i grsm_0001-shorter.mov good-01/grsm_0001_no_audio.mov</run_command>
            <post_processes scheme="SEQUENCE">
                <process delay_after="2">
                    <script background="false" encoding="STRING" type="USE_TEXT">if [[ -f &quot;/opt/stonesoup/workspace/inputDaemons/shared_memory_01.pid&quot; ]]; then killtree.sh -s 9 -p $(cat &quot;/opt/stonesoup/workspace/inputDaemons/shared_memory_01.pid&quot;) &amp;&amp; echo &quot;Killed shared memory server.&quot;; else echo &quot;Failed: Shared memory server PID file does not exist.&quot;; fi</script>
                </process>
                <process>
                    <script background="false" encoding="STRING" type="USE_TEXT">if [[ -f &quot;/opt/stonesoup/workspace/inputDaemons/shared_memory_01.id&quot; ]]; then ipcrm -m $(cat &quot;/opt/stonesoup/workspace/inputDaemons/shared_memory_01.id&quot;) &amp;&amp; echo &quot;Deleted shared memory segment.&quot;; else echo &quot;Failed: Shared memory ID file does not exist.&quot;; fi</script>
                </process>
                <process>
                    <script background="false" encoding="STRING" input_id="lttng_output_uaWVh9DSla" type="USE_TEXT">$SS_TC_DEPS/bin/lttng stop &amp;&amp; $SS_TC_DEPS/bin/lttng view &amp;&amp; $SS_TC_DEPS/bin/lttng destroy</script>
                </process>
            </post_processes>
            <scoring_formula default="GOOD-01-Default">
                <formula name="GOOD-01-Default">(GOOD-01-CENTOS OR GOOD-01-UBUNTU OR GOOD-01-DEBIAN) AND NOT TIMEOUT AND NOT CONTROLLED_EXIT</formula>
            </scoring_formula>
            <output_checks>
                <compare_check check_type="CONTAINS" name="GOOD-01-CENTOS">
                    <actual output_type="FILE_CONTENTS">good-01/grsm_0001_no_audio.mov</actual>
                    <expected encoding="STRING" type="USE_FILE_CONTENTS">good-01/grsm_0001_no_audio-centos.mov</expected>
                </compare_check>
                <compare_check check_type="CONTAINS" name="GOOD-01-UBUNTU">
                    <actual output_type="FILE_CONTENTS">good-01/grsm_0001_no_audio.mov</actual>
                    <expected encoding="STRING" type="USE_FILE_CONTENTS">good-01/grsm_0001_no_audio-ubuntu.mov</expected>
                </compare_check>
                <compare_check check_type="CONTAINS" name="GOOD-01-DEBIAN">
                    <actual output_type="FILE_CONTENTS">good-01/grsm_0001_no_audio.mov</actual>
                    <expected encoding="STRING" type="USE_FILE_CONTENTS">good-01/grsm_0001_no_audio-debian.mov</expected>
                </compare_check>
                <simple_check check_type="SPECIAL" encoding="STRING" name="TIMEOUT" type="USE_TEXT">DOES_NOT_RETURN</simple_check>
                <simple_check check_type="SPECIAL" encoding="STRING" name="CONTROLLED_EXIT" type="USE_TEXT">CONTROLLED_EXIT</simple_check>
            </output_checks>
        </iopair>
        <iopair name="C-C078B-FFMP-06-ST04-DT04-DF06-CF23-01-GOOD-02" reset_scheme="NONE" timeout="300" type="GOOD">
            <description>change the frame rate and aspect ration of a video
Read a string from the input.  Check first if it has any command separators and then run it though a URL decoding algorithm.  Then use this string to perform an nslookup by appending it to the end of the command. This allows the user to run arbitrary commands by suplying command separators encoded in url encoding.

</description>
            <technical_impact>NONE</technical_impact>
            <pre_processes scheme="SEQUENCE">
                <process>
                    <script background="false" encoding="STRING" type="USE_TEXT">gcc -o &quot;$SS_TC_ROOT/scripts/shm_setup&quot; &quot;$SS_TC_ROOT/scripts/shm_setup.c&quot;</script>
                </process>
                <process>
                    <script background="false" encoding="STRING" type="USE_TEXT">printf '' | tee nginx_conf_env.txt</script>
                </process>
                <process delay_after="2">
                    <script background="false" encoding="STRING" type="USE_TEXT">nohup shm_setup -k 4789 -s 35 -m &quot;google.com&quot; -o /opt/stonesoup/workspace/inputDaemons/shared_memory_01.id &gt; /opt/stonesoup/workspace/inputDaemons/shared_memory_01.out 2&gt;&amp;1 &amp; echo $! &gt; /opt/stonesoup/workspace/inputDaemons/shared_memory_01.pid &amp;&amp; echo &quot;Shared memory created&quot;</script>
                </process>
                <process>
                    <script background="false" encoding="STRING" type="USE_TEXT">mkdir $SS_TC_ROOT/logs/execute/lttng</script>
                </process>
                <process>
                    <environment_variable encoding="STRING" key="LTTNG_HOME" type="USE_TEXT">$SS_TC_ROOT/logs/execute/lttng</environment_variable>
                </process>
                <process>
                    <environment_variable encoding="STRING" key="SS_RUN_COMMAND_LD_PRELOAD" type="USE_TEXT">$SS_TC_DEPS/lib64/liblttng-stonesoup-c.so:$SS_TC_DEPS/lib64/liblttng-ust-fork.so</environment_variable>
                </process>
                <process>
                    <script background="false" encoding="STRING" type="USE_TEXT">mkdir -p $SS_TC_DEPS/var/run/lttng</script>
                </process>
                <process>
                    <script background="false" encoding="STRING" type="USE_TEXT">$SS_TC_DEPS/bin/lttng create &amp;&amp; $SS_TC_DEPS/bin/lttng enable-event -u -a &amp;&amp; $SS_TC_DEPS/bin/lttng start</script>
                </process>
                <process>
                    <script background="false" encoding="STRING" type="USE_TEXT">rm -rf $SS_TC_ROOT/lockDir</script>
                </process>
            </pre_processes>
            <run_command encoding="STRING" preprend_runcommand="true" type="USE_TEXT">-r 20 -aspect 16:9 -i elis_m0001-shorter.mov good-02/elis_m0001_rate_aspect.mov</run_command>
            <post_processes scheme="SEQUENCE">
                <process delay_after="2">
                    <script background="false" encoding="STRING" type="USE_TEXT">if [[ -f &quot;/opt/stonesoup/workspace/inputDaemons/shared_memory_01.pid&quot; ]]; then killtree.sh -s 9 -p $(cat &quot;/opt/stonesoup/workspace/inputDaemons/shared_memory_01.pid&quot;) &amp;&amp; echo &quot;Killed shared memory server.&quot;; else echo &quot;Failed: Shared memory server PID file does not exist.&quot;; fi</script>
                </process>
                <process>
                    <script background="false" encoding="STRING" type="USE_TEXT">if [[ -f &quot;/opt/stonesoup/workspace/inputDaemons/shared_memory_01.id&quot; ]]; then ipcrm -m $(cat &quot;/opt/stonesoup/workspace/inputDaemons/shared_memory_01.id&quot;) &amp;&amp; echo &quot;Deleted shared memory segment.&quot;; else echo &quot;Failed: Shared memory ID file does not exist.&quot;; fi</script>
                </process>
                <process>
                    <script background="false" encoding="STRING" input_id="lttng_output_ul8lkdNMEY" type="USE_TEXT">$SS_TC_DEPS/bin/lttng stop &amp;&amp; $SS_TC_DEPS/bin/lttng view &amp;&amp; $SS_TC_DEPS/bin/lttng destroy</script>
                </process>
            </post_processes>
            <scoring_formula default="GOOD-02-Default">
                <formula name="GOOD-02-Default">(GOOD-02-CENTOS OR GOOD-02-UBUNTU OR GOOD-02-DEBIAN) AND NOT TIMEOUT AND NOT CONTROLLED_EXIT</formula>
            </scoring_formula>
            <output_checks>
                <compare_check check_type="CONTAINS" name="GOOD-02-CENTOS">
                    <actual output_type="FILE_CONTENTS">good-02/elis_m0001_rate_aspect.mov</actual>
                    <expected encoding="STRING" type="USE_FILE_CONTENTS">good-02/elis_m0001_rate_aspect-centos.mov</expected>
                </compare_check>
                <compare_check check_type="CONTAINS" name="GOOD-02-UBUNTU">
                    <actual output_type="FILE_CONTENTS">good-02/elis_m0001_rate_aspect.mov</actual>
                    <expected encoding="STRING" type="USE_FILE_CONTENTS">good-02/elis_m0001_rate_aspect-ubuntu.mov</expected>
                </compare_check>
                <compare_check check_type="CONTAINS" name="GOOD-02-DEBIAN">
                    <actual output_type="FILE_CONTENTS">good-02/elis_m0001_rate_aspect.mov</actual>
                    <expected encoding="STRING" type="USE_FILE_CONTENTS">good-02/elis_m0001_rate_aspect-debian.mov</expected>
                </compare_check>
                <simple_check check_type="SPECIAL" encoding="STRING" name="TIMEOUT" type="USE_TEXT">DOES_NOT_RETURN</simple_check>
                <simple_check check_type="SPECIAL" encoding="STRING" name="CONTROLLED_EXIT" type="USE_TEXT">CONTROLLED_EXIT</simple_check>
            </output_checks>
        </iopair>
        <iopair name="C-C078B-FFMP-06-ST04-DT04-DF06-CF23-01-GOOD-03" reset_scheme="NONE" timeout="300" type="GOOD">
            <description>remove the audio and change the video format from .mov to .mp4 using the mpeg4 codec
Read a string from the input.  Check first if it has any command separators and then run it though a URL decoding algorithm.  Then use this string to perform an nslookup by appending it to the end of the command. This allows the user to run arbitrary commands by suplying command separators encoded in url encoding.

</description>
            <technical_impact>NONE</technical_impact>
            <pre_processes scheme="SEQUENCE">
                <process>
                    <script background="false" encoding="STRING" type="USE_TEXT">gcc -o &quot;$SS_TC_ROOT/scripts/shm_setup&quot; &quot;$SS_TC_ROOT/scripts/shm_setup.c&quot;</script>
                </process>
                <process>
                    <script background="false" encoding="STRING" type="USE_TEXT">printf '' | tee nginx_conf_env.txt</script>
                </process>
                <process delay_after="2">
                    <script background="false" encoding="STRING" type="USE_TEXT">nohup shm_setup -k 4789 -s 35 -m &quot;localhost&quot; -o /opt/stonesoup/workspace/inputDaemons/shared_memory_01.id &gt; /opt/stonesoup/workspace/inputDaemons/shared_memory_01.out 2&gt;&amp;1 &amp; echo $! &gt; /opt/stonesoup/workspace/inputDaemons/shared_memory_01.pid &amp;&amp; echo &quot;Shared memory created&quot;</script>
                </process>
                <process>
                    <script background="false" encoding="STRING" type="USE_TEXT">mkdir $SS_TC_ROOT/logs/execute/lttng</script>
                </process>
                <process>
                    <environment_variable encoding="STRING" key="LTTNG_HOME" type="USE_TEXT">$SS_TC_ROOT/logs/execute/lttng</environment_variable>
                </process>
                <process>
                    <environment_variable encoding="STRING" key="SS_RUN_COMMAND_LD_PRELOAD" type="USE_TEXT">$SS_TC_DEPS/lib64/liblttng-stonesoup-c.so:$SS_TC_DEPS/lib64/liblttng-ust-fork.so</environment_variable>
                </process>
                <process>
                    <script background="false" encoding="STRING" type="USE_TEXT">mkdir -p $SS_TC_DEPS/var/run/lttng</script>
                </process>
                <process>
                    <script background="false" encoding="STRING" type="USE_TEXT">$SS_TC_DEPS/bin/lttng create &amp;&amp; $SS_TC_DEPS/bin/lttng enable-event -u -a &amp;&amp; $SS_TC_DEPS/bin/lttng start</script>
                </process>
                <process>
                    <script background="false" encoding="STRING" type="USE_TEXT">rm -rf $SS_TC_ROOT/lockDir</script>
                </process>
            </pre_processes>
            <run_command encoding="STRING" preprend_runcommand="true" type="USE_TEXT">-an -i bost_people_0001-shorter.mov -vcodec mpeg4 -strict -2 good-03/bost_people_0001.mp4</run_command>
            <post_processes scheme="SEQUENCE">
                <process delay_after="2">
                    <script background="false" encoding="STRING" type="USE_TEXT">if [[ -f &quot;/opt/stonesoup/workspace/inputDaemons/shared_memory_01.pid&quot; ]]; then killtree.sh -s 9 -p $(cat &quot;/opt/stonesoup/workspace/inputDaemons/shared_memory_01.pid&quot;) &amp;&amp; echo &quot;Killed shared memory server.&quot;; else echo &quot;Failed: Shared memory server PID file does not exist.&quot;; fi</script>
                </process>
                <process>
                    <script background="false" encoding="STRING" type="USE_TEXT">if [[ -f &quot;/opt/stonesoup/workspace/inputDaemons/shared_memory_01.id&quot; ]]; then ipcrm -m $(cat &quot;/opt/stonesoup/workspace/inputDaemons/shared_memory_01.id&quot;) &amp;&amp; echo &quot;Deleted shared memory segment.&quot;; else echo &quot;Failed: Shared memory ID file does not exist.&quot;; fi</script>
                </process>
                <process>
                    <script background="false" encoding="STRING" input_id="lttng_output_LqhwoXOQWo" type="USE_TEXT">$SS_TC_DEPS/bin/lttng stop &amp;&amp; $SS_TC_DEPS/bin/lttng view &amp;&amp; $SS_TC_DEPS/bin/lttng destroy</script>
                </process>
            </post_processes>
            <scoring_formula default="GOOD-03-Default">
                <formula name="GOOD-03-Default">(GOOD-03-CENTOS OR GOOD-03-UBUNTU OR GOOD-03-DEBIAN) AND NOT TIMEOUT AND NOT CONTROLLED_EXIT</formula>
            </scoring_formula>
            <output_checks>
                <compare_check check_type="CONTAINS" name="GOOD-03-CENTOS">
                    <actual output_type="FILE_CONTENTS">good-03/bost_people_0001.mp4</actual>
                    <expected encoding="STRING" type="USE_FILE_CONTENTS">good-03/bost_people_0001-centos.mp4</expected>
                </compare_check>
                <compare_check check_type="CONTAINS" name="GOOD-03-UBUNTU">
                    <actual output_type="FILE_CONTENTS">good-03/bost_people_0001.mp4</actual>
                    <expected encoding="STRING" type="USE_FILE_CONTENTS">good-03/bost_people_0001-ubuntu.mp4</expected>
                </compare_check>
                <compare_check check_type="CONTAINS" name="GOOD-03-DEBIAN">
                    <actual output_type="FILE_CONTENTS">good-03/bost_people_0001.mp4</actual>
                    <expected encoding="STRING" type="USE_FILE_CONTENTS">good-03/bost_people_0001-debian.mp4</expected>
                </compare_check>
                <simple_check check_type="SPECIAL" encoding="STRING" name="TIMEOUT" type="USE_TEXT">DOES_NOT_RETURN</simple_check>
                <simple_check check_type="SPECIAL" encoding="STRING" name="CONTROLLED_EXIT" type="USE_TEXT">CONTROLLED_EXIT</simple_check>
            </output_checks>
        </iopair>
        <iopair name="C-C078B-FFMP-06-ST04-DT04-DF06-CF23-01-GOOD-04" reset_scheme="NONE" timeout="300" type="GOOD">
            <description>copy the audio file and convert the number of audio channels to 2.
Read a string from the input.  Check first if it has any command separators and then run it though a URL decoding algorithm.  Then use this string to perform an nslookup by appending it to the end of the command. This allows the user to run arbitrary commands by suplying command separators encoded in url encoding.

</description>
            <technical_impact>NONE</technical_impact>
            <pre_processes scheme="SEQUENCE">
                <process>
                    <script background="false" encoding="STRING" type="USE_TEXT">gcc -o &quot;$SS_TC_ROOT/scripts/shm_setup&quot; &quot;$SS_TC_ROOT/scripts/shm_setup.c&quot;</script>
                </process>
                <process>
                    <script background="false" encoding="STRING" type="USE_TEXT">printf '' | tee nginx_conf_env.txt</script>
                </process>
                <process delay_after="2">
                    <script background="false" encoding="STRING" type="USE_TEXT">nohup shm_setup -k 4789 -s 35 -m &quot;10&quot; -o /opt/stonesoup/workspace/inputDaemons/shared_memory_01.id &gt; /opt/stonesoup/workspace/inputDaemons/shared_memory_01.out 2&gt;&amp;1 &amp; echo $! &gt; /opt/stonesoup/workspace/inputDaemons/shared_memory_01.pid &amp;&amp; echo &quot;Shared memory created&quot;</script>
                </process>
                <process>
                    <script background="false" encoding="STRING" type="USE_TEXT">mkdir $SS_TC_ROOT/logs/execute/lttng</script>
                </process>
                <process>
                    <environment_variable encoding="STRING" key="LTTNG_HOME" type="USE_TEXT">$SS_TC_ROOT/logs/execute/lttng</environment_variable>
                </process>
                <process>
                    <environment_variable encoding="STRING" key="SS_RUN_COMMAND_LD_PRELOAD" type="USE_TEXT">$SS_TC_DEPS/lib64/liblttng-stonesoup-c.so:$SS_TC_DEPS/lib64/liblttng-ust-fork.so</environment_variable>
                </process>
                <process>
                    <script background="false" encoding="STRING" type="USE_TEXT">mkdir -p $SS_TC_DEPS/var/run/lttng</script>
                </process>
                <process>
                    <script background="false" encoding="STRING" type="USE_TEXT">$SS_TC_DEPS/bin/lttng create &amp;&amp; $SS_TC_DEPS/bin/lttng enable-event -u -a &amp;&amp; $SS_TC_DEPS/bin/lttng start</script>
                </process>
                <process>
                    <script background="false" encoding="STRING" type="USE_TEXT">rm -rf $SS_TC_ROOT/lockDir</script>
                </process>
            </pre_processes>
            <run_command encoding="STRING" preprend_runcommand="true" type="USE_TEXT">-i ApacheTomcat-SomewhereInMyMind.mp3 -acodec copy -ac 2 good-04/ApacheTomcat_dualchannelaudio.mp3</run_command>
            <post_processes scheme="SEQUENCE">
                <process delay_after="2">
                    <script background="false" encoding="STRING" type="USE_TEXT">if [[ -f &quot;/opt/stonesoup/workspace/inputDaemons/shared_memory_01.pid&quot; ]]; then killtree.sh -s 9 -p $(cat &quot;/opt/stonesoup/workspace/inputDaemons/shared_memory_01.pid&quot;) &amp;&amp; echo &quot;Killed shared memory server.&quot;; else echo &quot;Failed: Shared memory server PID file does not exist.&quot;; fi</script>
                </process>
                <process>
                    <script background="false" encoding="STRING" type="USE_TEXT">if [[ -f &quot;/opt/stonesoup/workspace/inputDaemons/shared_memory_01.id&quot; ]]; then ipcrm -m $(cat &quot;/opt/stonesoup/workspace/inputDaemons/shared_memory_01.id&quot;) &amp;&amp; echo &quot;Deleted shared memory segment.&quot;; else echo &quot;Failed: Shared memory ID file does not exist.&quot;; fi</script>
                </process>
                <process>
                    <script background="false" encoding="STRING" input_id="lttng_output_yNO7tEVbuX" type="USE_TEXT">$SS_TC_DEPS/bin/lttng stop &amp;&amp; $SS_TC_DEPS/bin/lttng view &amp;&amp; $SS_TC_DEPS/bin/lttng destroy</script>
                </process>
            </post_processes>
            <scoring_formula default="GOOD-04-Default">
                <formula name="GOOD-04-Default">GOOD-04 AND NOT TIMEOUT AND NOT CONTROLLED_EXIT</formula>
            </scoring_formula>
            <output_checks>
                <compare_check check_type="CONTAINS" name="GOOD-04">
                    <actual output_type="FILE_CONTENTS">good-04/ApacheTomcat_dualchannelaudio.mp3</actual>
                    <expected encoding="STRING" type="USE_FILE_CONTENTS">good-04/ApacheTomcat_dualchannelaudio.mp3</expected>
                </compare_check>
                <simple_check check_type="SPECIAL" encoding="STRING" name="TIMEOUT" type="USE_TEXT">DOES_NOT_RETURN</simple_check>
                <simple_check check_type="SPECIAL" encoding="STRING" name="CONTROLLED_EXIT" type="USE_TEXT">CONTROLLED_EXIT</simple_check>
            </output_checks>
        </iopair>
        <iopair name="C-C078B-FFMP-06-ST04-DT04-DF06-CF23-01-GOOD-05" reset_scheme="NONE" timeout="300" type="GOOD">
            <description>remove original audio from a file and combine the audio from another file to create a new video and audio file
Read a string from the input.  Check first if it has any command separators and then run it though a URL decoding algorithm.  Then use this string to perform an nslookup by appending it to the end of the command. This allows the user to run arbitrary commands by suplying command separators encoded in url encoding.

</description>
            <technical_impact>NONE</technical_impact>
            <pre_processes scheme="SEQUENCE">
                <process>
                    <script background="false" encoding="STRING" type="USE_TEXT">gcc -o &quot;$SS_TC_ROOT/scripts/shm_setup&quot; &quot;$SS_TC_ROOT/scripts/shm_setup.c&quot;</script>
                </process>
                <process>
                    <script background="false" encoding="STRING" type="USE_TEXT">printf '' | tee nginx_conf_env.txt</script>
                </process>
                <process delay_after="2">
                    <script background="false" encoding="STRING" type="USE_TEXT">nohup shm_setup -k 4789 -s 35 -m &quot;google.com&quot; -o /opt/stonesoup/workspace/inputDaemons/shared_memory_01.id &gt; /opt/stonesoup/workspace/inputDaemons/shared_memory_01.out 2&gt;&amp;1 &amp; echo $! &gt; /opt/stonesoup/workspace/inputDaemons/shared_memory_01.pid &amp;&amp; echo &quot;Shared memory created&quot;</script>
                </process>
                <process>
                    <script background="false" encoding="STRING" type="USE_TEXT">mkdir $SS_TC_ROOT/logs/execute/lttng</script>
                </process>
                <process>
                    <environment_variable encoding="STRING" key="LTTNG_HOME" type="USE_TEXT">$SS_TC_ROOT/logs/execute/lttng</environment_variable>
                </process>
                <process>
                    <environment_variable encoding="STRING" key="SS_RUN_COMMAND_LD_PRELOAD" type="USE_TEXT">$SS_TC_DEPS/lib64/liblttng-stonesoup-c.so:$SS_TC_DEPS/lib64/liblttng-ust-fork.so</environment_variable>
                </process>
                <process>
                    <script background="false" encoding="STRING" type="USE_TEXT">mkdir -p $SS_TC_DEPS/var/run/lttng</script>
                </process>
                <process>
                    <script background="false" encoding="STRING" type="USE_TEXT">$SS_TC_DEPS/bin/lttng create &amp;&amp; $SS_TC_DEPS/bin/lttng enable-event -u -a &amp;&amp; $SS_TC_DEPS/bin/lttng start</script>
                </process>
                <process>
                    <script background="false" encoding="STRING" type="USE_TEXT">rm -rf $SS_TC_ROOT/lockDir</script>
                </process>
            </pre_processes>
            <run_command encoding="STRING" preprend_runcommand="true" type="USE_TEXT">-an -i grsm_0001-shorter.mov -i ApacheTomcat-SomewhereInMyMind.mp3 -acodec copy good-05/combined.mov</run_command>
            <post_processes scheme="SEQUENCE">
                <process delay_after="2">
                    <script background="false" encoding="STRING" type="USE_TEXT">if [[ -f &quot;/opt/stonesoup/workspace/inputDaemons/shared_memory_01.pid&quot; ]]; then killtree.sh -s 9 -p $(cat &quot;/opt/stonesoup/workspace/inputDaemons/shared_memory_01.pid&quot;) &amp;&amp; echo &quot;Killed shared memory server.&quot;; else echo &quot;Failed: Shared memory server PID file does not exist.&quot;; fi</script>
                </process>
                <process>
                    <script background="false" encoding="STRING" type="USE_TEXT">if [[ -f &quot;/opt/stonesoup/workspace/inputDaemons/shared_memory_01.id&quot; ]]; then ipcrm -m $(cat &quot;/opt/stonesoup/workspace/inputDaemons/shared_memory_01.id&quot;) &amp;&amp; echo &quot;Deleted shared memory segment.&quot;; else echo &quot;Failed: Shared memory ID file does not exist.&quot;; fi</script>
                </process>
                <process>
                    <script background="false" encoding="STRING" input_id="lttng_output_kcO3C29vKV" type="USE_TEXT">$SS_TC_DEPS/bin/lttng stop &amp;&amp; $SS_TC_DEPS/bin/lttng view &amp;&amp; $SS_TC_DEPS/bin/lttng destroy</script>
                </process>
            </post_processes>
            <scoring_formula default="GOOD-05-Default">
                <formula name="GOOD-05-Default">(GOOD-05-CENTOS OR GOOD-05-UBUNTU OR GOOD-05-DEBIAN) AND NOT TIMEOUT AND NOT CONTROLLED_EXIT</formula>
            </scoring_formula>
            <output_checks>
                <compare_check check_type="CONTAINS" name="GOOD-05-CENTOS">
                    <actual output_type="FILE_CONTENTS">good-05/combined.mov</actual>
                    <expected encoding="STRING" type="USE_FILE_CONTENTS">good-05/combined-centos.mov</expected>
                </compare_check>
                <compare_check check_type="CONTAINS" name="GOOD-05-UBUNTU">
                    <actual output_type="FILE_CONTENTS">good-05/combined.mov</actual>
                    <expected encoding="STRING" type="USE_FILE_CONTENTS">good-05/combined-ubuntu.mov</expected>
                </compare_check>
                <compare_check check_type="CONTAINS" name="GOOD-05-DEBIAN">
                    <actual output_type="FILE_CONTENTS">good-05/combined.mov</actual>
                    <expected encoding="STRING" type="USE_FILE_CONTENTS">good-05/combined-debian.mov</expected>
                </compare_check>
                <simple_check check_type="SPECIAL" encoding="STRING" name="TIMEOUT" type="USE_TEXT">DOES_NOT_RETURN</simple_check>
                <simple_check check_type="SPECIAL" encoding="STRING" name="CONTROLLED_EXIT" type="USE_TEXT">CONTROLLED_EXIT</simple_check>
            </output_checks>
        </iopair>
        <iopair name="C-C078B-FFMP-06-ST04-DT04-DF06-CF23-01-GOOD-06" reset_scheme="NONE" timeout="600" type="GOOD">
            <description>Convert the size of a video to vga (640x480)
Read a string from the input.  Check first if it has any command separators and then run it though a URL decoding algorithm.  Then use this string to perform an nslookup by appending it to the end of the command. This allows the user to run arbitrary commands by suplying command separators encoded in url encoding.

</description>
            <technical_impact>NONE</technical_impact>
            <pre_processes scheme="SEQUENCE">
                <process>
                    <script background="false" encoding="STRING" type="USE_TEXT">gcc -o &quot;$SS_TC_ROOT/scripts/shm_setup&quot; &quot;$SS_TC_ROOT/scripts/shm_setup.c&quot;</script>
                </process>
                <process>
                    <script background="false" encoding="STRING" type="USE_TEXT">printf '' | tee nginx_conf_env.txt</script>
                </process>
                <process delay_after="2">
                    <script background="false" encoding="STRING" type="USE_TEXT">nohup shm_setup -k 4789 -s 35 -m &quot;localhost&quot; -o /opt/stonesoup/workspace/inputDaemons/shared_memory_01.id &gt; /opt/stonesoup/workspace/inputDaemons/shared_memory_01.out 2&gt;&amp;1 &amp; echo $! &gt; /opt/stonesoup/workspace/inputDaemons/shared_memory_01.pid &amp;&amp; echo &quot;Shared memory created&quot;</script>
                </process>
                <process>
                    <script background="false" encoding="STRING" type="USE_TEXT">mkdir $SS_TC_ROOT/logs/execute/lttng</script>
                </process>
                <process>
                    <environment_variable encoding="STRING" key="LTTNG_HOME" type="USE_TEXT">$SS_TC_ROOT/logs/execute/lttng</environment_variable>
                </process>
                <process>
                    <environment_variable encoding="STRING" key="SS_RUN_COMMAND_LD_PRELOAD" type="USE_TEXT">$SS_TC_DEPS/lib64/liblttng-stonesoup-c.so:$SS_TC_DEPS/lib64/liblttng-ust-fork.so</environment_variable>
                </process>
                <process>
                    <script background="false" encoding="STRING" type="USE_TEXT">mkdir -p $SS_TC_DEPS/var/run/lttng</script>
                </process>
                <process>
                    <script background="false" encoding="STRING" type="USE_TEXT">$SS_TC_DEPS/bin/lttng create &amp;&amp; $SS_TC_DEPS/bin/lttng enable-event -u -a &amp;&amp; $SS_TC_DEPS/bin/lttng start</script>
                </process>
                <process>
                    <script background="false" encoding="STRING" type="USE_TEXT">rm -rf $SS_TC_ROOT/lockDir</script>
                </process>
            </pre_processes>
            <run_command encoding="STRING" preprend_runcommand="true" type="USE_TEXT">-i good-06/combined.mov -strict -2 -s vga good-06/combined_vga_sized.mov</run_command>
            <post_processes scheme="SEQUENCE">
                <process delay_after="2">
                    <script background="false" encoding="STRING" type="USE_TEXT">if [[ -f &quot;/opt/stonesoup/workspace/inputDaemons/shared_memory_01.pid&quot; ]]; then killtree.sh -s 9 -p $(cat &quot;/opt/stonesoup/workspace/inputDaemons/shared_memory_01.pid&quot;) &amp;&amp; echo &quot;Killed shared memory server.&quot;; else echo &quot;Failed: Shared memory server PID file does not exist.&quot;; fi</script>
                </process>
                <process>
                    <script background="false" encoding="STRING" type="USE_TEXT">if [[ -f &quot;/opt/stonesoup/workspace/inputDaemons/shared_memory_01.id&quot; ]]; then ipcrm -m $(cat &quot;/opt/stonesoup/workspace/inputDaemons/shared_memory_01.id&quot;) &amp;&amp; echo &quot;Deleted shared memory segment.&quot;; else echo &quot;Failed: Shared memory ID file does not exist.&quot;; fi</script>
                </process>
                <process>
                    <script background="false" encoding="STRING" input_id="lttng_output_q4GixjiH8n" type="USE_TEXT">$SS_TC_DEPS/bin/lttng stop &amp;&amp; $SS_TC_DEPS/bin/lttng view &amp;&amp; $SS_TC_DEPS/bin/lttng destroy</script>
                </process>
            </post_processes>
            <scoring_formula default="GOOD-06-Default">
                <formula name="GOOD-06-Default">(GOOD-06-CENTOS OR GOOD-06-UBUNTU OR GOOD-06-DEBIAN) AND NOT TIMEOUT AND NOT CONTROLLED_EXIT</formula>
            </scoring_formula>
            <output_checks>
                <compare_check check_type="CONTAINS" name="GOOD-06-CENTOS">
                    <actual output_type="FILE_CONTENTS">good-06/combined_vga_sized.mov</actual>
                    <expected encoding="STRING" type="USE_FILE_CONTENTS">good-06/combined_vga_sized-centos.mov</expected>
                </compare_check>
                <compare_check check_type="CONTAINS" name="GOOD-06-UBUNTU">
                    <actual output_type="FILE_CONTENTS">good-06/combined_vga_sized.mov</actual>
                    <expected encoding="STRING" type="USE_FILE_CONTENTS">good-06/combined_vga_sized-ubuntu.mov</expected>
                </compare_check>
                <compare_check check_type="CONTAINS" name="GOOD-06-DEBIAN">
                    <actual output_type="FILE_CONTENTS">good-06/combined_vga_sized.mov</actual>
                    <expected encoding="STRING" type="USE_FILE_CONTENTS">good-06/combined_vga_sized-debian.mov</expected>
                </compare_check>
                <simple_check check_type="SPECIAL" encoding="STRING" name="TIMEOUT" type="USE_TEXT">DOES_NOT_RETURN</simple_check>
                <simple_check check_type="SPECIAL" encoding="STRING" name="CONTROLLED_EXIT" type="USE_TEXT">CONTROLLED_EXIT</simple_check>
            </output_checks>
        </iopair>
        <iopair name="C-C078B-FFMP-06-ST04-DT04-DF06-CF23-01-GOOD-07" reset_scheme="NONE" timeout="300" type="GOOD">
            <description>Covert a .wav file to .mp2 at 22050Hz
Read a string from the input.  Check first if it has any command separators and then run it though a URL decoding algorithm.  Then use this string to perform an nslookup by appending it to the end of the command. This allows the user to run arbitrary commands by suplying command separators encoded in url encoding.

</description>
            <technical_impact>NONE</technical_impact>
            <pre_processes scheme="SEQUENCE">
                <process>
                    <script background="false" encoding="STRING" type="USE_TEXT">gcc -o &quot;$SS_TC_ROOT/scripts/shm_setup&quot; &quot;$SS_TC_ROOT/scripts/shm_setup.c&quot;</script>
                </process>
                <process>
                    <script background="false" encoding="STRING" type="USE_TEXT">printf '' | tee nginx_conf_env.txt</script>
                </process>
                <process delay_after="2">
                    <script background="false" encoding="STRING" type="USE_TEXT">nohup shm_setup -k 4789 -s 35 -m &quot;10&quot; -o /opt/stonesoup/workspace/inputDaemons/shared_memory_01.id &gt; /opt/stonesoup/workspace/inputDaemons/shared_memory_01.out 2&gt;&amp;1 &amp; echo $! &gt; /opt/stonesoup/workspace/inputDaemons/shared_memory_01.pid &amp;&amp; echo &quot;Shared memory created&quot;</script>
                </process>
                <process>
                    <script background="false" encoding="STRING" type="USE_TEXT">mkdir $SS_TC_ROOT/logs/execute/lttng</script>
                </process>
                <process>
                    <environment_variable encoding="STRING" key="LTTNG_HOME" type="USE_TEXT">$SS_TC_ROOT/logs/execute/lttng</environment_variable>
                </process>
                <process>
                    <environment_variable encoding="STRING" key="SS_RUN_COMMAND_LD_PRELOAD" type="USE_TEXT">$SS_TC_DEPS/lib64/liblttng-stonesoup-c.so:$SS_TC_DEPS/lib64/liblttng-ust-fork.so</environment_variable>
                </process>
                <process>
                    <script background="false" encoding="STRING" type="USE_TEXT">mkdir -p $SS_TC_DEPS/var/run/lttng</script>
                </process>
                <process>
                    <script background="false" encoding="STRING" type="USE_TEXT">$SS_TC_DEPS/bin/lttng create &amp;&amp; $SS_TC_DEPS/bin/lttng enable-event -u -a &amp;&amp; $SS_TC_DEPS/bin/lttng start</script>
                </process>
                <process>
                    <script background="false" encoding="STRING" type="USE_TEXT">rm -rf $SS_TC_ROOT/lockDir</script>
                </process>
            </pre_processes>
            <run_command encoding="STRING" preprend_runcommand="true" type="USE_TEXT">-i good-07/Bow_To_My_firewall.wav -ar 22050 good-07/Bow_To_My_firewall.mp2</run_command>
            <post_processes scheme="SEQUENCE">
                <process delay_after="2">
                    <script background="false" encoding="STRING" type="USE_TEXT">if [[ -f &quot;/opt/stonesoup/workspace/inputDaemons/shared_memory_01.pid&quot; ]]; then killtree.sh -s 9 -p $(cat &quot;/opt/stonesoup/workspace/inputDaemons/shared_memory_01.pid&quot;) &amp;&amp; echo &quot;Killed shared memory server.&quot;; else echo &quot;Failed: Shared memory server PID file does not exist.&quot;; fi</script>
                </process>
                <process>
                    <script background="false" encoding="STRING" type="USE_TEXT">if [[ -f &quot;/opt/stonesoup/workspace/inputDaemons/shared_memory_01.id&quot; ]]; then ipcrm -m $(cat &quot;/opt/stonesoup/workspace/inputDaemons/shared_memory_01.id&quot;) &amp;&amp; echo &quot;Deleted shared memory segment.&quot;; else echo &quot;Failed: Shared memory ID file does not exist.&quot;; fi</script>
                </process>
                <process>
                    <script background="false" encoding="STRING" input_id="lttng_output_KJA7U2FbXd" type="USE_TEXT">$SS_TC_DEPS/bin/lttng stop &amp;&amp; $SS_TC_DEPS/bin/lttng view &amp;&amp; $SS_TC_DEPS/bin/lttng destroy</script>
                </process>
            </post_processes>
            <scoring_formula default="GOOD-07-Default">
                <formula name="GOOD-07-Default">GOOD-07 AND NOT TIMEOUT AND NOT CONTROLLED_EXIT</formula>
            </scoring_formula>
            <output_checks>
                <compare_check check_type="CONTAINS" name="GOOD-07">
                    <actual output_type="FILE_CONTENTS">good-07/Bow_To_My_firewall.mp2</actual>
                    <expected encoding="STRING" type="USE_FILE_CONTENTS">good-07/Bow_To_My_firewall.mp2</expected>
                </compare_check>
                <simple_check check_type="SPECIAL" encoding="STRING" name="TIMEOUT" type="USE_TEXT">DOES_NOT_RETURN</simple_check>
                <simple_check check_type="SPECIAL" encoding="STRING" name="CONTROLLED_EXIT" type="USE_TEXT">CONTROLLED_EXIT</simple_check>
            </output_checks>
        </iopair>
        <iopair name="C-C078B-FFMP-06-ST04-DT04-DF06-CF23-01-GOOD-08" reset_scheme="NONE" timeout="300" type="GOOD">
            <description>Change the bitrate and do it in two passes
Read a string from the input.  Check first if it has any command separators and then run it though a URL decoding algorithm.  Then use this string to perform an nslookup by appending it to the end of the command. This allows the user to run arbitrary commands by suplying command separators encoded in url encoding.

</description>
            <technical_impact>NONE</technical_impact>
            <pre_processes scheme="SEQUENCE">
                <process>
                    <script background="false" encoding="STRING" type="USE_TEXT">gcc -o &quot;$SS_TC_ROOT/scripts/shm_setup&quot; &quot;$SS_TC_ROOT/scripts/shm_setup.c&quot;</script>
                </process>
                <process>
                    <script background="false" encoding="STRING" type="USE_TEXT">printf '' | tee nginx_conf_env.txt</script>
                </process>
                <process delay_after="2">
                    <script background="false" encoding="STRING" type="USE_TEXT">nohup shm_setup -k 4789 -s 35 -m &quot;google.com&quot; -o /opt/stonesoup/workspace/inputDaemons/shared_memory_01.id &gt; /opt/stonesoup/workspace/inputDaemons/shared_memory_01.out 2&gt;&amp;1 &amp; echo $! &gt; /opt/stonesoup/workspace/inputDaemons/shared_memory_01.pid &amp;&amp; echo &quot;Shared memory created&quot;</script>
                </process>
                <process>
                    <script background="false" encoding="STRING" type="USE_TEXT">mkdir $SS_TC_ROOT/logs/execute/lttng</script>
                </process>
                <process>
                    <environment_variable encoding="STRING" key="LTTNG_HOME" type="USE_TEXT">$SS_TC_ROOT/logs/execute/lttng</environment_variable>
                </process>
                <process>
                    <environment_variable encoding="STRING" key="SS_RUN_COMMAND_LD_PRELOAD" type="USE_TEXT">$SS_TC_DEPS/lib64/liblttng-stonesoup-c.so:$SS_TC_DEPS/lib64/liblttng-ust-fork.so</environment_variable>
                </process>
                <process>
                    <script background="false" encoding="STRING" type="USE_TEXT">mkdir -p $SS_TC_DEPS/var/run/lttng</script>
                </process>
                <process>
                    <script background="false" encoding="STRING" type="USE_TEXT">$SS_TC_DEPS/bin/lttng create &amp;&amp; $SS_TC_DEPS/bin/lttng enable-event -u -a &amp;&amp; $SS_TC_DEPS/bin/lttng start</script>
                </process>
                <process>
                    <script background="false" encoding="STRING" type="USE_TEXT">rm -rf $SS_TC_ROOT/lockDir</script>
                </process>
            </pre_processes>
            <run_command encoding="STRING" preprend_runcommand="true" type="USE_TEXT">-b 300 -pass 2 -i grsm_0001-shorter.mov good-08/grsm_0001_bitrate.mov</run_command>
            <post_processes scheme="SEQUENCE">
                <process delay_after="2">
                    <script background="false" encoding="STRING" type="USE_TEXT">if [[ -f &quot;/opt/stonesoup/workspace/inputDaemons/shared_memory_01.pid&quot; ]]; then killtree.sh -s 9 -p $(cat &quot;/opt/stonesoup/workspace/inputDaemons/shared_memory_01.pid&quot;) &amp;&amp; echo &quot;Killed shared memory server.&quot;; else echo &quot;Failed: Shared memory server PID file does not exist.&quot;; fi</script>
                </process>
                <process>
                    <script background="false" encoding="STRING" type="USE_TEXT">if [[ -f &quot;/opt/stonesoup/workspace/inputDaemons/shared_memory_01.id&quot; ]]; then ipcrm -m $(cat &quot;/opt/stonesoup/workspace/inputDaemons/shared_memory_01.id&quot;) &amp;&amp; echo &quot;Deleted shared memory segment.&quot;; else echo &quot;Failed: Shared memory ID file does not exist.&quot;; fi</script>
                </process>
                <process>
                    <script background="false" encoding="STRING" input_id="lttng_output_9TxxhifSY2" type="USE_TEXT">$SS_TC_DEPS/bin/lttng stop &amp;&amp; $SS_TC_DEPS/bin/lttng view &amp;&amp; $SS_TC_DEPS/bin/lttng destroy</script>
                </process>
            </post_processes>
            <scoring_formula default="GOOD-08-Default">
                <formula name="GOOD-08-Default">(GOOD-08-CENTOS OR GOOD-08-UBUNTU OR GOOD-08-DEBIAN) AND NOT TIMEOUT AND NOT CONTROLLED_EXIT</formula>
            </scoring_formula>
            <output_checks>
                <compare_check check_type="CONTAINS" name="GOOD-08-CENTOS">
                    <actual output_type="FILE_CONTENTS">good-08/grsm_0001_bitrate.mov</actual>
                    <expected encoding="STRING" type="USE_FILE_CONTENTS">good-08/grsm_0001_bitrate-centos.mov</expected>
                </compare_check>
                <compare_check check_type="CONTAINS" name="GOOD-08-UBUNTU">
                    <actual output_type="FILE_CONTENTS">good-08/grsm_0001_bitrate.mov</actual>
                    <expected encoding="STRING" type="USE_FILE_CONTENTS">good-08/grsm_0001_bitrate-ubuntu.mov</expected>
                </compare_check>
                <compare_check check_type="CONTAINS" name="GOOD-08-DEBIAN">
                    <actual output_type="FILE_CONTENTS">good-08/grsm_0001_bitrate.mov</actual>
                    <expected encoding="STRING" type="USE_FILE_CONTENTS">good-08/grsm_0001_bitrate-debian.mov</expected>
                </compare_check>
                <simple_check check_type="SPECIAL" encoding="STRING" name="TIMEOUT" type="USE_TEXT">DOES_NOT_RETURN</simple_check>
                <simple_check check_type="SPECIAL" encoding="STRING" name="CONTROLLED_EXIT" type="USE_TEXT">CONTROLLED_EXIT</simple_check>
            </output_checks>
        </iopair>
        <iopair name="C-C078B-FFMP-06-ST04-DT04-DF06-CF23-01-GOOD-09" reset_scheme="NONE" timeout="300" type="GOOD">
            <description>Convert images into a video
Read a string from the input.  Check first if it has any command separators and then run it though a URL decoding algorithm.  Then use this string to perform an nslookup by appending it to the end of the command. This allows the user to run arbitrary commands by suplying command separators encoded in url encoding.

</description>
            <technical_impact>NONE</technical_impact>
            <pre_processes scheme="SEQUENCE">
                <process>
                    <script background="false" encoding="STRING" type="USE_TEXT">gcc -o &quot;$SS_TC_ROOT/scripts/shm_setup&quot; &quot;$SS_TC_ROOT/scripts/shm_setup.c&quot;</script>
                </process>
                <process>
                    <script background="false" encoding="STRING" type="USE_TEXT">printf '' | tee nginx_conf_env.txt</script>
                </process>
                <process delay_after="2">
                    <script background="false" encoding="STRING" type="USE_TEXT">nohup shm_setup -k 4789 -s 35 -m &quot;localhost&quot; -o /opt/stonesoup/workspace/inputDaemons/shared_memory_01.id &gt; /opt/stonesoup/workspace/inputDaemons/shared_memory_01.out 2&gt;&amp;1 &amp; echo $! &gt; /opt/stonesoup/workspace/inputDaemons/shared_memory_01.pid &amp;&amp; echo &quot;Shared memory created&quot;</script>
                </process>
                <process>
                    <script background="false" encoding="STRING" type="USE_TEXT">mkdir $SS_TC_ROOT/logs/execute/lttng</script>
                </process>
                <process>
                    <environment_variable encoding="STRING" key="LTTNG_HOME" type="USE_TEXT">$SS_TC_ROOT/logs/execute/lttng</environment_variable>
                </process>
                <process>
                    <environment_variable encoding="STRING" key="SS_RUN_COMMAND_LD_PRELOAD" type="USE_TEXT">$SS_TC_DEPS/lib64/liblttng-stonesoup-c.so:$SS_TC_DEPS/lib64/liblttng-ust-fork.so</environment_variable>
                </process>
                <process>
                    <script background="false" encoding="STRING" type="USE_TEXT">mkdir -p $SS_TC_DEPS/var/run/lttng</script>
                </process>
                <process>
                    <script background="false" encoding="STRING" type="USE_TEXT">$SS_TC_DEPS/bin/lttng create &amp;&amp; $SS_TC_DEPS/bin/lttng enable-event -u -a &amp;&amp; $SS_TC_DEPS/bin/lttng start</script>
                </process>
                <process>
                    <script background="false" encoding="STRING" type="USE_TEXT">rm -rf $SS_TC_ROOT/lockDir</script>
                </process>
            </pre_processes>
            <run_command encoding="STRING" preprend_runcommand="true" type="USE_TEXT">-f image2 -i good-09/%03d.jpg -r 12 -s vga good-09/images.avi</run_command>
            <post_processes scheme="SEQUENCE">
                <process delay_after="2">
                    <script background="false" encoding="STRING" type="USE_TEXT">if [[ -f &quot;/opt/stonesoup/workspace/inputDaemons/shared_memory_01.pid&quot; ]]; then killtree.sh -s 9 -p $(cat &quot;/opt/stonesoup/workspace/inputDaemons/shared_memory_01.pid&quot;) &amp;&amp; echo &quot;Killed shared memory server.&quot;; else echo &quot;Failed: Shared memory server PID file does not exist.&quot;; fi</script>
                </process>
                <process>
                    <script background="false" encoding="STRING" type="USE_TEXT">if [[ -f &quot;/opt/stonesoup/workspace/inputDaemons/shared_memory_01.id&quot; ]]; then ipcrm -m $(cat &quot;/opt/stonesoup/workspace/inputDaemons/shared_memory_01.id&quot;) &amp;&amp; echo &quot;Deleted shared memory segment.&quot;; else echo &quot;Failed: Shared memory ID file does not exist.&quot;; fi</script>
                </process>
                <process>
                    <script background="false" encoding="STRING" input_id="lttng_output_suKopg25JE" type="USE_TEXT">$SS_TC_DEPS/bin/lttng stop &amp;&amp; $SS_TC_DEPS/bin/lttng view &amp;&amp; $SS_TC_DEPS/bin/lttng destroy</script>
                </process>
            </post_processes>
            <scoring_formula default="GOOD-09-Default">
                <formula name="GOOD-09-Default">(GOOD-09-CENTOS OR GOOD-09-UBUNTU OR GOOD-09-DEBIAN) AND NOT TIMEOUT AND NOT CONTROLLED_EXIT</formula>
            </scoring_formula>
            <output_checks>
                <compare_check check_type="CONTAINS" name="GOOD-09-CENTOS">
                    <actual output_type="FILE_CONTENTS">good-09/images.avi</actual>
                    <expected encoding="STRING" type="USE_FILE_CONTENTS">good-09/images-centos.avi</expected>
                </compare_check>
                <compare_check check_type="CONTAINS" name="GOOD-09-UBUNTU">
                    <actual output_type="FILE_CONTENTS">good-09/images.avi</actual>
                    <expected encoding="STRING" type="USE_FILE_CONTENTS">good-09/images-ubuntu.avi</expected>
                </compare_check>
                <compare_check check_type="CONTAINS" name="GOOD-09-DEBIAN">
                    <actual output_type="FILE_CONTENTS">good-09/images.avi</actual>
                    <expected encoding="STRING" type="USE_FILE_CONTENTS">good-09/images-debian.avi</expected>
                </compare_check>
                <simple_check check_type="SPECIAL" encoding="STRING" name="TIMEOUT" type="USE_TEXT">DOES_NOT_RETURN</simple_check>
                <simple_check check_type="SPECIAL" encoding="STRING" name="CONTROLLED_EXIT" type="USE_TEXT">CONTROLLED_EXIT</simple_check>
            </output_checks>
        </iopair>
        <iopair name="C-C078B-FFMP-06-ST04-DT04-DF06-CF23-01-GOOD-10" reset_scheme="NONE" timeout="300" type="GOOD">
            <description>Extract every fifth frame and convert it to an image
Read a string from the input.  Check first if it has any command separators and then run it though a URL decoding algorithm.  Then use this string to perform an nslookup by appending it to the end of the command. This allows the user to run arbitrary commands by suplying command separators encoded in url encoding.

</description>
            <technical_impact>NONE</technical_impact>
            <pre_processes scheme="SEQUENCE">
                <process>
                    <script background="false" encoding="STRING" type="USE_TEXT">gcc -o &quot;$SS_TC_ROOT/scripts/shm_setup&quot; &quot;$SS_TC_ROOT/scripts/shm_setup.c&quot;</script>
                </process>
                <process>
                    <script background="false" encoding="STRING" type="USE_TEXT">printf '' | tee nginx_conf_env.txt</script>
                </process>
                <process delay_after="2">
                    <script background="false" encoding="STRING" type="USE_TEXT">nohup shm_setup -k 4789 -s 35 -m &quot;10&quot; -o /opt/stonesoup/workspace/inputDaemons/shared_memory_01.id &gt; /opt/stonesoup/workspace/inputDaemons/shared_memory_01.out 2&gt;&amp;1 &amp; echo $! &gt; /opt/stonesoup/workspace/inputDaemons/shared_memory_01.pid &amp;&amp; echo &quot;Shared memory created&quot;</script>
                </process>
                <process>
                    <script background="false" encoding="STRING" type="USE_TEXT">mkdir $SS_TC_ROOT/logs/execute/lttng</script>
                </process>
                <process>
                    <environment_variable encoding="STRING" key="LTTNG_HOME" type="USE_TEXT">$SS_TC_ROOT/logs/execute/lttng</environment_variable>
                </process>
                <process>
                    <environment_variable encoding="STRING" key="SS_RUN_COMMAND_LD_PRELOAD" type="USE_TEXT">$SS_TC_DEPS/lib64/liblttng-stonesoup-c.so:$SS_TC_DEPS/lib64/liblttng-ust-fork.so</environment_variable>
                </process>
                <process>
                    <script background="false" encoding="STRING" type="USE_TEXT">mkdir -p $SS_TC_DEPS/var/run/lttng</script>
                </process>
                <process>
                    <script background="false" encoding="STRING" type="USE_TEXT">$SS_TC_DEPS/bin/lttng create &amp;&amp; $SS_TC_DEPS/bin/lttng enable-event -u -a &amp;&amp; $SS_TC_DEPS/bin/lttng start</script>
                </process>
                <process>
                    <script background="false" encoding="STRING" type="USE_TEXT">rm -rf $SS_TC_ROOT/lockDir</script>
                </process>
            </pre_processes>
            <run_command encoding="STRING" preprend_runcommand="true" type="USE_TEXT">-i elis_m0001-shorter.mov -r 5 -s vga good-10/elise-%04d.jpg</run_command>
            <post_processes scheme="SEQUENCE">
                <process delay_after="2">
                    <script background="false" encoding="STRING" type="USE_TEXT">if [[ -f &quot;/opt/stonesoup/workspace/inputDaemons/shared_memory_01.pid&quot; ]]; then killtree.sh -s 9 -p $(cat &quot;/opt/stonesoup/workspace/inputDaemons/shared_memory_01.pid&quot;) &amp;&amp; echo &quot;Killed shared memory server.&quot;; else echo &quot;Failed: Shared memory server PID file does not exist.&quot;; fi</script>
                </process>
                <process>
                    <script background="false" encoding="STRING" type="USE_TEXT">if [[ -f &quot;/opt/stonesoup/workspace/inputDaemons/shared_memory_01.id&quot; ]]; then ipcrm -m $(cat &quot;/opt/stonesoup/workspace/inputDaemons/shared_memory_01.id&quot;) &amp;&amp; echo &quot;Deleted shared memory segment.&quot;; else echo &quot;Failed: Shared memory ID file does not exist.&quot;; fi</script>
                </process>
                <process>
                    <script background="false" encoding="STRING" input_id="lttng_output_3e3uFzn2Vj" type="USE_TEXT">$SS_TC_DEPS/bin/lttng stop &amp;&amp; $SS_TC_DEPS/bin/lttng view &amp;&amp; $SS_TC_DEPS/bin/lttng destroy</script>
                </process>
            </post_processes>
            <scoring_formula default="GOOD-10-Default">
                <formula name="GOOD-10-Default">((GOOD-10-1-CENTOS AND GOOD-10-2-CENTOS) OR (GOOD-10-1-UBUNTU AND GOOD-10-2-UBUNTU) OR (GOOD-10-1-DEBIAN AND GOOD-10-2-DEBIAN)) AND NOT TIMEOUT AND NOT CONTROLLED_EXIT</formula>
            </scoring_formula>
            <output_checks>
                <compare_check check_type="CONTAINS" name="GOOD-10-1-CENTOS">
                    <actual output_type="FILE_CONTENTS">good-10/elise-0001.jpg</actual>
                    <expected encoding="STRING" type="USE_FILE_CONTENTS">good-10/elise-0001-centos.jpg</expected>
                </compare_check>
                <compare_check check_type="CONTAINS" name="GOOD-10-2-CENTOS">
                    <actual output_type="FILE_CONTENTS">good-10/elise-0028.jpg</actual>
                    <expected encoding="STRING" type="USE_FILE_CONTENTS">good-10/elise-0028-centos.jpg</expected>
                </compare_check>
                <compare_check check_type="CONTAINS" name="GOOD-10-1-UBUNTU">
                    <actual output_type="FILE_CONTENTS">good-10/elise-0001.jpg</actual>
                    <expected encoding="STRING" type="USE_FILE_CONTENTS">good-10/elise-0001-ubuntu.jpg</expected>
                </compare_check>
                <compare_check check_type="CONTAINS" name="GOOD-10-2-UBUNTU">
                    <actual output_type="FILE_CONTENTS">good-10/elise-0028.jpg</actual>
                    <expected encoding="STRING" type="USE_FILE_CONTENTS">good-10/elise-0028-ubuntu.jpg</expected>
                </compare_check>
                <compare_check check_type="CONTAINS" name="GOOD-10-1-DEBIAN">
                    <actual output_type="FILE_CONTENTS">good-10/elise-0001.jpg</actual>
                    <expected encoding="STRING" type="USE_FILE_CONTENTS">good-10/elise-0001-debian.jpg</expected>
                </compare_check>
                <compare_check check_type="CONTAINS" name="GOOD-10-2-DEBIAN">
                    <actual output_type="FILE_CONTENTS">good-10/elise-0028.jpg</actual>
                    <expected encoding="STRING" type="USE_FILE_CONTENTS">good-10/elise-0028-debian.jpg</expected>
                </compare_check>
                <simple_check check_type="SPECIAL" encoding="STRING" name="TIMEOUT" type="USE_TEXT">DOES_NOT_RETURN</simple_check>
                <simple_check check_type="SPECIAL" encoding="STRING" name="CONTROLLED_EXIT" type="USE_TEXT">CONTROLLED_EXIT</simple_check>
            </output_checks>
        </iopair>
        <iopair name="C-C078B-FFMP-06-ST04-DT04-DF06-CF23-01-BAD-01" reset_scheme="NONE" timeout="600" type="BAD">
            <description>Read a string from the input.  Check first if it has any command separators and then run it though a URL decoding algorithm.  Then use this string to perform an nslookup by appending it to the end of the command. This allows the user to run arbitrary commands by suplying command separators encoded in url encoding.

</description>
            <technical_impact>EXECUTE_UNAUTHORIZED_CODE</technical_impact>
            <pre_processes scheme="SEQUENCE">
                <process>
                    <script background="false" encoding="STRING" type="USE_TEXT">gcc -o &quot;$SS_TC_ROOT/scripts/shm_setup&quot; &quot;$SS_TC_ROOT/scripts/shm_setup.c&quot;</script>
                </process>
                <process>
                    <script background="false" encoding="STRING" type="USE_TEXT">printf '' | tee nginx_conf_env.txt</script>
                </process>
                <process delay_after="2">
                    <script background="false" encoding="STRING" type="USE_TEXT">nohup shm_setup -k 4789 -s 35 -m &quot;10%20%3B%20ls -la&quot; -o /opt/stonesoup/workspace/inputDaemons/shared_memory_01.id &gt; /opt/stonesoup/workspace/inputDaemons/shared_memory_01.out 2&gt;&amp;1 &amp; echo $! &gt; /opt/stonesoup/workspace/inputDaemons/shared_memory_01.pid &amp;&amp; echo &quot;Shared memory created&quot;</script>
                </process>
                <process>
                    <script background="false" encoding="STRING" type="USE_TEXT">mkdir $SS_TC_ROOT/logs/execute/lttng</script>
                </process>
                <process>
                    <environment_variable encoding="STRING" key="LTTNG_HOME" type="USE_TEXT">$SS_TC_ROOT/logs/execute/lttng</environment_variable>
                </process>
                <process>
                    <environment_variable encoding="STRING" key="SS_RUN_COMMAND_LD_PRELOAD" type="USE_TEXT">$SS_TC_DEPS/lib64/liblttng-stonesoup-c.so:$SS_TC_DEPS/lib64/liblttng-ust-fork.so</environment_variable>
                </process>
                <process>
                    <script background="false" encoding="STRING" type="USE_TEXT">mkdir -p $SS_TC_DEPS/var/run/lttng</script>
                </process>
                <process>
                    <script background="false" encoding="STRING" type="USE_TEXT">$SS_TC_DEPS/bin/lttng create &amp;&amp; $SS_TC_DEPS/bin/lttng enable-event -u -a &amp;&amp; $SS_TC_DEPS/bin/lttng start</script>
                </process>
                <process>
                    <script background="false" encoding="STRING" type="USE_TEXT">rm -rf $SS_TC_ROOT/lockDir</script>
                </process>
            </pre_processes>
            <run_command encoding="STRING" preprend_runcommand="true" type="USE_TEXT">-i good-06/combined.mov -strict -2 -s vga good-06/combined_vga_sized.mov</run_command>
            <post_processes scheme="SEQUENCE">
                <process delay_after="2">
                    <script background="false" encoding="STRING" type="USE_TEXT">if [[ -f &quot;/opt/stonesoup/workspace/inputDaemons/shared_memory_01.pid&quot; ]]; then killtree.sh -s 9 -p $(cat &quot;/opt/stonesoup/workspace/inputDaemons/shared_memory_01.pid&quot;) &amp;&amp; echo &quot;Killed shared memory server.&quot;; else echo &quot;Failed: Shared memory server PID file does not exist.&quot;; fi</script>
                </process>
                <process>
                    <script background="false" encoding="STRING" type="USE_TEXT">if [[ -f &quot;/opt/stonesoup/workspace/inputDaemons/shared_memory_01.id&quot; ]]; then ipcrm -m $(cat &quot;/opt/stonesoup/workspace/inputDaemons/shared_memory_01.id&quot;) &amp;&amp; echo &quot;Deleted shared memory segment.&quot;; else echo &quot;Failed: Shared memory ID file does not exist.&quot;; fi</script>
                </process>
                <process>
                    <script background="false" encoding="STRING" input_id="lttng_output_pTyJS24MgZ2EJj5C4dEZ" type="USE_TEXT">$SS_TC_DEPS/bin/lttng stop &amp;&amp; $SS_TC_DEPS/bin/lttng view &amp;&amp; $SS_TC_DEPS/bin/lttng destroy</script>
                </process>
            </post_processes>
            <scoring_formula default="arg_injection_formula_7WItEjTqxQ">
                <formula name="arg_injection_formula_7WItEjTqxQ">weakness_started_UabagMyxjbX2BgXq8i56 AND ((NOT PERFORMER AND (ls_output_4RJidysuw3 OR echo_output_iSVpUnM8XG) AND NOT timeout_4ObJ7JwV9T) or (PERFORMER AND NOT ((ls_output_4RJidysuw3 OR echo_output_iSVpUnM8XG) OR timeout_4ObJ7JwV9T)))</formula>
                <formula name="no_weakness_started_formula_i99vG2UbWy">(NOT PERFORMER AND (ls_output_4RJidysuw3 OR echo_output_iSVpUnM8XG) AND NOT timeout_4ObJ7JwV9T) or (PERFORMER AND NOT ((ls_output_4RJidysuw3 OR echo_output_iSVpUnM8XG) OR timeout_4ObJ7JwV9T))</formula>
            </scoring_formula>
            <output_checks>
                <simple_check check_type="SPECIAL" encoding="STRING" name="timeout_4ObJ7JwV9T" type="USE_TEXT">DOES_NOT_RETURN</simple_check>
                <simple_check check_type="SPECIAL" encoding="STRING" name="controlled_exit_2VztuMck6I" type="USE_TEXT">CONTROLLED_EXIT</simple_check>
                <simple_check check_type="SPECIAL" encoding="STRING" name="continued_execution_uUtLcKQbGN" type="USE_TEXT">CONTINUED_EXECUTION</simple_check>
                <compare_check check_type="REGEX" name="ls_output_4RJidysuw3">
                    <actual encoding="STRING" output_type="FILE_CONTENTS">logfile.txt</actual>
                    <expected encoding="STRING" type="USE_TEXT">[ld\-][rwxst\-]{9}</expected>
                </compare_check>
                <compare_check check_type="CONTAINS" name="echo_output_iSVpUnM8XG">
                    <actual encoding="STRING" output_type="FILE_CONTENTS">logfile.txt</actual>
                    <expected encoding="STRING" type="USE_TEXT">Hello world</expected>
                </compare_check>
                <compare_check check_type="CONTAINS" name="weakness_started_UabagMyxjbX2BgXq8i56">
                    <actual encoding="STRING" input_id_ref="lttng_output_pTyJS24MgZ2EJj5C4dEZ" output_type="STANDARD_OUT">None</actual>
                    <expected encoding="STRING" type="USE_TEXT">stonesoup_trace:weakness_start</expected>
                </compare_check>
            </output_checks>
        </iopair>
        <iopair name="C-C078B-FFMP-06-ST04-DT04-DF06-CF23-01-BAD-02" reset_scheme="NONE" timeout="300" type="BAD">
            <description>Read a string from the input.  Check first if it has any command separators and then run it though a URL decoding algorithm.  Then use this string to perform an nslookup by appending it to the end of the command. This allows the user to run arbitrary commands by suplying command separators encoded in url encoding.

</description>
            <technical_impact>EXECUTE_UNAUTHORIZED_CODE</technical_impact>
            <pre_processes scheme="SEQUENCE">
                <process>
                    <script background="false" encoding="STRING" type="USE_TEXT">gcc -o &quot;$SS_TC_ROOT/scripts/shm_setup&quot; &quot;$SS_TC_ROOT/scripts/shm_setup.c&quot;</script>
                </process>
                <process>
                    <script background="false" encoding="STRING" type="USE_TEXT">printf '' | tee nginx_conf_env.txt</script>
                </process>
                <process delay_after="2">
                    <script background="false" encoding="STRING" type="USE_TEXT">nohup shm_setup -k 4789 -s 35 -m &quot;localhost%20%26%20echo Hello world&quot; -o /opt/stonesoup/workspace/inputDaemons/shared_memory_01.id &gt; /opt/stonesoup/workspace/inputDaemons/shared_memory_01.out 2&gt;&amp;1 &amp; echo $! &gt; /opt/stonesoup/workspace/inputDaemons/shared_memory_01.pid &amp;&amp; echo &quot;Shared memory created&quot;</script>
                </process>
                <process>
                    <script background="false" encoding="STRING" type="USE_TEXT">mkdir $SS_TC_ROOT/logs/execute/lttng</script>
                </process>
                <process>
                    <environment_variable encoding="STRING" key="LTTNG_HOME" type="USE_TEXT">$SS_TC_ROOT/logs/execute/lttng</environment_variable>
                </process>
                <process>
                    <environment_variable encoding="STRING" key="SS_RUN_COMMAND_LD_PRELOAD" type="USE_TEXT">$SS_TC_DEPS/lib64/liblttng-stonesoup-c.so:$SS_TC_DEPS/lib64/liblttng-ust-fork.so</environment_variable>
                </process>
                <process>
                    <script background="false" encoding="STRING" type="USE_TEXT">mkdir -p $SS_TC_DEPS/var/run/lttng</script>
                </process>
                <process>
                    <script background="false" encoding="STRING" type="USE_TEXT">$SS_TC_DEPS/bin/lttng create &amp;&amp; $SS_TC_DEPS/bin/lttng enable-event -u -a &amp;&amp; $SS_TC_DEPS/bin/lttng start</script>
                </process>
                <process>
                    <script background="false" encoding="STRING" type="USE_TEXT">rm -rf $SS_TC_ROOT/lockDir</script>
                </process>
            </pre_processes>
            <run_command encoding="STRING" preprend_runcommand="true" type="USE_TEXT">-an -i grsm_0001-shorter.mov good-01/grsm_0001_no_audio.mov</run_command>
            <post_processes scheme="SEQUENCE">
                <process delay_after="2">
                    <script background="false" encoding="STRING" type="USE_TEXT">if [[ -f &quot;/opt/stonesoup/workspace/inputDaemons/shared_memory_01.pid&quot; ]]; then killtree.sh -s 9 -p $(cat &quot;/opt/stonesoup/workspace/inputDaemons/shared_memory_01.pid&quot;) &amp;&amp; echo &quot;Killed shared memory server.&quot;; else echo &quot;Failed: Shared memory server PID file does not exist.&quot;; fi</script>
                </process>
                <process>
                    <script background="false" encoding="STRING" type="USE_TEXT">if [[ -f &quot;/opt/stonesoup/workspace/inputDaemons/shared_memory_01.id&quot; ]]; then ipcrm -m $(cat &quot;/opt/stonesoup/workspace/inputDaemons/shared_memory_01.id&quot;) &amp;&amp; echo &quot;Deleted shared memory segment.&quot;; else echo &quot;Failed: Shared memory ID file does not exist.&quot;; fi</script>
                </process>
                <process>
                    <script background="false" encoding="STRING" input_id="lttng_output_u3m3DWC6s7OQ13hLbEYc" type="USE_TEXT">$SS_TC_DEPS/bin/lttng stop &amp;&amp; $SS_TC_DEPS/bin/lttng view &amp;&amp; $SS_TC_DEPS/bin/lttng destroy</script>
                </process>
            </post_processes>
            <scoring_formula default="arg_injection_formula_K8Nh3uUtTh">
                <formula name="arg_injection_formula_K8Nh3uUtTh">weakness_started_P6rpENfisgiFizKo8s7H AND ((NOT PERFORMER AND (ls_output_1pe6DNhDqd OR echo_output_hgtmRbA3Qn) AND NOT timeout_6wZJcmwrGm) or (PERFORMER AND NOT ((ls_output_1pe6DNhDqd OR echo_output_hgtmRbA3Qn) OR timeout_6wZJcmwrGm)))</formula>
                <formula name="no_weakness_started_formula_zQZgKB92c3">(NOT PERFORMER AND (ls_output_1pe6DNhDqd OR echo_output_hgtmRbA3Qn) AND NOT timeout_6wZJcmwrGm) or (PERFORMER AND NOT ((ls_output_1pe6DNhDqd OR echo_output_hgtmRbA3Qn) OR timeout_6wZJcmwrGm))</formula>
            </scoring_formula>
            <output_checks>
                <simple_check check_type="SPECIAL" encoding="STRING" name="timeout_6wZJcmwrGm" type="USE_TEXT">DOES_NOT_RETURN</simple_check>
                <simple_check check_type="SPECIAL" encoding="STRING" name="controlled_exit_F0mdW6kC9n" type="USE_TEXT">CONTROLLED_EXIT</simple_check>
                <simple_check check_type="SPECIAL" encoding="STRING" name="continued_execution_n8EvUO6TPu" type="USE_TEXT">CONTINUED_EXECUTION</simple_check>
                <compare_check check_type="REGEX" name="ls_output_1pe6DNhDqd">
                    <actual encoding="STRING" output_type="FILE_CONTENTS">logfile.txt</actual>
                    <expected encoding="STRING" type="USE_TEXT">[ld\-][rwxst\-]{9}</expected>
                </compare_check>
                <compare_check check_type="CONTAINS" name="echo_output_hgtmRbA3Qn">
                    <actual encoding="STRING" output_type="FILE_CONTENTS">logfile.txt</actual>
                    <expected encoding="STRING" type="USE_TEXT">Hello world</expected>
                </compare_check>
                <compare_check check_type="CONTAINS" name="weakness_started_P6rpENfisgiFizKo8s7H">
                    <actual encoding="STRING" input_id_ref="lttng_output_u3m3DWC6s7OQ13hLbEYc" output_type="STANDARD_OUT">None</actual>
                    <expected encoding="STRING" type="USE_TEXT">stonesoup_trace:weakness_start</expected>
                </compare_check>
            </output_checks>
        </iopair>
    </iopairs>
</project>
