<?xml version="1.0" encoding="utf-8"?>
<project base_program="J-ELAS" language="JAVA" name="J-C089D-ELAS-07-ST02-DT01-DF12-CF19-01" targeted_architecture="ANY" targeted_os="LINUX" test_case_type="ALL" xmlns="urn:stonesoup:project">
    <description>This test creates a connection to the PGSQL database,
 and creates a query string based on data in an environment
 variable. This data is not checked for special elements, however, and
 it is possible to construct a query string that performs unexpected
 data retrievals or modifications.
</description>
    <additional_information>
        <keyvalue key="kill_command">TRUE</keyvalue>
        <keyvalue key="JAVA_MAIN">org.elasticsearch.bootstrap.Elasticsearch</keyvalue>
        <keyvalue key="JAVA_CLASSPATH">$SS_TC_DEPS/java/elasticsearch/*:$SS_TC_ROOT/$SS_TC_INSTALL/*:$SS_TC_ROOT/$SS_TC_INSTALL/classes/*:$SS_TC_DEPS/java/stonesoup/database/postgres/*:$SS_TC_DEPS/java/stonesoup/lttng/lttng-stonesoup-0.1.jar</keyvalue>
        <keyvalue key="algorithmic_variant_name">UNSPECIFIED</keyvalue>
        <keyvalue key="root_cause">UNSPECIFIED</keyvalue>
    </additional_information>
    <structure install="install" iodata="testData" scoredata="testOutput" scripts="scripts" source="src"/>
    <run_command>java $SS_JAVA_OPTS -Djava.library.path=$SS_TC_DEPS/lib64/ -cp &quot;$SS_JAVA_CLASSPATH&quot;</run_command>
    <weakness generation_method="FAULT_INJECTED">
        <variant cwe="CWE-89" name="CWE-89-D">
            <crossover_point file_name="/tmp/tmpXOGR8R_ss_testcase/src/src/main/java/org/elasticsearch/index/store/distributor/AbstractDistributor.java" line_number="0">
                <method name="rhapisEremacausis"/>
            </crossover_point>
            <trigger_point file_name="/tmp/tmpXOGR8R_ss_testcase/src/src/main/java/org/elasticsearch/index/store/distributor/AbstractDistributor.java" line_number="0">
                <method name="rhapisEremacausis"/>
            </trigger_point>
        </variant>
        <features>
            <taint_source file_name="/tmp/tmpXOGR8R_ss_testcase/src/src/main/java/org/elasticsearch/index/store/distributor/AbstractDistributor.java" line_number="0" type="FILE_CONTENTS">
                <method name="primary"/>
            </taint_source>
            <data_type file_name="/tmp/tmpXOGR8R_ss_testcase/src/src/main/java/org/elasticsearch/index/store/distributor/AbstractDistributor.java" line_number="0" type="ARRAY">
                <method name="primary"/>
            </data_type>
            <data_flow file_name="/tmp/tmpXOGR8R_ss_testcase/src/src/main/java/org/elasticsearch/index/store/distributor/AbstractDistributor.java" line_number="0" type="VAR_ARG_LIST">
                <method name="primary"/>
            </data_flow>
            <control_flow file_name="/tmp/tmpXOGR8R_ss_testcase/src/src/main/java/org/elasticsearch/index/store/distributor/AbstractDistributor.java" line_number="0" type="RECURSIVE">
                <method name="schoolmaamishOverdilute"/>
            </control_flow>
        </features>
    </weakness>
    <build_commands>
        <command>env ANT_HOME=$SS_TC_DEPS/ant ant $SS_ANT_OPTS -Dstonesoup.database.postgres.required=yes -Dstonesoup.hibernate.postgres.required=no -Dstonesoup.hibernate.mysql.required=no -Dstonesoup.database.mysql.required=no -Dstonesoup.socket.required=no -lib $SS_TC_DEPS/java/stonesoup/lttng/lttng-stonesoup-0.1.jar -Dstonesoup.socket.lib.dir=&quot;$SS_TC_DEPS/java/stonesoup/socket&quot; -Dstonesoup.hibernate.mysql.lib.dir=&quot;$SS_TC_DEPS/java/stonesoup/hibernate/mysql&quot; -Dstonesoup.hibernate.postgres.lib.dir=&quot;$SS_TC_DEPS/java/stonesoup/hibernate/postgres&quot; -Dstonesoup.database.mysql.lib.dir=&quot;$SS_TC_DEPS/java/stonesoup/database/mysql&quot; -Dstonesoup.database.postgres.lib.dir=&quot;$SS_TC_DEPS/java/stonesoup/database/postgres&quot;  -Dmaven.build.dir=$SS_TC_ROOT/$SS_TC_INSTALL -Dmaven.repo.local=&quot;$SS_TC_DEPS/java/elasticsearch&quot; -Dmaven.settings.offline=true -Dstonesoup.lttng.lib.dir=&quot;$SS_TC_DEPS/java/stonesoup/lttng&quot; -Dstonesoup.lttng.dummy.lib.dir=&quot;$SS_TC_DEPS/java/stonesoup/lttng-dummy&quot; package</command>
    </build_commands>
    <iopairs>
        <iopair name="J-C089D-ELAS-07-ST02-DT01-DF12-CF19-01-GOOD-01" reset_scheme="NONE" timeout="300" type="GOOD">
            <description>Add data
Environment variable defining test value.
</description>
            <technical_impact>NONE</technical_impact>
            <pre_processes scheme="SEQUENCE">
                <process>
                    <script background="false" encoding="STRING" type="USE_TEXT">printf 'env SS_DBPGDATABASE;\nenv SECQUE_SEPARATES;\n' | tee nginx_conf_env.txt</script>
                </process>
                <process>
                    <environment_variable encoding="STRING" key="SECQUE_SEPARATES" type="USE_TEXT">$SS_TC_ROOT/testData/alkamine_fendy.bin</environment_variable>
                </process>
                <process>
                    <file encoding="STRING" path="$SS_TC_ROOT/testData/alkamine_fendy.bin" type="USE_TEXT">shipper1</file>
                </process>
                <process>
                    <database database_name="northwindlower_chhwbrvnuypwdxer" database_type="POSTGRESQL" encoding="STRING" server="ss-db-postgres" type="USE_FILE_CONTENTS">/opt/stonesoup/workspace/scripts/northwind_create_northwindlower_chhwbrvnuypwdxer.sql</database>
                </process>
                <process>
                    <environment_variable encoding="STRING" key="SS_DBPGDATABASE" type="USE_TEXT">northwindlower_chhwbrvnuypwdxer</environment_variable>
                </process>
                <process>
                    <script background="false" encoding="STRING" type="USE_TEXT">mkdir $SS_TC_ROOT/logs/execute/lttng</script>
                </process>
                <process>
                    <environment_variable encoding="STRING" key="LTTNG_HOME" type="USE_TEXT">$SS_TC_ROOT/logs/execute/lttng</environment_variable>
                </process>
                <process>
                    <environment_variable encoding="STRING" key="SS_RUN_COMMAND_LD_PRELOAD" type="USE_TEXT">$SS_TC_DEPS/lib64/liblttng-stonesoup-java.so:$SS_TC_DEPS/lib64/liblttng-ust-fork.so</environment_variable>
                </process>
                <process>
                    <script background="false" encoding="STRING" type="USE_TEXT">mkdir -p $SS_TC_DEPS/var/run/lttng</script>
                </process>
                <process>
                    <script background="false" encoding="STRING" type="USE_TEXT">$SS_TC_DEPS/bin/lttng create &amp;&amp; $SS_TC_DEPS/bin/lttng enable-event -u -a &amp;&amp; $SS_TC_DEPS/bin/lttng start</script>
                </process>
                <process>
                    <script background="false" encoding="STRING" type="USE_TEXT">rm -rf $SS_TC_ROOT/lockDir</script>
                </process>
                <process>
                    <script background="false" encoding="STRING" type="USE_TEXT">sleep 2 &amp;&amp; printf &quot;Sleeping to allow DB to be created.&quot;</script>
                </process>
            </pre_processes>
            <run_command encoding="STRING" preprend_runcommand="true" type="USE_TEXT">-Des.path.data=&quot;$SS_TC_ROOT/testData/good-01&quot; org.elasticsearch.bootstrap.Elasticsearch</run_command>
            <co_processes scheme="SEQUENCE">
                <process_group scheme="PARALLEL">
                    <process_group scheme="SEQUENCE">
                        <process delay_after="0" delay_before="0">
                            <script background="false" encoding="STRING" type="USE_TEXT">$SS_TC_ROOT/scripts/service_mon.sh ss-localhost 9200</script>
                        </process>
                        <process delay_after="0" delay_before="0">
                            <script background="false" encoding="STRING" type="USE_TEXT">$SS_TC_ROOT/scripts/es_initialized.sh ss-localhost 9200</script>
                        </process>
                        <process delay_after="0" delay_before="0">
                            <script background="false" encoding="STRING" input_id="GOOD-01-CURL" type="USE_TEXT">curl -XPUT 'http://ss-localhost:9200/movies/movie/1' -d '{&quot;title&quot;:&quot;The Godfather&quot;,&quot;director&quot;:&quot;Francis Ford Coppola&quot;,&quot;year&quot;:1972}'</script>
                        </process>
                    </process_group>
                    <process_group scheme="SEQUENCE"/>
                </process_group>
                <process delay_after="0" delay_before="0">
                    <script background="false" encoding="STRING" type="USE_TEXT">curl -XPOST 'http://ss-localhost:9200/_shutdown'</script>
                </process>
            </co_processes>
            <post_processes scheme="SEQUENCE">
                <process>
                    <database database_name="northwindlower_chhwbrvnuypwdxer" database_type="POSTGRESQL" encoding="STRING" server="ss-db-postgres" type="USE_TEXT">DROP DATABASE IF EXISTS $SS_DBPGDATABASE;</database>
                </process>
                <process>
                    <script background="false" encoding="STRING" input_id="lttng_output_EKFwkJuIUG" type="USE_TEXT">$SS_TC_DEPS/bin/lttng stop &amp;&amp; $SS_TC_DEPS/bin/lttng view &amp;&amp; $SS_TC_DEPS/bin/lttng destroy</script>
                </process>
            </post_processes>
            <scoring_formula default="GOOD-01-Default">
                <formula name="GOOD-01-Default">GOOD-01 AND NOT TIMEOUT AND NOT CONTROLLED_EXIT</formula>
            </scoring_formula>
            <output_checks>
                <compare_check check_type="CONTAINS" name="GOOD-01">
                    <actual encoding="STRING" input_id_ref="GOOD-01-CURL" output_type="STANDARD_OUT"></actual>
                    <expected encoding="STRING" type="USE_FILE_CONTENTS">good-01/output.txt</expected>
                </compare_check>
                <simple_check check_type="SPECIAL" encoding="STRING" name="TIMEOUT" type="USE_TEXT">DOES_NOT_RETURN</simple_check>
                <simple_check check_type="SPECIAL" encoding="STRING" name="CONTROLLED_EXIT" type="USE_TEXT">CONTROLLED_EXIT</simple_check>
            </output_checks>
        </iopair>
        <iopair name="J-C089D-ELAS-07-ST02-DT01-DF12-CF19-01-GOOD-02" reset_scheme="NONE" timeout="300" type="GOOD">
            <description>simple string query
Environment variable defining test value.
</description>
            <technical_impact>NONE</technical_impact>
            <pre_processes scheme="SEQUENCE">
                <process>
                    <script background="false" encoding="STRING" type="USE_TEXT">printf 'env SS_DBPGDATABASE;\nenv SECQUE_SEPARATES;\n' | tee nginx_conf_env.txt</script>
                </process>
                <process>
                    <environment_variable encoding="STRING" key="SECQUE_SEPARATES" type="USE_TEXT">$SS_TC_ROOT/testData/alkamine_fendy.bin</environment_variable>
                </process>
                <process>
                    <file encoding="STRING" path="$SS_TC_ROOT/testData/alkamine_fendy.bin" type="USE_TEXT">NewShipper</file>
                </process>
                <process>
                    <database database_name="northwindlower_hlpvihggurxeuauz" database_type="POSTGRESQL" encoding="STRING" server="ss-db-postgres" type="USE_FILE_CONTENTS">/opt/stonesoup/workspace/scripts/northwind_create_northwindlower_hlpvihggurxeuauz.sql</database>
                </process>
                <process>
                    <environment_variable encoding="STRING" key="SS_DBPGDATABASE" type="USE_TEXT">northwindlower_hlpvihggurxeuauz</environment_variable>
                </process>
                <process>
                    <script background="false" encoding="STRING" type="USE_TEXT">mkdir $SS_TC_ROOT/logs/execute/lttng</script>
                </process>
                <process>
                    <environment_variable encoding="STRING" key="LTTNG_HOME" type="USE_TEXT">$SS_TC_ROOT/logs/execute/lttng</environment_variable>
                </process>
                <process>
                    <environment_variable encoding="STRING" key="SS_RUN_COMMAND_LD_PRELOAD" type="USE_TEXT">$SS_TC_DEPS/lib64/liblttng-stonesoup-java.so:$SS_TC_DEPS/lib64/liblttng-ust-fork.so</environment_variable>
                </process>
                <process>
                    <script background="false" encoding="STRING" type="USE_TEXT">mkdir -p $SS_TC_DEPS/var/run/lttng</script>
                </process>
                <process>
                    <script background="false" encoding="STRING" type="USE_TEXT">$SS_TC_DEPS/bin/lttng create &amp;&amp; $SS_TC_DEPS/bin/lttng enable-event -u -a &amp;&amp; $SS_TC_DEPS/bin/lttng start</script>
                </process>
                <process>
                    <script background="false" encoding="STRING" type="USE_TEXT">rm -rf $SS_TC_ROOT/lockDir</script>
                </process>
                <process>
                    <script background="false" encoding="STRING" type="USE_TEXT">sleep 2 &amp;&amp; printf &quot;Sleeping to allow DB to be created.&quot;</script>
                </process>
            </pre_processes>
            <run_command encoding="STRING" preprend_runcommand="true" type="USE_TEXT">-Des.path.data=&quot;$SS_TC_ROOT/testData/good-02&quot; org.elasticsearch.bootstrap.Elasticsearch</run_command>
            <co_processes scheme="SEQUENCE">
                <process_group scheme="PARALLEL">
                    <process_group scheme="SEQUENCE">
                        <process delay_after="0" delay_before="0">
                            <script background="false" encoding="STRING" type="USE_TEXT">$SS_TC_ROOT/scripts/service_mon.sh ss-localhost 9200</script>
                        </process>
                        <process delay_after="0" delay_before="0">
                            <script background="false" encoding="STRING" type="USE_TEXT">$SS_TC_ROOT/scripts/es_initialized.sh ss-localhost 9200</script>
                        </process>
                        <process delay_after="0" delay_before="0">
                            <script background="false" encoding="STRING" input_id="GOOD-02-CURL" type="USE_TEXT">curl -XPOST 'http://ss-localhost:9200/_search' -d '{&quot;query&quot;: {&quot;query_string&quot;: {&quot;query&quot;: &quot;kill&quot;}}}'</script>
                        </process>
                    </process_group>
                    <process_group scheme="SEQUENCE"/>
                </process_group>
                <process delay_after="0" delay_before="0">
                    <script background="false" encoding="STRING" type="USE_TEXT">curl -XPOST 'http://ss-localhost:9200/_shutdown'</script>
                </process>
            </co_processes>
            <post_processes scheme="SEQUENCE">
                <process>
                    <database database_name="northwindlower_hlpvihggurxeuauz" database_type="POSTGRESQL" encoding="STRING" server="ss-db-postgres" type="USE_TEXT">DROP DATABASE IF EXISTS $SS_DBPGDATABASE;</database>
                </process>
                <process>
                    <script background="false" encoding="STRING" input_id="lttng_output_Ky80rT6RvE" type="USE_TEXT">$SS_TC_DEPS/bin/lttng stop &amp;&amp; $SS_TC_DEPS/bin/lttng view &amp;&amp; $SS_TC_DEPS/bin/lttng destroy</script>
                </process>
            </post_processes>
            <scoring_formula default="GOOD-02-Default">
                <formula name="GOOD-02-Default">GOOD-02 AND NOT TIMEOUT AND NOT CONTROLLED_EXIT</formula>
            </scoring_formula>
            <output_checks>
                <compare_check check_type="CONTAINS" name="GOOD-02">
                    <actual encoding="STRING" input_id_ref="GOOD-02-CURL" output_type="STANDARD_OUT"></actual>
                    <expected encoding="STRING" type="USE_FILE_CONTENTS">good-02/output.txt</expected>
                </compare_check>
                <simple_check check_type="SPECIAL" encoding="STRING" name="TIMEOUT" type="USE_TEXT">DOES_NOT_RETURN</simple_check>
                <simple_check check_type="SPECIAL" encoding="STRING" name="CONTROLLED_EXIT" type="USE_TEXT">CONTROLLED_EXIT</simple_check>
            </output_checks>
        </iopair>
        <iopair name="J-C089D-ELAS-07-ST02-DT01-DF12-CF19-01-GOOD-03" reset_scheme="NONE" timeout="300" type="GOOD">
            <description>get all data
Environment variable defining test value.
</description>
            <technical_impact>NONE</technical_impact>
            <pre_processes scheme="SEQUENCE">
                <process>
                    <script background="false" encoding="STRING" type="USE_TEXT">printf 'env SS_DBPGDATABASE;\nenv SECQUE_SEPARATES;\n' | tee nginx_conf_env.txt</script>
                </process>
                <process>
                    <environment_variable encoding="STRING" key="SECQUE_SEPARATES" type="USE_TEXT">$SS_TC_ROOT/testData/alkamine_fendy.bin</environment_variable>
                </process>
                <process>
                    <file encoding="STRING" path="$SS_TC_ROOT/testData/alkamine_fendy.bin" type="USE_TEXT">ShippingCompany</file>
                </process>
                <process>
                    <database database_name="northwindlower_rotkyqxwlvktvihz" database_type="POSTGRESQL" encoding="STRING" server="ss-db-postgres" type="USE_FILE_CONTENTS">/opt/stonesoup/workspace/scripts/northwind_create_northwindlower_rotkyqxwlvktvihz.sql</database>
                </process>
                <process>
                    <environment_variable encoding="STRING" key="SS_DBPGDATABASE" type="USE_TEXT">northwindlower_rotkyqxwlvktvihz</environment_variable>
                </process>
                <process>
                    <script background="false" encoding="STRING" type="USE_TEXT">mkdir $SS_TC_ROOT/logs/execute/lttng</script>
                </process>
                <process>
                    <environment_variable encoding="STRING" key="LTTNG_HOME" type="USE_TEXT">$SS_TC_ROOT/logs/execute/lttng</environment_variable>
                </process>
                <process>
                    <environment_variable encoding="STRING" key="SS_RUN_COMMAND_LD_PRELOAD" type="USE_TEXT">$SS_TC_DEPS/lib64/liblttng-stonesoup-java.so:$SS_TC_DEPS/lib64/liblttng-ust-fork.so</environment_variable>
                </process>
                <process>
                    <script background="false" encoding="STRING" type="USE_TEXT">mkdir -p $SS_TC_DEPS/var/run/lttng</script>
                </process>
                <process>
                    <script background="false" encoding="STRING" type="USE_TEXT">$SS_TC_DEPS/bin/lttng create &amp;&amp; $SS_TC_DEPS/bin/lttng enable-event -u -a &amp;&amp; $SS_TC_DEPS/bin/lttng start</script>
                </process>
                <process>
                    <script background="false" encoding="STRING" type="USE_TEXT">rm -rf $SS_TC_ROOT/lockDir</script>
                </process>
                <process>
                    <script background="false" encoding="STRING" type="USE_TEXT">sleep 2 &amp;&amp; printf &quot;Sleeping to allow DB to be created.&quot;</script>
                </process>
            </pre_processes>
            <run_command encoding="STRING" preprend_runcommand="true" type="USE_TEXT">-Des.path.data=&quot;$SS_TC_ROOT/testData/good-03&quot; org.elasticsearch.bootstrap.Elasticsearch</run_command>
            <co_processes scheme="SEQUENCE">
                <process_group scheme="PARALLEL">
                    <process_group scheme="SEQUENCE">
                        <process delay_after="0" delay_before="0">
                            <script background="false" encoding="STRING" type="USE_TEXT">$SS_TC_ROOT/scripts/service_mon.sh ss-localhost 9200</script>
                        </process>
                        <process delay_after="0" delay_before="0">
                            <script background="false" encoding="STRING" type="USE_TEXT">$SS_TC_ROOT/scripts/es_initialized.sh ss-localhost 9200</script>
                        </process>
                        <process delay_after="0" delay_before="0">
                            <script background="false" encoding="STRING" input_id="GOOD-03-CURL" type="USE_TEXT">curl -XGET 'http://ss-localhost:9200/_search' -d '{ &quot;query&quot;: { &quot;matchAll&quot; : {} }}'</script>
                        </process>
                    </process_group>
                    <process_group scheme="SEQUENCE"/>
                </process_group>
                <process delay_after="0" delay_before="0">
                    <script background="false" encoding="STRING" type="USE_TEXT">curl -XPOST 'http://ss-localhost:9200/_shutdown'</script>
                </process>
            </co_processes>
            <post_processes scheme="SEQUENCE">
                <process>
                    <database database_name="northwindlower_rotkyqxwlvktvihz" database_type="POSTGRESQL" encoding="STRING" server="ss-db-postgres" type="USE_TEXT">DROP DATABASE IF EXISTS $SS_DBPGDATABASE;</database>
                </process>
                <process>
                    <script background="false" encoding="STRING" input_id="lttng_output_BOfycjiBzl" type="USE_TEXT">$SS_TC_DEPS/bin/lttng stop &amp;&amp; $SS_TC_DEPS/bin/lttng view &amp;&amp; $SS_TC_DEPS/bin/lttng destroy</script>
                </process>
            </post_processes>
            <scoring_formula default="GOOD-03-Default">
                <formula name="GOOD-03-Default">GOOD-03 AND NOT TIMEOUT AND NOT CONTROLLED_EXIT</formula>
            </scoring_formula>
            <output_checks>
                <compare_check check_type="CONTAINS" name="GOOD-03">
                    <actual encoding="STRING" input_id_ref="GOOD-03-CURL" output_type="STANDARD_OUT"></actual>
                    <expected encoding="STRING" type="USE_FILE_CONTENTS">good-03/output.txt</expected>
                </compare_check>
                <simple_check check_type="SPECIAL" encoding="STRING" name="TIMEOUT" type="USE_TEXT">DOES_NOT_RETURN</simple_check>
                <simple_check check_type="SPECIAL" encoding="STRING" name="CONTROLLED_EXIT" type="USE_TEXT">CONTROLLED_EXIT</simple_check>
            </output_checks>
        </iopair>
        <iopair name="J-C089D-ELAS-07-ST02-DT01-DF12-CF19-01-GOOD-04" reset_scheme="NONE" timeout="300" type="GOOD">
            <description>add data
Environment variable defining test value.
</description>
            <technical_impact>NONE</technical_impact>
            <pre_processes scheme="SEQUENCE">
                <process>
                    <script background="false" encoding="STRING" type="USE_TEXT">printf 'env SS_DBPGDATABASE;\nenv SECQUE_SEPARATES;\n' | tee nginx_conf_env.txt</script>
                </process>
                <process>
                    <environment_variable encoding="STRING" key="SECQUE_SEPARATES" type="USE_TEXT">$SS_TC_ROOT/testData/alkamine_fendy.bin</environment_variable>
                </process>
                <process>
                    <file encoding="STRING" path="$SS_TC_ROOT/testData/alkamine_fendy.bin" type="USE_TEXT">shipper1</file>
                </process>
                <process>
                    <database database_name="northwindlower_mgazuletpekmisru" database_type="POSTGRESQL" encoding="STRING" server="ss-db-postgres" type="USE_FILE_CONTENTS">/opt/stonesoup/workspace/scripts/northwind_create_northwindlower_mgazuletpekmisru.sql</database>
                </process>
                <process>
                    <environment_variable encoding="STRING" key="SS_DBPGDATABASE" type="USE_TEXT">northwindlower_mgazuletpekmisru</environment_variable>
                </process>
                <process>
                    <script background="false" encoding="STRING" type="USE_TEXT">mkdir $SS_TC_ROOT/logs/execute/lttng</script>
                </process>
                <process>
                    <environment_variable encoding="STRING" key="LTTNG_HOME" type="USE_TEXT">$SS_TC_ROOT/logs/execute/lttng</environment_variable>
                </process>
                <process>
                    <environment_variable encoding="STRING" key="SS_RUN_COMMAND_LD_PRELOAD" type="USE_TEXT">$SS_TC_DEPS/lib64/liblttng-stonesoup-java.so:$SS_TC_DEPS/lib64/liblttng-ust-fork.so</environment_variable>
                </process>
                <process>
                    <script background="false" encoding="STRING" type="USE_TEXT">mkdir -p $SS_TC_DEPS/var/run/lttng</script>
                </process>
                <process>
                    <script background="false" encoding="STRING" type="USE_TEXT">$SS_TC_DEPS/bin/lttng create &amp;&amp; $SS_TC_DEPS/bin/lttng enable-event -u -a &amp;&amp; $SS_TC_DEPS/bin/lttng start</script>
                </process>
                <process>
                    <script background="false" encoding="STRING" type="USE_TEXT">rm -rf $SS_TC_ROOT/lockDir</script>
                </process>
                <process>
                    <script background="false" encoding="STRING" type="USE_TEXT">sleep 2 &amp;&amp; printf &quot;Sleeping to allow DB to be created.&quot;</script>
                </process>
            </pre_processes>
            <run_command encoding="STRING" preprend_runcommand="true" type="USE_TEXT">-Des.path.data=&quot;$SS_TC_ROOT/testData/good-04&quot; org.elasticsearch.bootstrap.Elasticsearch</run_command>
            <co_processes scheme="SEQUENCE">
                <process_group scheme="PARALLEL">
                    <process_group scheme="SEQUENCE">
                        <process delay_after="0" delay_before="0">
                            <script background="false" encoding="STRING" type="USE_TEXT">$SS_TC_ROOT/scripts/service_mon.sh ss-localhost 9200</script>
                        </process>
                        <process delay_after="0" delay_before="0">
                            <script background="false" encoding="STRING" type="USE_TEXT">$SS_TC_ROOT/scripts/es_initialized.sh ss-localhost 9200</script>
                        </process>
                        <process delay_after="0" delay_before="0">
                            <script background="false" encoding="STRING" input_id="GOOD-04-CURL" type="USE_TEXT">curl -XPUT 'http://ss-localhost:9200/user/starfleet/40' -d '{ &quot;name&quot; : &quot;Picard&quot;, &quot;rank&quot; : &quot;Captain&quot; }'</script>
                        </process>
                    </process_group>
                    <process_group scheme="SEQUENCE"/>
                </process_group>
                <process delay_after="0" delay_before="0">
                    <script background="false" encoding="STRING" type="USE_TEXT">curl -XPOST 'http://ss-localhost:9200/_shutdown'</script>
                </process>
            </co_processes>
            <post_processes scheme="SEQUENCE">
                <process>
                    <database database_name="northwindlower_mgazuletpekmisru" database_type="POSTGRESQL" encoding="STRING" server="ss-db-postgres" type="USE_TEXT">DROP DATABASE IF EXISTS $SS_DBPGDATABASE;</database>
                </process>
                <process>
                    <script background="false" encoding="STRING" input_id="lttng_output_7ItlBdeaY2" type="USE_TEXT">$SS_TC_DEPS/bin/lttng stop &amp;&amp; $SS_TC_DEPS/bin/lttng view &amp;&amp; $SS_TC_DEPS/bin/lttng destroy</script>
                </process>
            </post_processes>
            <scoring_formula default="GOOD-04-Default">
                <formula name="GOOD-04-Default">OUTPUT AND (STATE-EXISTS AND STATE-HAS-CONTENT) AND (GLOBAL-EXISTS AND GLOBAL-HAS-CONTENT) AND NOT TIMEOUT AND NOT CONTROLLED_EXIT</formula>
            </scoring_formula>
            <output_checks>
                <compare_check check_type="CONTAINS" name="OUTPUT">
                    <actual encoding="STRING" input_id_ref="GOOD-04-CURL" output_type="STANDARD_OUT"></actual>
                    <expected encoding="STRING" type="USE_FILE_CONTENTS">good-04/output.txt</expected>
                </compare_check>
                <simple_check check_type="SCRIPT" encoding="STRING" name="STATE-EXISTS" type="USE_TEXT">
                    if [[ -a good-04/elasticsearch/nodes/0/indices/user/0/_state/state-2 ]]; then exit 0; else exit 1; fi;
                </simple_check>
                <simple_check check_type="SCRIPT" encoding="STRING" name="GLOBAL-EXISTS" type="USE_TEXT">
                    if [[ -a good-04/elasticsearch/nodes/0/_state/global-4 ]]; then exit 0; else exit 1; fi;
                </simple_check>
                <simple_check check_type="SCRIPT" encoding="STRING" name="STATE-HAS-CONTENT" type="USE_TEXT">
                    if [[ -s good-04/elasticsearch/nodes/0/indices/user/0/_state/state-2 ]]; then exit 0; else exit 1; fi;
                </simple_check>
                <simple_check check_type="SCRIPT" encoding="STRING" name="GLOBAL-HAS-CONTENT" type="USE_TEXT">
                    if [[ -s good-04/elasticsearch/nodes/0/_state/global-4 ]]; then exit 0; else exit 1; fi;
                </simple_check>
                <simple_check check_type="SPECIAL" encoding="STRING" name="TIMEOUT" type="USE_TEXT">DOES_NOT_RETURN</simple_check>
                <simple_check check_type="SPECIAL" encoding="STRING" name="CONTROLLED_EXIT" type="USE_TEXT">CONTROLLED_EXIT</simple_check>
            </output_checks>
        </iopair>
        <iopair name="J-C089D-ELAS-07-ST02-DT01-DF12-CF19-01-GOOD-05" reset_scheme="NONE" timeout="300" type="GOOD">
            <description>delete data
Environment variable defining test value.
</description>
            <technical_impact>NONE</technical_impact>
            <pre_processes scheme="SEQUENCE">
                <process>
                    <script background="false" encoding="STRING" type="USE_TEXT">printf 'env SS_DBPGDATABASE;\nenv SECQUE_SEPARATES;\n' | tee nginx_conf_env.txt</script>
                </process>
                <process>
                    <environment_variable encoding="STRING" key="SECQUE_SEPARATES" type="USE_TEXT">$SS_TC_ROOT/testData/alkamine_fendy.bin</environment_variable>
                </process>
                <process>
                    <file encoding="STRING" path="$SS_TC_ROOT/testData/alkamine_fendy.bin" type="USE_TEXT">NewShipper</file>
                </process>
                <process>
                    <database database_name="northwindlower_dtpkxlgeeexencin" database_type="POSTGRESQL" encoding="STRING" server="ss-db-postgres" type="USE_FILE_CONTENTS">/opt/stonesoup/workspace/scripts/northwind_create_northwindlower_dtpkxlgeeexencin.sql</database>
                </process>
                <process>
                    <environment_variable encoding="STRING" key="SS_DBPGDATABASE" type="USE_TEXT">northwindlower_dtpkxlgeeexencin</environment_variable>
                </process>
                <process>
                    <script background="false" encoding="STRING" type="USE_TEXT">mkdir $SS_TC_ROOT/logs/execute/lttng</script>
                </process>
                <process>
                    <environment_variable encoding="STRING" key="LTTNG_HOME" type="USE_TEXT">$SS_TC_ROOT/logs/execute/lttng</environment_variable>
                </process>
                <process>
                    <environment_variable encoding="STRING" key="SS_RUN_COMMAND_LD_PRELOAD" type="USE_TEXT">$SS_TC_DEPS/lib64/liblttng-stonesoup-java.so:$SS_TC_DEPS/lib64/liblttng-ust-fork.so</environment_variable>
                </process>
                <process>
                    <script background="false" encoding="STRING" type="USE_TEXT">mkdir -p $SS_TC_DEPS/var/run/lttng</script>
                </process>
                <process>
                    <script background="false" encoding="STRING" type="USE_TEXT">$SS_TC_DEPS/bin/lttng create &amp;&amp; $SS_TC_DEPS/bin/lttng enable-event -u -a &amp;&amp; $SS_TC_DEPS/bin/lttng start</script>
                </process>
                <process>
                    <script background="false" encoding="STRING" type="USE_TEXT">rm -rf $SS_TC_ROOT/lockDir</script>
                </process>
                <process>
                    <script background="false" encoding="STRING" type="USE_TEXT">sleep 2 &amp;&amp; printf &quot;Sleeping to allow DB to be created.&quot;</script>
                </process>
            </pre_processes>
            <run_command encoding="STRING" preprend_runcommand="true" type="USE_TEXT">-Des.path.data=&quot;$SS_TC_ROOT/testData/good-05&quot; org.elasticsearch.bootstrap.Elasticsearch</run_command>
            <co_processes scheme="SEQUENCE">
                <process_group scheme="PARALLEL">
                    <process_group scheme="SEQUENCE">
                        <process delay_after="0" delay_before="0">
                            <script background="false" encoding="STRING" type="USE_TEXT">$SS_TC_ROOT/scripts/service_mon.sh ss-localhost 9200</script>
                        </process>
                        <process delay_after="0" delay_before="0">
                            <script background="false" encoding="STRING" type="USE_TEXT">$SS_TC_ROOT/scripts/es_initialized.sh ss-localhost 9200</script>
                        </process>
                        <process delay_after="0" delay_before="0">
                            <script background="false" encoding="STRING" input_id="GOOD-05-CURL" type="USE_TEXT">curl -XDELETE 'http://ss-localhost:9200/movies/movie/1' -d '{ &quot;year&quot;: 1962&quot; }'</script>
                        </process>
                    </process_group>
                    <process_group scheme="SEQUENCE"/>
                </process_group>
                <process delay_after="0" delay_before="0">
                    <script background="false" encoding="STRING" type="USE_TEXT">curl -XPOST 'http://ss-localhost:9200/_shutdown'</script>
                </process>
            </co_processes>
            <post_processes scheme="SEQUENCE">
                <process>
                    <database database_name="northwindlower_dtpkxlgeeexencin" database_type="POSTGRESQL" encoding="STRING" server="ss-db-postgres" type="USE_TEXT">DROP DATABASE IF EXISTS $SS_DBPGDATABASE;</database>
                </process>
                <process>
                    <script background="false" encoding="STRING" input_id="lttng_output_ErbF4e7qPr" type="USE_TEXT">$SS_TC_DEPS/bin/lttng stop &amp;&amp; $SS_TC_DEPS/bin/lttng view &amp;&amp; $SS_TC_DEPS/bin/lttng destroy</script>
                </process>
            </post_processes>
            <scoring_formula default="GOOD-05-Default">
                <formula name="GOOD-05-Default">OUTPUT AND (GLOBAL-EXISTS AND GLOBAL-HAS-CONTENT) AND NOT TIMEOUT AND NOT CONTROLLED_EXIT</formula>
            </scoring_formula>
            <output_checks>
                <compare_check check_type="CONTAINS" name="OUTPUT">
                    <actual encoding="STRING" input_id_ref="GOOD-05-CURL" output_type="STANDARD_OUT"></actual>
                    <expected encoding="STRING" type="USE_FILE_CONTENTS">good-05/output.txt</expected>
                </compare_check>
                <simple_check check_type="SCRIPT" encoding="STRING" name="GLOBAL-EXISTS" type="USE_TEXT">
                    if [[ -a good-05/elasticsearch/nodes/0/_state/global-5 ]]; then exit 0; else exit 1; fi;
                </simple_check>
                <simple_check check_type="SCRIPT" encoding="STRING" name="GLOBAL-HAS-CONTENT" type="USE_TEXT">
                   if [[ -s good-05/elasticsearch/nodes/0/_state/global-5 ]]; then exit 0; else exit 1; fi;
                </simple_check>
                <simple_check check_type="SPECIAL" encoding="STRING" name="TIMEOUT" type="USE_TEXT">DOES_NOT_RETURN</simple_check>
                <simple_check check_type="SPECIAL" encoding="STRING" name="CONTROLLED_EXIT" type="USE_TEXT">CONTROLLED_EXIT</simple_check>
            </output_checks>
        </iopair>
        <iopair name="J-C089D-ELAS-07-ST02-DT01-DF12-CF19-01-GOOD-06" reset_scheme="NONE" timeout="300" type="GOOD">
            <description>bulk add data
Environment variable defining test value.
</description>
            <technical_impact>NONE</technical_impact>
            <pre_processes scheme="SEQUENCE">
                <process>
                    <script background="false" encoding="STRING" type="USE_TEXT">printf 'env SS_DBPGDATABASE;\nenv SECQUE_SEPARATES;\n' | tee nginx_conf_env.txt</script>
                </process>
                <process>
                    <environment_variable encoding="STRING" key="SECQUE_SEPARATES" type="USE_TEXT">$SS_TC_ROOT/testData/alkamine_fendy.bin</environment_variable>
                </process>
                <process>
                    <file encoding="STRING" path="$SS_TC_ROOT/testData/alkamine_fendy.bin" type="USE_TEXT">ShippingCompany</file>
                </process>
                <process>
                    <database database_name="northwindlower_mytsbvpvjvmoigdm" database_type="POSTGRESQL" encoding="STRING" server="ss-db-postgres" type="USE_FILE_CONTENTS">/opt/stonesoup/workspace/scripts/northwind_create_northwindlower_mytsbvpvjvmoigdm.sql</database>
                </process>
                <process>
                    <environment_variable encoding="STRING" key="SS_DBPGDATABASE" type="USE_TEXT">northwindlower_mytsbvpvjvmoigdm</environment_variable>
                </process>
                <process>
                    <script background="false" encoding="STRING" type="USE_TEXT">mkdir $SS_TC_ROOT/logs/execute/lttng</script>
                </process>
                <process>
                    <environment_variable encoding="STRING" key="LTTNG_HOME" type="USE_TEXT">$SS_TC_ROOT/logs/execute/lttng</environment_variable>
                </process>
                <process>
                    <environment_variable encoding="STRING" key="SS_RUN_COMMAND_LD_PRELOAD" type="USE_TEXT">$SS_TC_DEPS/lib64/liblttng-stonesoup-java.so:$SS_TC_DEPS/lib64/liblttng-ust-fork.so</environment_variable>
                </process>
                <process>
                    <script background="false" encoding="STRING" type="USE_TEXT">mkdir -p $SS_TC_DEPS/var/run/lttng</script>
                </process>
                <process>
                    <script background="false" encoding="STRING" type="USE_TEXT">$SS_TC_DEPS/bin/lttng create &amp;&amp; $SS_TC_DEPS/bin/lttng enable-event -u -a &amp;&amp; $SS_TC_DEPS/bin/lttng start</script>
                </process>
                <process>
                    <script background="false" encoding="STRING" type="USE_TEXT">rm -rf $SS_TC_ROOT/lockDir</script>
                </process>
                <process>
                    <script background="false" encoding="STRING" type="USE_TEXT">sleep 2 &amp;&amp; printf &quot;Sleeping to allow DB to be created.&quot;</script>
                </process>
            </pre_processes>
            <run_command encoding="STRING" preprend_runcommand="true" type="USE_TEXT">-Des.path.data=&quot;$SS_TC_ROOT/testData/good-06&quot; org.elasticsearch.bootstrap.Elasticsearch</run_command>
            <co_processes scheme="SEQUENCE">
                <process_group scheme="PARALLEL">
                    <process_group scheme="SEQUENCE">
                        <process delay_after="0" delay_before="0">
                            <script background="false" encoding="STRING" type="USE_TEXT">$SS_TC_ROOT/scripts/service_mon.sh ss-localhost 9200</script>
                        </process>
                        <process delay_after="0" delay_before="0">
                            <script background="false" encoding="STRING" type="USE_TEXT">$SS_TC_ROOT/scripts/es_initialized.sh ss-localhost 9200</script>
                        </process>
                        <process delay_after="0" delay_before="0">
                            <script background="false" encoding="STRING" input_id="GOOD-06-CURL" type="USE_TEXT">curl -XPUT localhost:9200/_bulk --data-binary @good-06/shakespeare.json</script>
                        </process>
                    </process_group>
                    <process_group scheme="SEQUENCE"/>
                </process_group>
                <process delay_after="0" delay_before="0">
                    <script background="false" encoding="STRING" type="USE_TEXT">curl -XPOST 'http://ss-localhost:9200/_shutdown'</script>
                </process>
            </co_processes>
            <post_processes scheme="SEQUENCE">
                <process>
                    <database database_name="northwindlower_mytsbvpvjvmoigdm" database_type="POSTGRESQL" encoding="STRING" server="ss-db-postgres" type="USE_TEXT">DROP DATABASE IF EXISTS $SS_DBPGDATABASE;</database>
                </process>
                <process>
                    <script background="false" encoding="STRING" input_id="lttng_output_gHVzIUfVYS" type="USE_TEXT">$SS_TC_DEPS/bin/lttng stop &amp;&amp; $SS_TC_DEPS/bin/lttng view &amp;&amp; $SS_TC_DEPS/bin/lttng destroy</script>
                </process>
            </post_processes>
            <scoring_formula default="GOOD-06-Default">
                <formula name="GOOD-06-Default">HEAD AND TAIL AND NOT TIMEOUT AND NOT CONTROLLED_EXIT</formula>
            </scoring_formula>
            <output_checks>
                <compare_check check_type="CONTAINS" name="HEAD">
                    <actual encoding="STRING" input_id_ref="GOOD-06-CURL" output_type="STANDARD_OUT"></actual>
                    <expected encoding="STRING" type="USE_FILE_CONTENTS">good-06/head.txt</expected>
                </compare_check>
                <compare_check check_type="CONTAINS" name="TAIL">
                    <actual encoding="STRING" input_id_ref="GOOD-06-CURL" output_type="STANDARD_OUT"></actual>
                    <expected encoding="STRING" type="USE_FILE_CONTENTS">good-06/tail.txt</expected>
                </compare_check>
                <simple_check check_type="SPECIAL" encoding="STRING" name="TIMEOUT" type="USE_TEXT">DOES_NOT_RETURN</simple_check>
                <simple_check check_type="SPECIAL" encoding="STRING" name="CONTROLLED_EXIT" type="USE_TEXT">CONTROLLED_EXIT</simple_check>
            </output_checks>
        </iopair>
        <iopair name="J-C089D-ELAS-07-ST02-DT01-DF12-CF19-01-GOOD-07" reset_scheme="NONE" timeout="300" type="GOOD">
            <description>filter without search query
Environment variable defining test value.
</description>
            <technical_impact>NONE</technical_impact>
            <pre_processes scheme="SEQUENCE">
                <process>
                    <script background="false" encoding="STRING" type="USE_TEXT">printf 'env SS_DBPGDATABASE;\nenv SECQUE_SEPARATES;\n' | tee nginx_conf_env.txt</script>
                </process>
                <process>
                    <environment_variable encoding="STRING" key="SECQUE_SEPARATES" type="USE_TEXT">$SS_TC_ROOT/testData/alkamine_fendy.bin</environment_variable>
                </process>
                <process>
                    <file encoding="STRING" path="$SS_TC_ROOT/testData/alkamine_fendy.bin" type="USE_TEXT">shipper1</file>
                </process>
                <process>
                    <database database_name="northwindlower_lytbnujqudeguwqi" database_type="POSTGRESQL" encoding="STRING" server="ss-db-postgres" type="USE_FILE_CONTENTS">/opt/stonesoup/workspace/scripts/northwind_create_northwindlower_lytbnujqudeguwqi.sql</database>
                </process>
                <process>
                    <environment_variable encoding="STRING" key="SS_DBPGDATABASE" type="USE_TEXT">northwindlower_lytbnujqudeguwqi</environment_variable>
                </process>
                <process>
                    <script background="false" encoding="STRING" type="USE_TEXT">mkdir $SS_TC_ROOT/logs/execute/lttng</script>
                </process>
                <process>
                    <environment_variable encoding="STRING" key="LTTNG_HOME" type="USE_TEXT">$SS_TC_ROOT/logs/execute/lttng</environment_variable>
                </process>
                <process>
                    <environment_variable encoding="STRING" key="SS_RUN_COMMAND_LD_PRELOAD" type="USE_TEXT">$SS_TC_DEPS/lib64/liblttng-stonesoup-java.so:$SS_TC_DEPS/lib64/liblttng-ust-fork.so</environment_variable>
                </process>
                <process>
                    <script background="false" encoding="STRING" type="USE_TEXT">mkdir -p $SS_TC_DEPS/var/run/lttng</script>
                </process>
                <process>
                    <script background="false" encoding="STRING" type="USE_TEXT">$SS_TC_DEPS/bin/lttng create &amp;&amp; $SS_TC_DEPS/bin/lttng enable-event -u -a &amp;&amp; $SS_TC_DEPS/bin/lttng start</script>
                </process>
                <process>
                    <script background="false" encoding="STRING" type="USE_TEXT">rm -rf $SS_TC_ROOT/lockDir</script>
                </process>
                <process>
                    <script background="false" encoding="STRING" type="USE_TEXT">sleep 2 &amp;&amp; printf &quot;Sleeping to allow DB to be created.&quot;</script>
                </process>
            </pre_processes>
            <run_command encoding="STRING" preprend_runcommand="true" type="USE_TEXT">-Des.path.data=&quot;$SS_TC_ROOT/testData/good-07&quot; org.elasticsearch.bootstrap.Elasticsearch</run_command>
            <co_processes scheme="SEQUENCE">
                <process_group scheme="PARALLEL">
                    <process_group scheme="SEQUENCE">
                        <process delay_after="0" delay_before="0">
                            <script background="false" encoding="STRING" type="USE_TEXT">$SS_TC_ROOT/scripts/service_mon.sh ss-localhost 9200</script>
                        </process>
                        <process delay_after="0" delay_before="0">
                            <script background="false" encoding="STRING" type="USE_TEXT">$SS_TC_ROOT/scripts/es_initialized.sh ss-localhost 9200</script>
                        </process>
                        <process delay_after="0" delay_before="0">
                            <script background="false" encoding="STRING" input_id="GOOD-07-CURL" type="USE_TEXT">curl -XPOST &quot;http://localhost:9200/_search&quot; -d '{ &quot;query&quot;: { &quot;filtered&quot;: { &quot;query&quot;: { &quot;match_all&quot;: {} }, &quot;filter&quot;: {&quot;term&quot;: { &quot;year&quot;: 1962 }}}}}'</script>
                        </process>
                    </process_group>
                    <process_group scheme="SEQUENCE"/>
                </process_group>
                <process delay_after="0" delay_before="0">
                    <script background="false" encoding="STRING" type="USE_TEXT">curl -XPOST 'http://ss-localhost:9200/_shutdown'</script>
                </process>
            </co_processes>
            <post_processes scheme="SEQUENCE">
                <process>
                    <database database_name="northwindlower_lytbnujqudeguwqi" database_type="POSTGRESQL" encoding="STRING" server="ss-db-postgres" type="USE_TEXT">DROP DATABASE IF EXISTS $SS_DBPGDATABASE;</database>
                </process>
                <process>
                    <script background="false" encoding="STRING" input_id="lttng_output_1Yv0sGWNDk" type="USE_TEXT">$SS_TC_DEPS/bin/lttng stop &amp;&amp; $SS_TC_DEPS/bin/lttng view &amp;&amp; $SS_TC_DEPS/bin/lttng destroy</script>
                </process>
            </post_processes>
            <scoring_formula default="GOOD-07-Default">
                <formula name="GOOD-07-Default">OUTPUT AND NOT TIMEOUT AND NOT CONTROLLED_EXIT</formula>
            </scoring_formula>
            <output_checks>
                <compare_check check_type="CONTAINS" name="OUTPUT">
                    <actual encoding="STRING" input_id_ref="GOOD-07-CURL" output_type="STANDARD_OUT"></actual>
                    <expected encoding="STRING" type="USE_FILE_CONTENTS">good-07/output.txt</expected>
                </compare_check>
                <simple_check check_type="SPECIAL" encoding="STRING" name="TIMEOUT" type="USE_TEXT">DOES_NOT_RETURN</simple_check>
                <simple_check check_type="SPECIAL" encoding="STRING" name="CONTROLLED_EXIT" type="USE_TEXT">CONTROLLED_EXIT</simple_check>
            </output_checks>
        </iopair>
        <iopair name="J-C089D-ELAS-07-ST02-DT01-DF12-CF19-01-GOOD-08" reset_scheme="NONE" timeout="300" type="GOOD">
            <description>tokenize with snowball analyzer
Environment variable defining test value.
</description>
            <technical_impact>NONE</technical_impact>
            <pre_processes scheme="SEQUENCE">
                <process>
                    <script background="false" encoding="STRING" type="USE_TEXT">printf 'env SS_DBPGDATABASE;\nenv SECQUE_SEPARATES;\n' | tee nginx_conf_env.txt</script>
                </process>
                <process>
                    <environment_variable encoding="STRING" key="SECQUE_SEPARATES" type="USE_TEXT">$SS_TC_ROOT/testData/alkamine_fendy.bin</environment_variable>
                </process>
                <process>
                    <file encoding="STRING" path="$SS_TC_ROOT/testData/alkamine_fendy.bin" type="USE_TEXT">NewShipper</file>
                </process>
                <process>
                    <database database_name="northwindlower_bozkoutgdpmwkugw" database_type="POSTGRESQL" encoding="STRING" server="ss-db-postgres" type="USE_FILE_CONTENTS">/opt/stonesoup/workspace/scripts/northwind_create_northwindlower_bozkoutgdpmwkugw.sql</database>
                </process>
                <process>
                    <environment_variable encoding="STRING" key="SS_DBPGDATABASE" type="USE_TEXT">northwindlower_bozkoutgdpmwkugw</environment_variable>
                </process>
                <process>
                    <script background="false" encoding="STRING" type="USE_TEXT">mkdir $SS_TC_ROOT/logs/execute/lttng</script>
                </process>
                <process>
                    <environment_variable encoding="STRING" key="LTTNG_HOME" type="USE_TEXT">$SS_TC_ROOT/logs/execute/lttng</environment_variable>
                </process>
                <process>
                    <environment_variable encoding="STRING" key="SS_RUN_COMMAND_LD_PRELOAD" type="USE_TEXT">$SS_TC_DEPS/lib64/liblttng-stonesoup-java.so:$SS_TC_DEPS/lib64/liblttng-ust-fork.so</environment_variable>
                </process>
                <process>
                    <script background="false" encoding="STRING" type="USE_TEXT">mkdir -p $SS_TC_DEPS/var/run/lttng</script>
                </process>
                <process>
                    <script background="false" encoding="STRING" type="USE_TEXT">$SS_TC_DEPS/bin/lttng create &amp;&amp; $SS_TC_DEPS/bin/lttng enable-event -u -a &amp;&amp; $SS_TC_DEPS/bin/lttng start</script>
                </process>
                <process>
                    <script background="false" encoding="STRING" type="USE_TEXT">rm -rf $SS_TC_ROOT/lockDir</script>
                </process>
                <process>
                    <script background="false" encoding="STRING" type="USE_TEXT">sleep 2 &amp;&amp; printf &quot;Sleeping to allow DB to be created.&quot;</script>
                </process>
            </pre_processes>
            <run_command encoding="STRING" preprend_runcommand="true" type="USE_TEXT">-Des.path.data=&quot;$SS_TC_ROOT/testData/good-08&quot; org.elasticsearch.bootstrap.Elasticsearch</run_command>
            <co_processes scheme="SEQUENCE">
                <process_group scheme="PARALLEL">
                    <process_group scheme="SEQUENCE">
                        <process delay_after="0" delay_before="0">
                            <script background="false" encoding="STRING" type="USE_TEXT">$SS_TC_ROOT/scripts/service_mon.sh ss-localhost 9200</script>
                        </process>
                        <process delay_after="0" delay_before="0">
                            <script background="false" encoding="STRING" type="USE_TEXT">$SS_TC_ROOT/scripts/es_initialized.sh ss-localhost 9200</script>
                        </process>
                        <process delay_after="0" delay_before="0">
                            <script background="false" encoding="STRING" input_id="GOOD-08-LOAD" type="USE_TEXT">curl -XPUT localhost:9200/_bulk --data-binary @good-06/shakespeare.json</script>
                        </process>
                        <process delay_after="0" delay_before="0">
                            <script background="false" encoding="STRING" input_id="GOOD-08-SEARCH" type="USE_TEXT">curl -XPOST http://ss-localhost:9200/_search?pretty=true -d'{&quot;query&quot;: {&quot;query_string&quot;: {&quot;query&quot;: &quot;WESTMORELAND&quot;}}, &quot;sort&quot;: &quot;_id&quot;}'</script>
                        </process>
                    </process_group>
                    <process_group scheme="SEQUENCE"/>
                </process_group>
                <process delay_after="0" delay_before="0">
                    <script background="false" encoding="STRING" type="USE_TEXT">curl -XPOST 'http://ss-localhost:9200/_shutdown'</script>
                </process>
            </co_processes>
            <post_processes scheme="SEQUENCE">
                <process>
                    <database database_name="northwindlower_bozkoutgdpmwkugw" database_type="POSTGRESQL" encoding="STRING" server="ss-db-postgres" type="USE_TEXT">DROP DATABASE IF EXISTS $SS_DBPGDATABASE;</database>
                </process>
                <process>
                    <script background="false" encoding="STRING" input_id="lttng_output_VZFAETBnSF" type="USE_TEXT">$SS_TC_DEPS/bin/lttng stop &amp;&amp; $SS_TC_DEPS/bin/lttng view &amp;&amp; $SS_TC_DEPS/bin/lttng destroy</script>
                </process>
            </post_processes>
            <scoring_formula default="GOOD-08-Default">
                <formula name="GOOD-08-Default">HEAD AND TAIL AND SEARCH AND NOT TIMEOUT AND NOT CONTROLLED_EXIT</formula>
            </scoring_formula>
            <output_checks>
                <compare_check check_type="CONTAINS" name="HEAD">
                    <actual encoding="STRING" input_id_ref="GOOD-08-LOAD" output_type="STANDARD_OUT"></actual>
                    <expected encoding="STRING" type="USE_FILE_CONTENTS">good-08/head.txt</expected>
                </compare_check>
                <compare_check check_type="CONTAINS" name="TAIL">
                    <actual encoding="STRING" input_id_ref="GOOD-08-LOAD" output_type="STANDARD_OUT"></actual>
                    <expected encoding="STRING" type="USE_FILE_CONTENTS">good-08/tail.txt</expected>
                </compare_check>
                <compare_check check_type="CONTAINS" name="SEARCH">
                    <actual encoding="STRING" input_id_ref="GOOD-08-SEARCH" output_type="STANDARD_OUT"></actual>
                    <expected encoding="STRING" type="USE_FILE_CONTENTS">good-08/output.txt</expected>
                </compare_check>
                <simple_check check_type="SPECIAL" encoding="STRING" name="TIMEOUT" type="USE_TEXT">DOES_NOT_RETURN</simple_check>
                <simple_check check_type="SPECIAL" encoding="STRING" name="CONTROLLED_EXIT" type="USE_TEXT">CONTROLLED_EXIT</simple_check>
            </output_checks>
        </iopair>
        <iopair name="J-C089D-ELAS-07-ST02-DT01-DF12-CF19-01-GOOD-09" reset_scheme="NONE" timeout="300" type="GOOD">
            <description>list indicies
Environment variable defining test value.
</description>
            <technical_impact>NONE</technical_impact>
            <pre_processes scheme="SEQUENCE">
                <process>
                    <script background="false" encoding="STRING" type="USE_TEXT">printf 'env SS_DBPGDATABASE;\nenv SECQUE_SEPARATES;\n' | tee nginx_conf_env.txt</script>
                </process>
                <process>
                    <environment_variable encoding="STRING" key="SECQUE_SEPARATES" type="USE_TEXT">$SS_TC_ROOT/testData/alkamine_fendy.bin</environment_variable>
                </process>
                <process>
                    <file encoding="STRING" path="$SS_TC_ROOT/testData/alkamine_fendy.bin" type="USE_TEXT">ShippingCompany</file>
                </process>
                <process>
                    <database database_name="northwindlower_pdpzhianlphywdey" database_type="POSTGRESQL" encoding="STRING" server="ss-db-postgres" type="USE_FILE_CONTENTS">/opt/stonesoup/workspace/scripts/northwind_create_northwindlower_pdpzhianlphywdey.sql</database>
                </process>
                <process>
                    <environment_variable encoding="STRING" key="SS_DBPGDATABASE" type="USE_TEXT">northwindlower_pdpzhianlphywdey</environment_variable>
                </process>
                <process>
                    <script background="false" encoding="STRING" type="USE_TEXT">mkdir $SS_TC_ROOT/logs/execute/lttng</script>
                </process>
                <process>
                    <environment_variable encoding="STRING" key="LTTNG_HOME" type="USE_TEXT">$SS_TC_ROOT/logs/execute/lttng</environment_variable>
                </process>
                <process>
                    <environment_variable encoding="STRING" key="SS_RUN_COMMAND_LD_PRELOAD" type="USE_TEXT">$SS_TC_DEPS/lib64/liblttng-stonesoup-java.so:$SS_TC_DEPS/lib64/liblttng-ust-fork.so</environment_variable>
                </process>
                <process>
                    <script background="false" encoding="STRING" type="USE_TEXT">mkdir -p $SS_TC_DEPS/var/run/lttng</script>
                </process>
                <process>
                    <script background="false" encoding="STRING" type="USE_TEXT">$SS_TC_DEPS/bin/lttng create &amp;&amp; $SS_TC_DEPS/bin/lttng enable-event -u -a &amp;&amp; $SS_TC_DEPS/bin/lttng start</script>
                </process>
                <process>
                    <script background="false" encoding="STRING" type="USE_TEXT">rm -rf $SS_TC_ROOT/lockDir</script>
                </process>
                <process>
                    <script background="false" encoding="STRING" type="USE_TEXT">sleep 2 &amp;&amp; printf &quot;Sleeping to allow DB to be created.&quot;</script>
                </process>
            </pre_processes>
            <run_command encoding="STRING" preprend_runcommand="true" type="USE_TEXT">-Des.path.data=&quot;$SS_TC_ROOT/testData/good-09&quot; org.elasticsearch.bootstrap.Elasticsearch</run_command>
            <co_processes scheme="SEQUENCE">
                <process_group scheme="PARALLEL">
                    <process_group scheme="SEQUENCE">
                        <process delay_after="0" delay_before="0">
                            <script background="false" encoding="STRING" type="USE_TEXT">$SS_TC_ROOT/scripts/service_mon.sh ss-localhost 9200</script>
                        </process>
                        <process delay_after="0" delay_before="0">
                            <script background="false" encoding="STRING" type="USE_TEXT">$SS_TC_ROOT/scripts/es_initialized.sh ss-localhost 9200</script>
                        </process>
                        <process delay_after="0" delay_before="0">
                            <script background="false" encoding="STRING" input_id="GOOD-09-CURL" type="USE_TEXT">curl -XGET &quot;http://localhost:9200/_cat/indices&quot;</script>
                        </process>
                    </process_group>
                    <process_group scheme="SEQUENCE"/>
                </process_group>
                <process delay_after="0" delay_before="0">
                    <script background="false" encoding="STRING" type="USE_TEXT">curl -XPOST 'http://ss-localhost:9200/_shutdown'</script>
                </process>
            </co_processes>
            <post_processes scheme="SEQUENCE">
                <process>
                    <database database_name="northwindlower_pdpzhianlphywdey" database_type="POSTGRESQL" encoding="STRING" server="ss-db-postgres" type="USE_TEXT">DROP DATABASE IF EXISTS $SS_DBPGDATABASE;</database>
                </process>
                <process>
                    <script background="false" encoding="STRING" input_id="lttng_output_FHJPLCJNQ0" type="USE_TEXT">$SS_TC_DEPS/bin/lttng stop &amp;&amp; $SS_TC_DEPS/bin/lttng view &amp;&amp; $SS_TC_DEPS/bin/lttng destroy</script>
                </process>
            </post_processes>
            <scoring_formula default="GOOD-09-Default">
                <formula name="GOOD-09-Default">OUTPUT AND NOT TIMEOUT AND NOT CONTROLLED_EXIT</formula>
            </scoring_formula>
            <output_checks>
                <compare_check check_type="CONTAINS" name="OUTPUT">
                    <actual encoding="STRING" input_id_ref="GOOD-09-CURL" output_type="STANDARD_OUT"></actual>
                    <expected encoding="STRING" type="USE_TEXT">movies 5 1 6 0 14.7kb 14.7kb</expected>
                </compare_check>
                <simple_check check_type="SPECIAL" encoding="STRING" name="TIMEOUT" type="USE_TEXT">DOES_NOT_RETURN</simple_check>
                <simple_check check_type="SPECIAL" encoding="STRING" name="CONTROLLED_EXIT" type="USE_TEXT">CONTROLLED_EXIT</simple_check>
            </output_checks>
        </iopair>
        <iopair name="J-C089D-ELAS-07-ST02-DT01-DF12-CF19-01-GOOD-10" reset_scheme="NONE" timeout="300" type="GOOD">
            <description>drilling down
Environment variable defining test value.
</description>
            <technical_impact>NONE</technical_impact>
            <pre_processes scheme="SEQUENCE">
                <process>
                    <script background="false" encoding="STRING" type="USE_TEXT">printf 'env SS_DBPGDATABASE;\nenv SECQUE_SEPARATES;\n' | tee nginx_conf_env.txt</script>
                </process>
                <process>
                    <environment_variable encoding="STRING" key="SECQUE_SEPARATES" type="USE_TEXT">$SS_TC_ROOT/testData/alkamine_fendy.bin</environment_variable>
                </process>
                <process>
                    <file encoding="STRING" path="$SS_TC_ROOT/testData/alkamine_fendy.bin" type="USE_TEXT">shipper1</file>
                </process>
                <process>
                    <database database_name="northwindlower_rwxigyrccmsjccog" database_type="POSTGRESQL" encoding="STRING" server="ss-db-postgres" type="USE_FILE_CONTENTS">/opt/stonesoup/workspace/scripts/northwind_create_northwindlower_rwxigyrccmsjccog.sql</database>
                </process>
                <process>
                    <environment_variable encoding="STRING" key="SS_DBPGDATABASE" type="USE_TEXT">northwindlower_rwxigyrccmsjccog</environment_variable>
                </process>
                <process>
                    <script background="false" encoding="STRING" type="USE_TEXT">mkdir $SS_TC_ROOT/logs/execute/lttng</script>
                </process>
                <process>
                    <environment_variable encoding="STRING" key="LTTNG_HOME" type="USE_TEXT">$SS_TC_ROOT/logs/execute/lttng</environment_variable>
                </process>
                <process>
                    <environment_variable encoding="STRING" key="SS_RUN_COMMAND_LD_PRELOAD" type="USE_TEXT">$SS_TC_DEPS/lib64/liblttng-stonesoup-java.so:$SS_TC_DEPS/lib64/liblttng-ust-fork.so</environment_variable>
                </process>
                <process>
                    <script background="false" encoding="STRING" type="USE_TEXT">mkdir -p $SS_TC_DEPS/var/run/lttng</script>
                </process>
                <process>
                    <script background="false" encoding="STRING" type="USE_TEXT">$SS_TC_DEPS/bin/lttng create &amp;&amp; $SS_TC_DEPS/bin/lttng enable-event -u -a &amp;&amp; $SS_TC_DEPS/bin/lttng start</script>
                </process>
                <process>
                    <script background="false" encoding="STRING" type="USE_TEXT">rm -rf $SS_TC_ROOT/lockDir</script>
                </process>
                <process>
                    <script background="false" encoding="STRING" type="USE_TEXT">sleep 2 &amp;&amp; printf &quot;Sleeping to allow DB to be created.&quot;</script>
                </process>
            </pre_processes>
            <run_command encoding="STRING" preprend_runcommand="true" type="USE_TEXT">-Des.path.data=&quot;$SS_TC_ROOT/testData/good-10&quot; org.elasticsearch.bootstrap.Elasticsearch</run_command>
            <co_processes scheme="SEQUENCE">
                <process_group scheme="PARALLEL">
                    <process_group scheme="SEQUENCE">
                        <process delay_after="0" delay_before="0">
                            <script background="false" encoding="STRING" type="USE_TEXT">$SS_TC_ROOT/scripts/service_mon.sh ss-localhost 9200</script>
                        </process>
                        <process delay_after="0" delay_before="0">
                            <script background="false" encoding="STRING" type="USE_TEXT">$SS_TC_ROOT/scripts/es_initialized.sh ss-localhost 9200</script>
                        </process>
                        <process delay_after="0" delay_before="0">
                            <script background="false" encoding="STRING" input_id="GOOD-10-CURL" type="USE_TEXT">curl -XPOST http://ss-localhost:9200/products/_search?pretty=true { &quot;query&quot;: { &quot;filtered&quot;: { &quot;query&quot;: { &quot;match&quot;: {&quot;_all&quot;: &quot;network routing&quot;}}, &quot;filter&quot;: { &quot;and&quot;: [ {&quot;range&quot;: {&quot;price&quot;: {&quot;gte&quot;: 0, &quot;lte&quot;: 5000}}} ]} }}, &quot;facets&quot;:{ &quot;department_id&quot;: {&quot;terms&quot;: {&quot;field&quot;: &quot;department_id&quot;}}, &quot;department_name&quot;: {&quot;terms&quot;: {&quot;field&quot;: &quot;department_name&quot;}}, &quot;price&quot;: {&quot;histogram&quot;: {&quot;field&quot;: &quot;price&quot;, &quot;interval&quot;: 5000}}} }</script>
                        </process>
                    </process_group>
                    <process_group scheme="SEQUENCE"/>
                </process_group>
                <process delay_after="0" delay_before="0">
                    <script background="false" encoding="STRING" type="USE_TEXT">curl -XPOST 'http://ss-localhost:9200/_shutdown'</script>
                </process>
            </co_processes>
            <post_processes scheme="SEQUENCE">
                <process>
                    <database database_name="northwindlower_rwxigyrccmsjccog" database_type="POSTGRESQL" encoding="STRING" server="ss-db-postgres" type="USE_TEXT">DROP DATABASE IF EXISTS $SS_DBPGDATABASE;</database>
                </process>
                <process>
                    <script background="false" encoding="STRING" input_id="lttng_output_uH8teQSUhD" type="USE_TEXT">$SS_TC_DEPS/bin/lttng stop &amp;&amp; $SS_TC_DEPS/bin/lttng view &amp;&amp; $SS_TC_DEPS/bin/lttng destroy</script>
                </process>
            </post_processes>
            <scoring_formula default="GOOD-10-Default">
                <formula name="GOOD-10-Default">OUTPUT AND NOT TIMEOUT AND NOT CONTROLLED_EXIT</formula>
            </scoring_formula>
            <output_checks>
                <compare_check check_type="CONTAINS" name="OUTPUT">
                    <actual encoding="STRING" input_id_ref="GOOD-10-CURL" output_type="STANDARD_OUT"></actual>
                    <expected encoding="STRING" type="USE_FILE_CONTENTS">good-10/output.txt</expected>
                </compare_check>
                <simple_check check_type="SPECIAL" encoding="STRING" name="TIMEOUT" type="USE_TEXT">DOES_NOT_RETURN</simple_check>
                <simple_check check_type="SPECIAL" encoding="STRING" name="CONTROLLED_EXIT" type="USE_TEXT">CONTROLLED_EXIT</simple_check>
            </output_checks>
        </iopair>
        <iopair name="J-C089D-ELAS-07-ST02-DT01-DF12-CF19-01-BAD-01" reset_scheme="NONE" timeout="300" type="BAD">
            <description>Environment variable defining test value.
</description>
            <technical_impact>EXECUTE_UNAUTHORIZED_CODE</technical_impact>
            <pre_processes scheme="SEQUENCE">
                <process>
                    <script background="false" encoding="STRING" type="USE_TEXT">printf 'env SS_DBPGDATABASE;\nenv SECQUE_SEPARATES;\n' | tee nginx_conf_env.txt</script>
                </process>
                <process>
                    <environment_variable encoding="STRING" key="SECQUE_SEPARATES" type="USE_TEXT">$SS_TC_ROOT/testData/alkamine_fendy.bin</environment_variable>
                </process>
                <process>
                    <file encoding="STRING" path="$SS_TC_ROOT/testData/alkamine_fendy.bin" type="USE_TEXT">BadShipper'), ('80', 'BadShipper2</file>
                </process>
                <process>
                    <database database_name="northwindlower_fdmorkdoynuaagig" database_type="POSTGRESQL" encoding="STRING" server="ss-db-postgres" type="USE_FILE_CONTENTS">/opt/stonesoup/workspace/scripts/northwind_create_northwindlower_fdmorkdoynuaagig.sql</database>
                </process>
                <process>
                    <environment_variable encoding="STRING" key="SS_DBPGDATABASE" type="USE_TEXT">northwindlower_fdmorkdoynuaagig</environment_variable>
                </process>
                <process>
                    <script background="false" encoding="STRING" type="USE_TEXT">mkdir $SS_TC_ROOT/logs/execute/lttng</script>
                </process>
                <process>
                    <environment_variable encoding="STRING" key="LTTNG_HOME" type="USE_TEXT">$SS_TC_ROOT/logs/execute/lttng</environment_variable>
                </process>
                <process>
                    <environment_variable encoding="STRING" key="SS_RUN_COMMAND_LD_PRELOAD" type="USE_TEXT">$SS_TC_DEPS/lib64/liblttng-stonesoup-java.so:$SS_TC_DEPS/lib64/liblttng-ust-fork.so</environment_variable>
                </process>
                <process>
                    <script background="false" encoding="STRING" type="USE_TEXT">mkdir -p $SS_TC_DEPS/var/run/lttng</script>
                </process>
                <process>
                    <script background="false" encoding="STRING" type="USE_TEXT">$SS_TC_DEPS/bin/lttng create &amp;&amp; $SS_TC_DEPS/bin/lttng enable-event -u -a &amp;&amp; $SS_TC_DEPS/bin/lttng start</script>
                </process>
                <process>
                    <script background="false" encoding="STRING" type="USE_TEXT">rm -rf $SS_TC_ROOT/lockDir</script>
                </process>
                <process>
                    <script background="false" encoding="STRING" type="USE_TEXT">sleep 2 &amp;&amp; printf &quot;Sleeping to allow DB to be created.&quot;</script>
                </process>
            </pre_processes>
            <run_command encoding="STRING" preprend_runcommand="true" type="USE_TEXT">-Des.path.data=&quot;$SS_TC_ROOT/testData/good-01&quot; org.elasticsearch.bootstrap.Elasticsearch</run_command>
            <co_processes scheme="SEQUENCE">
                <process delay_after="0" delay_before="0">
                    <script background="false" encoding="STRING" type="USE_TEXT">$SS_TC_ROOT/scripts/service_mon.sh ss-localhost 9200</script>
                </process>
                <process delay_after="0" delay_before="0">
                    <script background="false" encoding="STRING" type="USE_TEXT">$SS_TC_ROOT/scripts/es_initialized.sh ss-localhost 9200</script>
                </process>
                <process delay_after="0" delay_before="0">
                    <script background="false" encoding="STRING" input_id="GOOD-01-CURLHA89lUWpGX" type="USE_TEXT">curl -XPUT 'http://ss-localhost:9200/movies/movie/1' -d '{&quot;title&quot;:&quot;The Godfather&quot;,&quot;director&quot;:&quot;Francis Ford Coppola&quot;,&quot;year&quot;:1972}'</script>
                </process>
                <process delay_after="0" delay_before="0">
                    <script background="false" encoding="STRING" type="USE_TEXT">curl -XPOST 'http://ss-localhost:9200/_shutdown'</script>
                </process>
            </co_processes>
            <post_processes scheme="SEQUENCE">
                <process>
                    <database database_name="northwindlower_fdmorkdoynuaagig" database_type="POSTGRESQL" encoding="STRING" server="ss-db-postgres" type="USE_TEXT">DROP DATABASE IF EXISTS $SS_DBPGDATABASE;</database>
                </process>
                <process>
                    <script background="false" encoding="STRING" input_id="lttng_output_6E6ZvO7DJyilgdsE5y8v" type="USE_TEXT">$SS_TC_DEPS/bin/lttng stop &amp;&amp; $SS_TC_DEPS/bin/lttng view &amp;&amp; $SS_TC_DEPS/bin/lttng destroy</script>
                </process>
            </post_processes>
            <scoring_formula default="db_sql_formula_Feu3kkaGFG">
                <formula name="db_sql_formula_Feu3kkaGFG">weakness_started_Mvgo7c2NV9F9aDq8hYpI AND ((NOT PERFORMER AND (db_sql_output_lzxMn4roB2 OR db_sql_output_4MetW35F84 OR database_insert_check_m7ulAHdSob) AND NOT timeout_IW1zLXdeBd) or (PERFORMER AND NOT ((db_sql_output_lzxMn4roB2 OR db_sql_output_4MetW35F84 OR database_insert_check_m7ulAHdSob) OR timeout_IW1zLXdeBd OR controlled_exit_NawKoBHA3y)))</formula>
                <formula name="no_weakness_started_formula_gO2XEEbAvW">(NOT PERFORMER AND (db_sql_output_lzxMn4roB2 OR db_sql_output_4MetW35F84 OR database_insert_check_m7ulAHdSob) AND NOT timeout_IW1zLXdeBd) or (PERFORMER AND NOT ((db_sql_output_lzxMn4roB2 OR db_sql_output_4MetW35F84 OR database_insert_check_m7ulAHdSob) OR timeout_IW1zLXdeBd OR controlled_exit_NawKoBHA3y))</formula>
            </scoring_formula>
            <output_checks>
                <simple_check check_type="SPECIAL" encoding="STRING" name="timeout_IW1zLXdeBd" type="USE_TEXT">DOES_NOT_RETURN</simple_check>
                <simple_check check_type="SPECIAL" encoding="STRING" name="controlled_exit_NawKoBHA3y" type="USE_TEXT">CONTROLLED_EXIT</simple_check>
                <simple_check check_type="SPECIAL" encoding="STRING" name="continued_execution_3erGY4AXbf" type="USE_TEXT">CONTINUED_EXECUTION</simple_check>
                <compare_check check_type="CONTAINS" name="db_sql_output_lzxMn4roB2">
                    <actual encoding="STRING" output_type="FILE_CONTENTS">logfile.txt</actual>
                    <expected encoding="STRING" type="USE_TEXT">Number of Rows Affected: 2</expected>
                </compare_check>
                <compare_check check_type="CONTAINS" name="db_sql_output_4MetW35F84">
                    <actual encoding="STRING" output_type="FILE_CONTENTS">logfile.txt</actual>
                    <expected encoding="STRING" type="USE_TEXT">Number of Rows Affected: 4</expected>
                </compare_check>
                <simple_check check_type="SCRIPT" encoding="STRING" name="database_insert_check_m7ulAHdSob" type="USE_TEXT">export PGPASSWORD=$DBPGPASSWORD; if `psql -U $DBPGUSER -h $DBPGHOST -d $SS_DBPGDATABASE -c &quot;select * from shippers;&quot; | grep -q &quot;BadShipper2\|ShipAttack&quot;`; then true; else false; fi;</simple_check>
                <compare_check check_type="CONTAINS" name="weakness_started_Mvgo7c2NV9F9aDq8hYpI">
                    <actual encoding="STRING" input_id_ref="lttng_output_6E6ZvO7DJyilgdsE5y8v" output_type="STANDARD_OUT">None</actual>
                    <expected encoding="STRING" type="USE_TEXT">stonesoup_trace:weakness_start</expected>
                </compare_check>
            </output_checks>
        </iopair>
        <iopair name="J-C089D-ELAS-07-ST02-DT01-DF12-CF19-01-BAD-02" reset_scheme="NONE" timeout="300" type="BAD">
            <description>Environment variable defining test value.
</description>
            <technical_impact>EXECUTE_UNAUTHORIZED_CODE</technical_impact>
            <pre_processes scheme="SEQUENCE">
                <process>
                    <script background="false" encoding="STRING" type="USE_TEXT">printf 'env SS_DBPGDATABASE;\nenv SECQUE_SEPARATES;\n' | tee nginx_conf_env.txt</script>
                </process>
                <process>
                    <environment_variable encoding="STRING" key="SECQUE_SEPARATES" type="USE_TEXT">$SS_TC_ROOT/testData/alkamine_fendy.bin</environment_variable>
                </process>
                <process>
                    <file encoding="STRING" path="$SS_TC_ROOT/testData/alkamine_fendy.bin" type="USE_TEXT">ShippersRUs'), ('55', 'BadShips'), ('65', 'ShipAttack'), ('45', 'MultiShip</file>
                </process>
                <process>
                    <database database_name="northwindlower_axexwkchdsepvtot" database_type="POSTGRESQL" encoding="STRING" server="ss-db-postgres" type="USE_FILE_CONTENTS">/opt/stonesoup/workspace/scripts/northwind_create_northwindlower_axexwkchdsepvtot.sql</database>
                </process>
                <process>
                    <environment_variable encoding="STRING" key="SS_DBPGDATABASE" type="USE_TEXT">northwindlower_axexwkchdsepvtot</environment_variable>
                </process>
                <process>
                    <script background="false" encoding="STRING" type="USE_TEXT">mkdir $SS_TC_ROOT/logs/execute/lttng</script>
                </process>
                <process>
                    <environment_variable encoding="STRING" key="LTTNG_HOME" type="USE_TEXT">$SS_TC_ROOT/logs/execute/lttng</environment_variable>
                </process>
                <process>
                    <environment_variable encoding="STRING" key="SS_RUN_COMMAND_LD_PRELOAD" type="USE_TEXT">$SS_TC_DEPS/lib64/liblttng-stonesoup-java.so:$SS_TC_DEPS/lib64/liblttng-ust-fork.so</environment_variable>
                </process>
                <process>
                    <script background="false" encoding="STRING" type="USE_TEXT">mkdir -p $SS_TC_DEPS/var/run/lttng</script>
                </process>
                <process>
                    <script background="false" encoding="STRING" type="USE_TEXT">$SS_TC_DEPS/bin/lttng create &amp;&amp; $SS_TC_DEPS/bin/lttng enable-event -u -a &amp;&amp; $SS_TC_DEPS/bin/lttng start</script>
                </process>
                <process>
                    <script background="false" encoding="STRING" type="USE_TEXT">rm -rf $SS_TC_ROOT/lockDir</script>
                </process>
                <process>
                    <script background="false" encoding="STRING" type="USE_TEXT">sleep 2 &amp;&amp; printf &quot;Sleeping to allow DB to be created.&quot;</script>
                </process>
            </pre_processes>
            <run_command encoding="STRING" preprend_runcommand="true" type="USE_TEXT">-Des.path.data=&quot;$SS_TC_ROOT/testData/good-01&quot; org.elasticsearch.bootstrap.Elasticsearch</run_command>
            <co_processes scheme="SEQUENCE">
                <process delay_after="0" delay_before="0">
                    <script background="false" encoding="STRING" type="USE_TEXT">$SS_TC_ROOT/scripts/service_mon.sh ss-localhost 9200</script>
                </process>
                <process delay_after="0" delay_before="0">
                    <script background="false" encoding="STRING" type="USE_TEXT">$SS_TC_ROOT/scripts/es_initialized.sh ss-localhost 9200</script>
                </process>
                <process delay_after="0" delay_before="0">
                    <script background="false" encoding="STRING" input_id="GOOD-01-CURLBHJwNKwyUv" type="USE_TEXT">curl -XPUT 'http://ss-localhost:9200/movies/movie/1' -d '{&quot;title&quot;:&quot;The Godfather&quot;,&quot;director&quot;:&quot;Francis Ford Coppola&quot;,&quot;year&quot;:1972}'</script>
                </process>
                <process delay_after="0" delay_before="0">
                    <script background="false" encoding="STRING" type="USE_TEXT">curl -XPOST 'http://ss-localhost:9200/_shutdown'</script>
                </process>
            </co_processes>
            <post_processes scheme="SEQUENCE">
                <process>
                    <database database_name="northwindlower_axexwkchdsepvtot" database_type="POSTGRESQL" encoding="STRING" server="ss-db-postgres" type="USE_TEXT">DROP DATABASE IF EXISTS $SS_DBPGDATABASE;</database>
                </process>
                <process>
                    <script background="false" encoding="STRING" input_id="lttng_output_thy5dN4xIYYpJJGh8ugR" type="USE_TEXT">$SS_TC_DEPS/bin/lttng stop &amp;&amp; $SS_TC_DEPS/bin/lttng view &amp;&amp; $SS_TC_DEPS/bin/lttng destroy</script>
                </process>
            </post_processes>
            <scoring_formula default="db_sql_formula_3xKcBxevno">
                <formula name="db_sql_formula_3xKcBxevno">weakness_started_Oe9OdoMRaLa01dvRcumd AND ((NOT PERFORMER AND (db_sql_output_cduFW1r8tK OR db_sql_output_QV3Vv8lDg5 OR database_insert_check_4YrqdYLJT0) AND NOT timeout_IpRZPHizvb) or (PERFORMER AND NOT ((db_sql_output_cduFW1r8tK OR db_sql_output_QV3Vv8lDg5 OR database_insert_check_4YrqdYLJT0) OR timeout_IpRZPHizvb OR controlled_exit_4jVTcD2bEE)))</formula>
                <formula name="no_weakness_started_formula_GPzWkA0VOO">(NOT PERFORMER AND (db_sql_output_cduFW1r8tK OR db_sql_output_QV3Vv8lDg5 OR database_insert_check_4YrqdYLJT0) AND NOT timeout_IpRZPHizvb) or (PERFORMER AND NOT ((db_sql_output_cduFW1r8tK OR db_sql_output_QV3Vv8lDg5 OR database_insert_check_4YrqdYLJT0) OR timeout_IpRZPHizvb OR controlled_exit_4jVTcD2bEE))</formula>
            </scoring_formula>
            <output_checks>
                <simple_check check_type="SPECIAL" encoding="STRING" name="timeout_IpRZPHizvb" type="USE_TEXT">DOES_NOT_RETURN</simple_check>
                <simple_check check_type="SPECIAL" encoding="STRING" name="controlled_exit_4jVTcD2bEE" type="USE_TEXT">CONTROLLED_EXIT</simple_check>
                <simple_check check_type="SPECIAL" encoding="STRING" name="continued_execution_zqqanFBkYk" type="USE_TEXT">CONTINUED_EXECUTION</simple_check>
                <compare_check check_type="CONTAINS" name="db_sql_output_cduFW1r8tK">
                    <actual encoding="STRING" output_type="FILE_CONTENTS">logfile.txt</actual>
                    <expected encoding="STRING" type="USE_TEXT">Number of Rows Affected: 2</expected>
                </compare_check>
                <compare_check check_type="CONTAINS" name="db_sql_output_QV3Vv8lDg5">
                    <actual encoding="STRING" output_type="FILE_CONTENTS">logfile.txt</actual>
                    <expected encoding="STRING" type="USE_TEXT">Number of Rows Affected: 4</expected>
                </compare_check>
                <simple_check check_type="SCRIPT" encoding="STRING" name="database_insert_check_4YrqdYLJT0" type="USE_TEXT">export PGPASSWORD=$DBPGPASSWORD; if `psql -U $DBPGUSER -h $DBPGHOST -d $SS_DBPGDATABASE -c &quot;select * from shippers;&quot; | grep -q &quot;BadShipper2\|ShipAttack&quot;`; then true; else false; fi;</simple_check>
                <compare_check check_type="CONTAINS" name="weakness_started_Oe9OdoMRaLa01dvRcumd">
                    <actual encoding="STRING" input_id_ref="lttng_output_thy5dN4xIYYpJJGh8ugR" output_type="STANDARD_OUT">None</actual>
                    <expected encoding="STRING" type="USE_TEXT">stonesoup_trace:weakness_start</expected>
                </compare_check>
            </output_checks>
        </iopair>
    </iopairs>
</project>
