<?xml version="1.0" encoding="utf-8"?>
<project base_program="C-GREP" language="C" name="C-C785A-GREP-01-ST02-DT02-DF11-CF20-01" targeted_architecture="ANY" targeted_os="LINUX" test_case_type="ALL" xmlns="urn:stonesoup:project">
    <description>Creating test case using base program.
Added an environment variable read to get a filename to read in the file contents using an fread operation within the function
Completed injection.
</description>
    <additional_information>
        <keyvalue key="algorithmic_variant_name">UNSPECIFIED</keyvalue>
        <keyvalue key="root_cause">UNSPECIFIED</keyvalue>
    </additional_information>
    <structure install="install" iodata="testData" scoredata="testOutput" scripts="scripts" source="src"/>
    <run_command>$SS_TC_ROOT/$SS_TC_INSTALL/bin/grep</run_command>
    <weakness generation_method="FAULT_INJECTED">
        <variant cwe="CWE-785" name="CWE-785-A"/>
        <features>
            <taint_source file_name="/src/dfa.c" line_number="0" type="FILE_CONTENTS">
                <method name="dfamust"/>
            </taint_source>
            <data_type file_name="/src/dfa.c" line_number="0" type="SIMPLE">
                <method name="dfamust"/>
            </data_type>
            <data_flow file_name="/src/dfa.c" line_number="0" type="BASIC">
                <method name="dfamust"/>
            </data_flow>
            <control_flow file_name="/src/dfa.c" line_number="0" type="SEQUENCE">
                <method name="dfamust"/>
            </control_flow>
        </features>
    </weakness>
    <build_commands cppflags="-DSTONESOUP_TRACE=1" libs="-ldl">
        <command>./configure --prefix=&quot;$SS_TC_ROOT/$SS_TC_INSTALL&quot; --exec-prefix=&quot;$SS_TC_ROOT/$SS_TC_INSTALL&quot; --with-included-regex</command>
        <command>make V=1 CC=&quot;$SS_CC&quot; CCLD=&quot;$SS_LNK&quot;</command>
        <command>make V=1 install CC=&quot;$SS_CC&quot; CCLD=&quot;$SS_LNK&quot;</command>
    </build_commands>
    <iopairs>
        <iopair name="C-C785A-GREP-01-ST02-DT02-DF11-CF20-01-GOOD-01" reset_scheme="NONE" timeout="300" type="GOOD">
            <description>all words beginning with e or x, case sensitive
Has a buffer declared on the stack. char[20] If input is resolved to a value larger than 20 it will overflow

</description>
            <technical_impact>NONE</technical_impact>
            <pre_processes scheme="SEQUENCE">
                <process>
                    <script background="false" encoding="STRING" type="USE_TEXT">printf 'env WELFARISTIC_DENTIFRICE;\n' | tee nginx_conf_env.txt</script>
                </process>
                <process>
                    <environment_variable encoding="STRING" key="WELFARISTIC_DENTIFRICE" type="USE_TEXT">/opt/stonesoup/workspace/testData/ungloss_philomela/tripylarian_watanabe.txt</environment_variable>
                </process>
                <process>
                    <file encoding="STRING" path="/opt/stonesoup/workspace/testData/ungloss_philomela/tripylarian_watanabe.txt" type="USE_TEXT">/etc/passwd</file>
                </process>
                <process>
                    <script background="false" encoding="STRING" type="USE_TEXT">mkdir $SS_TC_ROOT/logs/execute/lttng</script>
                </process>
                <process>
                    <environment_variable encoding="STRING" key="LTTNG_HOME" type="USE_TEXT">$SS_TC_ROOT/logs/execute/lttng</environment_variable>
                </process>
                <process>
                    <environment_variable encoding="STRING" key="SS_RUN_COMMAND_LD_PRELOAD" type="USE_TEXT">$SS_TC_DEPS/lib64/liblttng-stonesoup-c.so:$SS_TC_DEPS/lib64/liblttng-ust-fork.so</environment_variable>
                </process>
                <process>
                    <script background="false" encoding="STRING" type="USE_TEXT">mkdir -p $SS_TC_DEPS/var/run/lttng</script>
                </process>
                <process>
                    <script background="false" encoding="STRING" type="USE_TEXT">$SS_TC_DEPS/bin/lttng create &amp;&amp; $SS_TC_DEPS/bin/lttng enable-event -u -a &amp;&amp; $SS_TC_DEPS/bin/lttng start</script>
                </process>
                <process>
                    <script background="false" encoding="STRING" type="USE_TEXT">rm -rf $SS_TC_ROOT/lockDir</script>
                </process>
                <process>
                    <environment_variable encoding="STRING" key="MALLOC_CHECK_" type="USE_TEXT">0</environment_variable>
                </process>
            </pre_processes>
            <run_command encoding="STRING" preprend_runcommand="true" type="USE_TEXT">^[ex] input/dict.txt</run_command>
            <post_processes scheme="SEQUENCE">
                <process>
                    <script background="false" encoding="STRING" input_id="lttng_output_CDBmIYQc2k" type="USE_TEXT">$SS_TC_DEPS/bin/lttng stop &amp;&amp; $SS_TC_DEPS/bin/lttng view &amp;&amp; $SS_TC_DEPS/bin/lttng destroy</script>
                </process>
            </post_processes>
            <scoring_formula default="GOOD-01-Default">
                <formula name="GOOD-01-Default">STDOUT-01 AND NOT TIMEOUT AND NOT CONTROLLED_EXIT</formula>
            </scoring_formula>
            <output_checks>
                <compare_check check_type="CONTAINS" name="STDOUT-01">
                    <actual output_type="STANDARD_OUT"></actual>
                    <expected encoding="STRING" type="USE_FILE_CONTENTS">good-01/std-out.txt</expected>
                </compare_check>
                <simple_check check_type="SPECIAL" encoding="STRING" name="TIMEOUT" type="USE_TEXT">DOES_NOT_RETURN</simple_check>
                <simple_check check_type="SPECIAL" encoding="STRING" name="CONTROLLED_EXIT" type="USE_TEXT">CONTROLLED_EXIT</simple_check>
            </output_checks>
        </iopair>
        <iopair name="C-C785A-GREP-01-ST02-DT02-DF11-CF20-01-GOOD-02" reset_scheme="NONE" timeout="300" type="GOOD">
            <description>find BIRMINGHAM, ignore case, recursive
Has a buffer declared on the stack. char[20] If input is resolved to a value larger than 20 it will overflow

</description>
            <technical_impact>NONE</technical_impact>
            <pre_processes scheme="SEQUENCE">
                <process>
                    <script background="false" encoding="STRING" type="USE_TEXT">printf 'env WELFARISTIC_DENTIFRICE;\n' | tee nginx_conf_env.txt</script>
                </process>
                <process>
                    <environment_variable encoding="STRING" key="WELFARISTIC_DENTIFRICE" type="USE_TEXT">/opt/stonesoup/workspace/testData/ungloss_philomela/tripylarian_watanabe.txt</environment_variable>
                </process>
                <process>
                    <file encoding="STRING" path="/opt/stonesoup/workspace/testData/ungloss_philomela/tripylarian_watanabe.txt" type="USE_TEXT">/etc/ssh/ssh_config</file>
                </process>
                <process>
                    <script background="false" encoding="STRING" type="USE_TEXT">mkdir $SS_TC_ROOT/logs/execute/lttng</script>
                </process>
                <process>
                    <environment_variable encoding="STRING" key="LTTNG_HOME" type="USE_TEXT">$SS_TC_ROOT/logs/execute/lttng</environment_variable>
                </process>
                <process>
                    <environment_variable encoding="STRING" key="SS_RUN_COMMAND_LD_PRELOAD" type="USE_TEXT">$SS_TC_DEPS/lib64/liblttng-stonesoup-c.so:$SS_TC_DEPS/lib64/liblttng-ust-fork.so</environment_variable>
                </process>
                <process>
                    <script background="false" encoding="STRING" type="USE_TEXT">mkdir -p $SS_TC_DEPS/var/run/lttng</script>
                </process>
                <process>
                    <script background="false" encoding="STRING" type="USE_TEXT">$SS_TC_DEPS/bin/lttng create &amp;&amp; $SS_TC_DEPS/bin/lttng enable-event -u -a &amp;&amp; $SS_TC_DEPS/bin/lttng start</script>
                </process>
                <process>
                    <script background="false" encoding="STRING" type="USE_TEXT">rm -rf $SS_TC_ROOT/lockDir</script>
                </process>
                <process>
                    <environment_variable encoding="STRING" key="MALLOC_CHECK_" type="USE_TEXT">0</environment_variable>
                </process>
            </pre_processes>
            <run_command encoding="STRING" preprend_runcommand="true" type="USE_TEXT">-r -i BIRMINGHAM input/zip/</run_command>
            <post_processes scheme="SEQUENCE">
                <process delay_after="0" delay_before="0">
                    <script background="false" encoding="STRING" type="USE_TEXT">sort $SS_LOG_EXECUTE_STDOUT -o $SS_LOG_EXECUTE_STDOUT_tmp &amp;&amp; mv $SS_LOG_EXECUTE_STDOUT_tmp $SS_LOG_EXECUTE_STDOUT</script>
                </process>
                <process>
                    <script background="false" encoding="STRING" input_id="lttng_output_PgjEgRmi6b" type="USE_TEXT">$SS_TC_DEPS/bin/lttng stop &amp;&amp; $SS_TC_DEPS/bin/lttng view &amp;&amp; $SS_TC_DEPS/bin/lttng destroy</script>
                </process>
            </post_processes>
            <scoring_formula default="GOOD-02-Default">
                <formula name="GOOD-02-Default">STDOUT-02 AND NOT TIMEOUT AND NOT CONTROLLED_EXIT</formula>
            </scoring_formula>
            <output_checks>
                <compare_check check_type="CONTAINS" name="STDOUT-02">
                    <actual output_type="STANDARD_OUT"></actual>
                    <expected encoding="STRING" type="USE_FILE_CONTENTS">good-02/std-out.txt</expected>
                </compare_check>
                <simple_check check_type="SPECIAL" encoding="STRING" name="TIMEOUT" type="USE_TEXT">DOES_NOT_RETURN</simple_check>
                <simple_check check_type="SPECIAL" encoding="STRING" name="CONTROLLED_EXIT" type="USE_TEXT">CONTROLLED_EXIT</simple_check>
            </output_checks>
        </iopair>
        <iopair name="C-C785A-GREP-01-ST02-DT02-DF11-CF20-01-GOOD-03" reset_scheme="NONE" timeout="300" type="GOOD">
            <description>read extented regular expressions from file
Has a buffer declared on the stack. char[20] If input is resolved to a value larger than 20 it will overflow

</description>
            <technical_impact>NONE</technical_impact>
            <pre_processes scheme="SEQUENCE">
                <process>
                    <script background="false" encoding="STRING" type="USE_TEXT">printf 'env WELFARISTIC_DENTIFRICE;\n' | tee nginx_conf_env.txt</script>
                </process>
                <process>
                    <environment_variable encoding="STRING" key="WELFARISTIC_DENTIFRICE" type="USE_TEXT">/opt/stonesoup/workspace/testData/ungloss_philomela/tripylarian_watanabe.txt</environment_variable>
                </process>
                <process>
                    <file encoding="STRING" path="/opt/stonesoup/workspace/testData/ungloss_philomela/tripylarian_watanabe.txt" type="USE_TEXT">/usr/bin/gcc</file>
                </process>
                <process>
                    <script background="false" encoding="STRING" type="USE_TEXT">mkdir $SS_TC_ROOT/logs/execute/lttng</script>
                </process>
                <process>
                    <environment_variable encoding="STRING" key="LTTNG_HOME" type="USE_TEXT">$SS_TC_ROOT/logs/execute/lttng</environment_variable>
                </process>
                <process>
                    <environment_variable encoding="STRING" key="SS_RUN_COMMAND_LD_PRELOAD" type="USE_TEXT">$SS_TC_DEPS/lib64/liblttng-stonesoup-c.so:$SS_TC_DEPS/lib64/liblttng-ust-fork.so</environment_variable>
                </process>
                <process>
                    <script background="false" encoding="STRING" type="USE_TEXT">mkdir -p $SS_TC_DEPS/var/run/lttng</script>
                </process>
                <process>
                    <script background="false" encoding="STRING" type="USE_TEXT">$SS_TC_DEPS/bin/lttng create &amp;&amp; $SS_TC_DEPS/bin/lttng enable-event -u -a &amp;&amp; $SS_TC_DEPS/bin/lttng start</script>
                </process>
                <process>
                    <script background="false" encoding="STRING" type="USE_TEXT">rm -rf $SS_TC_ROOT/lockDir</script>
                </process>
                <process>
                    <environment_variable encoding="STRING" key="MALLOC_CHECK_" type="USE_TEXT">0</environment_variable>
                </process>
            </pre_processes>
            <run_command encoding="STRING" preprend_runcommand="true" type="USE_TEXT">-E -f input/grep-good-03-expr.txt input/mktsymbols.txt</run_command>
            <post_processes scheme="SEQUENCE">
                <process>
                    <script background="false" encoding="STRING" input_id="lttng_output_ud5Piqd4D4" type="USE_TEXT">$SS_TC_DEPS/bin/lttng stop &amp;&amp; $SS_TC_DEPS/bin/lttng view &amp;&amp; $SS_TC_DEPS/bin/lttng destroy</script>
                </process>
            </post_processes>
            <scoring_formula default="GOOD-03-Default">
                <formula name="GOOD-03-Default">STDOUT-03 AND NOT TIMEOUT AND NOT CONTROLLED_EXIT</formula>
            </scoring_formula>
            <output_checks>
                <compare_check check_type="CONTAINS" name="STDOUT-03">
                    <actual output_type="STANDARD_OUT"></actual>
                    <expected encoding="STRING" type="USE_FILE_CONTENTS">good-03/std-out.txt</expected>
                </compare_check>
                <simple_check check_type="SPECIAL" encoding="STRING" name="TIMEOUT" type="USE_TEXT">DOES_NOT_RETURN</simple_check>
                <simple_check check_type="SPECIAL" encoding="STRING" name="CONTROLLED_EXIT" type="USE_TEXT">CONTROLLED_EXIT</simple_check>
            </output_checks>
        </iopair>
        <iopair name="C-C785A-GREP-01-ST02-DT02-DF11-CF20-01-GOOD-04" reset_scheme="NONE" timeout="300" type="GOOD">
            <description>search for entire words matching a specific pattern
Has a buffer declared on the stack. char[20] If input is resolved to a value larger than 20 it will overflow

</description>
            <technical_impact>NONE</technical_impact>
            <pre_processes scheme="SEQUENCE">
                <process>
                    <script background="false" encoding="STRING" type="USE_TEXT">printf 'env WELFARISTIC_DENTIFRICE;\n' | tee nginx_conf_env.txt</script>
                </process>
                <process>
                    <environment_variable encoding="STRING" key="WELFARISTIC_DENTIFRICE" type="USE_TEXT">/opt/stonesoup/workspace/testData/ungloss_philomela/tripylarian_watanabe.txt</environment_variable>
                </process>
                <process>
                    <file encoding="STRING" path="/opt/stonesoup/workspace/testData/ungloss_philomela/tripylarian_watanabe.txt" type="USE_TEXT">/etc/passwd</file>
                </process>
                <process>
                    <script background="false" encoding="STRING" type="USE_TEXT">mkdir $SS_TC_ROOT/logs/execute/lttng</script>
                </process>
                <process>
                    <environment_variable encoding="STRING" key="LTTNG_HOME" type="USE_TEXT">$SS_TC_ROOT/logs/execute/lttng</environment_variable>
                </process>
                <process>
                    <environment_variable encoding="STRING" key="SS_RUN_COMMAND_LD_PRELOAD" type="USE_TEXT">$SS_TC_DEPS/lib64/liblttng-stonesoup-c.so:$SS_TC_DEPS/lib64/liblttng-ust-fork.so</environment_variable>
                </process>
                <process>
                    <script background="false" encoding="STRING" type="USE_TEXT">mkdir -p $SS_TC_DEPS/var/run/lttng</script>
                </process>
                <process>
                    <script background="false" encoding="STRING" type="USE_TEXT">$SS_TC_DEPS/bin/lttng create &amp;&amp; $SS_TC_DEPS/bin/lttng enable-event -u -a &amp;&amp; $SS_TC_DEPS/bin/lttng start</script>
                </process>
                <process>
                    <script background="false" encoding="STRING" type="USE_TEXT">rm -rf $SS_TC_ROOT/lockDir</script>
                </process>
                <process>
                    <environment_variable encoding="STRING" key="MALLOC_CHECK_" type="USE_TEXT">0</environment_variable>
                </process>
            </pre_processes>
            <run_command encoding="STRING" preprend_runcommand="true" type="USE_TEXT">-w -f input/grep-good-04-expr.txt input/mktsymbols.txt</run_command>
            <post_processes scheme="SEQUENCE">
                <process>
                    <script background="false" encoding="STRING" input_id="lttng_output_RWTaoly9nk" type="USE_TEXT">$SS_TC_DEPS/bin/lttng stop &amp;&amp; $SS_TC_DEPS/bin/lttng view &amp;&amp; $SS_TC_DEPS/bin/lttng destroy</script>
                </process>
            </post_processes>
            <scoring_formula default="GOOD-04-Default">
                <formula name="GOOD-04-Default">STDOUT-04 AND NOT TIMEOUT AND NOT CONTROLLED_EXIT</formula>
            </scoring_formula>
            <output_checks>
                <compare_check check_type="CONTAINS" name="STDOUT-04">
                    <actual output_type="STANDARD_OUT"></actual>
                    <expected encoding="STRING" type="USE_FILE_CONTENTS">good-04/std-out.txt</expected>
                </compare_check>
                <simple_check check_type="SPECIAL" encoding="STRING" name="TIMEOUT" type="USE_TEXT">DOES_NOT_RETURN</simple_check>
                <simple_check check_type="SPECIAL" encoding="STRING" name="CONTROLLED_EXIT" type="USE_TEXT">CONTROLLED_EXIT</simple_check>
            </output_checks>
        </iopair>
        <iopair name="C-C785A-GREP-01-ST02-DT02-DF11-CF20-01-GOOD-05" reset_scheme="NONE" timeout="300" type="GOOD">
            <description>use mmap(), find NASDAQ in file
Has a buffer declared on the stack. char[20] If input is resolved to a value larger than 20 it will overflow

</description>
            <technical_impact>NONE</technical_impact>
            <pre_processes scheme="SEQUENCE">
                <process>
                    <script background="false" encoding="STRING" type="USE_TEXT">printf 'env WELFARISTIC_DENTIFRICE;\n' | tee nginx_conf_env.txt</script>
                </process>
                <process>
                    <environment_variable encoding="STRING" key="WELFARISTIC_DENTIFRICE" type="USE_TEXT">/opt/stonesoup/workspace/testData/ungloss_philomela/tripylarian_watanabe.txt</environment_variable>
                </process>
                <process>
                    <file encoding="STRING" path="/opt/stonesoup/workspace/testData/ungloss_philomela/tripylarian_watanabe.txt" type="USE_TEXT">/etc/ssh/ssh_config</file>
                </process>
                <process>
                    <script background="false" encoding="STRING" type="USE_TEXT">mkdir $SS_TC_ROOT/logs/execute/lttng</script>
                </process>
                <process>
                    <environment_variable encoding="STRING" key="LTTNG_HOME" type="USE_TEXT">$SS_TC_ROOT/logs/execute/lttng</environment_variable>
                </process>
                <process>
                    <environment_variable encoding="STRING" key="SS_RUN_COMMAND_LD_PRELOAD" type="USE_TEXT">$SS_TC_DEPS/lib64/liblttng-stonesoup-c.so:$SS_TC_DEPS/lib64/liblttng-ust-fork.so</environment_variable>
                </process>
                <process>
                    <script background="false" encoding="STRING" type="USE_TEXT">mkdir -p $SS_TC_DEPS/var/run/lttng</script>
                </process>
                <process>
                    <script background="false" encoding="STRING" type="USE_TEXT">$SS_TC_DEPS/bin/lttng create &amp;&amp; $SS_TC_DEPS/bin/lttng enable-event -u -a &amp;&amp; $SS_TC_DEPS/bin/lttng start</script>
                </process>
                <process>
                    <script background="false" encoding="STRING" type="USE_TEXT">rm -rf $SS_TC_ROOT/lockDir</script>
                </process>
                <process>
                    <environment_variable encoding="STRING" key="MALLOC_CHECK_" type="USE_TEXT">0</environment_variable>
                </process>
            </pre_processes>
            <run_command encoding="STRING" preprend_runcommand="true" type="USE_TEXT">--mmap NASDAQ input/mktsymbols.txt</run_command>
            <post_processes scheme="SEQUENCE">
                <process>
                    <script background="false" encoding="STRING" input_id="lttng_output_qre0jc7NFE" type="USE_TEXT">$SS_TC_DEPS/bin/lttng stop &amp;&amp; $SS_TC_DEPS/bin/lttng view &amp;&amp; $SS_TC_DEPS/bin/lttng destroy</script>
                </process>
            </post_processes>
            <scoring_formula default="GOOD-05-Default">
                <formula name="GOOD-05-Default">STDOUT-05 AND NOT TIMEOUT AND NOT CONTROLLED_EXIT</formula>
            </scoring_formula>
            <output_checks>
                <compare_check check_type="CONTAINS" name="STDOUT-05">
                    <actual output_type="STANDARD_OUT"></actual>
                    <expected encoding="STRING" type="USE_FILE_CONTENTS">good-05/std-out.txt</expected>
                </compare_check>
                <simple_check check_type="SPECIAL" encoding="STRING" name="TIMEOUT" type="USE_TEXT">DOES_NOT_RETURN</simple_check>
                <simple_check check_type="SPECIAL" encoding="STRING" name="CONTROLLED_EXIT" type="USE_TEXT">CONTROLLED_EXIT</simple_check>
            </output_checks>
        </iopair>
        <iopair name="C-C785A-GREP-01-ST02-DT02-DF11-CF20-01-GOOD-06" reset_scheme="NONE" timeout="300" type="GOOD">
            <description>match lines not containing NASDAQ, ignore case, count
Has a buffer declared on the stack. char[20] If input is resolved to a value larger than 20 it will overflow

</description>
            <technical_impact>NONE</technical_impact>
            <pre_processes scheme="SEQUENCE">
                <process>
                    <script background="false" encoding="STRING" type="USE_TEXT">printf 'env WELFARISTIC_DENTIFRICE;\n' | tee nginx_conf_env.txt</script>
                </process>
                <process>
                    <environment_variable encoding="STRING" key="WELFARISTIC_DENTIFRICE" type="USE_TEXT">/opt/stonesoup/workspace/testData/ungloss_philomela/tripylarian_watanabe.txt</environment_variable>
                </process>
                <process>
                    <file encoding="STRING" path="/opt/stonesoup/workspace/testData/ungloss_philomela/tripylarian_watanabe.txt" type="USE_TEXT">/usr/bin/gcc</file>
                </process>
                <process>
                    <script background="false" encoding="STRING" type="USE_TEXT">mkdir $SS_TC_ROOT/logs/execute/lttng</script>
                </process>
                <process>
                    <environment_variable encoding="STRING" key="LTTNG_HOME" type="USE_TEXT">$SS_TC_ROOT/logs/execute/lttng</environment_variable>
                </process>
                <process>
                    <environment_variable encoding="STRING" key="SS_RUN_COMMAND_LD_PRELOAD" type="USE_TEXT">$SS_TC_DEPS/lib64/liblttng-stonesoup-c.so:$SS_TC_DEPS/lib64/liblttng-ust-fork.so</environment_variable>
                </process>
                <process>
                    <script background="false" encoding="STRING" type="USE_TEXT">mkdir -p $SS_TC_DEPS/var/run/lttng</script>
                </process>
                <process>
                    <script background="false" encoding="STRING" type="USE_TEXT">$SS_TC_DEPS/bin/lttng create &amp;&amp; $SS_TC_DEPS/bin/lttng enable-event -u -a &amp;&amp; $SS_TC_DEPS/bin/lttng start</script>
                </process>
                <process>
                    <script background="false" encoding="STRING" type="USE_TEXT">rm -rf $SS_TC_ROOT/lockDir</script>
                </process>
                <process>
                    <environment_variable encoding="STRING" key="MALLOC_CHECK_" type="USE_TEXT">0</environment_variable>
                </process>
            </pre_processes>
            <run_command encoding="STRING" preprend_runcommand="true" type="USE_TEXT">-v -i -c NASDAQ input/mktsymbols.txt</run_command>
            <post_processes scheme="SEQUENCE">
                <process>
                    <script background="false" encoding="STRING" input_id="lttng_output_cmkvyWPXyq" type="USE_TEXT">$SS_TC_DEPS/bin/lttng stop &amp;&amp; $SS_TC_DEPS/bin/lttng view &amp;&amp; $SS_TC_DEPS/bin/lttng destroy</script>
                </process>
            </post_processes>
            <scoring_formula default="GOOD-06-Default">
                <formula name="GOOD-06-Default">STDOUT-06 AND NOT TIMEOUT AND NOT CONTROLLED_EXIT</formula>
            </scoring_formula>
            <output_checks>
                <compare_check check_type="CONTAINS" name="STDOUT-06">
                    <actual output_type="STANDARD_OUT"></actual>
                    <expected encoding="STRING" type="USE_FILE_CONTENTS">good-06/std-out.txt</expected>
                </compare_check>
                <simple_check check_type="SPECIAL" encoding="STRING" name="TIMEOUT" type="USE_TEXT">DOES_NOT_RETURN</simple_check>
                <simple_check check_type="SPECIAL" encoding="STRING" name="CONTROLLED_EXIT" type="USE_TEXT">CONTROLLED_EXIT</simple_check>
            </output_checks>
        </iopair>
        <iopair name="C-C785A-GREP-01-ST02-DT02-DF11-CF20-01-GOOD-07" reset_scheme="NONE" timeout="300" type="GOOD">
            <description>grep stdin (a device), match words beginning w/ D, P, or Z, redirect file into stdin
Has a buffer declared on the stack. char[20] If input is resolved to a value larger than 20 it will overflow

</description>
            <technical_impact>NONE</technical_impact>
            <pre_processes scheme="SEQUENCE">
                <process>
                    <script background="false" encoding="STRING" type="USE_TEXT">printf 'env WELFARISTIC_DENTIFRICE;\n' | tee nginx_conf_env.txt</script>
                </process>
                <process>
                    <environment_variable encoding="STRING" key="WELFARISTIC_DENTIFRICE" type="USE_TEXT">/opt/stonesoup/workspace/testData/ungloss_philomela/tripylarian_watanabe.txt</environment_variable>
                </process>
                <process>
                    <file encoding="STRING" path="/opt/stonesoup/workspace/testData/ungloss_philomela/tripylarian_watanabe.txt" type="USE_TEXT">/etc/passwd</file>
                </process>
                <process>
                    <script background="false" encoding="STRING" type="USE_TEXT">mkdir $SS_TC_ROOT/logs/execute/lttng</script>
                </process>
                <process>
                    <environment_variable encoding="STRING" key="LTTNG_HOME" type="USE_TEXT">$SS_TC_ROOT/logs/execute/lttng</environment_variable>
                </process>
                <process>
                    <environment_variable encoding="STRING" key="SS_RUN_COMMAND_LD_PRELOAD" type="USE_TEXT">$SS_TC_DEPS/lib64/liblttng-stonesoup-c.so:$SS_TC_DEPS/lib64/liblttng-ust-fork.so</environment_variable>
                </process>
                <process>
                    <script background="false" encoding="STRING" type="USE_TEXT">mkdir -p $SS_TC_DEPS/var/run/lttng</script>
                </process>
                <process>
                    <script background="false" encoding="STRING" type="USE_TEXT">$SS_TC_DEPS/bin/lttng create &amp;&amp; $SS_TC_DEPS/bin/lttng enable-event -u -a &amp;&amp; $SS_TC_DEPS/bin/lttng start</script>
                </process>
                <process>
                    <script background="false" encoding="STRING" type="USE_TEXT">rm -rf $SS_TC_ROOT/lockDir</script>
                </process>
                <process>
                    <environment_variable encoding="STRING" key="MALLOC_CHECK_" type="USE_TEXT">0</environment_variable>
                </process>
            </pre_processes>
            <run_command encoding="STRING" preprend_runcommand="true" type="USE_TEXT">-D read -e ^[DPZ] /dev/stdin &lt; input/mktsymbols.txt</run_command>
            <post_processes scheme="SEQUENCE">
                <process>
                    <script background="false" encoding="STRING" input_id="lttng_output_gcNGabJlGo" type="USE_TEXT">$SS_TC_DEPS/bin/lttng stop &amp;&amp; $SS_TC_DEPS/bin/lttng view &amp;&amp; $SS_TC_DEPS/bin/lttng destroy</script>
                </process>
            </post_processes>
            <scoring_formula default="GOOD-07-Default">
                <formula name="GOOD-07-Default">STDOUT-07 AND NOT TIMEOUT AND NOT CONTROLLED_EXIT</formula>
            </scoring_formula>
            <output_checks>
                <compare_check check_type="CONTAINS" name="STDOUT-07">
                    <actual output_type="STANDARD_OUT"></actual>
                    <expected encoding="STRING" type="USE_FILE_CONTENTS">good-07/std-out.txt</expected>
                </compare_check>
                <simple_check check_type="SPECIAL" encoding="STRING" name="TIMEOUT" type="USE_TEXT">DOES_NOT_RETURN</simple_check>
                <simple_check check_type="SPECIAL" encoding="STRING" name="CONTROLLED_EXIT" type="USE_TEXT">CONTROLLED_EXIT</simple_check>
            </output_checks>
        </iopair>
        <iopair name="C-C785A-GREP-01-ST02-DT02-DF11-CF20-01-GOOD-08" reset_scheme="NONE" timeout="300" type="GOOD">
            <description>extended grep, print number of lines of context
Has a buffer declared on the stack. char[20] If input is resolved to a value larger than 20 it will overflow

</description>
            <technical_impact>NONE</technical_impact>
            <pre_processes scheme="SEQUENCE">
                <process>
                    <script background="false" encoding="STRING" type="USE_TEXT">printf 'env WELFARISTIC_DENTIFRICE;\n' | tee nginx_conf_env.txt</script>
                </process>
                <process>
                    <environment_variable encoding="STRING" key="WELFARISTIC_DENTIFRICE" type="USE_TEXT">/opt/stonesoup/workspace/testData/ungloss_philomela/tripylarian_watanabe.txt</environment_variable>
                </process>
                <process>
                    <file encoding="STRING" path="/opt/stonesoup/workspace/testData/ungloss_philomela/tripylarian_watanabe.txt" type="USE_TEXT">/etc/ssh/ssh_config</file>
                </process>
                <process>
                    <script background="false" encoding="STRING" type="USE_TEXT">mkdir $SS_TC_ROOT/logs/execute/lttng</script>
                </process>
                <process>
                    <environment_variable encoding="STRING" key="LTTNG_HOME" type="USE_TEXT">$SS_TC_ROOT/logs/execute/lttng</environment_variable>
                </process>
                <process>
                    <environment_variable encoding="STRING" key="SS_RUN_COMMAND_LD_PRELOAD" type="USE_TEXT">$SS_TC_DEPS/lib64/liblttng-stonesoup-c.so:$SS_TC_DEPS/lib64/liblttng-ust-fork.so</environment_variable>
                </process>
                <process>
                    <script background="false" encoding="STRING" type="USE_TEXT">mkdir -p $SS_TC_DEPS/var/run/lttng</script>
                </process>
                <process>
                    <script background="false" encoding="STRING" type="USE_TEXT">$SS_TC_DEPS/bin/lttng create &amp;&amp; $SS_TC_DEPS/bin/lttng enable-event -u -a &amp;&amp; $SS_TC_DEPS/bin/lttng start</script>
                </process>
                <process>
                    <script background="false" encoding="STRING" type="USE_TEXT">rm -rf $SS_TC_ROOT/lockDir</script>
                </process>
                <process>
                    <environment_variable encoding="STRING" key="MALLOC_CHECK_" type="USE_TEXT">0</environment_variable>
                </process>
            </pre_processes>
            <run_command encoding="STRING" preprend_runcommand="true" type="USE_TEXT">-E -C 15 ^[BRT] input/mktsymbols.txt</run_command>
            <post_processes scheme="SEQUENCE">
                <process>
                    <script background="false" encoding="STRING" input_id="lttng_output_5EAxsE61p7" type="USE_TEXT">$SS_TC_DEPS/bin/lttng stop &amp;&amp; $SS_TC_DEPS/bin/lttng view &amp;&amp; $SS_TC_DEPS/bin/lttng destroy</script>
                </process>
            </post_processes>
            <scoring_formula default="GOOD-08-Default">
                <formula name="GOOD-08-Default">STDOUT-08 AND NOT TIMEOUT AND NOT CONTROLLED_EXIT</formula>
            </scoring_formula>
            <output_checks>
                <compare_check check_type="CONTAINS" name="STDOUT-08">
                    <actual output_type="STANDARD_OUT"></actual>
                    <expected encoding="STRING" type="USE_FILE_CONTENTS">good-08/std-out.txt</expected>
                </compare_check>
                <simple_check check_type="SPECIAL" encoding="STRING" name="TIMEOUT" type="USE_TEXT">DOES_NOT_RETURN</simple_check>
                <simple_check check_type="SPECIAL" encoding="STRING" name="CONTROLLED_EXIT" type="USE_TEXT">CONTROLLED_EXIT</simple_check>
            </output_checks>
        </iopair>
        <iopair name="C-C785A-GREP-01-ST02-DT02-DF11-CF20-01-GOOD-09" reset_scheme="NONE" timeout="300" type="GOOD">
            <description>lines not beginning w/ B, R or T
Has a buffer declared on the stack. char[20] If input is resolved to a value larger than 20 it will overflow

</description>
            <technical_impact>NONE</technical_impact>
            <pre_processes scheme="SEQUENCE">
                <process>
                    <script background="false" encoding="STRING" type="USE_TEXT">printf 'env WELFARISTIC_DENTIFRICE;\n' | tee nginx_conf_env.txt</script>
                </process>
                <process>
                    <environment_variable encoding="STRING" key="WELFARISTIC_DENTIFRICE" type="USE_TEXT">/opt/stonesoup/workspace/testData/ungloss_philomela/tripylarian_watanabe.txt</environment_variable>
                </process>
                <process>
                    <file encoding="STRING" path="/opt/stonesoup/workspace/testData/ungloss_philomela/tripylarian_watanabe.txt" type="USE_TEXT">/usr/bin/gcc</file>
                </process>
                <process>
                    <script background="false" encoding="STRING" type="USE_TEXT">mkdir $SS_TC_ROOT/logs/execute/lttng</script>
                </process>
                <process>
                    <environment_variable encoding="STRING" key="LTTNG_HOME" type="USE_TEXT">$SS_TC_ROOT/logs/execute/lttng</environment_variable>
                </process>
                <process>
                    <environment_variable encoding="STRING" key="SS_RUN_COMMAND_LD_PRELOAD" type="USE_TEXT">$SS_TC_DEPS/lib64/liblttng-stonesoup-c.so:$SS_TC_DEPS/lib64/liblttng-ust-fork.so</environment_variable>
                </process>
                <process>
                    <script background="false" encoding="STRING" type="USE_TEXT">mkdir -p $SS_TC_DEPS/var/run/lttng</script>
                </process>
                <process>
                    <script background="false" encoding="STRING" type="USE_TEXT">$SS_TC_DEPS/bin/lttng create &amp;&amp; $SS_TC_DEPS/bin/lttng enable-event -u -a &amp;&amp; $SS_TC_DEPS/bin/lttng start</script>
                </process>
                <process>
                    <script background="false" encoding="STRING" type="USE_TEXT">rm -rf $SS_TC_ROOT/lockDir</script>
                </process>
                <process>
                    <environment_variable encoding="STRING" key="MALLOC_CHECK_" type="USE_TEXT">0</environment_variable>
                </process>
            </pre_processes>
            <run_command encoding="STRING" preprend_runcommand="true" type="USE_TEXT">-v ^[BRT] input/mktsymbols.txt</run_command>
            <post_processes scheme="SEQUENCE">
                <process>
                    <script background="false" encoding="STRING" input_id="lttng_output_IOh39GSCXL" type="USE_TEXT">$SS_TC_DEPS/bin/lttng stop &amp;&amp; $SS_TC_DEPS/bin/lttng view &amp;&amp; $SS_TC_DEPS/bin/lttng destroy</script>
                </process>
            </post_processes>
            <scoring_formula default="GOOD-09-Default">
                <formula name="GOOD-09-Default">STDOUT-09 AND NOT TIMEOUT AND NOT CONTROLLED_EXIT</formula>
            </scoring_formula>
            <output_checks>
                <compare_check check_type="CONTAINS" name="STDOUT-09">
                    <actual output_type="STANDARD_OUT"></actual>
                    <expected encoding="STRING" type="USE_FILE_CONTENTS">good-09/std-out.txt</expected>
                </compare_check>
                <simple_check check_type="SPECIAL" encoding="STRING" name="TIMEOUT" type="USE_TEXT">DOES_NOT_RETURN</simple_check>
                <simple_check check_type="SPECIAL" encoding="STRING" name="CONTROLLED_EXIT" type="USE_TEXT">CONTROLLED_EXIT</simple_check>
            </output_checks>
        </iopair>
        <iopair name="C-C785A-GREP-01-ST02-DT02-DF11-CF20-01-GOOD-10" reset_scheme="NONE" timeout="300" type="GOOD">
            <description>count lines not beginning w/ B, R or T
Has a buffer declared on the stack. char[20] If input is resolved to a value larger than 20 it will overflow

</description>
            <technical_impact>NONE</technical_impact>
            <pre_processes scheme="SEQUENCE">
                <process>
                    <script background="false" encoding="STRING" type="USE_TEXT">printf 'env WELFARISTIC_DENTIFRICE;\n' | tee nginx_conf_env.txt</script>
                </process>
                <process>
                    <environment_variable encoding="STRING" key="WELFARISTIC_DENTIFRICE" type="USE_TEXT">/opt/stonesoup/workspace/testData/ungloss_philomela/tripylarian_watanabe.txt</environment_variable>
                </process>
                <process>
                    <file encoding="STRING" path="/opt/stonesoup/workspace/testData/ungloss_philomela/tripylarian_watanabe.txt" type="USE_TEXT">/etc/passwd</file>
                </process>
                <process>
                    <script background="false" encoding="STRING" type="USE_TEXT">mkdir $SS_TC_ROOT/logs/execute/lttng</script>
                </process>
                <process>
                    <environment_variable encoding="STRING" key="LTTNG_HOME" type="USE_TEXT">$SS_TC_ROOT/logs/execute/lttng</environment_variable>
                </process>
                <process>
                    <environment_variable encoding="STRING" key="SS_RUN_COMMAND_LD_PRELOAD" type="USE_TEXT">$SS_TC_DEPS/lib64/liblttng-stonesoup-c.so:$SS_TC_DEPS/lib64/liblttng-ust-fork.so</environment_variable>
                </process>
                <process>
                    <script background="false" encoding="STRING" type="USE_TEXT">mkdir -p $SS_TC_DEPS/var/run/lttng</script>
                </process>
                <process>
                    <script background="false" encoding="STRING" type="USE_TEXT">$SS_TC_DEPS/bin/lttng create &amp;&amp; $SS_TC_DEPS/bin/lttng enable-event -u -a &amp;&amp; $SS_TC_DEPS/bin/lttng start</script>
                </process>
                <process>
                    <script background="false" encoding="STRING" type="USE_TEXT">rm -rf $SS_TC_ROOT/lockDir</script>
                </process>
                <process>
                    <environment_variable encoding="STRING" key="MALLOC_CHECK_" type="USE_TEXT">0</environment_variable>
                </process>
            </pre_processes>
            <run_command encoding="STRING" preprend_runcommand="true" type="USE_TEXT">-c -v ^[BRT] input/mktsymbols.txt</run_command>
            <post_processes scheme="SEQUENCE">
                <process>
                    <script background="false" encoding="STRING" input_id="lttng_output_fSibbTpDSi" type="USE_TEXT">$SS_TC_DEPS/bin/lttng stop &amp;&amp; $SS_TC_DEPS/bin/lttng view &amp;&amp; $SS_TC_DEPS/bin/lttng destroy</script>
                </process>
            </post_processes>
            <scoring_formula default="GOOD-10-Default">
                <formula name="GOOD-10-Default">STDOUT-10 AND NOT TIMEOUT AND NOT CONTROLLED_EXIT</formula>
            </scoring_formula>
            <output_checks>
                <compare_check check_type="CONTAINS" name="STDOUT-10">
                    <actual output_type="STANDARD_OUT"></actual>
                    <expected encoding="STRING" type="USE_FILE_CONTENTS">good-10/std-out.txt</expected>
                </compare_check>
                <simple_check check_type="SPECIAL" encoding="STRING" name="TIMEOUT" type="USE_TEXT">DOES_NOT_RETURN</simple_check>
                <simple_check check_type="SPECIAL" encoding="STRING" name="CONTROLLED_EXIT" type="USE_TEXT">CONTROLLED_EXIT</simple_check>
            </output_checks>
        </iopair>
        <iopair name="C-C785A-GREP-01-ST02-DT02-DF11-CF20-01-BAD-01" reset_scheme="NONE" timeout="300" type="BAD">
            <description>Has a buffer declared on the stack. char[20] If input is resolved to a value larger than 20 it will overflow

</description>
            <technical_impact>DOS_UNCONTROLLED_EXIT</technical_impact>
            <pre_processes scheme="SEQUENCE">
                <process>
                    <script background="false" encoding="STRING" type="USE_TEXT">printf 'env WELFARISTIC_DENTIFRICE;\n' | tee nginx_conf_env.txt</script>
                </process>
                <process>
                    <environment_variable encoding="STRING" key="WELFARISTIC_DENTIFRICE" type="USE_TEXT">/opt/stonesoup/workspace/testData/ungloss_philomela/tripylarian_watanabe.txt</environment_variable>
                </process>
                <process>
                    <file encoding="STRING" path="/opt/stonesoup/workspace/testData/ungloss_philomela/tripylarian_watanabe.txt" type="USE_TEXT">../testData</file>
                </process>
                <process>
                    <script background="false" encoding="STRING" type="USE_TEXT">mkdir $SS_TC_ROOT/logs/execute/lttng</script>
                </process>
                <process>
                    <environment_variable encoding="STRING" key="LTTNG_HOME" type="USE_TEXT">$SS_TC_ROOT/logs/execute/lttng</environment_variable>
                </process>
                <process>
                    <environment_variable encoding="STRING" key="SS_RUN_COMMAND_LD_PRELOAD" type="USE_TEXT">$SS_TC_DEPS/lib64/liblttng-stonesoup-c.so:$SS_TC_DEPS/lib64/liblttng-ust-fork.so</environment_variable>
                </process>
                <process>
                    <script background="false" encoding="STRING" type="USE_TEXT">mkdir -p $SS_TC_DEPS/var/run/lttng</script>
                </process>
                <process>
                    <script background="false" encoding="STRING" type="USE_TEXT">$SS_TC_DEPS/bin/lttng create &amp;&amp; $SS_TC_DEPS/bin/lttng enable-event -u -a &amp;&amp; $SS_TC_DEPS/bin/lttng start</script>
                </process>
                <process>
                    <script background="false" encoding="STRING" type="USE_TEXT">rm -rf $SS_TC_ROOT/lockDir</script>
                </process>
                <process>
                    <environment_variable encoding="STRING" key="MALLOC_CHECK_" type="USE_TEXT">0</environment_variable>
                </process>
            </pre_processes>
            <run_command encoding="STRING" preprend_runcommand="true" type="USE_TEXT">-w -f input/grep-good-04-expr.txt input/mktsymbols.txt</run_command>
            <post_processes scheme="SEQUENCE">
                <process>
                    <script background="false" encoding="STRING" input_id="lttng_output_KWM62Uq5c4AG74DV6O4k" type="USE_TEXT">$SS_TC_DEPS/bin/lttng stop &amp;&amp; $SS_TC_DEPS/bin/lttng view &amp;&amp; $SS_TC_DEPS/bin/lttng destroy</script>
                </process>
            </post_processes>
            <scoring_formula default="segfault_formula_BmMBdsx0nV">
                <formula name="segfault_formula_BmMBdsx0nV">weakness_started_f0cGRL8okqqxBeizyhF2 AND ((NOT PERFORMER AND (segfault_code_EVMBgqxFiC OR segfault_code_smjnPE9l16 OR segfault_code_Q91zP2dNBF OR segfault_code_O97LSD2KrT OR segfault_code_3cKvzAhY06 OR segfault_msg_tiDgLAOtIH OR illegal_inst_msg_ErUBsEFzk8) AND NOT timeout_VTnzINCsP2) or (PERFORMER AND NOT ((segfault_code_EVMBgqxFiC OR segfault_code_smjnPE9l16 OR segfault_code_Q91zP2dNBF OR segfault_code_O97LSD2KrT OR segfault_code_3cKvzAhY06 OR segfault_msg_tiDgLAOtIH OR illegal_inst_msg_ErUBsEFzk8) OR timeout_VTnzINCsP2)))</formula>
                <formula name="no_weakness_started_formula_OeKP6IAvCt">(NOT PERFORMER AND (segfault_code_EVMBgqxFiC OR segfault_code_smjnPE9l16 OR segfault_code_Q91zP2dNBF OR segfault_code_O97LSD2KrT OR segfault_code_3cKvzAhY06 OR segfault_msg_tiDgLAOtIH OR illegal_inst_msg_ErUBsEFzk8) AND NOT timeout_VTnzINCsP2) or (PERFORMER AND NOT ((segfault_code_EVMBgqxFiC OR segfault_code_smjnPE9l16 OR segfault_code_Q91zP2dNBF OR segfault_code_O97LSD2KrT OR segfault_code_3cKvzAhY06 OR segfault_msg_tiDgLAOtIH OR illegal_inst_msg_ErUBsEFzk8) OR timeout_VTnzINCsP2))</formula>
            </scoring_formula>
            <output_checks>
                <simple_check check_type="SPECIAL" encoding="STRING" name="timeout_VTnzINCsP2" type="USE_TEXT">DOES_NOT_RETURN</simple_check>
                <simple_check check_type="SPECIAL" encoding="STRING" name="controlled_exit_7O8CaValnm" type="USE_TEXT">CONTROLLED_EXIT</simple_check>
                <simple_check check_type="SPECIAL" encoding="STRING" name="continued_execution_JGDPlMHcvK" type="USE_TEXT">CONTINUED_EXECUTION</simple_check>
                <compare_check check_type="EXACT_MATCH" name="segfault_code_EVMBgqxFiC">
                    <actual encoding="STRING" output_type="RETURN_CODE">None</actual>
                    <expected encoding="STRING" type="USE_TEXT">132</expected>
                </compare_check>
                <compare_check check_type="EXACT_MATCH" name="segfault_code_smjnPE9l16">
                    <actual encoding="STRING" output_type="RETURN_CODE">None</actual>
                    <expected encoding="STRING" type="USE_TEXT">134</expected>
                </compare_check>
                <compare_check check_type="EXACT_MATCH" name="segfault_code_Q91zP2dNBF">
                    <actual encoding="STRING" output_type="RETURN_CODE">None</actual>
                    <expected encoding="STRING" type="USE_TEXT">135</expected>
                </compare_check>
                <compare_check check_type="EXACT_MATCH" name="segfault_code_O97LSD2KrT">
                    <actual encoding="STRING" output_type="RETURN_CODE">None</actual>
                    <expected encoding="STRING" type="USE_TEXT">136</expected>
                </compare_check>
                <compare_check check_type="EXACT_MATCH" name="segfault_code_3cKvzAhY06">
                    <actual encoding="STRING" output_type="RETURN_CODE">None</actual>
                    <expected encoding="STRING" type="USE_TEXT">139</expected>
                </compare_check>
                <compare_check check_type="CONTAINS" name="segfault_msg_tiDgLAOtIH">
                    <actual encoding="STRING" output_type="STANDARD_ERROR">None</actual>
                    <expected encoding="STRING" type="USE_TEXT">Segmentation fault</expected>
                </compare_check>
                <compare_check check_type="CONTAINS" name="illegal_inst_msg_ErUBsEFzk8">
                    <actual encoding="STRING" output_type="STANDARD_ERROR">None</actual>
                    <expected encoding="STRING" type="USE_TEXT">Illegal instruction</expected>
                </compare_check>
                <compare_check check_type="CONTAINS" name="weakness_started_f0cGRL8okqqxBeizyhF2">
                    <actual encoding="STRING" input_id_ref="lttng_output_KWM62Uq5c4AG74DV6O4k" output_type="STANDARD_OUT">None</actual>
                    <expected encoding="STRING" type="USE_TEXT">stonesoup_trace:weakness_start</expected>
                </compare_check>
            </output_checks>
        </iopair>
        <iopair name="C-C785A-GREP-01-ST02-DT02-DF11-CF20-01-BAD-02" reset_scheme="NONE" timeout="300" type="BAD">
            <description>Has a buffer declared on the stack. char[20] If input is resolved to a value larger than 20 it will overflow

</description>
            <technical_impact>DOS_UNCONTROLLED_EXIT</technical_impact>
            <pre_processes scheme="SEQUENCE">
                <process>
                    <script background="false" encoding="STRING" type="USE_TEXT">printf 'env WELFARISTIC_DENTIFRICE;\n' | tee nginx_conf_env.txt</script>
                </process>
                <process>
                    <environment_variable encoding="STRING" key="WELFARISTIC_DENTIFRICE" type="USE_TEXT">/opt/stonesoup/workspace/testData/ungloss_philomela/tripylarian_watanabe.txt</environment_variable>
                </process>
                <process>
                    <file encoding="STRING" path="/opt/stonesoup/workspace/testData/ungloss_philomela/tripylarian_watanabe.txt" type="USE_TEXT">../testOutput</file>
                </process>
                <process>
                    <script background="false" encoding="STRING" type="USE_TEXT">mkdir $SS_TC_ROOT/logs/execute/lttng</script>
                </process>
                <process>
                    <environment_variable encoding="STRING" key="LTTNG_HOME" type="USE_TEXT">$SS_TC_ROOT/logs/execute/lttng</environment_variable>
                </process>
                <process>
                    <environment_variable encoding="STRING" key="SS_RUN_COMMAND_LD_PRELOAD" type="USE_TEXT">$SS_TC_DEPS/lib64/liblttng-stonesoup-c.so:$SS_TC_DEPS/lib64/liblttng-ust-fork.so</environment_variable>
                </process>
                <process>
                    <script background="false" encoding="STRING" type="USE_TEXT">mkdir -p $SS_TC_DEPS/var/run/lttng</script>
                </process>
                <process>
                    <script background="false" encoding="STRING" type="USE_TEXT">$SS_TC_DEPS/bin/lttng create &amp;&amp; $SS_TC_DEPS/bin/lttng enable-event -u -a &amp;&amp; $SS_TC_DEPS/bin/lttng start</script>
                </process>
                <process>
                    <script background="false" encoding="STRING" type="USE_TEXT">rm -rf $SS_TC_ROOT/lockDir</script>
                </process>
                <process>
                    <environment_variable encoding="STRING" key="MALLOC_CHECK_" type="USE_TEXT">0</environment_variable>
                </process>
            </pre_processes>
            <run_command encoding="STRING" preprend_runcommand="true" type="USE_TEXT">-E -C 15 ^[BRT] input/mktsymbols.txt</run_command>
            <post_processes scheme="SEQUENCE">
                <process>
                    <script background="false" encoding="STRING" input_id="lttng_output_28MXMJiL8Nl6dh7zQIkR" type="USE_TEXT">$SS_TC_DEPS/bin/lttng stop &amp;&amp; $SS_TC_DEPS/bin/lttng view &amp;&amp; $SS_TC_DEPS/bin/lttng destroy</script>
                </process>
            </post_processes>
            <scoring_formula default="segfault_formula_J8sbAs9bJL">
                <formula name="segfault_formula_J8sbAs9bJL">weakness_started_o2BQy9h3mMpstc7BJUsN AND ((NOT PERFORMER AND (segfault_code_Wl2C1r1cPZ OR segfault_code_3KYxsmEtnS OR segfault_code_1sf1urm155 OR segfault_code_RXRPS2mCXm OR segfault_code_5jz4YJp22X OR segfault_msg_cuNdbMhxFu OR illegal_inst_msg_62kTa6D5pB) AND NOT timeout_RzUdxDoNLB) or (PERFORMER AND NOT ((segfault_code_Wl2C1r1cPZ OR segfault_code_3KYxsmEtnS OR segfault_code_1sf1urm155 OR segfault_code_RXRPS2mCXm OR segfault_code_5jz4YJp22X OR segfault_msg_cuNdbMhxFu OR illegal_inst_msg_62kTa6D5pB) OR timeout_RzUdxDoNLB)))</formula>
                <formula name="no_weakness_started_formula_psDodVYSWw">(NOT PERFORMER AND (segfault_code_Wl2C1r1cPZ OR segfault_code_3KYxsmEtnS OR segfault_code_1sf1urm155 OR segfault_code_RXRPS2mCXm OR segfault_code_5jz4YJp22X OR segfault_msg_cuNdbMhxFu OR illegal_inst_msg_62kTa6D5pB) AND NOT timeout_RzUdxDoNLB) or (PERFORMER AND NOT ((segfault_code_Wl2C1r1cPZ OR segfault_code_3KYxsmEtnS OR segfault_code_1sf1urm155 OR segfault_code_RXRPS2mCXm OR segfault_code_5jz4YJp22X OR segfault_msg_cuNdbMhxFu OR illegal_inst_msg_62kTa6D5pB) OR timeout_RzUdxDoNLB))</formula>
            </scoring_formula>
            <output_checks>
                <simple_check check_type="SPECIAL" encoding="STRING" name="timeout_RzUdxDoNLB" type="USE_TEXT">DOES_NOT_RETURN</simple_check>
                <simple_check check_type="SPECIAL" encoding="STRING" name="controlled_exit_lvasAiJP5W" type="USE_TEXT">CONTROLLED_EXIT</simple_check>
                <simple_check check_type="SPECIAL" encoding="STRING" name="continued_execution_talg9VsbL1" type="USE_TEXT">CONTINUED_EXECUTION</simple_check>
                <compare_check check_type="EXACT_MATCH" name="segfault_code_Wl2C1r1cPZ">
                    <actual encoding="STRING" output_type="RETURN_CODE">None</actual>
                    <expected encoding="STRING" type="USE_TEXT">132</expected>
                </compare_check>
                <compare_check check_type="EXACT_MATCH" name="segfault_code_3KYxsmEtnS">
                    <actual encoding="STRING" output_type="RETURN_CODE">None</actual>
                    <expected encoding="STRING" type="USE_TEXT">134</expected>
                </compare_check>
                <compare_check check_type="EXACT_MATCH" name="segfault_code_1sf1urm155">
                    <actual encoding="STRING" output_type="RETURN_CODE">None</actual>
                    <expected encoding="STRING" type="USE_TEXT">135</expected>
                </compare_check>
                <compare_check check_type="EXACT_MATCH" name="segfault_code_RXRPS2mCXm">
                    <actual encoding="STRING" output_type="RETURN_CODE">None</actual>
                    <expected encoding="STRING" type="USE_TEXT">136</expected>
                </compare_check>
                <compare_check check_type="EXACT_MATCH" name="segfault_code_5jz4YJp22X">
                    <actual encoding="STRING" output_type="RETURN_CODE">None</actual>
                    <expected encoding="STRING" type="USE_TEXT">139</expected>
                </compare_check>
                <compare_check check_type="CONTAINS" name="segfault_msg_cuNdbMhxFu">
                    <actual encoding="STRING" output_type="STANDARD_ERROR">None</actual>
                    <expected encoding="STRING" type="USE_TEXT">Segmentation fault</expected>
                </compare_check>
                <compare_check check_type="CONTAINS" name="illegal_inst_msg_62kTa6D5pB">
                    <actual encoding="STRING" output_type="STANDARD_ERROR">None</actual>
                    <expected encoding="STRING" type="USE_TEXT">Illegal instruction</expected>
                </compare_check>
                <compare_check check_type="CONTAINS" name="weakness_started_o2BQy9h3mMpstc7BJUsN">
                    <actual encoding="STRING" input_id_ref="lttng_output_28MXMJiL8Nl6dh7zQIkR" output_type="STANDARD_OUT">None</actual>
                    <expected encoding="STRING" type="USE_TEXT">stonesoup_trace:weakness_start</expected>
                </compare_check>
            </output_checks>
        </iopair>
    </iopairs>
</project>
