<?xml version="1.0" encoding="utf-8"?>
<project base_program="J-ELAS" language="JAVA" name="J-C835A-ELAS-03-ST03-DT01-DF06-CF02-01" targeted_architecture="ANY" targeted_os="LINUX" test_case_type="ALL" xmlns="urn:stonesoup:project">
    <description>This test takes a string, and reads through the string, printing out each character with ASCII value greater than 48.  If it encounters a character with ASCII value less than 48, it will fail to increment the loop counter, and loop forever.
</description>
    <additional_information>
        <keyvalue key="kill_command">TRUE</keyvalue>
        <keyvalue key="JAVA_MAIN">org.elasticsearch.bootstrap.Elasticsearch</keyvalue>
        <keyvalue key="JAVA_CLASSPATH">$SS_TC_DEPS/java/elasticsearch/*:$SS_TC_ROOT/$SS_TC_INSTALL/*:$SS_TC_ROOT/$SS_TC_INSTALL/classes/*:$SS_TC_DEPS/java/stonesoup/socket/*:$SS_TC_DEPS/java/stonesoup/lttng/lttng-stonesoup-0.1.jar</keyvalue>
        <keyvalue key="algorithmic_variant_name">UNSPECIFIED</keyvalue>
        <keyvalue key="root_cause">UNSPECIFIED</keyvalue>
    </additional_information>
    <structure install="install" iodata="testData" scoredata="testOutput" scripts="scripts" source="src"/>
    <run_command>java $SS_JAVA_OPTS -Djava.library.path=$SS_TC_DEPS/lib64/ -cp &quot;$SS_JAVA_CLASSPATH&quot;</run_command>
    <weakness generation_method="FAULT_INJECTED">
        <variant cwe="CWE-835" name="CWE-835-A">
            <crossover_point file_name="/tmp/tmpdnbSTN_ss_testcase/src/src/main/java/org/elasticsearch/index/service/InternalIndexService.java" line_number="0">
                <method name="nonveterinaryMyelocele"/>
            </crossover_point>
            <trigger_point file_name="/tmp/tmpdnbSTN_ss_testcase/src/src/main/java/org/elasticsearch/index/service/InternalIndexService.java" line_number="0">
                <method name="nonveterinaryMyelocele"/>
            </trigger_point>
        </variant>
        <features>
            <taint_source file_name="/tmp/tmpdnbSTN_ss_testcase/src/src/main/java/org/elasticsearch/index/service/InternalIndexService.java" line_number="0" type="SOCKET">
                <method name="createShard"/>
            </taint_source>
            <data_type file_name="/tmp/tmpdnbSTN_ss_testcase/src/src/main/java/org/elasticsearch/index/service/InternalIndexService.java" line_number="0" type="ARRAY">
                <method name="createShard"/>
            </data_type>
            <data_flow file_name="/tmp/tmpdnbSTN_ss_testcase/src/src/main/java/org/elasticsearch/index/service/InternalIndexService.java" line_number="0" type="ADDRESS_AS_FUNCTION_RETURN_VALUE">
                <method name="createShard"/>
            </data_flow>
            <control_flow file_name="/tmp/tmpdnbSTN_ss_testcase/src/src/main/java/org/elasticsearch/index/service/InternalIndexService.java" line_number="0" type="INDIRECTLY_RECURSIVE">
                <method name="createShard"/>
            </control_flow>
        </features>
    </weakness>
    <build_commands>
        <command>env ANT_HOME=$SS_TC_DEPS/ant ant $SS_ANT_OPTS -Dstonesoup.database.postgres.required=no -Dstonesoup.hibernate.postgres.required=no -Dstonesoup.hibernate.mysql.required=no -Dstonesoup.database.mysql.required=no -Dstonesoup.socket.required=yes -lib $SS_TC_DEPS/java/stonesoup/lttng/lttng-stonesoup-0.1.jar -Dstonesoup.socket.lib.dir=&quot;$SS_TC_DEPS/java/stonesoup/socket&quot; -Dstonesoup.hibernate.mysql.lib.dir=&quot;$SS_TC_DEPS/java/stonesoup/hibernate/mysql&quot; -Dstonesoup.hibernate.postgres.lib.dir=&quot;$SS_TC_DEPS/java/stonesoup/hibernate/postgres&quot; -Dstonesoup.database.mysql.lib.dir=&quot;$SS_TC_DEPS/java/stonesoup/database/mysql&quot; -Dstonesoup.database.postgres.lib.dir=&quot;$SS_TC_DEPS/java/stonesoup/database/postgres&quot;  -Dmaven.build.dir=$SS_TC_ROOT/$SS_TC_INSTALL -Dmaven.repo.local=&quot;$SS_TC_DEPS/java/elasticsearch&quot; -Dmaven.settings.offline=true -Dstonesoup.lttng.lib.dir=&quot;$SS_TC_DEPS/java/stonesoup/lttng&quot; -Dstonesoup.lttng.dummy.lib.dir=&quot;$SS_TC_DEPS/java/stonesoup/lttng-dummy&quot; package</command>
    </build_commands>
    <iopairs>
        <iopair name="J-C835A-ELAS-03-ST03-DT01-DF06-CF02-01-GOOD-01" reset_scheme="NONE" timeout="300" type="GOOD">
            <description>Add data
Environment variable
</description>
            <technical_impact>NONE</technical_impact>
            <pre_processes scheme="SEQUENCE">
                <process>
                    <script background="false" encoding="STRING" type="USE_TEXT">printf '' | tee nginx_conf_env.txt</script>
                </process>
                <process>
                    <script background="false" encoding="STRING" type="USE_TEXT">mkdir $SS_TC_ROOT/logs/execute/lttng</script>
                </process>
                <process>
                    <environment_variable encoding="STRING" key="LTTNG_HOME" type="USE_TEXT">$SS_TC_ROOT/logs/execute/lttng</environment_variable>
                </process>
                <process>
                    <environment_variable encoding="STRING" key="SS_RUN_COMMAND_LD_PRELOAD" type="USE_TEXT">$SS_TC_DEPS/lib64/liblttng-stonesoup-java.so:$SS_TC_DEPS/lib64/liblttng-ust-fork.so</environment_variable>
                </process>
                <process>
                    <script background="false" encoding="STRING" type="USE_TEXT">mkdir -p $SS_TC_DEPS/var/run/lttng</script>
                </process>
                <process>
                    <script background="false" encoding="STRING" type="USE_TEXT">$SS_TC_DEPS/bin/lttng create &amp;&amp; $SS_TC_DEPS/bin/lttng enable-event -u -a &amp;&amp; $SS_TC_DEPS/bin/lttng start</script>
                </process>
                <process>
                    <script background="false" encoding="STRING" type="USE_TEXT">rm -rf $SS_TC_ROOT/lockDir</script>
                </process>
            </pre_processes>
            <run_command encoding="STRING" preprend_runcommand="true" type="USE_TEXT">-Des.path.data=&quot;$SS_TC_ROOT/testData/good-01&quot; org.elasticsearch.bootstrap.Elasticsearch</run_command>
            <co_processes scheme="SEQUENCE">
                <process_group scheme="PARALLEL">
                    <process_group scheme="SEQUENCE">
                        <process delay_after="0" delay_before="0">
                            <script background="false" encoding="STRING" type="USE_TEXT">$SS_TC_ROOT/scripts/service_mon.sh ss-localhost 9200</script>
                        </process>
                        <process delay_after="0" delay_before="0">
                            <script background="false" encoding="STRING" type="USE_TEXT">$SS_TC_ROOT/scripts/es_initialized.sh ss-localhost 9200</script>
                        </process>
                        <process delay_after="0" delay_before="0">
                            <script background="false" encoding="STRING" input_id="GOOD-01-CURL" type="USE_TEXT">curl -XPUT 'http://ss-localhost:9200/movies/movie/1' -d '{&quot;title&quot;:&quot;The Godfather&quot;,&quot;director&quot;:&quot;Francis Ford Coppola&quot;,&quot;year&quot;:1972}'</script>
                        </process>
                    </process_group>
                    <process_group scheme="SEQUENCE">
                        <process>
                            <script background="false" encoding="STRING" input_id="socket_XkQsWKoMEn" type="USE_TEXT">/opt/stonesoup/workspace/scripts/service_mon.sh ss-localhost 8887 &amp;&amp; curl -v --data-urlencode data=&quot;AAA&quot; --header &quot;If-Match: weak_taint_source_value&quot; --request POST --no-buffer --output /opt/stonesoup/workspace/testData/logfile.txt --silent --show-error http://ss-localhost:8887</script>
                        </process>
                    </process_group>
                </process_group>
                <process delay_after="0" delay_before="0">
                    <script background="false" encoding="STRING" type="USE_TEXT">curl -XPOST 'http://ss-localhost:9200/_shutdown'</script>
                </process>
            </co_processes>
            <post_processes scheme="SEQUENCE">
                <process>
                    <script background="false" encoding="STRING" input_id="lttng_output_giLkvE4Yjx" type="USE_TEXT">$SS_TC_DEPS/bin/lttng stop &amp;&amp; $SS_TC_DEPS/bin/lttng view &amp;&amp; $SS_TC_DEPS/bin/lttng destroy</script>
                </process>
            </post_processes>
            <scoring_formula default="GOOD-01-Default">
                <formula name="GOOD-01-Default">GOOD-01 AND NOT TIMEOUT AND NOT CONTROLLED_EXIT</formula>
            </scoring_formula>
            <output_checks>
                <compare_check check_type="CONTAINS" name="GOOD-01">
                    <actual encoding="STRING" input_id_ref="GOOD-01-CURL" output_type="STANDARD_OUT"></actual>
                    <expected encoding="STRING" type="USE_FILE_CONTENTS">good-01/output.txt</expected>
                </compare_check>
                <simple_check check_type="SPECIAL" encoding="STRING" name="TIMEOUT" type="USE_TEXT">DOES_NOT_RETURN</simple_check>
                <simple_check check_type="SPECIAL" encoding="STRING" name="CONTROLLED_EXIT" type="USE_TEXT">CONTROLLED_EXIT</simple_check>
            </output_checks>
        </iopair>
        <iopair name="J-C835A-ELAS-03-ST03-DT01-DF06-CF02-01-GOOD-02" reset_scheme="NONE" timeout="300" type="GOOD">
            <description>simple string query
Environment variable
</description>
            <technical_impact>NONE</technical_impact>
            <pre_processes scheme="SEQUENCE">
                <process>
                    <script background="false" encoding="STRING" type="USE_TEXT">printf '' | tee nginx_conf_env.txt</script>
                </process>
                <process>
                    <script background="false" encoding="STRING" type="USE_TEXT">mkdir $SS_TC_ROOT/logs/execute/lttng</script>
                </process>
                <process>
                    <environment_variable encoding="STRING" key="LTTNG_HOME" type="USE_TEXT">$SS_TC_ROOT/logs/execute/lttng</environment_variable>
                </process>
                <process>
                    <environment_variable encoding="STRING" key="SS_RUN_COMMAND_LD_PRELOAD" type="USE_TEXT">$SS_TC_DEPS/lib64/liblttng-stonesoup-java.so:$SS_TC_DEPS/lib64/liblttng-ust-fork.so</environment_variable>
                </process>
                <process>
                    <script background="false" encoding="STRING" type="USE_TEXT">mkdir -p $SS_TC_DEPS/var/run/lttng</script>
                </process>
                <process>
                    <script background="false" encoding="STRING" type="USE_TEXT">$SS_TC_DEPS/bin/lttng create &amp;&amp; $SS_TC_DEPS/bin/lttng enable-event -u -a &amp;&amp; $SS_TC_DEPS/bin/lttng start</script>
                </process>
                <process>
                    <script background="false" encoding="STRING" type="USE_TEXT">rm -rf $SS_TC_ROOT/lockDir</script>
                </process>
            </pre_processes>
            <run_command encoding="STRING" preprend_runcommand="true" type="USE_TEXT">-Des.path.data=&quot;$SS_TC_ROOT/testData/good-02&quot; org.elasticsearch.bootstrap.Elasticsearch</run_command>
            <co_processes scheme="SEQUENCE">
                <process_group scheme="PARALLEL">
                    <process_group scheme="SEQUENCE">
                        <process delay_after="0" delay_before="0">
                            <script background="false" encoding="STRING" type="USE_TEXT">$SS_TC_ROOT/scripts/service_mon.sh ss-localhost 9200</script>
                        </process>
                        <process delay_after="0" delay_before="0">
                            <script background="false" encoding="STRING" type="USE_TEXT">$SS_TC_ROOT/scripts/es_initialized.sh ss-localhost 9200</script>
                        </process>
                        <process delay_after="0" delay_before="0">
                            <script background="false" encoding="STRING" input_id="GOOD-02-CURL" type="USE_TEXT">curl -XPOST 'http://ss-localhost:9200/_search' -d '{&quot;query&quot;: {&quot;query_string&quot;: {&quot;query&quot;: &quot;kill&quot;}}}'</script>
                        </process>
                    </process_group>
                    <process_group scheme="SEQUENCE">
                        <process>
                            <script background="false" encoding="STRING" input_id="socket_IxmSMIUuHQ" type="USE_TEXT">/opt/stonesoup/workspace/scripts/service_mon.sh ss-localhost 8887 &amp;&amp; curl -v --data-urlencode data=&quot;Hellowworld&quot; --header &quot;If-Match: weak_taint_source_value&quot; --request POST --no-buffer --output /opt/stonesoup/workspace/testData/logfile.txt --silent --show-error http://ss-localhost:8887</script>
                        </process>
                    </process_group>
                </process_group>
                <process delay_after="0" delay_before="0">
                    <script background="false" encoding="STRING" type="USE_TEXT">curl -XPOST 'http://ss-localhost:9200/_shutdown'</script>
                </process>
            </co_processes>
            <post_processes scheme="SEQUENCE">
                <process>
                    <script background="false" encoding="STRING" input_id="lttng_output_3nAjrGRL68" type="USE_TEXT">$SS_TC_DEPS/bin/lttng stop &amp;&amp; $SS_TC_DEPS/bin/lttng view &amp;&amp; $SS_TC_DEPS/bin/lttng destroy</script>
                </process>
            </post_processes>
            <scoring_formula default="GOOD-02-Default">
                <formula name="GOOD-02-Default">GOOD-02 AND NOT TIMEOUT AND NOT CONTROLLED_EXIT</formula>
            </scoring_formula>
            <output_checks>
                <compare_check check_type="CONTAINS" name="GOOD-02">
                    <actual encoding="STRING" input_id_ref="GOOD-02-CURL" output_type="STANDARD_OUT"></actual>
                    <expected encoding="STRING" type="USE_FILE_CONTENTS">good-02/output.txt</expected>
                </compare_check>
                <simple_check check_type="SPECIAL" encoding="STRING" name="TIMEOUT" type="USE_TEXT">DOES_NOT_RETURN</simple_check>
                <simple_check check_type="SPECIAL" encoding="STRING" name="CONTROLLED_EXIT" type="USE_TEXT">CONTROLLED_EXIT</simple_check>
            </output_checks>
        </iopair>
        <iopair name="J-C835A-ELAS-03-ST03-DT01-DF06-CF02-01-GOOD-03" reset_scheme="NONE" timeout="300" type="GOOD">
            <description>get all data
Environment variable
</description>
            <technical_impact>NONE</technical_impact>
            <pre_processes scheme="SEQUENCE">
                <process>
                    <script background="false" encoding="STRING" type="USE_TEXT">printf '' | tee nginx_conf_env.txt</script>
                </process>
                <process>
                    <script background="false" encoding="STRING" type="USE_TEXT">mkdir $SS_TC_ROOT/logs/execute/lttng</script>
                </process>
                <process>
                    <environment_variable encoding="STRING" key="LTTNG_HOME" type="USE_TEXT">$SS_TC_ROOT/logs/execute/lttng</environment_variable>
                </process>
                <process>
                    <environment_variable encoding="STRING" key="SS_RUN_COMMAND_LD_PRELOAD" type="USE_TEXT">$SS_TC_DEPS/lib64/liblttng-stonesoup-java.so:$SS_TC_DEPS/lib64/liblttng-ust-fork.so</environment_variable>
                </process>
                <process>
                    <script background="false" encoding="STRING" type="USE_TEXT">mkdir -p $SS_TC_DEPS/var/run/lttng</script>
                </process>
                <process>
                    <script background="false" encoding="STRING" type="USE_TEXT">$SS_TC_DEPS/bin/lttng create &amp;&amp; $SS_TC_DEPS/bin/lttng enable-event -u -a &amp;&amp; $SS_TC_DEPS/bin/lttng start</script>
                </process>
                <process>
                    <script background="false" encoding="STRING" type="USE_TEXT">rm -rf $SS_TC_ROOT/lockDir</script>
                </process>
            </pre_processes>
            <run_command encoding="STRING" preprend_runcommand="true" type="USE_TEXT">-Des.path.data=&quot;$SS_TC_ROOT/testData/good-03&quot; org.elasticsearch.bootstrap.Elasticsearch</run_command>
            <co_processes scheme="SEQUENCE">
                <process_group scheme="PARALLEL">
                    <process_group scheme="SEQUENCE">
                        <process delay_after="0" delay_before="0">
                            <script background="false" encoding="STRING" type="USE_TEXT">$SS_TC_ROOT/scripts/service_mon.sh ss-localhost 9200</script>
                        </process>
                        <process delay_after="0" delay_before="0">
                            <script background="false" encoding="STRING" type="USE_TEXT">$SS_TC_ROOT/scripts/es_initialized.sh ss-localhost 9200</script>
                        </process>
                        <process delay_after="0" delay_before="0">
                            <script background="false" encoding="STRING" input_id="GOOD-03-CURL" type="USE_TEXT">curl -XGET 'http://ss-localhost:9200/_search' -d '{ &quot;query&quot;: { &quot;matchAll&quot; : {} }}'</script>
                        </process>
                    </process_group>
                    <process_group scheme="SEQUENCE">
                        <process>
                            <script background="false" encoding="STRING" input_id="socket_U6JmnsLaKN" type="USE_TEXT">/opt/stonesoup/workspace/scripts/service_mon.sh ss-localhost 8887 &amp;&amp; curl -v --data-urlencode data=&quot;Goodbycruelworld&quot; --header &quot;If-Match: weak_taint_source_value&quot; --request POST --no-buffer --output /opt/stonesoup/workspace/testData/logfile.txt --silent --show-error http://ss-localhost:8887</script>
                        </process>
                    </process_group>
                </process_group>
                <process delay_after="0" delay_before="0">
                    <script background="false" encoding="STRING" type="USE_TEXT">curl -XPOST 'http://ss-localhost:9200/_shutdown'</script>
                </process>
            </co_processes>
            <post_processes scheme="SEQUENCE">
                <process>
                    <script background="false" encoding="STRING" input_id="lttng_output_VSlUsVnbqA" type="USE_TEXT">$SS_TC_DEPS/bin/lttng stop &amp;&amp; $SS_TC_DEPS/bin/lttng view &amp;&amp; $SS_TC_DEPS/bin/lttng destroy</script>
                </process>
            </post_processes>
            <scoring_formula default="GOOD-03-Default">
                <formula name="GOOD-03-Default">GOOD-03 AND NOT TIMEOUT AND NOT CONTROLLED_EXIT</formula>
            </scoring_formula>
            <output_checks>
                <compare_check check_type="CONTAINS" name="GOOD-03">
                    <actual encoding="STRING" input_id_ref="GOOD-03-CURL" output_type="STANDARD_OUT"></actual>
                    <expected encoding="STRING" type="USE_FILE_CONTENTS">good-03/output.txt</expected>
                </compare_check>
                <simple_check check_type="SPECIAL" encoding="STRING" name="TIMEOUT" type="USE_TEXT">DOES_NOT_RETURN</simple_check>
                <simple_check check_type="SPECIAL" encoding="STRING" name="CONTROLLED_EXIT" type="USE_TEXT">CONTROLLED_EXIT</simple_check>
            </output_checks>
        </iopair>
        <iopair name="J-C835A-ELAS-03-ST03-DT01-DF06-CF02-01-GOOD-04" reset_scheme="NONE" timeout="300" type="GOOD">
            <description>add data
Environment variable
</description>
            <technical_impact>NONE</technical_impact>
            <pre_processes scheme="SEQUENCE">
                <process>
                    <script background="false" encoding="STRING" type="USE_TEXT">printf '' | tee nginx_conf_env.txt</script>
                </process>
                <process>
                    <script background="false" encoding="STRING" type="USE_TEXT">mkdir $SS_TC_ROOT/logs/execute/lttng</script>
                </process>
                <process>
                    <environment_variable encoding="STRING" key="LTTNG_HOME" type="USE_TEXT">$SS_TC_ROOT/logs/execute/lttng</environment_variable>
                </process>
                <process>
                    <environment_variable encoding="STRING" key="SS_RUN_COMMAND_LD_PRELOAD" type="USE_TEXT">$SS_TC_DEPS/lib64/liblttng-stonesoup-java.so:$SS_TC_DEPS/lib64/liblttng-ust-fork.so</environment_variable>
                </process>
                <process>
                    <script background="false" encoding="STRING" type="USE_TEXT">mkdir -p $SS_TC_DEPS/var/run/lttng</script>
                </process>
                <process>
                    <script background="false" encoding="STRING" type="USE_TEXT">$SS_TC_DEPS/bin/lttng create &amp;&amp; $SS_TC_DEPS/bin/lttng enable-event -u -a &amp;&amp; $SS_TC_DEPS/bin/lttng start</script>
                </process>
                <process>
                    <script background="false" encoding="STRING" type="USE_TEXT">rm -rf $SS_TC_ROOT/lockDir</script>
                </process>
            </pre_processes>
            <run_command encoding="STRING" preprend_runcommand="true" type="USE_TEXT">-Des.path.data=&quot;$SS_TC_ROOT/testData/good-04&quot; org.elasticsearch.bootstrap.Elasticsearch</run_command>
            <co_processes scheme="SEQUENCE">
                <process_group scheme="PARALLEL">
                    <process_group scheme="SEQUENCE">
                        <process delay_after="0" delay_before="0">
                            <script background="false" encoding="STRING" type="USE_TEXT">$SS_TC_ROOT/scripts/service_mon.sh ss-localhost 9200</script>
                        </process>
                        <process delay_after="0" delay_before="0">
                            <script background="false" encoding="STRING" type="USE_TEXT">$SS_TC_ROOT/scripts/es_initialized.sh ss-localhost 9200</script>
                        </process>
                        <process delay_after="0" delay_before="0">
                            <script background="false" encoding="STRING" input_id="GOOD-04-CURL" type="USE_TEXT">curl -XPUT 'http://ss-localhost:9200/user/starfleet/40' -d '{ &quot;name&quot; : &quot;Picard&quot;, &quot;rank&quot; : &quot;Captain&quot; }'</script>
                        </process>
                    </process_group>
                    <process_group scheme="SEQUENCE">
                        <process>
                            <script background="false" encoding="STRING" input_id="socket_OiWG4IlS3c" type="USE_TEXT">/opt/stonesoup/workspace/scripts/service_mon.sh ss-localhost 8887 &amp;&amp; curl -v --data-urlencode data=&quot;AAA&quot; --header &quot;If-Match: weak_taint_source_value&quot; --request POST --no-buffer --output /opt/stonesoup/workspace/testData/logfile.txt --silent --show-error http://ss-localhost:8887</script>
                        </process>
                    </process_group>
                </process_group>
                <process delay_after="0" delay_before="0">
                    <script background="false" encoding="STRING" type="USE_TEXT">curl -XPOST 'http://ss-localhost:9200/_shutdown'</script>
                </process>
            </co_processes>
            <post_processes scheme="SEQUENCE">
                <process>
                    <script background="false" encoding="STRING" input_id="lttng_output_OiIc6PKCL7" type="USE_TEXT">$SS_TC_DEPS/bin/lttng stop &amp;&amp; $SS_TC_DEPS/bin/lttng view &amp;&amp; $SS_TC_DEPS/bin/lttng destroy</script>
                </process>
            </post_processes>
            <scoring_formula default="GOOD-04-Default">
                <formula name="GOOD-04-Default">OUTPUT AND (STATE-EXISTS AND STATE-HAS-CONTENT) AND (GLOBAL-EXISTS AND GLOBAL-HAS-CONTENT) AND NOT TIMEOUT AND NOT CONTROLLED_EXIT</formula>
            </scoring_formula>
            <output_checks>
                <compare_check check_type="CONTAINS" name="OUTPUT">
                    <actual encoding="STRING" input_id_ref="GOOD-04-CURL" output_type="STANDARD_OUT"></actual>
                    <expected encoding="STRING" type="USE_FILE_CONTENTS">good-04/output.txt</expected>
                </compare_check>
                <simple_check check_type="SCRIPT" encoding="STRING" name="STATE-EXISTS" type="USE_TEXT">
                    if [[ -a good-04/elasticsearch/nodes/0/indices/user/0/_state/state-2 ]]; then exit 0; else exit 1; fi;
                </simple_check>
                <simple_check check_type="SCRIPT" encoding="STRING" name="GLOBAL-EXISTS" type="USE_TEXT">
                    if [[ -a good-04/elasticsearch/nodes/0/_state/global-4 ]]; then exit 0; else exit 1; fi;
                </simple_check>
                <simple_check check_type="SCRIPT" encoding="STRING" name="STATE-HAS-CONTENT" type="USE_TEXT">
                    if [[ -s good-04/elasticsearch/nodes/0/indices/user/0/_state/state-2 ]]; then exit 0; else exit 1; fi;
                </simple_check>
                <simple_check check_type="SCRIPT" encoding="STRING" name="GLOBAL-HAS-CONTENT" type="USE_TEXT">
                    if [[ -s good-04/elasticsearch/nodes/0/_state/global-4 ]]; then exit 0; else exit 1; fi;
                </simple_check>
                <simple_check check_type="SPECIAL" encoding="STRING" name="TIMEOUT" type="USE_TEXT">DOES_NOT_RETURN</simple_check>
                <simple_check check_type="SPECIAL" encoding="STRING" name="CONTROLLED_EXIT" type="USE_TEXT">CONTROLLED_EXIT</simple_check>
            </output_checks>
        </iopair>
        <iopair name="J-C835A-ELAS-03-ST03-DT01-DF06-CF02-01-GOOD-05" reset_scheme="NONE" timeout="300" type="GOOD">
            <description>delete data
Environment variable
</description>
            <technical_impact>NONE</technical_impact>
            <pre_processes scheme="SEQUENCE">
                <process>
                    <script background="false" encoding="STRING" type="USE_TEXT">printf '' | tee nginx_conf_env.txt</script>
                </process>
                <process>
                    <script background="false" encoding="STRING" type="USE_TEXT">mkdir $SS_TC_ROOT/logs/execute/lttng</script>
                </process>
                <process>
                    <environment_variable encoding="STRING" key="LTTNG_HOME" type="USE_TEXT">$SS_TC_ROOT/logs/execute/lttng</environment_variable>
                </process>
                <process>
                    <environment_variable encoding="STRING" key="SS_RUN_COMMAND_LD_PRELOAD" type="USE_TEXT">$SS_TC_DEPS/lib64/liblttng-stonesoup-java.so:$SS_TC_DEPS/lib64/liblttng-ust-fork.so</environment_variable>
                </process>
                <process>
                    <script background="false" encoding="STRING" type="USE_TEXT">mkdir -p $SS_TC_DEPS/var/run/lttng</script>
                </process>
                <process>
                    <script background="false" encoding="STRING" type="USE_TEXT">$SS_TC_DEPS/bin/lttng create &amp;&amp; $SS_TC_DEPS/bin/lttng enable-event -u -a &amp;&amp; $SS_TC_DEPS/bin/lttng start</script>
                </process>
                <process>
                    <script background="false" encoding="STRING" type="USE_TEXT">rm -rf $SS_TC_ROOT/lockDir</script>
                </process>
            </pre_processes>
            <run_command encoding="STRING" preprend_runcommand="true" type="USE_TEXT">-Des.path.data=&quot;$SS_TC_ROOT/testData/good-05&quot; org.elasticsearch.bootstrap.Elasticsearch</run_command>
            <co_processes scheme="SEQUENCE">
                <process_group scheme="PARALLEL">
                    <process_group scheme="SEQUENCE">
                        <process delay_after="0" delay_before="0">
                            <script background="false" encoding="STRING" type="USE_TEXT">$SS_TC_ROOT/scripts/service_mon.sh ss-localhost 9200</script>
                        </process>
                        <process delay_after="0" delay_before="0">
                            <script background="false" encoding="STRING" type="USE_TEXT">$SS_TC_ROOT/scripts/es_initialized.sh ss-localhost 9200</script>
                        </process>
                        <process delay_after="0" delay_before="0">
                            <script background="false" encoding="STRING" input_id="GOOD-05-CURL" type="USE_TEXT">curl -XDELETE 'http://ss-localhost:9200/movies/movie/1' -d '{ &quot;year&quot;: 1962&quot; }'</script>
                        </process>
                    </process_group>
                    <process_group scheme="SEQUENCE">
                        <process>
                            <script background="false" encoding="STRING" input_id="socket_zycD3M2ef4" type="USE_TEXT">/opt/stonesoup/workspace/scripts/service_mon.sh ss-localhost 8887 &amp;&amp; curl -v --data-urlencode data=&quot;Hellowworld&quot; --header &quot;If-Match: weak_taint_source_value&quot; --request POST --no-buffer --output /opt/stonesoup/workspace/testData/logfile.txt --silent --show-error http://ss-localhost:8887</script>
                        </process>
                    </process_group>
                </process_group>
                <process delay_after="0" delay_before="0">
                    <script background="false" encoding="STRING" type="USE_TEXT">curl -XPOST 'http://ss-localhost:9200/_shutdown'</script>
                </process>
            </co_processes>
            <post_processes scheme="SEQUENCE">
                <process>
                    <script background="false" encoding="STRING" input_id="lttng_output_oPUsr0bzv7" type="USE_TEXT">$SS_TC_DEPS/bin/lttng stop &amp;&amp; $SS_TC_DEPS/bin/lttng view &amp;&amp; $SS_TC_DEPS/bin/lttng destroy</script>
                </process>
            </post_processes>
            <scoring_formula default="GOOD-05-Default">
                <formula name="GOOD-05-Default">OUTPUT AND (GLOBAL-EXISTS AND GLOBAL-HAS-CONTENT) AND NOT TIMEOUT AND NOT CONTROLLED_EXIT</formula>
            </scoring_formula>
            <output_checks>
                <compare_check check_type="CONTAINS" name="OUTPUT">
                    <actual encoding="STRING" input_id_ref="GOOD-05-CURL" output_type="STANDARD_OUT"></actual>
                    <expected encoding="STRING" type="USE_FILE_CONTENTS">good-05/output.txt</expected>
                </compare_check>
                <simple_check check_type="SCRIPT" encoding="STRING" name="GLOBAL-EXISTS" type="USE_TEXT">
                    if [[ -a good-05/elasticsearch/nodes/0/_state/global-5 ]]; then exit 0; else exit 1; fi;
                </simple_check>
                <simple_check check_type="SCRIPT" encoding="STRING" name="GLOBAL-HAS-CONTENT" type="USE_TEXT">
                   if [[ -s good-05/elasticsearch/nodes/0/_state/global-5 ]]; then exit 0; else exit 1; fi;
                </simple_check>
                <simple_check check_type="SPECIAL" encoding="STRING" name="TIMEOUT" type="USE_TEXT">DOES_NOT_RETURN</simple_check>
                <simple_check check_type="SPECIAL" encoding="STRING" name="CONTROLLED_EXIT" type="USE_TEXT">CONTROLLED_EXIT</simple_check>
            </output_checks>
        </iopair>
        <iopair name="J-C835A-ELAS-03-ST03-DT01-DF06-CF02-01-GOOD-06" reset_scheme="NONE" timeout="300" type="GOOD">
            <description>bulk add data
Environment variable
</description>
            <technical_impact>NONE</technical_impact>
            <pre_processes scheme="SEQUENCE">
                <process>
                    <script background="false" encoding="STRING" type="USE_TEXT">printf '' | tee nginx_conf_env.txt</script>
                </process>
                <process>
                    <script background="false" encoding="STRING" type="USE_TEXT">mkdir $SS_TC_ROOT/logs/execute/lttng</script>
                </process>
                <process>
                    <environment_variable encoding="STRING" key="LTTNG_HOME" type="USE_TEXT">$SS_TC_ROOT/logs/execute/lttng</environment_variable>
                </process>
                <process>
                    <environment_variable encoding="STRING" key="SS_RUN_COMMAND_LD_PRELOAD" type="USE_TEXT">$SS_TC_DEPS/lib64/liblttng-stonesoup-java.so:$SS_TC_DEPS/lib64/liblttng-ust-fork.so</environment_variable>
                </process>
                <process>
                    <script background="false" encoding="STRING" type="USE_TEXT">mkdir -p $SS_TC_DEPS/var/run/lttng</script>
                </process>
                <process>
                    <script background="false" encoding="STRING" type="USE_TEXT">$SS_TC_DEPS/bin/lttng create &amp;&amp; $SS_TC_DEPS/bin/lttng enable-event -u -a &amp;&amp; $SS_TC_DEPS/bin/lttng start</script>
                </process>
                <process>
                    <script background="false" encoding="STRING" type="USE_TEXT">rm -rf $SS_TC_ROOT/lockDir</script>
                </process>
            </pre_processes>
            <run_command encoding="STRING" preprend_runcommand="true" type="USE_TEXT">-Des.path.data=&quot;$SS_TC_ROOT/testData/good-06&quot; org.elasticsearch.bootstrap.Elasticsearch</run_command>
            <co_processes scheme="SEQUENCE">
                <process_group scheme="PARALLEL">
                    <process_group scheme="SEQUENCE">
                        <process delay_after="0" delay_before="0">
                            <script background="false" encoding="STRING" type="USE_TEXT">$SS_TC_ROOT/scripts/service_mon.sh ss-localhost 9200</script>
                        </process>
                        <process delay_after="0" delay_before="0">
                            <script background="false" encoding="STRING" type="USE_TEXT">$SS_TC_ROOT/scripts/es_initialized.sh ss-localhost 9200</script>
                        </process>
                        <process delay_after="0" delay_before="0">
                            <script background="false" encoding="STRING" input_id="GOOD-06-CURL" type="USE_TEXT">curl -XPUT localhost:9200/_bulk --data-binary @good-06/shakespeare.json</script>
                        </process>
                    </process_group>
                    <process_group scheme="SEQUENCE">
                        <process>
                            <script background="false" encoding="STRING" input_id="socket_4DVHZLOqcq" type="USE_TEXT">/opt/stonesoup/workspace/scripts/service_mon.sh ss-localhost 8887 &amp;&amp; curl -v --data-urlencode data=&quot;Goodbycruelworld&quot; --header &quot;If-Match: weak_taint_source_value&quot; --request POST --no-buffer --output /opt/stonesoup/workspace/testData/logfile.txt --silent --show-error http://ss-localhost:8887</script>
                        </process>
                    </process_group>
                </process_group>
                <process delay_after="0" delay_before="0">
                    <script background="false" encoding="STRING" type="USE_TEXT">curl -XPOST 'http://ss-localhost:9200/_shutdown'</script>
                </process>
            </co_processes>
            <post_processes scheme="SEQUENCE">
                <process>
                    <script background="false" encoding="STRING" input_id="lttng_output_9ueuaX8oKJ" type="USE_TEXT">$SS_TC_DEPS/bin/lttng stop &amp;&amp; $SS_TC_DEPS/bin/lttng view &amp;&amp; $SS_TC_DEPS/bin/lttng destroy</script>
                </process>
            </post_processes>
            <scoring_formula default="GOOD-06-Default">
                <formula name="GOOD-06-Default">HEAD AND TAIL AND NOT TIMEOUT AND NOT CONTROLLED_EXIT</formula>
            </scoring_formula>
            <output_checks>
                <compare_check check_type="CONTAINS" name="HEAD">
                    <actual encoding="STRING" input_id_ref="GOOD-06-CURL" output_type="STANDARD_OUT"></actual>
                    <expected encoding="STRING" type="USE_FILE_CONTENTS">good-06/head.txt</expected>
                </compare_check>
                <compare_check check_type="CONTAINS" name="TAIL">
                    <actual encoding="STRING" input_id_ref="GOOD-06-CURL" output_type="STANDARD_OUT"></actual>
                    <expected encoding="STRING" type="USE_FILE_CONTENTS">good-06/tail.txt</expected>
                </compare_check>
                <simple_check check_type="SPECIAL" encoding="STRING" name="TIMEOUT" type="USE_TEXT">DOES_NOT_RETURN</simple_check>
                <simple_check check_type="SPECIAL" encoding="STRING" name="CONTROLLED_EXIT" type="USE_TEXT">CONTROLLED_EXIT</simple_check>
            </output_checks>
        </iopair>
        <iopair name="J-C835A-ELAS-03-ST03-DT01-DF06-CF02-01-GOOD-07" reset_scheme="NONE" timeout="300" type="GOOD">
            <description>filter without search query
Environment variable
</description>
            <technical_impact>NONE</technical_impact>
            <pre_processes scheme="SEQUENCE">
                <process>
                    <script background="false" encoding="STRING" type="USE_TEXT">printf '' | tee nginx_conf_env.txt</script>
                </process>
                <process>
                    <script background="false" encoding="STRING" type="USE_TEXT">mkdir $SS_TC_ROOT/logs/execute/lttng</script>
                </process>
                <process>
                    <environment_variable encoding="STRING" key="LTTNG_HOME" type="USE_TEXT">$SS_TC_ROOT/logs/execute/lttng</environment_variable>
                </process>
                <process>
                    <environment_variable encoding="STRING" key="SS_RUN_COMMAND_LD_PRELOAD" type="USE_TEXT">$SS_TC_DEPS/lib64/liblttng-stonesoup-java.so:$SS_TC_DEPS/lib64/liblttng-ust-fork.so</environment_variable>
                </process>
                <process>
                    <script background="false" encoding="STRING" type="USE_TEXT">mkdir -p $SS_TC_DEPS/var/run/lttng</script>
                </process>
                <process>
                    <script background="false" encoding="STRING" type="USE_TEXT">$SS_TC_DEPS/bin/lttng create &amp;&amp; $SS_TC_DEPS/bin/lttng enable-event -u -a &amp;&amp; $SS_TC_DEPS/bin/lttng start</script>
                </process>
                <process>
                    <script background="false" encoding="STRING" type="USE_TEXT">rm -rf $SS_TC_ROOT/lockDir</script>
                </process>
            </pre_processes>
            <run_command encoding="STRING" preprend_runcommand="true" type="USE_TEXT">-Des.path.data=&quot;$SS_TC_ROOT/testData/good-07&quot; org.elasticsearch.bootstrap.Elasticsearch</run_command>
            <co_processes scheme="SEQUENCE">
                <process_group scheme="PARALLEL">
                    <process_group scheme="SEQUENCE">
                        <process delay_after="0" delay_before="0">
                            <script background="false" encoding="STRING" type="USE_TEXT">$SS_TC_ROOT/scripts/service_mon.sh ss-localhost 9200</script>
                        </process>
                        <process delay_after="0" delay_before="0">
                            <script background="false" encoding="STRING" type="USE_TEXT">$SS_TC_ROOT/scripts/es_initialized.sh ss-localhost 9200</script>
                        </process>
                        <process delay_after="0" delay_before="0">
                            <script background="false" encoding="STRING" input_id="GOOD-07-CURL" type="USE_TEXT">curl -XPOST &quot;http://localhost:9200/_search&quot; -d '{ &quot;query&quot;: { &quot;filtered&quot;: { &quot;query&quot;: { &quot;match_all&quot;: {} }, &quot;filter&quot;: {&quot;term&quot;: { &quot;year&quot;: 1962 }}}}}'</script>
                        </process>
                    </process_group>
                    <process_group scheme="SEQUENCE">
                        <process>
                            <script background="false" encoding="STRING" input_id="socket_Pqb2DDwKG2" type="USE_TEXT">/opt/stonesoup/workspace/scripts/service_mon.sh ss-localhost 8887 &amp;&amp; curl -v --data-urlencode data=&quot;AAA&quot; --header &quot;If-Match: weak_taint_source_value&quot; --request POST --no-buffer --output /opt/stonesoup/workspace/testData/logfile.txt --silent --show-error http://ss-localhost:8887</script>
                        </process>
                    </process_group>
                </process_group>
                <process delay_after="0" delay_before="0">
                    <script background="false" encoding="STRING" type="USE_TEXT">curl -XPOST 'http://ss-localhost:9200/_shutdown'</script>
                </process>
            </co_processes>
            <post_processes scheme="SEQUENCE">
                <process>
                    <script background="false" encoding="STRING" input_id="lttng_output_bNFHUejPn5" type="USE_TEXT">$SS_TC_DEPS/bin/lttng stop &amp;&amp; $SS_TC_DEPS/bin/lttng view &amp;&amp; $SS_TC_DEPS/bin/lttng destroy</script>
                </process>
            </post_processes>
            <scoring_formula default="GOOD-07-Default">
                <formula name="GOOD-07-Default">OUTPUT AND NOT TIMEOUT AND NOT CONTROLLED_EXIT</formula>
            </scoring_formula>
            <output_checks>
                <compare_check check_type="CONTAINS" name="OUTPUT">
                    <actual encoding="STRING" input_id_ref="GOOD-07-CURL" output_type="STANDARD_OUT"></actual>
                    <expected encoding="STRING" type="USE_FILE_CONTENTS">good-07/output.txt</expected>
                </compare_check>
                <simple_check check_type="SPECIAL" encoding="STRING" name="TIMEOUT" type="USE_TEXT">DOES_NOT_RETURN</simple_check>
                <simple_check check_type="SPECIAL" encoding="STRING" name="CONTROLLED_EXIT" type="USE_TEXT">CONTROLLED_EXIT</simple_check>
            </output_checks>
        </iopair>
        <iopair name="J-C835A-ELAS-03-ST03-DT01-DF06-CF02-01-GOOD-08" reset_scheme="NONE" timeout="300" type="GOOD">
            <description>tokenize with snowball analyzer
Environment variable
</description>
            <technical_impact>NONE</technical_impact>
            <pre_processes scheme="SEQUENCE">
                <process>
                    <script background="false" encoding="STRING" type="USE_TEXT">printf '' | tee nginx_conf_env.txt</script>
                </process>
                <process>
                    <script background="false" encoding="STRING" type="USE_TEXT">mkdir $SS_TC_ROOT/logs/execute/lttng</script>
                </process>
                <process>
                    <environment_variable encoding="STRING" key="LTTNG_HOME" type="USE_TEXT">$SS_TC_ROOT/logs/execute/lttng</environment_variable>
                </process>
                <process>
                    <environment_variable encoding="STRING" key="SS_RUN_COMMAND_LD_PRELOAD" type="USE_TEXT">$SS_TC_DEPS/lib64/liblttng-stonesoup-java.so:$SS_TC_DEPS/lib64/liblttng-ust-fork.so</environment_variable>
                </process>
                <process>
                    <script background="false" encoding="STRING" type="USE_TEXT">mkdir -p $SS_TC_DEPS/var/run/lttng</script>
                </process>
                <process>
                    <script background="false" encoding="STRING" type="USE_TEXT">$SS_TC_DEPS/bin/lttng create &amp;&amp; $SS_TC_DEPS/bin/lttng enable-event -u -a &amp;&amp; $SS_TC_DEPS/bin/lttng start</script>
                </process>
                <process>
                    <script background="false" encoding="STRING" type="USE_TEXT">rm -rf $SS_TC_ROOT/lockDir</script>
                </process>
            </pre_processes>
            <run_command encoding="STRING" preprend_runcommand="true" type="USE_TEXT">-Des.path.data=&quot;$SS_TC_ROOT/testData/good-08&quot; org.elasticsearch.bootstrap.Elasticsearch</run_command>
            <co_processes scheme="SEQUENCE">
                <process_group scheme="PARALLEL">
                    <process_group scheme="SEQUENCE">
                        <process delay_after="0" delay_before="0">
                            <script background="false" encoding="STRING" type="USE_TEXT">$SS_TC_ROOT/scripts/service_mon.sh ss-localhost 9200</script>
                        </process>
                        <process delay_after="0" delay_before="0">
                            <script background="false" encoding="STRING" type="USE_TEXT">$SS_TC_ROOT/scripts/es_initialized.sh ss-localhost 9200</script>
                        </process>
                        <process delay_after="0" delay_before="0">
                            <script background="false" encoding="STRING" input_id="GOOD-08-LOAD" type="USE_TEXT">curl -XPUT localhost:9200/_bulk --data-binary @good-06/shakespeare.json</script>
                        </process>
                        <process delay_after="0" delay_before="0">
                            <script background="false" encoding="STRING" input_id="GOOD-08-SEARCH" type="USE_TEXT">curl -XPOST http://ss-localhost:9200/_search?pretty=true -d'{&quot;query&quot;: {&quot;query_string&quot;: {&quot;query&quot;: &quot;WESTMORELAND&quot;}}, &quot;sort&quot;: &quot;_id&quot;}'</script>
                        </process>
                    </process_group>
                    <process_group scheme="SEQUENCE">
                        <process>
                            <script background="false" encoding="STRING" input_id="socket_4bQmBlFYbg" type="USE_TEXT">/opt/stonesoup/workspace/scripts/service_mon.sh ss-localhost 8887 &amp;&amp; curl -v --data-urlencode data=&quot;Hellowworld&quot; --header &quot;If-Match: weak_taint_source_value&quot; --request POST --no-buffer --output /opt/stonesoup/workspace/testData/logfile.txt --silent --show-error http://ss-localhost:8887</script>
                        </process>
                    </process_group>
                </process_group>
                <process delay_after="0" delay_before="0">
                    <script background="false" encoding="STRING" type="USE_TEXT">curl -XPOST 'http://ss-localhost:9200/_shutdown'</script>
                </process>
            </co_processes>
            <post_processes scheme="SEQUENCE">
                <process>
                    <script background="false" encoding="STRING" input_id="lttng_output_Hps3rTabhw" type="USE_TEXT">$SS_TC_DEPS/bin/lttng stop &amp;&amp; $SS_TC_DEPS/bin/lttng view &amp;&amp; $SS_TC_DEPS/bin/lttng destroy</script>
                </process>
            </post_processes>
            <scoring_formula default="GOOD-08-Default">
                <formula name="GOOD-08-Default">HEAD AND TAIL AND SEARCH AND NOT TIMEOUT AND NOT CONTROLLED_EXIT</formula>
            </scoring_formula>
            <output_checks>
                <compare_check check_type="CONTAINS" name="HEAD">
                    <actual encoding="STRING" input_id_ref="GOOD-08-LOAD" output_type="STANDARD_OUT"></actual>
                    <expected encoding="STRING" type="USE_FILE_CONTENTS">good-08/head.txt</expected>
                </compare_check>
                <compare_check check_type="CONTAINS" name="TAIL">
                    <actual encoding="STRING" input_id_ref="GOOD-08-LOAD" output_type="STANDARD_OUT"></actual>
                    <expected encoding="STRING" type="USE_FILE_CONTENTS">good-08/tail.txt</expected>
                </compare_check>
                <compare_check check_type="CONTAINS" name="SEARCH">
                    <actual encoding="STRING" input_id_ref="GOOD-08-SEARCH" output_type="STANDARD_OUT"></actual>
                    <expected encoding="STRING" type="USE_FILE_CONTENTS">good-08/output.txt</expected>
                </compare_check>
                <simple_check check_type="SPECIAL" encoding="STRING" name="TIMEOUT" type="USE_TEXT">DOES_NOT_RETURN</simple_check>
                <simple_check check_type="SPECIAL" encoding="STRING" name="CONTROLLED_EXIT" type="USE_TEXT">CONTROLLED_EXIT</simple_check>
            </output_checks>
        </iopair>
        <iopair name="J-C835A-ELAS-03-ST03-DT01-DF06-CF02-01-GOOD-09" reset_scheme="NONE" timeout="300" type="GOOD">
            <description>list indicies
Environment variable
</description>
            <technical_impact>NONE</technical_impact>
            <pre_processes scheme="SEQUENCE">
                <process>
                    <script background="false" encoding="STRING" type="USE_TEXT">printf '' | tee nginx_conf_env.txt</script>
                </process>
                <process>
                    <script background="false" encoding="STRING" type="USE_TEXT">mkdir $SS_TC_ROOT/logs/execute/lttng</script>
                </process>
                <process>
                    <environment_variable encoding="STRING" key="LTTNG_HOME" type="USE_TEXT">$SS_TC_ROOT/logs/execute/lttng</environment_variable>
                </process>
                <process>
                    <environment_variable encoding="STRING" key="SS_RUN_COMMAND_LD_PRELOAD" type="USE_TEXT">$SS_TC_DEPS/lib64/liblttng-stonesoup-java.so:$SS_TC_DEPS/lib64/liblttng-ust-fork.so</environment_variable>
                </process>
                <process>
                    <script background="false" encoding="STRING" type="USE_TEXT">mkdir -p $SS_TC_DEPS/var/run/lttng</script>
                </process>
                <process>
                    <script background="false" encoding="STRING" type="USE_TEXT">$SS_TC_DEPS/bin/lttng create &amp;&amp; $SS_TC_DEPS/bin/lttng enable-event -u -a &amp;&amp; $SS_TC_DEPS/bin/lttng start</script>
                </process>
                <process>
                    <script background="false" encoding="STRING" type="USE_TEXT">rm -rf $SS_TC_ROOT/lockDir</script>
                </process>
            </pre_processes>
            <run_command encoding="STRING" preprend_runcommand="true" type="USE_TEXT">-Des.path.data=&quot;$SS_TC_ROOT/testData/good-09&quot; org.elasticsearch.bootstrap.Elasticsearch</run_command>
            <co_processes scheme="SEQUENCE">
                <process_group scheme="PARALLEL">
                    <process_group scheme="SEQUENCE">
                        <process delay_after="0" delay_before="0">
                            <script background="false" encoding="STRING" type="USE_TEXT">$SS_TC_ROOT/scripts/service_mon.sh ss-localhost 9200</script>
                        </process>
                        <process delay_after="0" delay_before="0">
                            <script background="false" encoding="STRING" type="USE_TEXT">$SS_TC_ROOT/scripts/es_initialized.sh ss-localhost 9200</script>
                        </process>
                        <process delay_after="0" delay_before="0">
                            <script background="false" encoding="STRING" input_id="GOOD-09-CURL" type="USE_TEXT">curl -XGET &quot;http://localhost:9200/_cat/indices&quot;</script>
                        </process>
                    </process_group>
                    <process_group scheme="SEQUENCE">
                        <process>
                            <script background="false" encoding="STRING" input_id="socket_ZBFnfQzfYT" type="USE_TEXT">/opt/stonesoup/workspace/scripts/service_mon.sh ss-localhost 8887 &amp;&amp; curl -v --data-urlencode data=&quot;Goodbycruelworld&quot; --header &quot;If-Match: weak_taint_source_value&quot; --request POST --no-buffer --output /opt/stonesoup/workspace/testData/logfile.txt --silent --show-error http://ss-localhost:8887</script>
                        </process>
                    </process_group>
                </process_group>
                <process delay_after="0" delay_before="0">
                    <script background="false" encoding="STRING" type="USE_TEXT">curl -XPOST 'http://ss-localhost:9200/_shutdown'</script>
                </process>
            </co_processes>
            <post_processes scheme="SEQUENCE">
                <process>
                    <script background="false" encoding="STRING" input_id="lttng_output_XFLYUCpVTT" type="USE_TEXT">$SS_TC_DEPS/bin/lttng stop &amp;&amp; $SS_TC_DEPS/bin/lttng view &amp;&amp; $SS_TC_DEPS/bin/lttng destroy</script>
                </process>
            </post_processes>
            <scoring_formula default="GOOD-09-Default">
                <formula name="GOOD-09-Default">OUTPUT AND NOT TIMEOUT AND NOT CONTROLLED_EXIT</formula>
            </scoring_formula>
            <output_checks>
                <compare_check check_type="CONTAINS" name="OUTPUT">
                    <actual encoding="STRING" input_id_ref="GOOD-09-CURL" output_type="STANDARD_OUT"></actual>
                    <expected encoding="STRING" type="USE_TEXT">movies 5 1 6 0 14.7kb 14.7kb</expected>
                </compare_check>
                <simple_check check_type="SPECIAL" encoding="STRING" name="TIMEOUT" type="USE_TEXT">DOES_NOT_RETURN</simple_check>
                <simple_check check_type="SPECIAL" encoding="STRING" name="CONTROLLED_EXIT" type="USE_TEXT">CONTROLLED_EXIT</simple_check>
            </output_checks>
        </iopair>
        <iopair name="J-C835A-ELAS-03-ST03-DT01-DF06-CF02-01-GOOD-10" reset_scheme="NONE" timeout="300" type="GOOD">
            <description>drilling down
Environment variable
</description>
            <technical_impact>NONE</technical_impact>
            <pre_processes scheme="SEQUENCE">
                <process>
                    <script background="false" encoding="STRING" type="USE_TEXT">printf '' | tee nginx_conf_env.txt</script>
                </process>
                <process>
                    <script background="false" encoding="STRING" type="USE_TEXT">mkdir $SS_TC_ROOT/logs/execute/lttng</script>
                </process>
                <process>
                    <environment_variable encoding="STRING" key="LTTNG_HOME" type="USE_TEXT">$SS_TC_ROOT/logs/execute/lttng</environment_variable>
                </process>
                <process>
                    <environment_variable encoding="STRING" key="SS_RUN_COMMAND_LD_PRELOAD" type="USE_TEXT">$SS_TC_DEPS/lib64/liblttng-stonesoup-java.so:$SS_TC_DEPS/lib64/liblttng-ust-fork.so</environment_variable>
                </process>
                <process>
                    <script background="false" encoding="STRING" type="USE_TEXT">mkdir -p $SS_TC_DEPS/var/run/lttng</script>
                </process>
                <process>
                    <script background="false" encoding="STRING" type="USE_TEXT">$SS_TC_DEPS/bin/lttng create &amp;&amp; $SS_TC_DEPS/bin/lttng enable-event -u -a &amp;&amp; $SS_TC_DEPS/bin/lttng start</script>
                </process>
                <process>
                    <script background="false" encoding="STRING" type="USE_TEXT">rm -rf $SS_TC_ROOT/lockDir</script>
                </process>
            </pre_processes>
            <run_command encoding="STRING" preprend_runcommand="true" type="USE_TEXT">-Des.path.data=&quot;$SS_TC_ROOT/testData/good-10&quot; org.elasticsearch.bootstrap.Elasticsearch</run_command>
            <co_processes scheme="SEQUENCE">
                <process_group scheme="PARALLEL">
                    <process_group scheme="SEQUENCE">
                        <process delay_after="0" delay_before="0">
                            <script background="false" encoding="STRING" type="USE_TEXT">$SS_TC_ROOT/scripts/service_mon.sh ss-localhost 9200</script>
                        </process>
                        <process delay_after="0" delay_before="0">
                            <script background="false" encoding="STRING" type="USE_TEXT">$SS_TC_ROOT/scripts/es_initialized.sh ss-localhost 9200</script>
                        </process>
                        <process delay_after="0" delay_before="0">
                            <script background="false" encoding="STRING" input_id="GOOD-10-CURL" type="USE_TEXT">curl -XPOST http://ss-localhost:9200/products/_search?pretty=true { &quot;query&quot;: { &quot;filtered&quot;: { &quot;query&quot;: { &quot;match&quot;: {&quot;_all&quot;: &quot;network routing&quot;}}, &quot;filter&quot;: { &quot;and&quot;: [ {&quot;range&quot;: {&quot;price&quot;: {&quot;gte&quot;: 0, &quot;lte&quot;: 5000}}} ]} }}, &quot;facets&quot;:{ &quot;department_id&quot;: {&quot;terms&quot;: {&quot;field&quot;: &quot;department_id&quot;}}, &quot;department_name&quot;: {&quot;terms&quot;: {&quot;field&quot;: &quot;department_name&quot;}}, &quot;price&quot;: {&quot;histogram&quot;: {&quot;field&quot;: &quot;price&quot;, &quot;interval&quot;: 5000}}} }</script>
                        </process>
                    </process_group>
                    <process_group scheme="SEQUENCE">
                        <process>
                            <script background="false" encoding="STRING" input_id="socket_WbQDjEEwqb" type="USE_TEXT">/opt/stonesoup/workspace/scripts/service_mon.sh ss-localhost 8887 &amp;&amp; curl -v --data-urlencode data=&quot;AAA&quot; --header &quot;If-Match: weak_taint_source_value&quot; --request POST --no-buffer --output /opt/stonesoup/workspace/testData/logfile.txt --silent --show-error http://ss-localhost:8887</script>
                        </process>
                    </process_group>
                </process_group>
                <process delay_after="0" delay_before="0">
                    <script background="false" encoding="STRING" type="USE_TEXT">curl -XPOST 'http://ss-localhost:9200/_shutdown'</script>
                </process>
            </co_processes>
            <post_processes scheme="SEQUENCE">
                <process>
                    <script background="false" encoding="STRING" input_id="lttng_output_OSCjL6XJgt" type="USE_TEXT">$SS_TC_DEPS/bin/lttng stop &amp;&amp; $SS_TC_DEPS/bin/lttng view &amp;&amp; $SS_TC_DEPS/bin/lttng destroy</script>
                </process>
            </post_processes>
            <scoring_formula default="GOOD-10-Default">
                <formula name="GOOD-10-Default">OUTPUT AND NOT TIMEOUT AND NOT CONTROLLED_EXIT</formula>
            </scoring_formula>
            <output_checks>
                <compare_check check_type="CONTAINS" name="OUTPUT">
                    <actual encoding="STRING" input_id_ref="GOOD-10-CURL" output_type="STANDARD_OUT"></actual>
                    <expected encoding="STRING" type="USE_FILE_CONTENTS">good-10/output.txt</expected>
                </compare_check>
                <simple_check check_type="SPECIAL" encoding="STRING" name="TIMEOUT" type="USE_TEXT">DOES_NOT_RETURN</simple_check>
                <simple_check check_type="SPECIAL" encoding="STRING" name="CONTROLLED_EXIT" type="USE_TEXT">CONTROLLED_EXIT</simple_check>
            </output_checks>
        </iopair>
        <iopair name="J-C835A-ELAS-03-ST03-DT01-DF06-CF02-01-BAD-01" reset_scheme="NONE" timeout="300" type="BAD">
            <description>Environment variable
</description>
            <technical_impact>DOS_BLOCKING</technical_impact>
            <pre_processes scheme="SEQUENCE">
                <process>
                    <script background="false" encoding="STRING" type="USE_TEXT">printf '' | tee nginx_conf_env.txt</script>
                </process>
                <process>
                    <script background="false" encoding="STRING" type="USE_TEXT">mkdir $SS_TC_ROOT/logs/execute/lttng</script>
                </process>
                <process>
                    <environment_variable encoding="STRING" key="LTTNG_HOME" type="USE_TEXT">$SS_TC_ROOT/logs/execute/lttng</environment_variable>
                </process>
                <process>
                    <environment_variable encoding="STRING" key="SS_RUN_COMMAND_LD_PRELOAD" type="USE_TEXT">$SS_TC_DEPS/lib64/liblttng-stonesoup-java.so:$SS_TC_DEPS/lib64/liblttng-ust-fork.so</environment_variable>
                </process>
                <process>
                    <script background="false" encoding="STRING" type="USE_TEXT">mkdir -p $SS_TC_DEPS/var/run/lttng</script>
                </process>
                <process>
                    <script background="false" encoding="STRING" type="USE_TEXT">$SS_TC_DEPS/bin/lttng create &amp;&amp; $SS_TC_DEPS/bin/lttng enable-event -u -a &amp;&amp; $SS_TC_DEPS/bin/lttng start</script>
                </process>
                <process>
                    <script background="false" encoding="STRING" type="USE_TEXT">rm -rf $SS_TC_ROOT/lockDir</script>
                </process>
            </pre_processes>
            <run_command encoding="STRING" preprend_runcommand="true" type="USE_TEXT">-Des.path.data=&quot;$SS_TC_ROOT/testData/good-09&quot; org.elasticsearch.bootstrap.Elasticsearch</run_command>
            <co_processes scheme="SEQUENCE">
                <process_group scheme="PARALLEL">
                    <process_group scheme="SEQUENCE">
                        <process delay_after="0" delay_before="0">
                            <script background="false" encoding="STRING" type="USE_TEXT">$SS_TC_ROOT/scripts/service_mon.sh ss-localhost 9200</script>
                        </process>
                        <process delay_after="0" delay_before="0">
                            <script background="false" encoding="STRING" type="USE_TEXT">$SS_TC_ROOT/scripts/es_initialized.sh ss-localhost 9200</script>
                        </process>
                        <process delay_after="0" delay_before="0">
                            <script background="false" encoding="STRING" input_id="GOOD-09-CURLxcU9gMkEM5" type="USE_TEXT">curl -XGET &quot;http://localhost:9200/_cat/indices&quot;</script>
                        </process>
                    </process_group>
                    <process_group scheme="SEQUENCE">
                        <process>
                            <script background="false" encoding="STRING" input_id="socket_VEnXd7zv8njvTBsHvWGT" type="USE_TEXT">/opt/stonesoup/workspace/scripts/service_mon.sh ss-localhost 8887 &amp;&amp; curl -v --data-urlencode data=&quot;XX.XX.XX.XX&quot; --header &quot;If-Match: weak_taint_source_value&quot; --request POST --no-buffer --output /opt/stonesoup/workspace/testData/logfile.txt --silent --show-error http://ss-localhost:8887</script>
                        </process>
                    </process_group>
                </process_group>
                <process delay_after="0" delay_before="0">
                    <script background="false" encoding="STRING" type="USE_TEXT">curl -XPOST 'http://ss-localhost:9200/_shutdown'</script>
                </process>
            </co_processes>
            <post_processes scheme="SEQUENCE">
                <process>
                    <script background="false" encoding="STRING" input_id="lttng_output_PAUppzGJDUkPW08ae8D5" type="USE_TEXT">$SS_TC_DEPS/bin/lttng stop &amp;&amp; $SS_TC_DEPS/bin/lttng view &amp;&amp; $SS_TC_DEPS/bin/lttng destroy</script>
                </process>
                <process>
                    <script background="false" encoding="STRING" input_id="logfile_cleanup_pattern_occurrences_b6qv7GblKX" type="USE_TEXT">printf &quot;Cleanup pattern repeated $(grep -E &quot;&quot;&quot;^(-|\.)$&quot;&quot;&quot; &quot;logfile.txt&quot; | wc -l) times\n&quot;</script>
                </process>
                <process>
                    <script background="false" encoding="STRING" input_id="logfile_cleanup_23TtvaOsdS" type="USE_TEXT">SS_TC_TEMPFILE=&quot;$(mktemp)&quot; &amp;&amp; grep -vE &quot;^(-|\.)$&quot; &quot;logfile.txt&quot; &gt; &quot;$SS_TC_TEMPFILE&quot; &amp;&amp; rm &quot;logfile.txt&quot; &amp;&amp; mv &quot;$SS_TC_TEMPFILE&quot; &quot;logfile.txt&quot; &amp;&amp; printf &quot;Cleaned pattern from logfile.\n&quot;</script>
                </process>
            </post_processes>
            <scoring_formula default="infinite_loop_formula_KKxQJtnoHv">
                <formula name="infinite_loop_formula_KKxQJtnoHv">weakness_started_GZ7XzsLq3nRRZwe1leM6 AND ((NOT PERFORMER AND (timeout_mYGC3ZbS2k OR (NOT finished_zGgFDHKlIE AND NOT (controlled_exit_p6ObIL3WID OR continued_execution_KhURHstVBl)))) or (PERFORMER AND NOT ((timeout_mYGC3ZbS2k OR (NOT finished_zGgFDHKlIE AND NOT (controlled_exit_p6ObIL3WID OR continued_execution_KhURHstVBl))) OR controlled_exit_p6ObIL3WID)))</formula>
                <formula name="no_weakness_started_formula_0RYAXZmgFp">(NOT PERFORMER AND (timeout_mYGC3ZbS2k OR (NOT finished_zGgFDHKlIE AND NOT (controlled_exit_p6ObIL3WID OR continued_execution_KhURHstVBl)))) or (PERFORMER AND NOT ((timeout_mYGC3ZbS2k OR (NOT finished_zGgFDHKlIE AND NOT (controlled_exit_p6ObIL3WID OR continued_execution_KhURHstVBl))) OR controlled_exit_p6ObIL3WID))</formula>
            </scoring_formula>
            <output_checks>
                <simple_check check_type="SPECIAL" encoding="STRING" name="timeout_mYGC3ZbS2k" type="USE_TEXT">DOES_NOT_RETURN</simple_check>
                <simple_check check_type="SPECIAL" encoding="STRING" name="controlled_exit_p6ObIL3WID" type="USE_TEXT">CONTROLLED_EXIT</simple_check>
                <simple_check check_type="SPECIAL" encoding="STRING" name="continued_execution_KhURHstVBl" type="USE_TEXT">CONTINUED_EXECUTION</simple_check>
                <simple_check check_type="SCRIPT" encoding="STRING" name="finished_zGgFDHKlIE" type="USE_TEXT">if (( $(/bin/grep &quot;finished evaluating&quot; &quot;logfile.txt&quot; | wc -l) &gt; 0 )); then true; else false; fi;</simple_check>
                <compare_check check_type="CONTAINS" name="weakness_started_GZ7XzsLq3nRRZwe1leM6">
                    <actual encoding="STRING" input_id_ref="lttng_output_PAUppzGJDUkPW08ae8D5" output_type="STANDARD_OUT">None</actual>
                    <expected encoding="STRING" type="USE_TEXT">stonesoup_trace:weakness_start</expected>
                </compare_check>
            </output_checks>
        </iopair>
        <iopair name="J-C835A-ELAS-03-ST03-DT01-DF06-CF02-01-BAD-02" reset_scheme="NONE" timeout="300" type="BAD">
            <description>Environment variable
</description>
            <technical_impact>DOS_BLOCKING</technical_impact>
            <pre_processes scheme="SEQUENCE">
                <process>
                    <script background="false" encoding="STRING" type="USE_TEXT">printf '' | tee nginx_conf_env.txt</script>
                </process>
                <process>
                    <script background="false" encoding="STRING" type="USE_TEXT">mkdir $SS_TC_ROOT/logs/execute/lttng</script>
                </process>
                <process>
                    <environment_variable encoding="STRING" key="LTTNG_HOME" type="USE_TEXT">$SS_TC_ROOT/logs/execute/lttng</environment_variable>
                </process>
                <process>
                    <environment_variable encoding="STRING" key="SS_RUN_COMMAND_LD_PRELOAD" type="USE_TEXT">$SS_TC_DEPS/lib64/liblttng-stonesoup-java.so:$SS_TC_DEPS/lib64/liblttng-ust-fork.so</environment_variable>
                </process>
                <process>
                    <script background="false" encoding="STRING" type="USE_TEXT">mkdir -p $SS_TC_DEPS/var/run/lttng</script>
                </process>
                <process>
                    <script background="false" encoding="STRING" type="USE_TEXT">$SS_TC_DEPS/bin/lttng create &amp;&amp; $SS_TC_DEPS/bin/lttng enable-event -u -a &amp;&amp; $SS_TC_DEPS/bin/lttng start</script>
                </process>
                <process>
                    <script background="false" encoding="STRING" type="USE_TEXT">rm -rf $SS_TC_ROOT/lockDir</script>
                </process>
            </pre_processes>
            <run_command encoding="STRING" preprend_runcommand="true" type="USE_TEXT">-Des.path.data=&quot;$SS_TC_ROOT/testData/good-10&quot; org.elasticsearch.bootstrap.Elasticsearch</run_command>
            <co_processes scheme="SEQUENCE">
                <process_group scheme="PARALLEL">
                    <process_group scheme="SEQUENCE">
                        <process delay_after="0" delay_before="0">
                            <script background="false" encoding="STRING" type="USE_TEXT">$SS_TC_ROOT/scripts/service_mon.sh ss-localhost 9200</script>
                        </process>
                        <process delay_after="0" delay_before="0">
                            <script background="false" encoding="STRING" type="USE_TEXT">$SS_TC_ROOT/scripts/es_initialized.sh ss-localhost 9200</script>
                        </process>
                        <process delay_after="0" delay_before="0">
                            <script background="false" encoding="STRING" input_id="GOOD-10-CURL8BbRdhED53" type="USE_TEXT">curl -XPOST http://ss-localhost:9200/products/_search?pretty=true { &quot;query&quot;: { &quot;filtered&quot;: { &quot;query&quot;: { &quot;match&quot;: {&quot;_all&quot;: &quot;network routing&quot;}}, &quot;filter&quot;: { &quot;and&quot;: [ {&quot;range&quot;: {&quot;price&quot;: {&quot;gte&quot;: 0, &quot;lte&quot;: 5000}}} ]} }}, &quot;facets&quot;:{ &quot;department_id&quot;: {&quot;terms&quot;: {&quot;field&quot;: &quot;department_id&quot;}}, &quot;department_name&quot;: {&quot;terms&quot;: {&quot;field&quot;: &quot;department_name&quot;}}, &quot;price&quot;: {&quot;histogram&quot;: {&quot;field&quot;: &quot;price&quot;, &quot;interval&quot;: 5000}}} }</script>
                        </process>
                    </process_group>
                    <process_group scheme="SEQUENCE">
                        <process>
                            <script background="false" encoding="STRING" input_id="socket_McKm9nMwKCp7peRZvms9" type="USE_TEXT">/opt/stonesoup/workspace/scripts/service_mon.sh ss-localhost 8887 &amp;&amp; curl -v --data-urlencode data=&quot;-add&quot; --header &quot;If-Match: weak_taint_source_value&quot; --request POST --no-buffer --output /opt/stonesoup/workspace/testData/logfile.txt --silent --show-error http://ss-localhost:8887</script>
                        </process>
                    </process_group>
                </process_group>
                <process delay_after="0" delay_before="0">
                    <script background="false" encoding="STRING" type="USE_TEXT">curl -XPOST 'http://ss-localhost:9200/_shutdown'</script>
                </process>
            </co_processes>
            <post_processes scheme="SEQUENCE">
                <process>
                    <script background="false" encoding="STRING" input_id="lttng_output_9EeQMkZgKpYGYiRwbreD" type="USE_TEXT">$SS_TC_DEPS/bin/lttng stop &amp;&amp; $SS_TC_DEPS/bin/lttng view &amp;&amp; $SS_TC_DEPS/bin/lttng destroy</script>
                </process>
                <process>
                    <script background="false" encoding="STRING" input_id="logfile_cleanup_pattern_occurrences_2fh92Y7wZH" type="USE_TEXT">printf &quot;Cleanup pattern repeated $(grep -E &quot;&quot;&quot;^(-|\.)$&quot;&quot;&quot; &quot;logfile.txt&quot; | wc -l) times\n&quot;</script>
                </process>
                <process>
                    <script background="false" encoding="STRING" input_id="logfile_cleanup_bmNBnHxRth" type="USE_TEXT">SS_TC_TEMPFILE=&quot;$(mktemp)&quot; &amp;&amp; grep -vE &quot;^(-|\.)$&quot; &quot;logfile.txt&quot; &gt; &quot;$SS_TC_TEMPFILE&quot; &amp;&amp; rm &quot;logfile.txt&quot; &amp;&amp; mv &quot;$SS_TC_TEMPFILE&quot; &quot;logfile.txt&quot; &amp;&amp; printf &quot;Cleaned pattern from logfile.\n&quot;</script>
                </process>
            </post_processes>
            <scoring_formula default="infinite_loop_formula_xuBVjmP6Wh">
                <formula name="infinite_loop_formula_xuBVjmP6Wh">weakness_started_7ifYGsVuVjhlEJv5VxAZ AND ((NOT PERFORMER AND (timeout_vvDCaFBGTa OR (NOT finished_4zx8sZfNED AND NOT (controlled_exit_nsj4JMZppW OR continued_execution_w3R6e9JFNG)))) or (PERFORMER AND NOT ((timeout_vvDCaFBGTa OR (NOT finished_4zx8sZfNED AND NOT (controlled_exit_nsj4JMZppW OR continued_execution_w3R6e9JFNG))) OR controlled_exit_nsj4JMZppW)))</formula>
                <formula name="no_weakness_started_formula_cvKoJrLcyp">(NOT PERFORMER AND (timeout_vvDCaFBGTa OR (NOT finished_4zx8sZfNED AND NOT (controlled_exit_nsj4JMZppW OR continued_execution_w3R6e9JFNG)))) or (PERFORMER AND NOT ((timeout_vvDCaFBGTa OR (NOT finished_4zx8sZfNED AND NOT (controlled_exit_nsj4JMZppW OR continued_execution_w3R6e9JFNG))) OR controlled_exit_nsj4JMZppW))</formula>
            </scoring_formula>
            <output_checks>
                <simple_check check_type="SPECIAL" encoding="STRING" name="timeout_vvDCaFBGTa" type="USE_TEXT">DOES_NOT_RETURN</simple_check>
                <simple_check check_type="SPECIAL" encoding="STRING" name="controlled_exit_nsj4JMZppW" type="USE_TEXT">CONTROLLED_EXIT</simple_check>
                <simple_check check_type="SPECIAL" encoding="STRING" name="continued_execution_w3R6e9JFNG" type="USE_TEXT">CONTINUED_EXECUTION</simple_check>
                <simple_check check_type="SCRIPT" encoding="STRING" name="finished_4zx8sZfNED" type="USE_TEXT">if (( $(/bin/grep &quot;finished evaluating&quot; &quot;logfile.txt&quot; | wc -l) &gt; 0 )); then true; else false; fi;</simple_check>
                <compare_check check_type="CONTAINS" name="weakness_started_7ifYGsVuVjhlEJv5VxAZ">
                    <actual encoding="STRING" input_id_ref="lttng_output_9EeQMkZgKpYGYiRwbreD" output_type="STANDARD_OUT">None</actual>
                    <expected encoding="STRING" type="USE_TEXT">stonesoup_trace:weakness_start</expected>
                </compare_check>
            </output_checks>
        </iopair>
    </iopairs>
</project>
