<?xml version="1.0" encoding="utf-8"?>
<project base_program="C-TREE" language="C" name="C-C400A-CTRE-01-ST01-DT02-DF11-CF20-01" targeted_architecture="ANY" targeted_os="LINUX" test_case_type="ALL" xmlns="urn:stonesoup:project">
    <description>Creating test case using base program.
Added an environment variable read to the function definition.
Completed injection.
</description>
    <additional_information>
        <keyvalue key="algorithmic_variant_name">UNSPECIFIED</keyvalue>
        <keyvalue key="root_cause">UNSPECIFIED</keyvalue>
    </additional_information>
    <structure install="install" iodata="testData" scoredata="testOutput" scripts="scripts" source="src"/>
    <resource_limits>
        <limit type="RLIMIT_AS">3221225472</limit>
    </resource_limits>
    <run_command>$SS_TC_ROOT/$SS_TC_INSTALL/bin/tree</run_command>
    <weakness generation_method="FAULT_INJECTED">
        <variant cwe="CWE-400" name="CWE-400-A"/>
        <features>
            <taint_source file_name="/color.c" line_number="0" type="ENVIRONMENT_VARIABLE">
                <method name="initlinedraw"/>
            </taint_source>
            <data_type file_name="/color.c" line_number="0" type="SIMPLE">
                <method name="initlinedraw"/>
            </data_type>
            <data_flow file_name="/color.c" line_number="0" type="BASIC">
                <method name="initlinedraw"/>
            </data_flow>
            <control_flow file_name="/color.c" line_number="0" type="SEQUENCE">
                <method name="initlinedraw"/>
            </control_flow>
        </features>
    </weakness>
    <build_commands cppflags="-DSTONESOUP_TRACE=1" libs="-ldl">
        <command>make install CC=&quot;$SS_CC&quot; LD=&quot;$SS_LNK&quot; CFLAGS=&quot;$CFLAGS&quot; CPPFLAGS=&quot;$CPPFLAGS&quot; LDFLAGS=&quot;$LDFLAGS&quot; prefix=&quot;$SS_TC_ROOT/$SS_TC_INSTALL&quot; LIBS=&quot;$LIBS&quot;</command>
    </build_commands>
    <iopairs>
        <iopair name="C-C400A-CTRE-01-ST01-DT02-DF11-CF20-01-GOOD-01" reset_scheme="NONE" timeout="300" type="GOOD">
            <description>Read an int from the input.  If &lt; 0, or bigger than 0xFFFFFFFF/4, do nothing.  Otherwise, malloc that many 100,000 int buffers. If memory cannot all be allocated, output 'Out of memory' then exit. This condition occurs if int &gt; about 30000 

</description>
            <technical_impact>NONE</technical_impact>
            <pre_processes scheme="SEQUENCE">
                <process>
                    <script background="false" encoding="STRING" type="USE_TEXT">printf 'env ARTUKOVIC_GESTURING;\n' | tee nginx_conf_env.txt</script>
                </process>
                <process>
                    <environment_variable encoding="STRING" key="ARTUKOVIC_GESTURING" type="USE_TEXT">0</environment_variable>
                </process>
                <process>
                    <script background="false" encoding="STRING" type="USE_TEXT">mkdir $SS_TC_ROOT/logs/execute/lttng</script>
                </process>
                <process>
                    <environment_variable encoding="STRING" key="LTTNG_HOME" type="USE_TEXT">$SS_TC_ROOT/logs/execute/lttng</environment_variable>
                </process>
                <process>
                    <environment_variable encoding="STRING" key="SS_RUN_COMMAND_LD_PRELOAD" type="USE_TEXT">$SS_TC_DEPS/lib64/liblttng-stonesoup-c.so:$SS_TC_DEPS/lib64/liblttng-ust-fork.so</environment_variable>
                </process>
                <process>
                    <script background="false" encoding="STRING" type="USE_TEXT">mkdir -p $SS_TC_DEPS/var/run/lttng</script>
                </process>
                <process>
                    <script background="false" encoding="STRING" type="USE_TEXT">$SS_TC_DEPS/bin/lttng create &amp;&amp; $SS_TC_DEPS/bin/lttng enable-event -u -a &amp;&amp; $SS_TC_DEPS/bin/lttng start</script>
                </process>
                <process>
                    <script background="false" encoding="STRING" type="USE_TEXT">rm -rf $SS_TC_ROOT/lockDir</script>
                </process>
            </pre_processes>
            <run_command encoding="STRING" preprend_runcommand="true" type="USE_TEXT">--charset ASCII --sort=name -n -q input/good-01</run_command>
            <post_processes scheme="SEQUENCE">
                <process delay_after="0" delay_before="0">
                    <script background="false" encoding="STRING" input_id="STDOUT-CONTENT-LENGTH-EVAL-01" type="USE_TEXT">if [[ $(wc -c &quot;$SS_LOG_EXECUTE_STDOUT&quot; | cut -d &quot; &quot; -f 1) -eq $(wc -c &quot;$SS_TC_ROOT/$SS_TC_SCORE/good-01/output.txt&quot; | cut -d &quot; &quot; -f 1) ]]; then echo &quot;SIMILAR&quot;; else echo &quot;DIFFERENT&quot;; fi;</script>
                </process>
                <process>
                    <script background="false" encoding="STRING" input_id="lttng_output_Lqe72QHUqW" type="USE_TEXT">$SS_TC_DEPS/bin/lttng stop &amp;&amp; $SS_TC_DEPS/bin/lttng view &amp;&amp; $SS_TC_DEPS/bin/lttng destroy</script>
                </process>
            </post_processes>
            <scoring_formula default="GOOD-01-Default">
                <formula name="GOOD-01-Default">STDOUT-REPORT-01 AND STDOUT-CONTENT-LENGTH-01 AND NOT TIMEOUT AND NOT CONTROLLED_EXIT</formula>
            </scoring_formula>
            <output_checks>
                <compare_check check_type="CONTAINS" name="STDOUT-REPORT-01">
                    <actual output_type="STANDARD_OUT"></actual>
                    <expected encoding="STRING" type="USE_TEXT">5 directories, 10 files</expected>
                </compare_check>
                <compare_check check_type="CONTAINS" name="STDOUT-CONTENT-LENGTH-01">
                    <actual input_id_ref="STDOUT-CONTENT-LENGTH-EVAL-01" output_type="STANDARD_OUT"></actual>
                    <expected encoding="STRING" type="USE_TEXT">SIMILAR</expected>
                </compare_check>
                <simple_check check_type="SPECIAL" encoding="STRING" name="TIMEOUT" type="USE_TEXT">DOES_NOT_RETURN</simple_check>
                <simple_check check_type="SPECIAL" encoding="STRING" name="CONTROLLED_EXIT" type="USE_TEXT">CONTROLLED_EXIT</simple_check>
            </output_checks>
        </iopair>
        <iopair name="C-C400A-CTRE-01-ST01-DT02-DF11-CF20-01-GOOD-02" reset_scheme="NONE" timeout="300" type="GOOD">
            <description>Read an int from the input.  If &lt; 0, or bigger than 0xFFFFFFFF/4, do nothing.  Otherwise, malloc that many 100,000 int buffers. If memory cannot all be allocated, output 'Out of memory' then exit. This condition occurs if int &gt; about 30000 

</description>
            <technical_impact>NONE</technical_impact>
            <pre_processes scheme="SEQUENCE">
                <process>
                    <script background="false" encoding="STRING" type="USE_TEXT">printf 'env ARTUKOVIC_GESTURING;\n' | tee nginx_conf_env.txt</script>
                </process>
                <process>
                    <environment_variable encoding="STRING" key="ARTUKOVIC_GESTURING" type="USE_TEXT">1</environment_variable>
                </process>
                <process>
                    <script background="false" encoding="STRING" type="USE_TEXT">mkdir $SS_TC_ROOT/logs/execute/lttng</script>
                </process>
                <process>
                    <environment_variable encoding="STRING" key="LTTNG_HOME" type="USE_TEXT">$SS_TC_ROOT/logs/execute/lttng</environment_variable>
                </process>
                <process>
                    <environment_variable encoding="STRING" key="SS_RUN_COMMAND_LD_PRELOAD" type="USE_TEXT">$SS_TC_DEPS/lib64/liblttng-stonesoup-c.so:$SS_TC_DEPS/lib64/liblttng-ust-fork.so</environment_variable>
                </process>
                <process>
                    <script background="false" encoding="STRING" type="USE_TEXT">mkdir -p $SS_TC_DEPS/var/run/lttng</script>
                </process>
                <process>
                    <script background="false" encoding="STRING" type="USE_TEXT">$SS_TC_DEPS/bin/lttng create &amp;&amp; $SS_TC_DEPS/bin/lttng enable-event -u -a &amp;&amp; $SS_TC_DEPS/bin/lttng start</script>
                </process>
                <process>
                    <script background="false" encoding="STRING" type="USE_TEXT">rm -rf $SS_TC_ROOT/lockDir</script>
                </process>
            </pre_processes>
            <run_command encoding="STRING" preprend_runcommand="true" type="USE_TEXT">--charset ASCII --sort=name -n -q -L 2 input/good-02</run_command>
            <post_processes scheme="SEQUENCE">
                <process delay_after="0" delay_before="0">
                    <script background="false" encoding="STRING" input_id="STDOUT-CONTENT-LENGTH-EVAL-02" type="USE_TEXT">if [[ $(wc -c &quot;$SS_LOG_EXECUTE_STDOUT&quot; | cut -d &quot; &quot; -f 1) -eq $(wc -c &quot;$SS_TC_ROOT/$SS_TC_SCORE/good-02/output.txt&quot; | cut -d &quot; &quot; -f 1) ]]; then echo &quot;SIMILAR&quot;; else echo &quot;DIFFERENT&quot;; fi;</script>
                </process>
                <process>
                    <script background="false" encoding="STRING" input_id="lttng_output_MzuY9PvapO" type="USE_TEXT">$SS_TC_DEPS/bin/lttng stop &amp;&amp; $SS_TC_DEPS/bin/lttng view &amp;&amp; $SS_TC_DEPS/bin/lttng destroy</script>
                </process>
            </post_processes>
            <scoring_formula default="GOOD-02-Default">
                <formula name="GOOD-02-Default">STDOUT-REPORT-02 AND STDOUT-CONTENT-LENGTH-02 AND NOT TIMEOUT AND NOT CONTROLLED_EXIT</formula>
            </scoring_formula>
            <output_checks>
                <compare_check check_type="CONTAINS" name="STDOUT-REPORT-02">
                    <actual output_type="STANDARD_OUT"></actual>
                    <expected encoding="STRING" type="USE_TEXT">5 directories, 4 files</expected>
                </compare_check>
                <compare_check check_type="CONTAINS" name="STDOUT-CONTENT-LENGTH-02">
                    <actual input_id_ref="STDOUT-CONTENT-LENGTH-EVAL-02" output_type="STANDARD_OUT"></actual>
                    <expected encoding="STRING" type="USE_TEXT">SIMILAR</expected>
                </compare_check>
                <simple_check check_type="SPECIAL" encoding="STRING" name="TIMEOUT" type="USE_TEXT">DOES_NOT_RETURN</simple_check>
                <simple_check check_type="SPECIAL" encoding="STRING" name="CONTROLLED_EXIT" type="USE_TEXT">CONTROLLED_EXIT</simple_check>
            </output_checks>
        </iopair>
        <iopair name="C-C400A-CTRE-01-ST01-DT02-DF11-CF20-01-GOOD-03" reset_scheme="NONE" timeout="300" type="GOOD">
            <description>Read an int from the input.  If &lt; 0, or bigger than 0xFFFFFFFF/4, do nothing.  Otherwise, malloc that many 100,000 int buffers. If memory cannot all be allocated, output 'Out of memory' then exit. This condition occurs if int &gt; about 30000 

</description>
            <technical_impact>NONE</technical_impact>
            <pre_processes scheme="SEQUENCE">
                <process>
                    <script background="false" encoding="STRING" type="USE_TEXT">printf 'env ARTUKOVIC_GESTURING;\n' | tee nginx_conf_env.txt</script>
                </process>
                <process>
                    <environment_variable encoding="STRING" key="ARTUKOVIC_GESTURING" type="USE_TEXT">1000</environment_variable>
                </process>
                <process>
                    <script background="false" encoding="STRING" type="USE_TEXT">mkdir $SS_TC_ROOT/logs/execute/lttng</script>
                </process>
                <process>
                    <environment_variable encoding="STRING" key="LTTNG_HOME" type="USE_TEXT">$SS_TC_ROOT/logs/execute/lttng</environment_variable>
                </process>
                <process>
                    <environment_variable encoding="STRING" key="SS_RUN_COMMAND_LD_PRELOAD" type="USE_TEXT">$SS_TC_DEPS/lib64/liblttng-stonesoup-c.so:$SS_TC_DEPS/lib64/liblttng-ust-fork.so</environment_variable>
                </process>
                <process>
                    <script background="false" encoding="STRING" type="USE_TEXT">mkdir -p $SS_TC_DEPS/var/run/lttng</script>
                </process>
                <process>
                    <script background="false" encoding="STRING" type="USE_TEXT">$SS_TC_DEPS/bin/lttng create &amp;&amp; $SS_TC_DEPS/bin/lttng enable-event -u -a &amp;&amp; $SS_TC_DEPS/bin/lttng start</script>
                </process>
                <process>
                    <script background="false" encoding="STRING" type="USE_TEXT">rm -rf $SS_TC_ROOT/lockDir</script>
                </process>
            </pre_processes>
            <run_command encoding="STRING" preprend_runcommand="true" type="USE_TEXT">--charset ASCII --sort=name -n -q -J input/good-03</run_command>
            <post_processes scheme="SEQUENCE">
                <process delay_after="0" delay_before="0">
                    <script background="false" encoding="STRING" input_id="STDOUT-CONTENT-LENGTH-EVAL-03" type="USE_TEXT">if [[ $(wc -c &quot;$SS_LOG_EXECUTE_STDOUT&quot; | cut -d &quot; &quot; -f 1) -eq $(wc -c &quot;$SS_TC_ROOT/$SS_TC_SCORE/good-03/output.txt&quot; | cut -d &quot; &quot; -f 1) ]]; then echo &quot;SIMILAR&quot;; else echo &quot;DIFFERENT&quot;; fi;</script>
                </process>
                <process>
                    <script background="false" encoding="STRING" input_id="lttng_output_nA5MS7xxUH" type="USE_TEXT">$SS_TC_DEPS/bin/lttng stop &amp;&amp; $SS_TC_DEPS/bin/lttng view &amp;&amp; $SS_TC_DEPS/bin/lttng destroy</script>
                </process>
            </post_processes>
            <scoring_formula default="GOOD-03-Default">
                <formula name="GOOD-03-Default">STDOUT-REPORT-03 AND STDOUT-CONTENT-LENGTH-03 AND NOT TIMEOUT AND NOT CONTROLLED_EXIT</formula>
            </scoring_formula>
            <output_checks>
                <compare_check check_type="CONTAINS" name="STDOUT-REPORT-03">
                    <actual output_type="STANDARD_OUT"></actual>
                    <expected encoding="STRING" type="USE_TEXT">{&quot;type&quot;:&quot;report&quot;,&quot;directories&quot;:7,&quot;files&quot;:367}</expected>
                </compare_check>
                <compare_check check_type="CONTAINS" name="STDOUT-CONTENT-LENGTH-03">
                    <actual input_id_ref="STDOUT-CONTENT-LENGTH-EVAL-03" output_type="STANDARD_OUT"></actual>
                    <expected encoding="STRING" type="USE_TEXT">SIMILAR</expected>
                </compare_check>
                <simple_check check_type="SPECIAL" encoding="STRING" name="TIMEOUT" type="USE_TEXT">DOES_NOT_RETURN</simple_check>
                <simple_check check_type="SPECIAL" encoding="STRING" name="CONTROLLED_EXIT" type="USE_TEXT">CONTROLLED_EXIT</simple_check>
            </output_checks>
        </iopair>
        <iopair name="C-C400A-CTRE-01-ST01-DT02-DF11-CF20-01-GOOD-04" reset_scheme="NONE" timeout="300" type="GOOD">
            <description>Read an int from the input.  If &lt; 0, or bigger than 0xFFFFFFFF/4, do nothing.  Otherwise, malloc that many 100,000 int buffers. If memory cannot all be allocated, output 'Out of memory' then exit. This condition occurs if int &gt; about 30000 

</description>
            <technical_impact>NONE</technical_impact>
            <pre_processes scheme="SEQUENCE">
                <process>
                    <script background="false" encoding="STRING" type="USE_TEXT">printf 'env ARTUKOVIC_GESTURING;\n' | tee nginx_conf_env.txt</script>
                </process>
                <process>
                    <environment_variable encoding="STRING" key="ARTUKOVIC_GESTURING" type="USE_TEXT">0</environment_variable>
                </process>
                <process>
                    <script background="false" encoding="STRING" type="USE_TEXT">mkdir $SS_TC_ROOT/logs/execute/lttng</script>
                </process>
                <process>
                    <environment_variable encoding="STRING" key="LTTNG_HOME" type="USE_TEXT">$SS_TC_ROOT/logs/execute/lttng</environment_variable>
                </process>
                <process>
                    <environment_variable encoding="STRING" key="SS_RUN_COMMAND_LD_PRELOAD" type="USE_TEXT">$SS_TC_DEPS/lib64/liblttng-stonesoup-c.so:$SS_TC_DEPS/lib64/liblttng-ust-fork.so</environment_variable>
                </process>
                <process>
                    <script background="false" encoding="STRING" type="USE_TEXT">mkdir -p $SS_TC_DEPS/var/run/lttng</script>
                </process>
                <process>
                    <script background="false" encoding="STRING" type="USE_TEXT">$SS_TC_DEPS/bin/lttng create &amp;&amp; $SS_TC_DEPS/bin/lttng enable-event -u -a &amp;&amp; $SS_TC_DEPS/bin/lttng start</script>
                </process>
                <process>
                    <script background="false" encoding="STRING" type="USE_TEXT">rm -rf $SS_TC_ROOT/lockDir</script>
                </process>
            </pre_processes>
            <run_command encoding="STRING" preprend_runcommand="true" type="USE_TEXT">--charset ASCII --sort=name -n -q -P &quot;test*&quot; -F input/good-03</run_command>
            <post_processes scheme="SEQUENCE">
                <process delay_after="0" delay_before="0">
                    <script background="false" encoding="STRING" input_id="STDOUT-CONTENT-LENGTH-EVAL-04" type="USE_TEXT">if [[ $(wc -c &quot;$SS_LOG_EXECUTE_STDOUT&quot; | cut -d &quot; &quot; -f 1) -eq $(wc -c &quot;$SS_TC_ROOT/$SS_TC_SCORE/good-04/output.txt&quot; | cut -d &quot; &quot; -f 1) ]]; then echo &quot;SIMILAR&quot;; else echo &quot;DIFFERENT&quot;; fi;</script>
                </process>
                <process>
                    <script background="false" encoding="STRING" input_id="lttng_output_6h0lFKowNr" type="USE_TEXT">$SS_TC_DEPS/bin/lttng stop &amp;&amp; $SS_TC_DEPS/bin/lttng view &amp;&amp; $SS_TC_DEPS/bin/lttng destroy</script>
                </process>
            </post_processes>
            <scoring_formula default="GOOD-04-Default">
                <formula name="GOOD-04-Default">STDOUT-REPORT-04 AND STDOUT-CONTENT-LENGTH-04 AND NOT TIMEOUT AND NOT CONTROLLED_EXIT</formula>
            </scoring_formula>
            <output_checks>
                <compare_check check_type="CONTAINS" name="STDOUT-REPORT-04">
                    <actual output_type="STANDARD_OUT"></actual>
                    <expected encoding="STRING" type="USE_TEXT">7 directories, 62 files</expected>
                </compare_check>
                <compare_check check_type="CONTAINS" name="STDOUT-CONTENT-LENGTH-04">
                    <actual input_id_ref="STDOUT-CONTENT-LENGTH-EVAL-04" output_type="STANDARD_OUT"></actual>
                    <expected encoding="STRING" type="USE_TEXT">SIMILAR</expected>
                </compare_check>
                <simple_check check_type="SPECIAL" encoding="STRING" name="TIMEOUT" type="USE_TEXT">DOES_NOT_RETURN</simple_check>
                <simple_check check_type="SPECIAL" encoding="STRING" name="CONTROLLED_EXIT" type="USE_TEXT">CONTROLLED_EXIT</simple_check>
            </output_checks>
        </iopair>
        <iopair name="C-C400A-CTRE-01-ST01-DT02-DF11-CF20-01-GOOD-05" reset_scheme="NONE" timeout="300" type="GOOD">
            <description>Read an int from the input.  If &lt; 0, or bigger than 0xFFFFFFFF/4, do nothing.  Otherwise, malloc that many 100,000 int buffers. If memory cannot all be allocated, output 'Out of memory' then exit. This condition occurs if int &gt; about 30000 

</description>
            <technical_impact>NONE</technical_impact>
            <pre_processes scheme="SEQUENCE">
                <process>
                    <script background="false" encoding="STRING" type="USE_TEXT">printf 'env ARTUKOVIC_GESTURING;\n' | tee nginx_conf_env.txt</script>
                </process>
                <process>
                    <environment_variable encoding="STRING" key="ARTUKOVIC_GESTURING" type="USE_TEXT">1</environment_variable>
                </process>
                <process>
                    <script background="false" encoding="STRING" type="USE_TEXT">mkdir $SS_TC_ROOT/logs/execute/lttng</script>
                </process>
                <process>
                    <environment_variable encoding="STRING" key="LTTNG_HOME" type="USE_TEXT">$SS_TC_ROOT/logs/execute/lttng</environment_variable>
                </process>
                <process>
                    <environment_variable encoding="STRING" key="SS_RUN_COMMAND_LD_PRELOAD" type="USE_TEXT">$SS_TC_DEPS/lib64/liblttng-stonesoup-c.so:$SS_TC_DEPS/lib64/liblttng-ust-fork.so</environment_variable>
                </process>
                <process>
                    <script background="false" encoding="STRING" type="USE_TEXT">mkdir -p $SS_TC_DEPS/var/run/lttng</script>
                </process>
                <process>
                    <script background="false" encoding="STRING" type="USE_TEXT">$SS_TC_DEPS/bin/lttng create &amp;&amp; $SS_TC_DEPS/bin/lttng enable-event -u -a &amp;&amp; $SS_TC_DEPS/bin/lttng start</script>
                </process>
                <process>
                    <script background="false" encoding="STRING" type="USE_TEXT">rm -rf $SS_TC_ROOT/lockDir</script>
                </process>
            </pre_processes>
            <run_command encoding="STRING" preprend_runcommand="true" type="USE_TEXT">--charset ASCII --sort=name -n -q -H &quot;&quot; input/good-01</run_command>
            <post_processes scheme="SEQUENCE">
                <process delay_after="0" delay_before="0">
                    <script background="false" encoding="STRING" input_id="STDOUT-CONTENT-LENGTH-EVAL-05" type="USE_TEXT">if [[ $(wc -c &quot;$SS_LOG_EXECUTE_STDOUT&quot; | cut -d &quot; &quot; -f 1) -eq $(wc -c &quot;$SS_TC_ROOT/$SS_TC_SCORE/good-05/output.txt&quot; | cut -d &quot; &quot; -f 1) ]]; then echo &quot;SIMILAR&quot;; else echo &quot;DIFFERENT&quot;; fi;</script>
                </process>
                <process>
                    <script background="false" encoding="STRING" input_id="lttng_output_ifh15xQKjF" type="USE_TEXT">$SS_TC_DEPS/bin/lttng stop &amp;&amp; $SS_TC_DEPS/bin/lttng view &amp;&amp; $SS_TC_DEPS/bin/lttng destroy</script>
                </process>
            </post_processes>
            <scoring_formula default="GOOD-05-Default">
                <formula name="GOOD-05-Default">STDOUT-REPORT-05 AND STDOUT-CONTENT-LENGTH-05 AND NOT TIMEOUT AND NOT CONTROLLED_EXIT</formula>
            </scoring_formula>
            <output_checks>
                <compare_check check_type="CONTAINS" name="STDOUT-REPORT-05">
                    <actual output_type="STANDARD_OUT"></actual>
                    <expected encoding="STRING" type="USE_TEXT">5 directories, 10 files</expected>
                </compare_check>
                <compare_check check_type="CONTAINS" name="STDOUT-CONTENT-LENGTH-05">
                    <actual input_id_ref="STDOUT-CONTENT-LENGTH-EVAL-05" output_type="STANDARD_OUT"></actual>
                    <expected encoding="STRING" type="USE_TEXT">SIMILAR</expected>
                </compare_check>
                <simple_check check_type="SPECIAL" encoding="STRING" name="TIMEOUT" type="USE_TEXT">DOES_NOT_RETURN</simple_check>
                <simple_check check_type="SPECIAL" encoding="STRING" name="CONTROLLED_EXIT" type="USE_TEXT">CONTROLLED_EXIT</simple_check>
            </output_checks>
        </iopair>
        <iopair name="C-C400A-CTRE-01-ST01-DT02-DF11-CF20-01-BAD-01" reset_scheme="NONE" timeout="300" type="BAD">
            <description>Read an int from the input.  If &lt; 0, or bigger than 0xFFFFFFFF/4, do nothing.  Otherwise, malloc that many 100,000 int buffers. If memory cannot all be allocated, output 'Out of memory' then exit. This condition occurs if int &gt; about 30000 

</description>
            <technical_impact>DOS_BLOCKING</technical_impact>
            <technical_impact>DOS_RESOURCE_CONSUMPTION</technical_impact>
            <pre_processes scheme="SEQUENCE">
                <process>
                    <script background="false" encoding="STRING" type="USE_TEXT">printf 'env ARTUKOVIC_GESTURING;\n' | tee nginx_conf_env.txt</script>
                </process>
                <process>
                    <environment_variable encoding="STRING" key="ARTUKOVIC_GESTURING" type="USE_TEXT">100000</environment_variable>
                </process>
                <process>
                    <script background="false" encoding="STRING" type="USE_TEXT">mkdir $SS_TC_ROOT/logs/execute/lttng</script>
                </process>
                <process>
                    <environment_variable encoding="STRING" key="LTTNG_HOME" type="USE_TEXT">$SS_TC_ROOT/logs/execute/lttng</environment_variable>
                </process>
                <process>
                    <environment_variable encoding="STRING" key="SS_RUN_COMMAND_LD_PRELOAD" type="USE_TEXT">$SS_TC_DEPS/lib64/liblttng-stonesoup-c.so:$SS_TC_DEPS/lib64/liblttng-ust-fork.so</environment_variable>
                </process>
                <process>
                    <script background="false" encoding="STRING" type="USE_TEXT">mkdir -p $SS_TC_DEPS/var/run/lttng</script>
                </process>
                <process>
                    <script background="false" encoding="STRING" type="USE_TEXT">$SS_TC_DEPS/bin/lttng create &amp;&amp; $SS_TC_DEPS/bin/lttng enable-event -u -a &amp;&amp; $SS_TC_DEPS/bin/lttng start</script>
                </process>
                <process>
                    <script background="false" encoding="STRING" type="USE_TEXT">rm -rf $SS_TC_ROOT/lockDir</script>
                </process>
            </pre_processes>
            <run_command encoding="STRING" preprend_runcommand="true" type="USE_TEXT">--charset ASCII --sort=name -n -q -P &quot;test*&quot; -F input/good-03</run_command>
            <post_processes scheme="SEQUENCE">
                <process delay_after="0" delay_before="0">
                    <script background="false" encoding="STRING" input_id="STDOUT-CONTENT-LENGTH-EVAL-04xfuPhTh8JX" type="USE_TEXT">if [[ $(wc -c &quot;$SS_LOG_EXECUTE_STDOUT&quot; | cut -d &quot; &quot; -f 1) -eq $(wc -c &quot;$SS_TC_ROOT/$SS_TC_SCORE/good-04/output.txt&quot; | cut -d &quot; &quot; -f 1) ]]; then echo &quot;SIMILAR&quot;; else echo &quot;DIFFERENT&quot;; fi;</script>
                </process>
                <process>
                    <script background="false" encoding="STRING" input_id="lttng_output_u9A0lXQXc4SIIq6zpGlG" type="USE_TEXT">$SS_TC_DEPS/bin/lttng stop &amp;&amp; $SS_TC_DEPS/bin/lttng view &amp;&amp; $SS_TC_DEPS/bin/lttng destroy</script>
                </process>
            </post_processes>
            <scoring_formula default="timeout_formula_1NH3EzsfjC">
                <formula name="timeout_formula_1NH3EzsfjC">weakness_started_PSGHdlsKRuEraT69ICHc AND ((NOT PERFORMER AND (timeout_gS4DRvLsU9 OR (NOT finished_buEZz6p6bm AND NOT (controlled_exit_BtT3ctD9e0 OR continued_execution_hVvAhNfKrs)))) or (PERFORMER AND NOT ((timeout_gS4DRvLsU9 OR (NOT finished_buEZz6p6bm AND NOT (controlled_exit_BtT3ctD9e0 OR continued_execution_hVvAhNfKrs))))))</formula>
                <formula name="no_weakness_started_formula_gwS6gprFoG">(NOT PERFORMER AND (timeout_gS4DRvLsU9 OR (NOT finished_buEZz6p6bm AND NOT (controlled_exit_BtT3ctD9e0 OR continued_execution_hVvAhNfKrs)))) or (PERFORMER AND NOT ((timeout_gS4DRvLsU9 OR (NOT finished_buEZz6p6bm AND NOT (controlled_exit_BtT3ctD9e0 OR continued_execution_hVvAhNfKrs)))))</formula>
            </scoring_formula>
            <output_checks>
                <simple_check check_type="SPECIAL" encoding="STRING" name="timeout_gS4DRvLsU9" type="USE_TEXT">DOES_NOT_RETURN</simple_check>
                <simple_check check_type="SPECIAL" encoding="STRING" name="controlled_exit_BtT3ctD9e0" type="USE_TEXT">CONTROLLED_EXIT</simple_check>
                <simple_check check_type="SPECIAL" encoding="STRING" name="continued_execution_hVvAhNfKrs" type="USE_TEXT">CONTINUED_EXECUTION</simple_check>
                <simple_check check_type="SCRIPT" encoding="STRING" name="finished_buEZz6p6bm" type="USE_TEXT">if (( $(/bin/grep &quot;finished evaluating&quot; &quot;logfile.txt&quot; | wc -l) &gt; 0 )); then true; else false; fi;</simple_check>
                <compare_check check_type="CONTAINS" name="weakness_started_PSGHdlsKRuEraT69ICHc">
                    <actual encoding="STRING" input_id_ref="lttng_output_u9A0lXQXc4SIIq6zpGlG" output_type="STANDARD_OUT">None</actual>
                    <expected encoding="STRING" type="USE_TEXT">stonesoup_trace:weakness_start</expected>
                </compare_check>
            </output_checks>
        </iopair>
        <iopair name="C-C400A-CTRE-01-ST01-DT02-DF11-CF20-01-BAD-02" reset_scheme="NONE" timeout="300" type="BAD">
            <description>Read an int from the input.  If &lt; 0, or bigger than 0xFFFFFFFF/4, do nothing.  Otherwise, malloc that many 100,000 int buffers. If memory cannot all be allocated, output 'Out of memory' then exit. This condition occurs if int &gt; about 30000 

</description>
            <technical_impact>DOS_BLOCKING</technical_impact>
            <technical_impact>DOS_RESOURCE_CONSUMPTION</technical_impact>
            <pre_processes scheme="SEQUENCE">
                <process>
                    <script background="false" encoding="STRING" type="USE_TEXT">printf 'env ARTUKOVIC_GESTURING;\n' | tee nginx_conf_env.txt</script>
                </process>
                <process>
                    <environment_variable encoding="STRING" key="ARTUKOVIC_GESTURING" type="USE_TEXT">250052</environment_variable>
                </process>
                <process>
                    <script background="false" encoding="STRING" type="USE_TEXT">mkdir $SS_TC_ROOT/logs/execute/lttng</script>
                </process>
                <process>
                    <environment_variable encoding="STRING" key="LTTNG_HOME" type="USE_TEXT">$SS_TC_ROOT/logs/execute/lttng</environment_variable>
                </process>
                <process>
                    <environment_variable encoding="STRING" key="SS_RUN_COMMAND_LD_PRELOAD" type="USE_TEXT">$SS_TC_DEPS/lib64/liblttng-stonesoup-c.so:$SS_TC_DEPS/lib64/liblttng-ust-fork.so</environment_variable>
                </process>
                <process>
                    <script background="false" encoding="STRING" type="USE_TEXT">mkdir -p $SS_TC_DEPS/var/run/lttng</script>
                </process>
                <process>
                    <script background="false" encoding="STRING" type="USE_TEXT">$SS_TC_DEPS/bin/lttng create &amp;&amp; $SS_TC_DEPS/bin/lttng enable-event -u -a &amp;&amp; $SS_TC_DEPS/bin/lttng start</script>
                </process>
                <process>
                    <script background="false" encoding="STRING" type="USE_TEXT">rm -rf $SS_TC_ROOT/lockDir</script>
                </process>
            </pre_processes>
            <run_command encoding="STRING" preprend_runcommand="true" type="USE_TEXT">--charset ASCII --sort=name -n -q -P &quot;test*&quot; -F input/good-03</run_command>
            <post_processes scheme="SEQUENCE">
                <process delay_after="0" delay_before="0">
                    <script background="false" encoding="STRING" input_id="STDOUT-CONTENT-LENGTH-EVAL-04aInAQVMIiW" type="USE_TEXT">if [[ $(wc -c &quot;$SS_LOG_EXECUTE_STDOUT&quot; | cut -d &quot; &quot; -f 1) -eq $(wc -c &quot;$SS_TC_ROOT/$SS_TC_SCORE/good-04/output.txt&quot; | cut -d &quot; &quot; -f 1) ]]; then echo &quot;SIMILAR&quot;; else echo &quot;DIFFERENT&quot;; fi;</script>
                </process>
                <process>
                    <script background="false" encoding="STRING" input_id="lttng_output_agTGkLN4txrIr7mmhCxy" type="USE_TEXT">$SS_TC_DEPS/bin/lttng stop &amp;&amp; $SS_TC_DEPS/bin/lttng view &amp;&amp; $SS_TC_DEPS/bin/lttng destroy</script>
                </process>
            </post_processes>
            <scoring_formula default="timeout_formula_sCMcNJ2kjH">
                <formula name="timeout_formula_sCMcNJ2kjH">weakness_started_poofNiJ3i3SGyw4podAM AND ((NOT PERFORMER AND (timeout_QvYtSfMQOH OR (NOT finished_kskthxdcZX AND NOT (controlled_exit_Zqz3rTVYkI OR continued_execution_Zp9VAClzgn)))) or (PERFORMER AND NOT ((timeout_QvYtSfMQOH OR (NOT finished_kskthxdcZX AND NOT (controlled_exit_Zqz3rTVYkI OR continued_execution_Zp9VAClzgn))))))</formula>
                <formula name="no_weakness_started_formula_0GoNsZgQqS">(NOT PERFORMER AND (timeout_QvYtSfMQOH OR (NOT finished_kskthxdcZX AND NOT (controlled_exit_Zqz3rTVYkI OR continued_execution_Zp9VAClzgn)))) or (PERFORMER AND NOT ((timeout_QvYtSfMQOH OR (NOT finished_kskthxdcZX AND NOT (controlled_exit_Zqz3rTVYkI OR continued_execution_Zp9VAClzgn)))))</formula>
            </scoring_formula>
            <output_checks>
                <simple_check check_type="SPECIAL" encoding="STRING" name="timeout_QvYtSfMQOH" type="USE_TEXT">DOES_NOT_RETURN</simple_check>
                <simple_check check_type="SPECIAL" encoding="STRING" name="controlled_exit_Zqz3rTVYkI" type="USE_TEXT">CONTROLLED_EXIT</simple_check>
                <simple_check check_type="SPECIAL" encoding="STRING" name="continued_execution_Zp9VAClzgn" type="USE_TEXT">CONTINUED_EXECUTION</simple_check>
                <simple_check check_type="SCRIPT" encoding="STRING" name="finished_kskthxdcZX" type="USE_TEXT">if (( $(/bin/grep &quot;finished evaluating&quot; &quot;logfile.txt&quot; | wc -l) &gt; 0 )); then true; else false; fi;</simple_check>
                <compare_check check_type="CONTAINS" name="weakness_started_poofNiJ3i3SGyw4podAM">
                    <actual encoding="STRING" input_id_ref="lttng_output_agTGkLN4txrIr7mmhCxy" output_type="STANDARD_OUT">None</actual>
                    <expected encoding="STRING" type="USE_TEXT">stonesoup_trace:weakness_start</expected>
                </compare_check>
            </output_checks>
        </iopair>
    </iopairs>
</project>
