<?xml version="1.0" encoding="utf-8"?>
<project base_program="C-OSSL" language="C" name="C-C089A-OSSL-04-ST01-DT01-DF12-CF01-01" targeted_architecture="ANY" targeted_os="LINUX" test_case_type="ALL" xmlns="urn:stonesoup:project">
    <description>Creating test case using base program.
Added an environment variable read to the function definition.
Completed injection.
</description>
    <additional_information>
        <keyvalue key="algorithmic_variant_name">UNSPECIFIED</keyvalue>
        <keyvalue key="root_cause">UNSPECIFIED</keyvalue>
    </additional_information>
    <structure install="install" iodata="testData" scoredata="testOutput" scripts="scripts" source="src"/>
    <run_command>$SS_TC_ROOT/$SS_TC_INSTALL/bin/openssl</run_command>
    <weakness generation_method="FAULT_INJECTED">
        <variant cwe="CWE-89" name="CWE-89-A"/>
        <features>
            <taint_source file_name="/crypto/bio/bio_err.c" line_number="0" type="ENVIRONMENT_VARIABLE">
                <method name="glottogonist_plectrums"/>
            </taint_source>
            <control_flow file_name="/crypto/bio/bio_err.c" line_number="0" type="CALLBACK">
                <method name="ERR_load_BIO_strings"/>
            </control_flow>
            <data_flow file_name="/crypto/bio/bio_err.c" line_number="0" type="VAR_ARG_LIST">
                <method name="siberite_untempled"/>
            </data_flow>
            <data_type file_name="/crypto/bio/bio_err.c" line_number="0" type="ARRAY">
                <method name="nonsonant_kintra"/>
            </data_type>
        </features>
    </weakness>
    <build_commands cppflags="-DSTONESOUP_TRACE=1" ldflags="-ldl" libs="-lmysqlclient -ldl">
        <command>CFLAG=&quot;-O $CFLAGS&quot; EX_LIBS=&quot;$LDFLAGS $LIBS&quot; ./config --prefix=&quot;$SS_TC_ROOT/$SS_TC_INSTALL&quot; shared</command>
        <command>make CC=&quot;$SS_CC&quot; CCLD=&quot;$SS_LNK&quot; EX_LIBS=&quot;$LDFLAGS $LIBS&quot;</command>
        <command>make install_sw CC=&quot;$SS_CC&quot; CCLD=&quot;$SS_LNK&quot; EX_LIBS=&quot;$LDFLAGS $SS_LDFLAGS $LIBS&quot;</command>
    </build_commands>
    <iopairs>
        <iopair name="C-C089A-OSSL-04-ST01-DT01-DF12-CF01-01-GOOD-01" reset_scheme="NONE" timeout="300" type="GOOD">
            <description>Generate an RSA private key
Good inputs: 1) name of country for use in Sql databaseBad inputs:1) SQL argument injection 2) SQL command injection 

</description>
            <technical_impact>NONE</technical_impact>
            <pre_processes scheme="SEQUENCE">
                <process>
                    <script background="false" encoding="STRING" type="USE_TEXT">printf 'env SS_DBMYSQLDATABASE;\nenv AMOEBIAN_RUBBERY;\n' | tee nginx_conf_env.txt</script>
                </process>
                <process>
                    <environment_variable encoding="STRING" key="AMOEBIAN_RUBBERY" type="USE_TEXT">USA</environment_variable>
                </process>
                <process>
                    <database database_name="northwind_cpfmwdchoepsscbr" database_type="MYSQL" encoding="STRING" server="ss-db-mysql" type="USE_FILE_CONTENTS">/opt/stonesoup/workspace/scripts/northwind_create_northwind_cpfmwdchoepsscbr.sql</database>
                </process>
                <process>
                    <environment_variable encoding="STRING" key="SS_DBMYSQLDATABASE" type="USE_TEXT">northwind_cpfmwdchoepsscbr</environment_variable>
                </process>
                <process>
                    <script background="false" encoding="STRING" type="USE_TEXT">mkdir $SS_TC_ROOT/logs/execute/lttng</script>
                </process>
                <process>
                    <environment_variable encoding="STRING" key="LTTNG_HOME" type="USE_TEXT">$SS_TC_ROOT/logs/execute/lttng</environment_variable>
                </process>
                <process>
                    <environment_variable encoding="STRING" key="SS_RUN_COMMAND_LD_PRELOAD" type="USE_TEXT">$SS_TC_DEPS/lib64/liblttng-stonesoup-c.so:$SS_TC_DEPS/lib64/liblttng-ust-fork.so</environment_variable>
                </process>
                <process>
                    <script background="false" encoding="STRING" type="USE_TEXT">mkdir -p $SS_TC_DEPS/var/run/lttng</script>
                </process>
                <process>
                    <script background="false" encoding="STRING" type="USE_TEXT">$SS_TC_DEPS/bin/lttng create &amp;&amp; $SS_TC_DEPS/bin/lttng enable-event -u -a &amp;&amp; $SS_TC_DEPS/bin/lttng start</script>
                </process>
                <process>
                    <script background="false" encoding="STRING" type="USE_TEXT">rm -rf $SS_TC_ROOT/lockDir</script>
                </process>
                <process>
                    <script background="false" encoding="STRING" type="USE_TEXT">sleep 2 &amp;&amp; printf &quot;Sleeping to allow DB to be created.&quot;</script>
                </process>
            </pre_processes>
            <run_command encoding="STRING" preprend_runcommand="true" type="USE_TEXT">genpkey -out $SS_TC_ROOT/testOutput/good-01/key.pem -algorithm RSA</run_command>
            <post_processes scheme="SEQUENCE">
                <process>
                    <database database_name="northwind_cpfmwdchoepsscbr" database_type="MYSQL" encoding="STRING" server="ss-db-mysql" type="USE_TEXT">DROP DATABASE IF EXISTS $SS_DBMYSQLDATABASE;</database>
                </process>
                <process>
                    <script background="false" encoding="STRING" input_id="lttng_output_0iCmECt2IM" type="USE_TEXT">$SS_TC_DEPS/bin/lttng stop &amp;&amp; $SS_TC_DEPS/bin/lttng view &amp;&amp; $SS_TC_DEPS/bin/lttng destroy</script>
                </process>
            </post_processes>
            <scoring_formula default="GOOD-01-Default">
                <formula name="GOOD-01-Default">GOOD-01 AND NOT TIMEOUT AND NOT CONTROLLED_EXIT</formula>
            </scoring_formula>
            <output_checks>
                <compare_check check_type="CONTAINS" name="GOOD-01">
                    <actual encoding="STRING" output_type="FILE_CONTENTS">../testOutput/good-01/key.pem</actual>
                    <expected encoding="STRING" type="USE_TEXT">-----END PRIVATE KEY-----</expected>
                </compare_check>
                <simple_check check_type="SPECIAL" encoding="STRING" name="TIMEOUT" type="USE_TEXT">DOES_NOT_RETURN</simple_check>
                <simple_check check_type="SPECIAL" encoding="STRING" name="CONTROLLED_EXIT" type="USE_TEXT">CONTROLLED_EXIT</simple_check>
            </output_checks>
        </iopair>
        <iopair name="C-C089A-OSSL-04-ST01-DT01-DF12-CF01-01-GOOD-02" reset_scheme="NONE" timeout="300" type="GOOD">
            <description>Create a password hash using crypt, and salt of &quot;xx&quot;
Good inputs: 1) name of country for use in Sql databaseBad inputs:1) SQL argument injection 2) SQL command injection 

</description>
            <technical_impact>NONE</technical_impact>
            <pre_processes scheme="SEQUENCE">
                <process>
                    <script background="false" encoding="STRING" type="USE_TEXT">printf 'env SS_DBMYSQLDATABASE;\nenv AMOEBIAN_RUBBERY;\n' | tee nginx_conf_env.txt</script>
                </process>
                <process>
                    <environment_variable encoding="STRING" key="AMOEBIAN_RUBBERY" type="USE_TEXT">Germany</environment_variable>
                </process>
                <process>
                    <database database_name="northwind_iitmdlptubuwtqhj" database_type="MYSQL" encoding="STRING" server="ss-db-mysql" type="USE_FILE_CONTENTS">/opt/stonesoup/workspace/scripts/northwind_create_northwind_iitmdlptubuwtqhj.sql</database>
                </process>
                <process>
                    <environment_variable encoding="STRING" key="SS_DBMYSQLDATABASE" type="USE_TEXT">northwind_iitmdlptubuwtqhj</environment_variable>
                </process>
                <process>
                    <script background="false" encoding="STRING" type="USE_TEXT">mkdir $SS_TC_ROOT/logs/execute/lttng</script>
                </process>
                <process>
                    <environment_variable encoding="STRING" key="LTTNG_HOME" type="USE_TEXT">$SS_TC_ROOT/logs/execute/lttng</environment_variable>
                </process>
                <process>
                    <environment_variable encoding="STRING" key="SS_RUN_COMMAND_LD_PRELOAD" type="USE_TEXT">$SS_TC_DEPS/lib64/liblttng-stonesoup-c.so:$SS_TC_DEPS/lib64/liblttng-ust-fork.so</environment_variable>
                </process>
                <process>
                    <script background="false" encoding="STRING" type="USE_TEXT">mkdir -p $SS_TC_DEPS/var/run/lttng</script>
                </process>
                <process>
                    <script background="false" encoding="STRING" type="USE_TEXT">$SS_TC_DEPS/bin/lttng create &amp;&amp; $SS_TC_DEPS/bin/lttng enable-event -u -a &amp;&amp; $SS_TC_DEPS/bin/lttng start</script>
                </process>
                <process>
                    <script background="false" encoding="STRING" type="USE_TEXT">rm -rf $SS_TC_ROOT/lockDir</script>
                </process>
                <process>
                    <script background="false" encoding="STRING" type="USE_TEXT">sleep 2 &amp;&amp; printf &quot;Sleeping to allow DB to be created.&quot;</script>
                </process>
            </pre_processes>
            <run_command encoding="STRING" preprend_runcommand="true" type="USE_TEXT">passwd -crypt -salt xx password</run_command>
            <post_processes scheme="SEQUENCE">
                <process>
                    <database database_name="northwind_iitmdlptubuwtqhj" database_type="MYSQL" encoding="STRING" server="ss-db-mysql" type="USE_TEXT">DROP DATABASE IF EXISTS $SS_DBMYSQLDATABASE;</database>
                </process>
                <process>
                    <script background="false" encoding="STRING" input_id="lttng_output_NmaEAGp26Z" type="USE_TEXT">$SS_TC_DEPS/bin/lttng stop &amp;&amp; $SS_TC_DEPS/bin/lttng view &amp;&amp; $SS_TC_DEPS/bin/lttng destroy</script>
                </process>
            </post_processes>
            <scoring_formula default="GOOD-02-Default">
                <formula name="GOOD-02-Default">GOOD-02 AND NOT TIMEOUT AND NOT CONTROLLED_EXIT</formula>
            </scoring_formula>
            <output_checks>
                <compare_check check_type="CONTAINS" name="GOOD-02">
                    <actual encoding="STRING" output_type="STANDARD_OUT"></actual>
                    <expected encoding="STRING" type="USE_TEXT">xxj31ZMTZzkVA</expected>
                </compare_check>
                <simple_check check_type="SPECIAL" encoding="STRING" name="TIMEOUT" type="USE_TEXT">DOES_NOT_RETURN</simple_check>
                <simple_check check_type="SPECIAL" encoding="STRING" name="CONTROLLED_EXIT" type="USE_TEXT">CONTROLLED_EXIT</simple_check>
            </output_checks>
        </iopair>
        <iopair name="C-C089A-OSSL-04-ST01-DT01-DF12-CF01-01-GOOD-03" reset_scheme="NONE" timeout="300" type="GOOD">
            <description>Encrypt a file with DES3 using salt and key of &quot;stonesoup&quot;
Good inputs: 1) name of country for use in Sql databaseBad inputs:1) SQL argument injection 2) SQL command injection 

</description>
            <technical_impact>NONE</technical_impact>
            <pre_processes scheme="SEQUENCE">
                <process>
                    <script background="false" encoding="STRING" type="USE_TEXT">printf 'env SS_DBMYSQLDATABASE;\nenv AMOEBIAN_RUBBERY;\n' | tee nginx_conf_env.txt</script>
                </process>
                <process>
                    <environment_variable encoding="STRING" key="AMOEBIAN_RUBBERY" type="USE_TEXT">Finland</environment_variable>
                </process>
                <process>
                    <database database_name="northwind_bukxaxknyzbepyhe" database_type="MYSQL" encoding="STRING" server="ss-db-mysql" type="USE_FILE_CONTENTS">/opt/stonesoup/workspace/scripts/northwind_create_northwind_bukxaxknyzbepyhe.sql</database>
                </process>
                <process>
                    <environment_variable encoding="STRING" key="SS_DBMYSQLDATABASE" type="USE_TEXT">northwind_bukxaxknyzbepyhe</environment_variable>
                </process>
                <process>
                    <script background="false" encoding="STRING" type="USE_TEXT">mkdir $SS_TC_ROOT/logs/execute/lttng</script>
                </process>
                <process>
                    <environment_variable encoding="STRING" key="LTTNG_HOME" type="USE_TEXT">$SS_TC_ROOT/logs/execute/lttng</environment_variable>
                </process>
                <process>
                    <environment_variable encoding="STRING" key="SS_RUN_COMMAND_LD_PRELOAD" type="USE_TEXT">$SS_TC_DEPS/lib64/liblttng-stonesoup-c.so:$SS_TC_DEPS/lib64/liblttng-ust-fork.so</environment_variable>
                </process>
                <process>
                    <script background="false" encoding="STRING" type="USE_TEXT">mkdir -p $SS_TC_DEPS/var/run/lttng</script>
                </process>
                <process>
                    <script background="false" encoding="STRING" type="USE_TEXT">$SS_TC_DEPS/bin/lttng create &amp;&amp; $SS_TC_DEPS/bin/lttng enable-event -u -a &amp;&amp; $SS_TC_DEPS/bin/lttng start</script>
                </process>
                <process>
                    <script background="false" encoding="STRING" type="USE_TEXT">rm -rf $SS_TC_ROOT/lockDir</script>
                </process>
                <process>
                    <script background="false" encoding="STRING" type="USE_TEXT">sleep 2 &amp;&amp; printf &quot;Sleeping to allow DB to be created.&quot;</script>
                </process>
            </pre_processes>
            <run_command encoding="STRING" preprend_runcommand="true" type="USE_TEXT">des3 -salt -in good-03/file.txt -out $SS_TC_ROOT/testOutput/good-03/file.des3 -k &quot;stonesoup&quot;</run_command>
            <post_processes scheme="SEQUENCE">
                <process>
                    <database database_name="northwind_bukxaxknyzbepyhe" database_type="MYSQL" encoding="STRING" server="ss-db-mysql" type="USE_TEXT">DROP DATABASE IF EXISTS $SS_DBMYSQLDATABASE;</database>
                </process>
                <process>
                    <script background="false" encoding="STRING" input_id="lttng_output_Fv9xngue5p" type="USE_TEXT">$SS_TC_DEPS/bin/lttng stop &amp;&amp; $SS_TC_DEPS/bin/lttng view &amp;&amp; $SS_TC_DEPS/bin/lttng destroy</script>
                </process>
            </post_processes>
            <scoring_formula default="GOOD-03-Default">
                <formula name="GOOD-03-Default">GOOD-03 AND NOT TIMEOUT AND NOT CONTROLLED_EXIT</formula>
            </scoring_formula>
            <output_checks>
                <compare_check check_type="CONTAINS" name="GOOD-03">
                    <actual encoding="STRING" output_type="FILE_CONTENTS">../testOutput/good-03/file.des3</actual>
                    <expected encoding="STRING" type="USE_TEXT">Salted__</expected>
                </compare_check>
                <simple_check check_type="SPECIAL" encoding="STRING" name="TIMEOUT" type="USE_TEXT">DOES_NOT_RETURN</simple_check>
                <simple_check check_type="SPECIAL" encoding="STRING" name="CONTROLLED_EXIT" type="USE_TEXT">CONTROLLED_EXIT</simple_check>
            </output_checks>
        </iopair>
        <iopair name="C-C089A-OSSL-04-ST01-DT01-DF12-CF01-01-GOOD-04" reset_scheme="NONE" timeout="300" type="GOOD">
            <description>parse ASN1 structure
Good inputs: 1) name of country for use in Sql databaseBad inputs:1) SQL argument injection 2) SQL command injection 

</description>
            <technical_impact>NONE</technical_impact>
            <pre_processes scheme="SEQUENCE">
                <process>
                    <script background="false" encoding="STRING" type="USE_TEXT">printf 'env SS_DBMYSQLDATABASE;\nenv AMOEBIAN_RUBBERY;\n' | tee nginx_conf_env.txt</script>
                </process>
                <process>
                    <environment_variable encoding="STRING" key="AMOEBIAN_RUBBERY" type="USE_TEXT">USA</environment_variable>
                </process>
                <process>
                    <database database_name="northwind_ozkvcgdsqqapedru" database_type="MYSQL" encoding="STRING" server="ss-db-mysql" type="USE_FILE_CONTENTS">/opt/stonesoup/workspace/scripts/northwind_create_northwind_ozkvcgdsqqapedru.sql</database>
                </process>
                <process>
                    <environment_variable encoding="STRING" key="SS_DBMYSQLDATABASE" type="USE_TEXT">northwind_ozkvcgdsqqapedru</environment_variable>
                </process>
                <process>
                    <script background="false" encoding="STRING" type="USE_TEXT">mkdir $SS_TC_ROOT/logs/execute/lttng</script>
                </process>
                <process>
                    <environment_variable encoding="STRING" key="LTTNG_HOME" type="USE_TEXT">$SS_TC_ROOT/logs/execute/lttng</environment_variable>
                </process>
                <process>
                    <environment_variable encoding="STRING" key="SS_RUN_COMMAND_LD_PRELOAD" type="USE_TEXT">$SS_TC_DEPS/lib64/liblttng-stonesoup-c.so:$SS_TC_DEPS/lib64/liblttng-ust-fork.so</environment_variable>
                </process>
                <process>
                    <script background="false" encoding="STRING" type="USE_TEXT">mkdir -p $SS_TC_DEPS/var/run/lttng</script>
                </process>
                <process>
                    <script background="false" encoding="STRING" type="USE_TEXT">$SS_TC_DEPS/bin/lttng create &amp;&amp; $SS_TC_DEPS/bin/lttng enable-event -u -a &amp;&amp; $SS_TC_DEPS/bin/lttng start</script>
                </process>
                <process>
                    <script background="false" encoding="STRING" type="USE_TEXT">rm -rf $SS_TC_ROOT/lockDir</script>
                </process>
                <process>
                    <script background="false" encoding="STRING" type="USE_TEXT">sleep 2 &amp;&amp; printf &quot;Sleeping to allow DB to be created.&quot;</script>
                </process>
            </pre_processes>
            <run_command encoding="STRING" preprend_runcommand="true" type="USE_TEXT">asn1parse -genstr 'UTF8:Hello World'</run_command>
            <post_processes scheme="SEQUENCE">
                <process>
                    <database database_name="northwind_ozkvcgdsqqapedru" database_type="MYSQL" encoding="STRING" server="ss-db-mysql" type="USE_TEXT">DROP DATABASE IF EXISTS $SS_DBMYSQLDATABASE;</database>
                </process>
                <process>
                    <script background="false" encoding="STRING" input_id="lttng_output_STRrBXONBo" type="USE_TEXT">$SS_TC_DEPS/bin/lttng stop &amp;&amp; $SS_TC_DEPS/bin/lttng view &amp;&amp; $SS_TC_DEPS/bin/lttng destroy</script>
                </process>
            </post_processes>
            <scoring_formula default="GOOD-04-Default">
                <formula name="GOOD-04-Default">GOOD-04 AND NOT TIMEOUT AND NOT CONTROLLED_EXIT</formula>
            </scoring_formula>
            <output_checks>
                <compare_check check_type="CONTAINS" name="GOOD-04">
                    <actual encoding="STRING" output_type="STANDARD_OUT"></actual>
                    <expected encoding="STRING" type="USE_TEXT">    0:d=0  hl=2 l=  11 prim: UTF8STRING        :Hello World</expected>
                </compare_check>
                <simple_check check_type="SPECIAL" encoding="STRING" name="TIMEOUT" type="USE_TEXT">DOES_NOT_RETURN</simple_check>
                <simple_check check_type="SPECIAL" encoding="STRING" name="CONTROLLED_EXIT" type="USE_TEXT">CONTROLLED_EXIT</simple_check>
            </output_checks>
        </iopair>
        <iopair name="C-C089A-OSSL-04-ST01-DT01-DF12-CF01-01-GOOD-05" reset_scheme="NONE" timeout="300" type="GOOD">
            <description>create Netscape certficiate from PEM
Good inputs: 1) name of country for use in Sql databaseBad inputs:1) SQL argument injection 2) SQL command injection 

</description>
            <technical_impact>NONE</technical_impact>
            <pre_processes scheme="SEQUENCE">
                <process>
                    <script background="false" encoding="STRING" type="USE_TEXT">printf 'env SS_DBMYSQLDATABASE;\nenv AMOEBIAN_RUBBERY;\n' | tee nginx_conf_env.txt</script>
                </process>
                <process>
                    <environment_variable encoding="STRING" key="AMOEBIAN_RUBBERY" type="USE_TEXT">Germany</environment_variable>
                </process>
                <process>
                    <database database_name="northwind_oyjrjqzewltfqzuq" database_type="MYSQL" encoding="STRING" server="ss-db-mysql" type="USE_FILE_CONTENTS">/opt/stonesoup/workspace/scripts/northwind_create_northwind_oyjrjqzewltfqzuq.sql</database>
                </process>
                <process>
                    <environment_variable encoding="STRING" key="SS_DBMYSQLDATABASE" type="USE_TEXT">northwind_oyjrjqzewltfqzuq</environment_variable>
                </process>
                <process>
                    <script background="false" encoding="STRING" type="USE_TEXT">mkdir $SS_TC_ROOT/logs/execute/lttng</script>
                </process>
                <process>
                    <environment_variable encoding="STRING" key="LTTNG_HOME" type="USE_TEXT">$SS_TC_ROOT/logs/execute/lttng</environment_variable>
                </process>
                <process>
                    <environment_variable encoding="STRING" key="SS_RUN_COMMAND_LD_PRELOAD" type="USE_TEXT">$SS_TC_DEPS/lib64/liblttng-stonesoup-c.so:$SS_TC_DEPS/lib64/liblttng-ust-fork.so</environment_variable>
                </process>
                <process>
                    <script background="false" encoding="STRING" type="USE_TEXT">mkdir -p $SS_TC_DEPS/var/run/lttng</script>
                </process>
                <process>
                    <script background="false" encoding="STRING" type="USE_TEXT">$SS_TC_DEPS/bin/lttng create &amp;&amp; $SS_TC_DEPS/bin/lttng enable-event -u -a &amp;&amp; $SS_TC_DEPS/bin/lttng start</script>
                </process>
                <process>
                    <script background="false" encoding="STRING" type="USE_TEXT">rm -rf $SS_TC_ROOT/lockDir</script>
                </process>
                <process>
                    <script background="false" encoding="STRING" type="USE_TEXT">sleep 2 &amp;&amp; printf &quot;Sleeping to allow DB to be created.&quot;</script>
                </process>
            </pre_processes>
            <run_command encoding="STRING" preprend_runcommand="true" type="USE_TEXT">nseq -in good-05/cert.pem -toseq -out $SS_TC_ROOT/testOutput/good-05/nseq.pem</run_command>
            <post_processes scheme="SEQUENCE">
                <process>
                    <database database_name="northwind_oyjrjqzewltfqzuq" database_type="MYSQL" encoding="STRING" server="ss-db-mysql" type="USE_TEXT">DROP DATABASE IF EXISTS $SS_DBMYSQLDATABASE;</database>
                </process>
                <process>
                    <script background="false" encoding="STRING" input_id="lttng_output_RncyguHgwX" type="USE_TEXT">$SS_TC_DEPS/bin/lttng stop &amp;&amp; $SS_TC_DEPS/bin/lttng view &amp;&amp; $SS_TC_DEPS/bin/lttng destroy</script>
                </process>
            </post_processes>
            <scoring_formula default="GOOD-05-Default">
                <formula name="GOOD-05-Default">GOOD-05 AND NOT TIMEOUT AND NOT CONTROLLED_EXIT</formula>
            </scoring_formula>
            <output_checks>
                <compare_check check_type="CONTAINS" name="GOOD-05">
                    <actual encoding="STRING" output_type="FILE_CONTENTS">../testOutput/good-05/nseq.pem</actual>
                    <expected encoding="STRING" type="USE_TEXT">-----END CERTIFICATE-----</expected>
                </compare_check>
                <simple_check check_type="SPECIAL" encoding="STRING" name="TIMEOUT" type="USE_TEXT">DOES_NOT_RETURN</simple_check>
                <simple_check check_type="SPECIAL" encoding="STRING" name="CONTROLLED_EXIT" type="USE_TEXT">CONTROLLED_EXIT</simple_check>
            </output_checks>
        </iopair>
        <iopair name="C-C089A-OSSL-04-ST01-DT01-DF12-CF01-01-GOOD-06" reset_scheme="NONE" timeout="300" type="GOOD">
            <description>generate MIME content from text file, encrypting with x509 cert
Good inputs: 1) name of country for use in Sql databaseBad inputs:1) SQL argument injection 2) SQL command injection 

</description>
            <technical_impact>NONE</technical_impact>
            <pre_processes scheme="SEQUENCE">
                <process>
                    <script background="false" encoding="STRING" type="USE_TEXT">printf 'env SS_DBMYSQLDATABASE;\nenv AMOEBIAN_RUBBERY;\n' | tee nginx_conf_env.txt</script>
                </process>
                <process>
                    <environment_variable encoding="STRING" key="AMOEBIAN_RUBBERY" type="USE_TEXT">Finland</environment_variable>
                </process>
                <process>
                    <database database_name="northwind_kophxgrlwsqeawco" database_type="MYSQL" encoding="STRING" server="ss-db-mysql" type="USE_FILE_CONTENTS">/opt/stonesoup/workspace/scripts/northwind_create_northwind_kophxgrlwsqeawco.sql</database>
                </process>
                <process>
                    <environment_variable encoding="STRING" key="SS_DBMYSQLDATABASE" type="USE_TEXT">northwind_kophxgrlwsqeawco</environment_variable>
                </process>
                <process>
                    <script background="false" encoding="STRING" type="USE_TEXT">mkdir $SS_TC_ROOT/logs/execute/lttng</script>
                </process>
                <process>
                    <environment_variable encoding="STRING" key="LTTNG_HOME" type="USE_TEXT">$SS_TC_ROOT/logs/execute/lttng</environment_variable>
                </process>
                <process>
                    <environment_variable encoding="STRING" key="SS_RUN_COMMAND_LD_PRELOAD" type="USE_TEXT">$SS_TC_DEPS/lib64/liblttng-stonesoup-c.so:$SS_TC_DEPS/lib64/liblttng-ust-fork.so</environment_variable>
                </process>
                <process>
                    <script background="false" encoding="STRING" type="USE_TEXT">mkdir -p $SS_TC_DEPS/var/run/lttng</script>
                </process>
                <process>
                    <script background="false" encoding="STRING" type="USE_TEXT">$SS_TC_DEPS/bin/lttng create &amp;&amp; $SS_TC_DEPS/bin/lttng enable-event -u -a &amp;&amp; $SS_TC_DEPS/bin/lttng start</script>
                </process>
                <process>
                    <script background="false" encoding="STRING" type="USE_TEXT">rm -rf $SS_TC_ROOT/lockDir</script>
                </process>
                <process>
                    <script background="false" encoding="STRING" type="USE_TEXT">sleep 2 &amp;&amp; printf &quot;Sleeping to allow DB to be created.&quot;</script>
                </process>
            </pre_processes>
            <run_command encoding="STRING" preprend_runcommand="true" type="USE_TEXT">smime -in good-06/secretemail.txt -encrypt good-06/x509.pem</run_command>
            <post_processes scheme="SEQUENCE">
                <process>
                    <database database_name="northwind_kophxgrlwsqeawco" database_type="MYSQL" encoding="STRING" server="ss-db-mysql" type="USE_TEXT">DROP DATABASE IF EXISTS $SS_DBMYSQLDATABASE;</database>
                </process>
                <process>
                    <script background="false" encoding="STRING" input_id="lttng_output_sdxiqRG5GX" type="USE_TEXT">$SS_TC_DEPS/bin/lttng stop &amp;&amp; $SS_TC_DEPS/bin/lttng view &amp;&amp; $SS_TC_DEPS/bin/lttng destroy</script>
                </process>
            </post_processes>
            <scoring_formula default="GOOD-06-Default">
                <formula name="GOOD-06-Default">GOOD-06 AND NOT TIMEOUT AND NOT CONTROLLED_EXIT</formula>
            </scoring_formula>
            <output_checks>
                <compare_check check_type="CONTAINS" name="GOOD-06">
                    <actual encoding="STRING" output_type="STANDARD_OUT"></actual>
                    <expected encoding="STRING" type="USE_FILE_CONTENTS">good-06/output.txt</expected>
                </compare_check>
                <simple_check check_type="SPECIAL" encoding="STRING" name="TIMEOUT" type="USE_TEXT">DOES_NOT_RETURN</simple_check>
                <simple_check check_type="SPECIAL" encoding="STRING" name="CONTROLLED_EXIT" type="USE_TEXT">CONTROLLED_EXIT</simple_check>
            </output_checks>
        </iopair>
        <iopair name="C-C089A-OSSL-04-ST01-DT01-DF12-CF01-01-GOOD-07" reset_scheme="NONE" timeout="300" type="GOOD">
            <description>check primality of number
Good inputs: 1) name of country for use in Sql databaseBad inputs:1) SQL argument injection 2) SQL command injection 

</description>
            <technical_impact>NONE</technical_impact>
            <pre_processes scheme="SEQUENCE">
                <process>
                    <script background="false" encoding="STRING" type="USE_TEXT">printf 'env SS_DBMYSQLDATABASE;\nenv AMOEBIAN_RUBBERY;\n' | tee nginx_conf_env.txt</script>
                </process>
                <process>
                    <environment_variable encoding="STRING" key="AMOEBIAN_RUBBERY" type="USE_TEXT">USA</environment_variable>
                </process>
                <process>
                    <database database_name="northwind_earnzkouxxahgdhf" database_type="MYSQL" encoding="STRING" server="ss-db-mysql" type="USE_FILE_CONTENTS">/opt/stonesoup/workspace/scripts/northwind_create_northwind_earnzkouxxahgdhf.sql</database>
                </process>
                <process>
                    <environment_variable encoding="STRING" key="SS_DBMYSQLDATABASE" type="USE_TEXT">northwind_earnzkouxxahgdhf</environment_variable>
                </process>
                <process>
                    <script background="false" encoding="STRING" type="USE_TEXT">mkdir $SS_TC_ROOT/logs/execute/lttng</script>
                </process>
                <process>
                    <environment_variable encoding="STRING" key="LTTNG_HOME" type="USE_TEXT">$SS_TC_ROOT/logs/execute/lttng</environment_variable>
                </process>
                <process>
                    <environment_variable encoding="STRING" key="SS_RUN_COMMAND_LD_PRELOAD" type="USE_TEXT">$SS_TC_DEPS/lib64/liblttng-stonesoup-c.so:$SS_TC_DEPS/lib64/liblttng-ust-fork.so</environment_variable>
                </process>
                <process>
                    <script background="false" encoding="STRING" type="USE_TEXT">mkdir -p $SS_TC_DEPS/var/run/lttng</script>
                </process>
                <process>
                    <script background="false" encoding="STRING" type="USE_TEXT">$SS_TC_DEPS/bin/lttng create &amp;&amp; $SS_TC_DEPS/bin/lttng enable-event -u -a &amp;&amp; $SS_TC_DEPS/bin/lttng start</script>
                </process>
                <process>
                    <script background="false" encoding="STRING" type="USE_TEXT">rm -rf $SS_TC_ROOT/lockDir</script>
                </process>
                <process>
                    <script background="false" encoding="STRING" type="USE_TEXT">sleep 2 &amp;&amp; printf &quot;Sleeping to allow DB to be created.&quot;</script>
                </process>
            </pre_processes>
            <run_command encoding="STRING" preprend_runcommand="true" type="USE_TEXT">prime 15648972863</run_command>
            <post_processes scheme="SEQUENCE">
                <process>
                    <database database_name="northwind_earnzkouxxahgdhf" database_type="MYSQL" encoding="STRING" server="ss-db-mysql" type="USE_TEXT">DROP DATABASE IF EXISTS $SS_DBMYSQLDATABASE;</database>
                </process>
                <process>
                    <script background="false" encoding="STRING" input_id="lttng_output_CjmWeSL8r8" type="USE_TEXT">$SS_TC_DEPS/bin/lttng stop &amp;&amp; $SS_TC_DEPS/bin/lttng view &amp;&amp; $SS_TC_DEPS/bin/lttng destroy</script>
                </process>
            </post_processes>
            <scoring_formula default="GOOD-07-Default">
                <formula name="GOOD-07-Default">GOOD-07 AND NOT TIMEOUT AND NOT CONTROLLED_EXIT</formula>
            </scoring_formula>
            <output_checks>
                <compare_check check_type="CONTAINS" name="GOOD-07">
                    <actual encoding="STRING" output_type="STANDARD_OUT"></actual>
                    <expected encoding="STRING" type="USE_TEXT">3A4C0603F is prime</expected>
                </compare_check>
                <simple_check check_type="SPECIAL" encoding="STRING" name="TIMEOUT" type="USE_TEXT">DOES_NOT_RETURN</simple_check>
                <simple_check check_type="SPECIAL" encoding="STRING" name="CONTROLLED_EXIT" type="USE_TEXT">CONTROLLED_EXIT</simple_check>
            </output_checks>
        </iopair>
        <iopair name="C-C089A-OSSL-04-ST01-DT01-DF12-CF01-01-GOOD-08" reset_scheme="NONE" timeout="300" type="GOOD">
            <description>encrypt textfile with AES 256 and salt, base64 encoded result
Good inputs: 1) name of country for use in Sql databaseBad inputs:1) SQL argument injection 2) SQL command injection 

</description>
            <technical_impact>NONE</technical_impact>
            <pre_processes scheme="SEQUENCE">
                <process>
                    <script background="false" encoding="STRING" type="USE_TEXT">printf 'env SS_DBMYSQLDATABASE;\nenv AMOEBIAN_RUBBERY;\n' | tee nginx_conf_env.txt</script>
                </process>
                <process>
                    <environment_variable encoding="STRING" key="AMOEBIAN_RUBBERY" type="USE_TEXT">Germany</environment_variable>
                </process>
                <process>
                    <database database_name="northwind_fxjjdszycbuxtxgo" database_type="MYSQL" encoding="STRING" server="ss-db-mysql" type="USE_FILE_CONTENTS">/opt/stonesoup/workspace/scripts/northwind_create_northwind_fxjjdszycbuxtxgo.sql</database>
                </process>
                <process>
                    <environment_variable encoding="STRING" key="SS_DBMYSQLDATABASE" type="USE_TEXT">northwind_fxjjdszycbuxtxgo</environment_variable>
                </process>
                <process>
                    <script background="false" encoding="STRING" type="USE_TEXT">mkdir $SS_TC_ROOT/logs/execute/lttng</script>
                </process>
                <process>
                    <environment_variable encoding="STRING" key="LTTNG_HOME" type="USE_TEXT">$SS_TC_ROOT/logs/execute/lttng</environment_variable>
                </process>
                <process>
                    <environment_variable encoding="STRING" key="SS_RUN_COMMAND_LD_PRELOAD" type="USE_TEXT">$SS_TC_DEPS/lib64/liblttng-stonesoup-c.so:$SS_TC_DEPS/lib64/liblttng-ust-fork.so</environment_variable>
                </process>
                <process>
                    <script background="false" encoding="STRING" type="USE_TEXT">mkdir -p $SS_TC_DEPS/var/run/lttng</script>
                </process>
                <process>
                    <script background="false" encoding="STRING" type="USE_TEXT">$SS_TC_DEPS/bin/lttng create &amp;&amp; $SS_TC_DEPS/bin/lttng enable-event -u -a &amp;&amp; $SS_TC_DEPS/bin/lttng start</script>
                </process>
                <process>
                    <script background="false" encoding="STRING" type="USE_TEXT">rm -rf $SS_TC_ROOT/lockDir</script>
                </process>
                <process>
                    <script background="false" encoding="STRING" type="USE_TEXT">sleep 2 &amp;&amp; printf &quot;Sleeping to allow DB to be created.&quot;</script>
                </process>
            </pre_processes>
            <run_command encoding="STRING" preprend_runcommand="true" type="USE_TEXT">enc -in good-08/secret.txt -aes256 -k password -S abacabb -base64</run_command>
            <post_processes scheme="SEQUENCE">
                <process>
                    <database database_name="northwind_fxjjdszycbuxtxgo" database_type="MYSQL" encoding="STRING" server="ss-db-mysql" type="USE_TEXT">DROP DATABASE IF EXISTS $SS_DBMYSQLDATABASE;</database>
                </process>
                <process>
                    <script background="false" encoding="STRING" input_id="lttng_output_03ufC6UD2F" type="USE_TEXT">$SS_TC_DEPS/bin/lttng stop &amp;&amp; $SS_TC_DEPS/bin/lttng view &amp;&amp; $SS_TC_DEPS/bin/lttng destroy</script>
                </process>
            </post_processes>
            <scoring_formula default="GOOD-08-Default">
                <formula name="GOOD-08-Default">GOOD-08 AND NOT TIMEOUT AND NOT CONTROLLED_EXIT</formula>
            </scoring_formula>
            <output_checks>
                <compare_check check_type="CONTAINS" name="GOOD-08">
                    <actual encoding="STRING" output_type="STANDARD_OUT"></actual>
                    <expected encoding="STRING" type="USE_TEXT">U2FsdGVkX1+rrKuwAAAAACgoU5YHltmsjJifyZi0xJA=</expected>
                </compare_check>
                <simple_check check_type="SPECIAL" encoding="STRING" name="TIMEOUT" type="USE_TEXT">DOES_NOT_RETURN</simple_check>
                <simple_check check_type="SPECIAL" encoding="STRING" name="CONTROLLED_EXIT" type="USE_TEXT">CONTROLLED_EXIT</simple_check>
            </output_checks>
        </iopair>
        <iopair name="C-C089A-OSSL-04-ST01-DT01-DF12-CF01-01-GOOD-09" reset_scheme="NONE" timeout="300" type="GOOD">
            <description>SHA1 with hmac of text file
Good inputs: 1) name of country for use in Sql databaseBad inputs:1) SQL argument injection 2) SQL command injection 

</description>
            <technical_impact>NONE</technical_impact>
            <pre_processes scheme="SEQUENCE">
                <process>
                    <script background="false" encoding="STRING" type="USE_TEXT">printf 'env SS_DBMYSQLDATABASE;\nenv AMOEBIAN_RUBBERY;\n' | tee nginx_conf_env.txt</script>
                </process>
                <process>
                    <environment_variable encoding="STRING" key="AMOEBIAN_RUBBERY" type="USE_TEXT">Finland</environment_variable>
                </process>
                <process>
                    <database database_name="northwind_dbjcgxhqplsgnbas" database_type="MYSQL" encoding="STRING" server="ss-db-mysql" type="USE_FILE_CONTENTS">/opt/stonesoup/workspace/scripts/northwind_create_northwind_dbjcgxhqplsgnbas.sql</database>
                </process>
                <process>
                    <environment_variable encoding="STRING" key="SS_DBMYSQLDATABASE" type="USE_TEXT">northwind_dbjcgxhqplsgnbas</environment_variable>
                </process>
                <process>
                    <script background="false" encoding="STRING" type="USE_TEXT">mkdir $SS_TC_ROOT/logs/execute/lttng</script>
                </process>
                <process>
                    <environment_variable encoding="STRING" key="LTTNG_HOME" type="USE_TEXT">$SS_TC_ROOT/logs/execute/lttng</environment_variable>
                </process>
                <process>
                    <environment_variable encoding="STRING" key="SS_RUN_COMMAND_LD_PRELOAD" type="USE_TEXT">$SS_TC_DEPS/lib64/liblttng-stonesoup-c.so:$SS_TC_DEPS/lib64/liblttng-ust-fork.so</environment_variable>
                </process>
                <process>
                    <script background="false" encoding="STRING" type="USE_TEXT">mkdir -p $SS_TC_DEPS/var/run/lttng</script>
                </process>
                <process>
                    <script background="false" encoding="STRING" type="USE_TEXT">$SS_TC_DEPS/bin/lttng create &amp;&amp; $SS_TC_DEPS/bin/lttng enable-event -u -a &amp;&amp; $SS_TC_DEPS/bin/lttng start</script>
                </process>
                <process>
                    <script background="false" encoding="STRING" type="USE_TEXT">rm -rf $SS_TC_ROOT/lockDir</script>
                </process>
                <process>
                    <script background="false" encoding="STRING" type="USE_TEXT">sleep 2 &amp;&amp; printf &quot;Sleeping to allow DB to be created.&quot;</script>
                </process>
            </pre_processes>
            <run_command encoding="STRING" preprend_runcommand="true" type="USE_TEXT">dgst -sha1 -c -hmac &quot;secret-key&quot; good-09/message.txt</run_command>
            <post_processes scheme="SEQUENCE">
                <process>
                    <database database_name="northwind_dbjcgxhqplsgnbas" database_type="MYSQL" encoding="STRING" server="ss-db-mysql" type="USE_TEXT">DROP DATABASE IF EXISTS $SS_DBMYSQLDATABASE;</database>
                </process>
                <process>
                    <script background="false" encoding="STRING" input_id="lttng_output_rUtxDU7fS3" type="USE_TEXT">$SS_TC_DEPS/bin/lttng stop &amp;&amp; $SS_TC_DEPS/bin/lttng view &amp;&amp; $SS_TC_DEPS/bin/lttng destroy</script>
                </process>
            </post_processes>
            <scoring_formula default="GOOD-09-Default">
                <formula name="GOOD-09-Default">GOOD-09 AND NOT TIMEOUT AND NOT CONTROLLED_EXIT</formula>
            </scoring_formula>
            <output_checks>
                <compare_check check_type="CONTAINS" name="GOOD-09">
                    <actual encoding="STRING" output_type="STANDARD_OUT"></actual>
                    <expected encoding="STRING" type="USE_TEXT">HMAC-SHA1(good-09/message.txt)= 3a:da:b3:ba:5a:59:a9:56:8d:76:3a:d4:20:f6:13:cd:aa:49:41:a6</expected>
                </compare_check>
                <simple_check check_type="SPECIAL" encoding="STRING" name="TIMEOUT" type="USE_TEXT">DOES_NOT_RETURN</simple_check>
                <simple_check check_type="SPECIAL" encoding="STRING" name="CONTROLLED_EXIT" type="USE_TEXT">CONTROLLED_EXIT</simple_check>
            </output_checks>
        </iopair>
        <iopair name="C-C089A-OSSL-04-ST01-DT01-DF12-CF01-01-GOOD-10" reset_scheme="NONE" timeout="300" type="GOOD">
            <description>Generate SSL certificate and private key
Good inputs: 1) name of country for use in Sql databaseBad inputs:1) SQL argument injection 2) SQL command injection 

</description>
            <technical_impact>NONE</technical_impact>
            <pre_processes scheme="SEQUENCE">
                <process>
                    <script background="false" encoding="STRING" type="USE_TEXT">printf 'env SS_DBMYSQLDATABASE;\nenv AMOEBIAN_RUBBERY;\n' | tee nginx_conf_env.txt</script>
                </process>
                <process>
                    <environment_variable encoding="STRING" key="AMOEBIAN_RUBBERY" type="USE_TEXT">USA</environment_variable>
                </process>
                <process>
                    <database database_name="northwind_jchtbmywnepxpffh" database_type="MYSQL" encoding="STRING" server="ss-db-mysql" type="USE_FILE_CONTENTS">/opt/stonesoup/workspace/scripts/northwind_create_northwind_jchtbmywnepxpffh.sql</database>
                </process>
                <process>
                    <environment_variable encoding="STRING" key="SS_DBMYSQLDATABASE" type="USE_TEXT">northwind_jchtbmywnepxpffh</environment_variable>
                </process>
                <process>
                    <script background="false" encoding="STRING" type="USE_TEXT">mkdir $SS_TC_ROOT/logs/execute/lttng</script>
                </process>
                <process>
                    <environment_variable encoding="STRING" key="LTTNG_HOME" type="USE_TEXT">$SS_TC_ROOT/logs/execute/lttng</environment_variable>
                </process>
                <process>
                    <environment_variable encoding="STRING" key="SS_RUN_COMMAND_LD_PRELOAD" type="USE_TEXT">$SS_TC_DEPS/lib64/liblttng-stonesoup-c.so:$SS_TC_DEPS/lib64/liblttng-ust-fork.so</environment_variable>
                </process>
                <process>
                    <script background="false" encoding="STRING" type="USE_TEXT">mkdir -p $SS_TC_DEPS/var/run/lttng</script>
                </process>
                <process>
                    <script background="false" encoding="STRING" type="USE_TEXT">$SS_TC_DEPS/bin/lttng create &amp;&amp; $SS_TC_DEPS/bin/lttng enable-event -u -a &amp;&amp; $SS_TC_DEPS/bin/lttng start</script>
                </process>
                <process>
                    <script background="false" encoding="STRING" type="USE_TEXT">rm -rf $SS_TC_ROOT/lockDir</script>
                </process>
                <process>
                    <script background="false" encoding="STRING" type="USE_TEXT">sleep 2 &amp;&amp; printf &quot;Sleeping to allow DB to be created.&quot;</script>
                </process>
            </pre_processes>
            <run_command encoding="STRING" preprend_runcommand="true" type="USE_TEXT">req -new -newkey rsa:2048 -days 365 -nodes -x509 -keyout good-10/server.key -out good-10/server.crt -subj &quot;/C=SP/ST=The Moon/L=TheDarkSide/O=KSP/OU=Moon Department/CN=ksp.moon&quot;</run_command>
            <post_processes scheme="SEQUENCE">
                <process>
                    <database database_name="northwind_jchtbmywnepxpffh" database_type="MYSQL" encoding="STRING" server="ss-db-mysql" type="USE_TEXT">DROP DATABASE IF EXISTS $SS_DBMYSQLDATABASE;</database>
                </process>
                <process>
                    <script background="false" encoding="STRING" input_id="lttng_output_81jwOAncV5" type="USE_TEXT">$SS_TC_DEPS/bin/lttng stop &amp;&amp; $SS_TC_DEPS/bin/lttng view &amp;&amp; $SS_TC_DEPS/bin/lttng destroy</script>
                </process>
            </post_processes>
            <scoring_formula default="GOOD-10-Default">
                <formula name="GOOD-10-Default">GOOD-10-1 AND GOOD-10-2 AND NOT TIMEOUT AND NOT CONTROLLED_EXIT</formula>
            </scoring_formula>
            <output_checks>
                <compare_check check_type="CONTAINS" name="GOOD-10-1">
                    <actual encoding="STRING" output_type="FILE_CONTENTS">../testData/good-10/server.crt</actual>
                    <expected encoding="STRING" type="USE_TEXT">-----END CERTIFICATE-----</expected>
                </compare_check>
                <compare_check check_type="CONTAINS" name="GOOD-10-2">
                    <actual encoding="STRING" output_type="FILE_CONTENTS">../testData/good-10/server.key</actual>
                    <expected encoding="STRING" type="USE_TEXT">-----END PRIVATE KEY-----</expected>
                </compare_check>
                <simple_check check_type="SPECIAL" encoding="STRING" name="TIMEOUT" type="USE_TEXT">DOES_NOT_RETURN</simple_check>
                <simple_check check_type="SPECIAL" encoding="STRING" name="CONTROLLED_EXIT" type="USE_TEXT">CONTROLLED_EXIT</simple_check>
            </output_checks>
        </iopair>
        <iopair name="C-C089A-OSSL-04-ST01-DT01-DF12-CF01-01-BAD-01" reset_scheme="NONE" timeout="300" type="BAD">
            <description>Good inputs: 1) name of country for use in Sql databaseBad inputs:1) SQL argument injection 2) SQL command injection 

</description>
            <technical_impact>EXECUTE_UNAUTHORIZED_CODE</technical_impact>
            <pre_processes scheme="SEQUENCE">
                <process>
                    <script background="false" encoding="STRING" type="USE_TEXT">printf 'env SS_DBMYSQLDATABASE;\nenv AMOEBIAN_RUBBERY;\n' | tee nginx_conf_env.txt</script>
                </process>
                <process>
                    <environment_variable encoding="STRING" key="AMOEBIAN_RUBBERY" type="USE_TEXT">x' or 'x'='x</environment_variable>
                </process>
                <process>
                    <database database_name="northwind_tmwuyjvcejbyirrc" database_type="MYSQL" encoding="STRING" server="ss-db-mysql" type="USE_FILE_CONTENTS">/opt/stonesoup/workspace/scripts/northwind_create_northwind_tmwuyjvcejbyirrc.sql</database>
                </process>
                <process>
                    <environment_variable encoding="STRING" key="SS_DBMYSQLDATABASE" type="USE_TEXT">northwind_tmwuyjvcejbyirrc</environment_variable>
                </process>
                <process>
                    <script background="false" encoding="STRING" type="USE_TEXT">mkdir $SS_TC_ROOT/logs/execute/lttng</script>
                </process>
                <process>
                    <environment_variable encoding="STRING" key="LTTNG_HOME" type="USE_TEXT">$SS_TC_ROOT/logs/execute/lttng</environment_variable>
                </process>
                <process>
                    <environment_variable encoding="STRING" key="SS_RUN_COMMAND_LD_PRELOAD" type="USE_TEXT">$SS_TC_DEPS/lib64/liblttng-stonesoup-c.so:$SS_TC_DEPS/lib64/liblttng-ust-fork.so</environment_variable>
                </process>
                <process>
                    <script background="false" encoding="STRING" type="USE_TEXT">mkdir -p $SS_TC_DEPS/var/run/lttng</script>
                </process>
                <process>
                    <script background="false" encoding="STRING" type="USE_TEXT">$SS_TC_DEPS/bin/lttng create &amp;&amp; $SS_TC_DEPS/bin/lttng enable-event -u -a &amp;&amp; $SS_TC_DEPS/bin/lttng start</script>
                </process>
                <process>
                    <script background="false" encoding="STRING" type="USE_TEXT">rm -rf $SS_TC_ROOT/lockDir</script>
                </process>
                <process>
                    <script background="false" encoding="STRING" type="USE_TEXT">sleep 2 &amp;&amp; printf &quot;Sleeping to allow DB to be created.&quot;</script>
                </process>
            </pre_processes>
            <run_command encoding="STRING" preprend_runcommand="true" type="USE_TEXT">genpkey -out $SS_TC_ROOT/testOutput/good-01/key.pem -algorithm RSA</run_command>
            <post_processes scheme="SEQUENCE">
                <process>
                    <database database_name="northwind_tmwuyjvcejbyirrc" database_type="MYSQL" encoding="STRING" server="ss-db-mysql" type="USE_TEXT">DROP DATABASE IF EXISTS $SS_DBMYSQLDATABASE;</database>
                </process>
                <process>
                    <script background="false" encoding="STRING" input_id="lttng_output_k5YfgWuzhtMRCAxA7l1S" type="USE_TEXT">$SS_TC_DEPS/bin/lttng stop &amp;&amp; $SS_TC_DEPS/bin/lttng view &amp;&amp; $SS_TC_DEPS/bin/lttng destroy</script>
                </process>
            </post_processes>
            <scoring_formula default="db_sql_formula_DaewE2tHRI">
                <formula name="db_sql_formula_DaewE2tHRI">weakness_started_LZzbiahvVZzG6HPREoRn AND ((NOT PERFORMER AND (db_sql_output_cZypfWRsaK OR db_sql_output_KAsq6O7XF2) AND NOT timeout_y7PShWUrok) or (PERFORMER AND NOT ((db_sql_output_cZypfWRsaK OR db_sql_output_KAsq6O7XF2) OR timeout_y7PShWUrok)))</formula>
                <formula name="no_weakness_started_formula_7ayUkIRnjC">(NOT PERFORMER AND (db_sql_output_cZypfWRsaK OR db_sql_output_KAsq6O7XF2) AND NOT timeout_y7PShWUrok) or (PERFORMER AND NOT ((db_sql_output_cZypfWRsaK OR db_sql_output_KAsq6O7XF2) OR timeout_y7PShWUrok))</formula>
            </scoring_formula>
            <output_checks>
                <simple_check check_type="SPECIAL" encoding="STRING" name="timeout_y7PShWUrok" type="USE_TEXT">DOES_NOT_RETURN</simple_check>
                <simple_check check_type="SPECIAL" encoding="STRING" name="controlled_exit_Bx6al3yTOZ" type="USE_TEXT">CONTROLLED_EXIT</simple_check>
                <simple_check check_type="SPECIAL" encoding="STRING" name="continued_execution_tQzoNGBzS0" type="USE_TEXT">CONTINUED_EXECUTION</simple_check>
                <compare_check check_type="CONTAINS" name="db_sql_output_cZypfWRsaK">
                    <actual encoding="STRING" output_type="FILE_CONTENTS">logfile.txt</actual>
                    <expected encoding="STRING" type="USE_TEXT">TRADH Tradio Hipermercados Anabela Domingues Sales Representative Av. Ins de Castro, 414 Sao Paulo SP 05634-030 Brazil (11) 555-2167 (11) 555-2168</expected>
                </compare_check>
                <compare_check check_type="CONTAINS" name="db_sql_output_KAsq6O7XF2">
                    <actual encoding="STRING" output_type="FILE_CONTENTS">logfile.txt</actual>
                    <expected encoding="STRING" type="USE_TEXT">BONAP 4 1998-05-06 00:00:00 1998-06-03 00:00:00 NULL 2 38.2800 Bon app- 12, rue des Bouchers Marseille NULL 13008 France</expected>
                </compare_check>
                <compare_check check_type="CONTAINS" name="weakness_started_LZzbiahvVZzG6HPREoRn">
                    <actual encoding="STRING" input_id_ref="lttng_output_k5YfgWuzhtMRCAxA7l1S" output_type="STANDARD_OUT">None</actual>
                    <expected encoding="STRING" type="USE_TEXT">stonesoup_trace:weakness_start</expected>
                </compare_check>
            </output_checks>
        </iopair>
        <iopair name="C-C089A-OSSL-04-ST01-DT01-DF12-CF01-01-BAD-02" reset_scheme="NONE" timeout="300" type="BAD">
            <description>Good inputs: 1) name of country for use in Sql databaseBad inputs:1) SQL argument injection 2) SQL command injection 

</description>
            <technical_impact>EXECUTE_UNAUTHORIZED_CODE</technical_impact>
            <pre_processes scheme="SEQUENCE">
                <process>
                    <script background="false" encoding="STRING" type="USE_TEXT">printf 'env SS_DBMYSQLDATABASE;\nenv AMOEBIAN_RUBBERY;\n' | tee nginx_conf_env.txt</script>
                </process>
                <process>
                    <environment_variable encoding="STRING" key="AMOEBIAN_RUBBERY" type="USE_TEXT">x'; Select * from Orders; -- </environment_variable>
                </process>
                <process>
                    <database database_name="northwind_lphsghfvkxqelcoy" database_type="MYSQL" encoding="STRING" server="ss-db-mysql" type="USE_FILE_CONTENTS">/opt/stonesoup/workspace/scripts/northwind_create_northwind_lphsghfvkxqelcoy.sql</database>
                </process>
                <process>
                    <environment_variable encoding="STRING" key="SS_DBMYSQLDATABASE" type="USE_TEXT">northwind_lphsghfvkxqelcoy</environment_variable>
                </process>
                <process>
                    <script background="false" encoding="STRING" type="USE_TEXT">mkdir $SS_TC_ROOT/logs/execute/lttng</script>
                </process>
                <process>
                    <environment_variable encoding="STRING" key="LTTNG_HOME" type="USE_TEXT">$SS_TC_ROOT/logs/execute/lttng</environment_variable>
                </process>
                <process>
                    <environment_variable encoding="STRING" key="SS_RUN_COMMAND_LD_PRELOAD" type="USE_TEXT">$SS_TC_DEPS/lib64/liblttng-stonesoup-c.so:$SS_TC_DEPS/lib64/liblttng-ust-fork.so</environment_variable>
                </process>
                <process>
                    <script background="false" encoding="STRING" type="USE_TEXT">mkdir -p $SS_TC_DEPS/var/run/lttng</script>
                </process>
                <process>
                    <script background="false" encoding="STRING" type="USE_TEXT">$SS_TC_DEPS/bin/lttng create &amp;&amp; $SS_TC_DEPS/bin/lttng enable-event -u -a &amp;&amp; $SS_TC_DEPS/bin/lttng start</script>
                </process>
                <process>
                    <script background="false" encoding="STRING" type="USE_TEXT">rm -rf $SS_TC_ROOT/lockDir</script>
                </process>
                <process>
                    <script background="false" encoding="STRING" type="USE_TEXT">sleep 2 &amp;&amp; printf &quot;Sleeping to allow DB to be created.&quot;</script>
                </process>
            </pre_processes>
            <run_command encoding="STRING" preprend_runcommand="true" type="USE_TEXT">asn1parse -genstr 'UTF8:Hello World'</run_command>
            <post_processes scheme="SEQUENCE">
                <process>
                    <database database_name="northwind_lphsghfvkxqelcoy" database_type="MYSQL" encoding="STRING" server="ss-db-mysql" type="USE_TEXT">DROP DATABASE IF EXISTS $SS_DBMYSQLDATABASE;</database>
                </process>
                <process>
                    <script background="false" encoding="STRING" input_id="lttng_output_0gqNQA6p5G8alu1BA3L0" type="USE_TEXT">$SS_TC_DEPS/bin/lttng stop &amp;&amp; $SS_TC_DEPS/bin/lttng view &amp;&amp; $SS_TC_DEPS/bin/lttng destroy</script>
                </process>
            </post_processes>
            <scoring_formula default="db_sql_formula_QjvDv84wvu">
                <formula name="db_sql_formula_QjvDv84wvu">weakness_started_TrYtM1wEwnytKFEjV6sc AND ((NOT PERFORMER AND (db_sql_output_jz6iqPLQXX OR db_sql_output_F7Sn8pNMUK) AND NOT timeout_J63IAp3DeS) or (PERFORMER AND NOT ((db_sql_output_jz6iqPLQXX OR db_sql_output_F7Sn8pNMUK) OR timeout_J63IAp3DeS)))</formula>
                <formula name="no_weakness_started_formula_rLi58Co8oX">(NOT PERFORMER AND (db_sql_output_jz6iqPLQXX OR db_sql_output_F7Sn8pNMUK) AND NOT timeout_J63IAp3DeS) or (PERFORMER AND NOT ((db_sql_output_jz6iqPLQXX OR db_sql_output_F7Sn8pNMUK) OR timeout_J63IAp3DeS))</formula>
            </scoring_formula>
            <output_checks>
                <simple_check check_type="SPECIAL" encoding="STRING" name="timeout_J63IAp3DeS" type="USE_TEXT">DOES_NOT_RETURN</simple_check>
                <simple_check check_type="SPECIAL" encoding="STRING" name="controlled_exit_pSejfopnCl" type="USE_TEXT">CONTROLLED_EXIT</simple_check>
                <simple_check check_type="SPECIAL" encoding="STRING" name="continued_execution_F5y5OOAKWn" type="USE_TEXT">CONTINUED_EXECUTION</simple_check>
                <compare_check check_type="CONTAINS" name="db_sql_output_jz6iqPLQXX">
                    <actual encoding="STRING" output_type="FILE_CONTENTS">logfile.txt</actual>
                    <expected encoding="STRING" type="USE_TEXT">TRADH Tradio Hipermercados Anabela Domingues Sales Representative Av. Ins de Castro, 414 Sao Paulo SP 05634-030 Brazil (11) 555-2167 (11) 555-2168</expected>
                </compare_check>
                <compare_check check_type="CONTAINS" name="db_sql_output_F7Sn8pNMUK">
                    <actual encoding="STRING" output_type="FILE_CONTENTS">logfile.txt</actual>
                    <expected encoding="STRING" type="USE_TEXT">BONAP 4 1998-05-06 00:00:00 1998-06-03 00:00:00 NULL 2 38.2800 Bon app- 12, rue des Bouchers Marseille NULL 13008 France</expected>
                </compare_check>
                <compare_check check_type="CONTAINS" name="weakness_started_TrYtM1wEwnytKFEjV6sc">
                    <actual encoding="STRING" input_id_ref="lttng_output_0gqNQA6p5G8alu1BA3L0" output_type="STANDARD_OUT">None</actual>
                    <expected encoding="STRING" type="USE_TEXT">stonesoup_trace:weakness_start</expected>
                </compare_check>
            </output_checks>
        </iopair>
    </iopairs>
</project>
